date,site_name,solar_generation_mw,renewable_energy_mwh,co2_avoided_kg,coal_saved_kg,trees_equivalent,co2_avoided_tons,coal_saved_tons,trees_equivalent_million
2020-01-01,Khavda Renewable Energy Park,3448.8557486334994,20003.36,16402755.2,10001680.0,745579.78,16402.76,10001.68,0.75
2020-01-02,Khavda Renewable Energy Park,6816.088811549824,39533.32,32417322.4,19766660.0,1473514.65,32417.32,19766.66,1.47
2020-01-03,Khavda Renewable Energy Park,5087.517334073524,29507.6,24196232.0,14753800.0,1099828.73,24196.23,14753.8,1.1
2020-01-04,Khavda Renewable Energy Park,8772.078795706064,50878.06,41720009.2,25439030.0,1896364.05,41720.01,25439.03,1.9
2020-01-05,Khavda Renewable Energy Park,7624.259235000391,44220.7,36260974.0,22110350.0,1648226.09,36260.97,22110.35,1.65
2020-01-06,Khavda Renewable Energy Park,8999.482714706735,52197.0,42801540.0,26098500.0,1945524.55,42801.54,26098.5,1.95
2020-01-07,Khavda Renewable Energy Park,9386.710017879212,54442.92,44643194.4,27221460.0,2029236.11,44643.19,27221.46,2.03
2020-01-08,Khavda Renewable Energy Park,9341.361962103974,54179.9,44427518.0,27089950.0,2019432.64,44427.52,27089.95,2.02
2020-01-09,Khavda Renewable Energy Park,10135.041427521975,58783.24,48202256.8,29391620.0,2191011.67,48202.26,29391.62,2.19
2020-01-10,Khavda Renewable Energy Park,9579.702780040292,55562.28,45561069.6,27781140.0,2070957.71,45561.07,27781.14,2.07
2020-01-11,Khavda Renewable Energy Park,7652.279867763656,44383.22,36394240.4,22191610.0,1654283.65,36394.24,22191.61,1.65
2020-01-12,Khavda Renewable Energy Park,6632.123543950898,38466.32,31542382.4,19233160.0,1433744.65,31542.38,19233.16,1.43
2020-01-13,Khavda Renewable Energy Park,6878.930277425837,39897.8,32716196.0,19948900.0,1487099.82,32716.2,19948.9,1.49
2020-01-14,Khavda Renewable Energy Park,9727.315419637373,56418.43,46263112.6,28209215.0,2102868.75,46263.11,28209.22,2.1
2020-01-15,Khavda Renewable Energy Park,9816.813069848991,56937.52,46688766.4,28468760.0,2122216.65,46688.77,28468.76,2.12
2020-01-16,Khavda Renewable Energy Park,10138.287323369172,58802.07,48217697.4,29401035.0,2191713.52,48217.7,29401.04,2.19
2020-01-17,Khavda Renewable Energy Park,10475.357137661482,60757.07,49820797.4,30378535.0,2264581.7,49820.8,30378.54,2.26
2020-01-18,Khavda Renewable Energy Park,10024.022707037102,58139.33,47674250.6,29069665.0,2167011.39,47674.25,29069.66,2.17
2020-01-19,Khavda Renewable Energy Park,7951.718698540184,46119.97,37818375.4,23059985.0,1719017.06,37818.38,23059.98,1.72
2020-01-20,Khavda Renewable Energy Park,8562.556521750383,49662.83,40723520.6,24831415.0,1851069.12,40723.52,24831.42,1.85
2020-01-21,Khavda Renewable Energy Park,9846.89020845018,57111.96,46831807.2,28555980.0,2128718.51,46831.81,28555.98,2.13
2020-01-22,Khavda Renewable Energy Park,10133.391777822048,58773.67,48194409.4,29386835.0,2190654.97,48194.41,29386.84,2.19
2020-01-23,Khavda Renewable Energy Park,8016.003333892322,46492.82,38124112.4,23246410.0,1732914.2,38124.11,23246.41,1.73
2020-01-24,Khavda Renewable Energy Park,10150.140974119264,58870.82,48274072.4,29435410.0,2194276.02,48274.07,29435.41,2.19
2020-01-25,Khavda Renewable Energy Park,9790.79987589011,56786.64,46565044.8,28393320.0,2116592.95,46565.04,28393.32,2.12
2020-01-26,Khavda Renewable Energy Park,9881.002959980491,57309.82,46994052.4,28654910.0,2136093.29,46994.05,28654.91,2.14
2020-01-27,Khavda Renewable Energy Park,8849.837527370008,51329.06,42089829.2,25664530.0,1913174.05,42089.83,25664.53,1.91
2020-01-28,Khavda Renewable Energy Park,10411.383217862089,60386.02,49516536.4,30193010.0,2250751.65,49516.54,30193.01,2.25
2020-01-29,Khavda Renewable Energy Park,10850.22738087764,62931.32,51603682.4,31465660.0,2345621.93,51603.68,31465.66,2.35
2020-01-30,Khavda Renewable Energy Park,10677.483297366663,61929.4,50782108.0,30964700.0,2308277.64,50782.11,30964.7,2.31
2020-01-31,Khavda Renewable Energy Park,11978.229974507143,69473.73,56968458.6,34736865.0,2589475.39,56968.46,34736.86,2.59
2020-02-01,Khavda Renewable Energy Park,10996.30132531675,63778.55,52298411.0,31889275.0,2377200.5,52298.41,31889.28,2.38
2020-02-02,Khavda Renewable Energy Park,9839.20799950198,57067.41,46795276.2,28533705.0,2127058.01,46795.28,28533.7,2.13
2020-02-03,Khavda Renewable Energy Park,10126.236078748016,58732.17,48160379.4,29366085.0,2189108.15,48160.38,29366.08,2.19
2020-02-04,Khavda Renewable Energy Park,9656.97312002051,56010.44,45928560.8,28005220.0,2087661.85,45928.56,28005.22,2.09
2020-02-05,Khavda Renewable Energy Park,10896.801173348693,63201.45,51825189.0,31600725.0,2355690.41,51825.19,31600.72,2.36
2020-02-06,Khavda Renewable Energy Park,11404.211530480648,66144.43,54238432.6,33072215.0,2465383.3,54238.43,33072.21,2.47
2020-02-07,Khavda Renewable Energy Park,11008.693193145924,63850.42,52357344.4,31925210.0,2379879.29,52357.34,31925.21,2.38
2020-02-08,Khavda Renewable Energy Park,11459.176406046498,66463.22,54499840.4,33231610.0,2477265.47,54499.84,33231.61,2.48
2020-02-09,Khavda Renewable Energy Park,11251.403747965947,65258.14,53511674.8,32629070.0,2432348.85,53511.67,32629.07,2.43
2020-02-10,Khavda Renewable Energy Park,11677.070225944044,67727.01,55536148.2,33863505.0,2524370.37,55536.15,33863.5,2.52
2020-02-11,Khavda Renewable Energy Park,7410.406536071206,42980.36,35243895.2,21490180.0,1601995.24,35243.9,21490.18,1.6
2020-02-12,Khavda Renewable Energy Park,5467.517398440641,31711.6,26003512.0,15855800.0,1181977.82,26003.51,15855.8,1.18
2020-02-13,Khavda Renewable Energy Park,7594.327368193304,44047.1,36118622.0,22023550.0,1641755.55,36118.62,22023.55,1.64
2020-02-14,Khavda Renewable Energy Park,6029.687015358997,34972.18,28677187.6,17486090.0,1303508.53,28677.19,17486.09,1.3
2020-02-15,Khavda Renewable Energy Park,11183.789960095568,64865.98,53190103.6,32432990.0,2417731.98,53190.1,32432.99,2.42
2020-02-16,Khavda Renewable Energy Park,12102.975580291168,70197.26,57561753.2,35098630.0,2616443.33,57561.75,35098.63,2.62
2020-02-17,Khavda Renewable Energy Park,11053.670271547708,64111.29,52571257.8,32055645.0,2389602.63,52571.26,32055.64,2.39
2020-02-18,Khavda Renewable Energy Park,1674.2564359865971,9710.69,7962765.8,4855345.0,361943.9,7962.77,4855.34,0.36
2020-02-19,Khavda Renewable Energy Park,6007.858770958295,34845.58,28573375.6,17422790.0,1298789.8,28573.38,17422.79,1.3
2020-02-20,Khavda Renewable Energy Park,12407.323362786929,71962.48,59009233.6,35981240.0,2682237.89,59009.23,35981.24,2.68
2020-02-21,Khavda Renewable Energy Park,7264.217922978262,42132.46,34548617.2,21066230.0,1570391.69,34548.62,21066.23,1.57
2020-02-22,Khavda Renewable Energy Park,11619.9011550303,67395.43,55264252.6,33697715.0,2512011.48,55264.25,33697.71,2.51
2020-02-23,Khavda Renewable Energy Park,11444.29208018102,66376.89,54429049.8,33188445.0,2474047.72,54429.05,33188.44,2.47
2020-02-24,Khavda Renewable Energy Park,11800.82829790622,68444.8,56124736.0,34222400.0,2551124.36,56124.74,34222.4,2.55
2020-02-25,Khavda Renewable Energy Park,8363.816393626103,48510.14,39778314.8,24255070.0,1808105.22,39778.31,24255.07,1.81
2020-02-26,Khavda Renewable Energy Park,9015.140554860363,52287.82,42876012.4,26143910.0,1948909.65,42876.01,26143.91,1.95
2020-02-27,Khavda Renewable Energy Park,12171.232043186674,70593.15,57886383.0,35296575.0,2631199.23,57886.38,35296.57,2.63
2020-02-28,Khavda Renewable Energy Park,7435.616562236149,43126.58,35363795.6,21563290.0,1607445.25,35363.8,21563.29,1.61
2020-02-29,Khavda Renewable Energy Park,8599.664565298812,49878.05,40900001.0,24939025.0,1859090.95,40900.0,24939.02,1.86
2020-03-01,Khavda Renewable Energy Park,10996.970922242366,63782.43,52301592.6,31891215.0,2377345.12,52301.59,31891.22,2.38
2020-03-02,Khavda Renewable Energy Park,12130.638184586614,70357.7,57693314.0,35178850.0,2622423.36,57693.31,35178.85,2.62
2020-03-03,Khavda Renewable Energy Park,12747.58561440314,73936.0,60627520.0,36968000.0,2755796.36,60627.52,36968.0,2.76
2020-03-04,Khavda Renewable Energy Park,12779.9235352377,74123.56,60781319.2,37061780.0,2762787.24,60781.32,37061.78,2.76
2020-03-05,Khavda Renewable Energy Park,9418.525916294277,54627.45,44794509.0,27313725.0,2036114.05,44794.51,27313.72,2.04
2020-03-06,Khavda Renewable Energy Park,12967.58610388141,75212.0,61673840.0,37606000.0,2803356.36,61673.84,37606.0,2.8
2020-03-07,Khavda Renewable Energy Park,12641.109679254849,73318.44,60121120.8,36659220.0,2732778.22,60121.12,36659.22,2.73
2020-03-08,Khavda Renewable Energy Park,12351.46276724524,71638.48,58743553.6,35819240.0,2670161.53,58743.55,35819.24,2.67
2020-03-09,Khavda Renewable Energy Park,6757.239941684031,39191.99,32137431.8,19595995.0,1460792.35,32137.43,19596.0,1.46
2020-03-10,Khavda Renewable Energy Park,11681.094258446838,67750.35,55555287.0,33875175.0,2525240.32,55555.29,33875.18,2.53
2020-03-11,Khavda Renewable Energy Park,12889.87356517912,74761.27,61304241.4,37380635.0,2786556.43,61304.24,37380.64,2.79
2020-03-12,Khavda Renewable Energy Park,12789.598914818209,74179.67,60827329.4,37089835.0,2764878.61,60827.33,37089.84,2.76
2020-03-13,Khavda Renewable Energy Park,12477.803995146944,72371.26,59344433.2,36185630.0,2697474.24,59344.43,36185.63,2.7
2020-03-14,Khavda Renewable Energy Park,10518.847018067234,61009.31,50027634.2,30504655.0,2273983.37,50027.63,30504.66,2.27
2020-03-15,Khavda Renewable Energy Park,1989.2138068427485,11537.44,9460700.8,5768720.0,430031.85,9460.7,5768.72,0.43
2020-03-16,Khavda Renewable Energy Park,912.6470496185974,5293.35,4340547.0,2646675.0,197297.59,4340.55,2646.68,0.2
2020-03-17,Khavda Renewable Energy Park,12937.58273032629,75037.98,61531143.6,37518990.0,2796870.16,61531.14,37518.99,2.8
2020-03-18,Khavda Renewable Energy Park,11814.361779455769,68523.3,56189106.0,34261650.0,2554050.27,56189.11,34261.65,2.55
2020-03-19,Khavda Renewable Energy Park,7603.595438854806,44100.85,36162697.0,22050425.0,1643758.95,36162.7,22050.42,1.64
2020-03-20,Khavda Renewable Energy Park,11382.806175301404,66020.28,54136629.6,33010140.0,2460755.89,54136.63,33010.14,2.46
2020-03-21,Khavda Renewable Energy Park,9062.675579785777,52563.52,43102086.4,26281760.0,1959185.75,43102.09,26281.76,1.96
2020-03-22,Khavda Renewable Energy Park,6599.8691733214055,38279.24,31388976.8,19139620.0,1426771.67,31388.98,19139.62,1.43
2020-03-23,Khavda Renewable Energy Park,3639.697651641855,21110.25,17310405.0,10555125.0,786836.59,17310.4,10555.12,0.79
2020-03-24,Khavda Renewable Energy Park,4985.583935923609,28916.39,23711439.8,14458195.0,1077792.72,23711.44,14458.2,1.08
2020-03-25,Khavda Renewable Energy Park,1353.8756169153987,7852.48,6439033.6,3926240.0,292683.35,6439.03,3926.24,0.29
2020-03-26,Khavda Renewable Energy Park,251.5300347412758,1458.87,1196273.4,729435.0,54376.06,1196.27,729.44,0.05
2020-03-27,Khavda Renewable Energy Park,11213.73171741609,65039.64,53332504.8,32519820.0,2424204.76,53332.5,32519.82,2.42
2020-03-28,Khavda Renewable Energy Park,12366.17809616104,71723.83,58813540.6,35861915.0,2673342.75,58813.54,35861.92,2.67
2020-03-29,Khavda Renewable Energy Park,12882.982988219868,74721.3,61271466.0,37360650.0,2785066.64,61271.47,37360.65,2.79
2020-03-30,Khavda Renewable Energy Park,12478.855589060724,72377.36,59349435.2,36188680.0,2697701.6,59349.44,36188.68,2.7
2020-03-31,Khavda Renewable Energy Park,10450.158277780503,60610.92,49700954.4,30305460.0,2259134.29,49700.95,30305.46,2.26
2020-04-01,Khavda Renewable Energy Park,12683.402822828604,73563.74,60322266.8,36781870.0,2741921.22,60322.27,36781.87,2.74
2020-04-02,Khavda Renewable Energy Park,13415.563416890114,77810.27,63804421.4,38905135.0,2900200.97,63804.42,38905.14,2.9
2020-04-03,Khavda Renewable Energy Park,13130.662869328413,76157.84,62449428.8,38078920.0,2838610.4,62449.43,38078.92,2.84
2020-04-04,Khavda Renewable Energy Park,12661.719976995388,73437.98,60219143.6,36718990.0,2737233.8,60219.14,36718.99,2.74
2020-04-05,Khavda Renewable Energy Park,5044.344808122032,29257.2,23990904.0,14628600.0,1090495.64,23990.9,14628.6,1.09
2020-04-06,Khavda Renewable Energy Park,12506.428751020658,72537.29,59480577.8,36268645.0,2703662.63,59480.58,36268.64,2.7
2020-04-07,Khavda Renewable Energy Park,8358.007028198275,48476.44,39750680.8,24238220.0,1806849.13,39750.68,24238.22,1.81
2020-04-08,Khavda Renewable Energy Park,10147.185677520552,58853.68,48260017.6,29426840.0,2193637.16,48260.02,29426.84,2.19
2020-04-09,Khavda Renewable Energy Park,11726.94263205868,68016.27,55773341.4,34008135.0,2535151.88,55773.34,34008.14,2.54
2020-04-10,Khavda Renewable Energy Park,12811.604256344544,74307.3,60931986.0,37153650.0,2769635.73,60931.99,37153.65,2.77
2020-04-11,Khavda Renewable Energy Park,10142.529026194054,58826.67,48237869.4,29413335.0,2192630.43,48237.87,29413.34,2.19
2020-04-12,Khavda Renewable Energy Park,12450.523876332629,72213.04,59214692.8,36106520.0,2691576.95,59214.69,36106.52,2.69
2020-04-13,Khavda Renewable Energy Park,11401.881049221409,66130.91,54227346.2,33065455.0,2464879.37,54227.35,33065.46,2.46
2020-04-14,Khavda Renewable Energy Park,6877.139210033096,39887.41,32707676.2,19943705.0,1486712.55,32707.68,19943.71,1.49
2020-04-15,Khavda Renewable Energy Park,4310.079520872966,24998.46,20498737.2,12499230.0,931760.78,20498.74,12499.23,0.93
2020-04-16,Khavda Renewable Energy Park,3826.3756437063694,22192.98,18198243.6,11096490.0,827192.89,18198.24,11096.49,0.83
2020-04-17,Khavda Renewable Energy Park,9313.614217289189,54018.96,44295547.2,27009480.0,2013433.96,44295.55,27009.48,2.01
2020-04-18,Khavda Renewable Energy Park,10959.701932631537,63566.27,52124341.4,31783135.0,2369288.25,52124.34,31783.14,2.37
2020-04-19,Khavda Renewable Energy Park,2054.8546402826264,11918.16,9772891.2,5959080.0,444222.33,9772.89,5959.08,0.44
2020-04-20,Khavda Renewable Energy Park,11505.141941879569,66729.82,54718452.4,33364910.0,2487202.38,54718.45,33364.91,2.49
2020-04-21,Khavda Renewable Energy Park,9023.583103827645,52336.78,42916159.6,26168390.0,1950734.53,42916.16,26168.39,1.95
2020-04-22,Khavda Renewable Energy Park,6111.610262246199,35447.34,29066818.8,17723670.0,1321219.04,29066.82,17723.67,1.32
2020-04-23,Khavda Renewable Energy Park,11640.000576833803,67512.0,55359840.0,33756000.0,2516356.36,55359.84,33756.0,2.52
2020-04-24,Khavda Renewable Energy Park,13215.79343866909,76651.6,62854312.0,38325800.0,2857014.18,62854.31,38325.8,2.86
2020-04-25,Khavda Renewable Energy Park,12876.0234101733,74680.94,61238370.8,37340470.0,2783562.31,61238.37,37340.47,2.78
2020-04-26,Khavda Renewable Energy Park,13155.886992808531,76304.14,62569394.8,38152070.0,2844063.4,62569.39,38152.07,2.84
2020-04-27,Khavda Renewable Energy Park,13041.655335505096,75641.6,62026112.0,37820800.0,2819368.73,62026.11,37820.8,2.82
2020-04-28,Khavda Renewable Energy Park,12311.977653219674,71409.47,58555765.4,35704735.0,2661625.7,58555.77,35704.74,2.66
2020-04-29,Khavda Renewable Energy Park,12189.456435068976,70698.85,57973057.0,35349425.0,2635138.95,57973.06,35349.43,2.64
2020-04-30,Khavda Renewable Energy Park,13119.129711789494,76090.95,62394579.0,38045475.0,2836117.23,62394.58,38045.48,2.84
2020-05-01,Khavda Renewable Energy Park,13746.46742736559,79729.51,65378198.2,39864755.0,2971736.28,65378.2,39864.75,2.97
2020-05-02,Khavda Renewable Energy Park,14030.089262239171,81374.52,66727106.4,40687260.0,3033050.29,66727.11,40687.26,3.03
2020-05-03,Khavda Renewable Energy Park,14402.334721107118,83533.54,68497502.8,41766770.0,3113522.85,68497.5,41766.77,3.11
2020-05-04,Khavda Renewable Energy Park,13488.423475232275,78232.86,64150945.2,39116430.0,2915952.05,64150.95,39116.43,2.92
2020-05-05,Khavda Renewable Energy Park,13516.522715607747,78395.83,64284580.6,39197915.0,2922026.39,64284.58,39197.92,2.92
2020-05-06,Khavda Renewable Energy Park,13934.49413714447,80820.07,66272457.4,40410035.0,3012384.43,66272.46,40410.04,3.01
2020-05-07,Khavda Renewable Energy Park,12882.70675860422,74719.7,61270154.0,37359850.0,2785007.0,61270.15,37359.85,2.79
2020-05-08,Khavda Renewable Energy Park,11939.85098446429,69251.14,56785934.8,34625570.0,2581178.85,56785.93,34625.57,2.58
2020-05-09,Khavda Renewable Energy Park,11636.993916427762,67494.56,55345539.2,33747280.0,2515706.33,55345.54,33747.28,2.52
2020-05-10,Khavda Renewable Energy Park,11484.275679263174,66608.8,54619216.0,33304400.0,2482691.64,54619.22,33304.4,2.48
2020-05-11,Khavda Renewable Energy Park,8020.078617840894,46516.46,38143497.2,23258230.0,1733795.33,38143.5,23258.23,1.73
2020-05-12,Khavda Renewable Energy Park,11047.141717845216,64073.42,52540204.4,32036710.0,2388191.11,52540.2,32036.71,2.39
2020-05-13,Khavda Renewable Energy Park,11302.918028488022,65556.92,53756674.4,32778460.0,2443485.2,53756.67,32778.46,2.44
2020-05-14,Khavda Renewable Energy Park,11158.52431211437,64719.44,53069940.8,32359720.0,2412270.04,53069.94,32359.72,2.41
2020-05-15,Khavda Renewable Energy Park,13360.462057931943,77490.68,63542357.6,38745340.0,2888288.98,63542.36,38745.34,2.89
2020-05-16,Khavda Renewable Energy Park,13529.073803641357,78468.63,64344276.6,39234315.0,2924739.85,64344.28,39234.32,2.92
2020-05-17,Khavda Renewable Energy Park,14153.675718698005,82091.32,67314882.4,41045660.0,3059767.38,67314.88,41045.66,3.06
2020-05-18,Khavda Renewable Energy Park,14546.295983807611,84368.52,69182186.4,42184260.0,3144644.84,69182.19,42184.26,3.14
2020-05-19,Khavda Renewable Energy Park,14754.919109340217,85578.53,70174394.6,42789265.0,3189745.21,70174.39,42789.26,3.19
2020-05-20,Khavda Renewable Energy Park,13565.937994259471,78682.44,64519600.8,39341220.0,2932709.13,64519.6,39341.22,2.93
2020-05-21,Khavda Renewable Energy Park,12986.833236589651,75323.63,61765376.6,37661815.0,2807517.12,61765.38,37661.82,2.81
2020-05-22,Khavda Renewable Energy Park,12589.717214635702,73020.36,59876695.2,36510180.0,2721667.96,59876.7,36510.18,2.72
2020-05-23,Khavda Renewable Energy Park,13486.707849489892,78222.91,64142786.2,39111455.0,2915581.19,64142.79,39111.46,2.92
2020-05-24,Khavda Renewable Energy Park,12280.814797483765,71228.73,58407558.6,35614365.0,2654889.03,58407.56,35614.36,2.65
2020-05-25,Khavda Renewable Energy Park,13104.652276224757,76006.98,62325723.6,38003490.0,2832987.44,62325.72,38003.49,2.83
2020-05-26,Khavda Renewable Energy Park,12964.802741096904,75195.86,61660605.2,37597930.0,2802754.78,61660.61,37597.93,2.8
2020-05-27,Khavda Renewable Energy Park,13074.193190960415,75830.32,62180862.4,37915160.0,2826402.84,62180.86,37915.16,2.83
2020-05-28,Khavda Renewable Energy Park,13488.704378318724,78234.49,64152281.8,39117245.0,2916012.81,64152.28,39117.25,2.92
2020-05-29,Khavda Renewable Energy Park,11039.871193637802,64031.25,52505625.0,32015625.0,2386619.32,52505.62,32015.62,2.39
2020-05-30,Khavda Renewable Energy Park,9767.501831002328,56651.51,46454238.2,28325755.0,2111556.28,46454.24,28325.76,2.11
2020-05-31,Khavda Renewable Energy Park,6468.62662221295,37518.03,30764784.6,18759015.0,1398399.3,30764.78,18759.02,1.4
2020-06-01,Khavda Renewable Energy Park,9917.55011221872,57521.79,47167867.8,28760895.0,2143993.99,47167.87,28760.9,2.14
2020-06-02,Khavda Renewable Energy Park,11655.63833995408,67602.7,55434214.0,33801350.0,2519737.0,55434.21,33801.35,2.52
2020-06-03,Khavda Renewable Energy Park,13370.801144567791,77550.65,63591533.0,38775325.0,2890524.23,63591.53,38775.32,2.89
2020-06-04,Khavda Renewable Energy Park,13113.449268923954,76058.01,62367568.2,38029005.0,2834889.46,62367.57,38029.0,2.83
2020-06-05,Khavda Renewable Energy Park,13397.022539777672,77702.73,63716238.6,38851365.0,2896192.66,63716.24,38851.36,2.9
2020-06-06,Khavda Renewable Energy Park,11546.970241873974,66972.43,54917392.6,33486215.0,2496245.12,54917.39,33486.21,2.5
2020-06-07,Khavda Renewable Energy Park,11087.467605349386,64307.31,52731994.2,32153655.0,2396908.83,52731.99,32153.66,2.4
2020-06-08,Khavda Renewable Energy Park,11274.107309652129,65389.82,53619652.4,32694910.0,2437256.93,53619.65,32694.91,2.44
2020-06-09,Khavda Renewable Energy Park,8754.96451930507,50778.79,41638607.8,25389395.0,1892663.99,41638.61,25389.4,1.89
2020-06-10,Khavda Renewable Energy Park,10220.327133770836,59277.9,48607878.0,29638950.0,2209449.0,48607.88,29638.95,2.21
2020-06-11,Khavda Renewable Energy Park,8788.927915597069,50975.78,41800139.6,25487890.0,1900006.35,41800.14,25487.89,1.9
2020-06-12,Khavda Renewable Energy Park,4995.355687762373,28973.06,23757909.2,14486530.0,1079904.96,23757.91,14486.53,1.08
2020-06-13,Khavda Renewable Energy Park,6745.991900355435,39126.75,32083935.0,19563375.0,1458360.68,32083.94,19563.38,1.46
2020-06-14,Khavda Renewable Energy Park,3918.76432998432,22728.83,18637640.6,11364415.0,847165.48,18637.64,11364.42,0.85
2020-06-15,Khavda Renewable Energy Park,5089.115255408534,29516.87,24203833.4,14758435.0,1100174.25,24203.83,14758.44,1.1
2020-06-16,Khavda Renewable Energy Park,7819.265373419982,45351.74,37188426.8,22675870.0,1690383.04,37188.43,22675.87,1.69
2020-06-17,Khavda Renewable Energy Park,6524.220178755392,37840.48,31029193.6,18920240.0,1410417.89,31029.19,18920.24,1.41
2020-06-18,Khavda Renewable Energy Park,12810.892620897015,74303.18,60928607.6,37151590.0,2769482.16,60928.61,37151.59,2.77
2020-06-19,Khavda Renewable Energy Park,6757.971512565942,39196.23,32140908.6,19598115.0,1460950.39,32140.91,19598.12,1.46
2020-06-20,Khavda Renewable Energy Park,5184.200496175027,30068.36,24656055.2,15034180.0,1120729.78,24656.06,15034.18,1.12
2020-06-21,Khavda Renewable Energy Park,4270.5751358908,24769.34,20310858.8,12384670.0,923220.85,20310.86,12384.67,0.92
2020-06-22,Khavda Renewable Energy Park,4475.104124793931,25955.6,21283592.0,12977800.0,967436.0,21283.59,12977.8,0.97
2020-06-23,Khavda Renewable Energy Park,8119.155440827057,47091.1,38614702.0,23545550.0,1755213.73,38614.7,23545.55,1.76
2020-06-24,Khavda Renewable Energy Park,4551.206139249272,26397.0,21645540.0,13198500.0,983888.18,21645.54,13198.5,0.98
2020-06-25,Khavda Renewable Energy Park,1627.8285701951722,9441.41,7741956.2,4720705.0,351907.1,7741.96,4720.7,0.35
2020-06-26,Khavda Renewable Energy Park,4332.132530153555,25126.37,20603623.4,12563185.0,936528.34,20603.62,12563.18,0.94
2020-06-27,Khavda Renewable Energy Park,6320.094377577577,36656.55,30058371.0,18328275.0,1366289.59,30058.37,18328.28,1.37
2020-06-28,Khavda Renewable Energy Park,7707.729892371307,44704.83,36657960.6,22352415.0,1666270.94,36657.96,22352.42,1.67
2020-06-29,Khavda Renewable Energy Park,8526.216368444087,49452.05,40550681.0,24726025.0,1843212.77,40550.68,24726.02,1.84
2020-06-30,Khavda Renewable Energy Park,5001.487694007831,29008.63,23787076.6,14504315.0,1081230.75,23787.08,14504.32,1.08
2020-07-01,Khavda Renewable Energy Park,10868.667905347662,63038.27,51691381.4,31519135.0,2349608.25,51691.38,31519.14,2.35
2020-07-02,Khavda Renewable Energy Park,8404.130760269842,48743.96,39970047.2,24371980.0,1816820.33,39970.05,24371.98,1.82
2020-07-03,Khavda Renewable Energy Park,10284.309361824444,59648.99,48912171.8,29824495.0,2223280.54,48912.17,29824.5,2.22
2020-07-04,Khavda Renewable Energy Park,2406.9701690754287,13960.43,11447552.6,6980215.0,520343.3,11447.55,6980.22,0.52
2020-07-05,Khavda Renewable Energy Park,1113.7427302888634,6459.71,5296962.2,3229855.0,240771.01,5296.96,3229.86,0.24
2020-07-06,Khavda Renewable Energy Park,9.298878073078576,53.93,44222.6,26965.0,2010.12,44.22,26.96,0.0
2020-07-07,Khavda Renewable Energy Park,0.9232642815560308,5.35,4387.0,2675.0,199.41,4.39,2.68,0.0
2020-07-08,Khavda Renewable Energy Park,206.61600500229912,1198.37,982663.4,599185.0,44666.52,982.66,599.18,0.04
2020-07-09,Khavda Renewable Energy Park,5161.526557268956,29936.85,24548217.0,14968425.0,1115828.05,24548.22,14968.42,1.12
2020-07-10,Khavda Renewable Energy Park,2573.5907644165864,14926.83,12240000.6,7463415.0,556363.66,12240.0,7463.42,0.56
2020-07-11,Khavda Renewable Energy Park,4498.800203517117,26093.04,21396292.8,13046520.0,972558.76,21396.29,13046.52,0.97
2020-07-12,Khavda Renewable Energy Park,4364.727034679374,25315.42,20758644.4,12657710.0,943574.75,20758.64,12657.71,0.94
2020-07-13,Khavda Renewable Energy Park,6426.104946969818,37271.41,30562556.2,18635705.0,1389207.1,30562.56,18635.71,1.39
2020-07-14,Khavda Renewable Energy Park,5002.666008712675,29015.46,23792677.2,14507730.0,1081485.33,23792.68,14507.73,1.08
2020-07-15,Khavda Renewable Energy Park,1985.084890781461,11513.49,9441061.8,5756745.0,429139.17,9441.06,5756.74,0.43
2020-07-16,Khavda Renewable Energy Park,359.0308573851753,2082.38,1707551.6,1041190.0,77615.98,1707.55,1041.19,0.08
2020-07-17,Khavda Renewable Energy Park,2393.607368619849,13882.92,11383994.4,6941460.0,517454.29,11383.99,6941.46,0.52
2020-07-18,Khavda Renewable Energy Park,9453.498959186783,54830.29,44960837.8,27415145.0,2043674.45,44960.84,27415.14,2.04
2020-07-19,Khavda Renewable Energy Park,3455.271807307068,20040.58,16433275.6,10020290.0,746967.07,16433.28,10020.29,0.75
2020-07-20,Khavda Renewable Energy Park,5333.863369071968,30936.41,25367856.2,15468205.0,1153084.37,25367.86,15468.2,1.15
2020-07-21,Khavda Renewable Energy Park,4430.56272036508,25697.26,21071753.2,12848630.0,957806.96,21071.75,12848.63,0.96
2020-07-22,Khavda Renewable Energy Park,6384.967594205037,37032.81,30366904.2,18516405.0,1380313.83,30366.9,18516.4,1.38
2020-07-23,Khavda Renewable Energy Park,7926.670118427768,45974.69,37699245.8,22987345.0,1713602.08,37699.25,22987.34,1.71
2020-07-24,Khavda Renewable Energy Park,8945.356723089595,51883.07,42544117.4,25941535.0,1933823.52,42544.12,25941.54,1.93
2020-07-25,Khavda Renewable Energy Park,2748.7391453559217,15942.69,13073005.8,7971345.0,594227.54,13073.01,7971.34,0.59
2020-07-26,Khavda Renewable Energy Park,2365.7433577182837,13721.31,11251474.2,6860655.0,511430.65,11251.47,6860.66,0.51
2020-07-27,Khavda Renewable Energy Park,7947.148244082967,46093.46,37796637.2,23046730.0,1718028.96,37796.64,23046.73,1.72
2020-07-28,Khavda Renewable Energy Park,7620.378099774486,44198.19,36242515.8,22099095.0,1647387.08,36242.52,22099.1,1.65
2020-07-29,Khavda Renewable Energy Park,2784.2601887364085,16148.71,13241942.2,8074355.0,601906.46,13241.94,8074.36,0.6
2020-07-30,Khavda Renewable Energy Park,3149.899201104902,18269.42,14980924.4,9134710.0,680951.11,14980.92,9134.71,0.68
2020-07-31,Khavda Renewable Energy Park,232.2613028995136,1347.12,1104638.4,673560.0,50210.84,1104.64,673.56,0.05
2020-08-01,Khavda Renewable Energy Park,5693.183429539725,33020.46,27076777.2,16510230.0,1230762.6,27076.78,16510.23,1.23
2020-08-02,Khavda Renewable Energy Park,3614.255113088005,20962.68,17189397.6,10481340.0,781336.25,17189.4,10481.34,0.78
2020-08-03,Khavda Renewable Energy Park,8929.083792609405,51788.69,42466725.8,25894345.0,1930305.72,42466.73,25894.34,1.93
2020-08-04,Khavda Renewable Energy Park,3871.888512599065,22456.95,18414699.0,11228475.0,837031.77,18414.7,11228.48,0.84
2020-08-05,Khavda Renewable Energy Park,4677.585645949282,27130.0,22246600.0,13565000.0,1011209.09,22246.6,13565.0,1.01
2020-08-06,Khavda Renewable Energy Park,177.92910062890093,1031.99,846231.8,515995.0,38465.08,846.23,516.0,0.04
2020-08-07,Khavda Renewable Energy Park,366.87330408467903,2127.87,1744853.4,1063935.0,79311.52,1744.85,1063.94,0.08
2020-08-08,Khavda Renewable Energy Park,2417.6274969364727,14022.24,11498236.8,7011120.0,522647.13,11498.24,7011.12,0.52
2020-08-09,Khavda Renewable Energy Park,1341.2173572347283,7779.06,6378829.2,3889530.0,289946.78,6378.83,3889.53,0.29
2020-08-10,Khavda Renewable Energy Park,373.314771910036,2165.23,1775488.6,1082615.0,80704.03,1775.49,1082.62,0.08
2020-08-11,Khavda Renewable Energy Park,480.2989567084229,2785.73,2284298.6,1392865.0,103831.75,2284.3,1392.86,0.1
2020-08-12,Khavda Renewable Energy Park,2805.616521420601,16272.58,13343515.6,8136290.0,606523.44,13343.52,8136.29,0.61
2020-08-13,Khavda Renewable Energy Park,1817.1027185109292,10539.2,8642144.0,5269600.0,392824.73,8642.14,5269.6,0.39
2020-08-14,Khavda Renewable Energy Park,584.5799662496146,3390.56,2780259.2,1695280.0,126375.42,2780.26,1695.28,0.13
2020-08-15,Khavda Renewable Energy Park,903.3756797919312,5239.58,4296455.6,2619790.0,195293.44,4296.46,2619.79,0.2
2020-08-16,Khavda Renewable Energy Park,144.0380104479388,835.42,685044.4,417710.0,31138.38,685.04,417.71,0.03
2020-08-17,Khavda Renewable Energy Park,961.504991256622,5576.73,4572918.6,2788365.0,207859.94,4572.92,2788.36,0.21
2020-08-18,Khavda Renewable Energy Park,139.36050417215313,808.29,662797.8,404145.0,30127.17,662.8,404.14,0.03
2020-08-19,Khavda Renewable Energy Park,3149.925406500202,18269.57,14981047.4,9134785.0,680956.7,14981.05,9134.78,0.68
2020-08-20,Khavda Renewable Energy Park,1276.4248004703177,7403.26,6070673.2,3701630.0,275939.69,6070.67,3701.63,0.28
2020-08-21,Khavda Renewable Energy Park,876.2112132499003,5082.03,4167264.6,2541015.0,189421.12,4167.26,2541.02,0.19
2020-08-22,Khavda Renewable Energy Park,303.25710114812296,1758.89,1442289.8,879445.0,65558.63,1442.29,879.44,0.07
2020-08-23,Khavda Renewable Energy Park,0.0,0.0,0.0,0.0,0.0,0.0,0.0,0.0
2020-08-24,Khavda Renewable Energy Park,0.0,0.0,0.0,0.0,0.0,0.0,0.0,0.0
2020-08-25,Khavda Renewable Energy Park,143.66524497338233,833.26,683273.2,416630.0,31057.87,683.27,416.63,0.03
2020-08-26,Khavda Renewable Energy Park,4650.235502183992,26971.37,22116523.4,13485685.0,1005296.52,22116.52,13485.68,1.01
2020-08-27,Khavda Renewable Energy Park,5925.01565528001,34365.09,28179373.8,17182545.0,1280880.63,28179.37,17182.54,1.28
2020-08-28,Khavda Renewable Energy Park,2721.643287075998,15785.53,12944134.6,7892765.0,588369.75,12944.13,7892.76,0.59
2020-08-29,Khavda Renewable Energy Park,659.9452724509482,3827.68,3138697.6,1913840.0,142668.07,3138.7,1913.84,0.14
2020-08-30,Khavda Renewable Energy Park,791.3719879042036,4589.96,3763767.2,2294980.0,171080.33,3763.77,2294.98,0.17
2020-08-31,Khavda Renewable Energy Park,63.61148106081801,368.95,302539.0,184475.0,13751.77,302.54,184.48,0.01
2020-09-01,Khavda Renewable Energy Park,7192.285626677762,41715.26,34206513.2,20857630.0,1554841.51,34206.51,20857.63,1.55
2020-09-02,Khavda Renewable Energy Park,5554.1408517293385,32214.02,26415496.4,16107010.0,1200704.38,26415.5,16107.01,1.2
2020-09-03,Khavda Renewable Energy Park,5914.750860743679,34305.55,28130551.0,17152775.0,1278661.41,28130.55,17152.78,1.28
2020-09-04,Khavda Renewable Energy Park,9103.333020093853,52799.33,43295450.6,26399665.0,1967975.03,43295.45,26399.66,1.97
2020-09-05,Khavda Renewable Energy Park,11023.145661979835,63934.24,52426076.8,31967120.0,2383003.49,52426.08,31967.12,2.38
2020-09-06,Khavda Renewable Energy Park,7454.540270681136,43236.33,35453790.6,21618165.0,1611535.94,35453.79,21618.16,1.61
2020-09-07,Khavda Renewable Energy Park,9205.180231277542,53390.05,43779841.0,26695025.0,1989992.77,43779.84,26695.02,1.99
2020-09-08,Khavda Renewable Energy Park,9202.390672967573,53373.87,43766573.4,26686935.0,1989389.7,43766.57,26686.94,1.99
2020-09-09,Khavda Renewable Energy Park,10590.358191689927,61424.08,50367745.6,30712040.0,2289442.98,50367.75,30712.04,2.29
2020-09-10,Khavda Renewable Energy Park,7233.189405557096,41952.5,34401050.0,20976250.0,1563684.09,34401.05,20976.25,1.56
2020-09-11,Khavda Renewable Energy Park,3864.674675450824,22415.11,18380390.2,11207555.0,835472.28,18380.39,11207.56,0.84
2020-09-12,Khavda Renewable Energy Park,693.9601248009433,4024.97,3300475.4,2012485.0,150021.61,3300.48,2012.48,0.15
2020-09-13,Khavda Renewable Energy Park,2554.3429208107214,14815.19,12148455.8,7407595.0,552202.54,12148.46,7407.6,0.55
2020-09-14,Khavda Renewable Energy Park,2779.277520837494,16119.81,13218244.2,8059905.0,600829.28,13218.24,8059.9,0.6
2020-09-15,Khavda Renewable Energy Park,2520.8288666461845,14620.81,11989064.2,7310405.0,544957.46,11989.06,7310.4,0.54
2020-09-16,Khavda Renewable Energy Park,2702.069169626198,15672.0,12851040.0,7836000.0,584138.18,12851.04,7836.0,0.58
2020-09-17,Khavda Renewable Energy Park,2944.036241344409,17075.41,14001836.2,8537705.0,636447.1,14001.84,8537.7,0.64
2020-09-18,Khavda Renewable Energy Park,4071.334314529747,23613.74,19363266.8,11806870.0,880148.49,19363.27,11806.87,0.88
2020-09-19,Khavda Renewable Energy Park,6509.5032936322805,37755.12,30959198.4,18877560.0,1407236.29,30959.2,18877.56,1.41
2020-09-20,Khavda Renewable Energy Park,4634.776031511291,26881.7,22042994.0,13440850.0,1001954.27,22042.99,13440.85,1.0
2020-09-21,Khavda Renewable Energy Park,4928.174312540973,28583.41,23438396.2,14291705.0,1065381.65,23438.4,14291.7,1.07
2020-09-22,Khavda Renewable Energy Park,3855.758661846015,22363.4,18337988.0,11181700.0,833544.91,18337.99,11181.7,0.83
2020-09-23,Khavda Renewable Energy Park,5285.5429607773385,30656.15,25138043.0,15328075.0,1142638.32,25138.04,15328.08,1.14
2020-09-24,Khavda Renewable Energy Park,7805.567153746054,45272.29,37123277.8,22636145.0,1687421.72,37123.28,22636.14,1.69
2020-09-25,Khavda Renewable Energy Park,6553.15972280578,38008.33,31166830.6,19004165.0,1416674.12,31166.83,19004.16,1.42
2020-09-26,Khavda Renewable Energy Park,7159.724085611245,41526.4,34051648.0,20763200.0,1547802.18,34051.65,20763.2,1.55
2020-09-27,Khavda Renewable Energy Park,10305.04007922003,59769.23,49010768.6,29884615.0,2227762.21,49010.77,29884.62,2.23
2020-09-28,Khavda Renewable Energy Park,9289.164543548144,53877.15,44179263.0,26938575.0,2008148.32,44179.26,26938.58,2.01
2020-09-29,Khavda Renewable Energy Park,12449.445377343063,72206.78,59209559.6,36103390.0,2691343.62,59209.56,36103.39,2.69
2020-09-30,Khavda Renewable Energy Park,13540.506423979346,78534.94,64398650.8,39267470.0,2927211.4,64398.65,39267.47,2.93
2020-10-01,Khavda Renewable Energy Park,12964.81364653995,75195.92,61660654.4,37597960.0,2802757.02,61660.65,37597.96,2.8
2020-10-02,Khavda Renewable Energy Park,11866.411843205577,68825.19,56436655.8,34412595.0,2565302.54,56436.66,34412.6,2.57
2020-10-03,Khavda Renewable Energy Park,10764.370402384002,62433.35,51195347.0,31216675.0,2327061.23,51195.35,31216.68,2.33
2020-10-04,Khavda Renewable Energy Park,10238.59090733533,59383.83,48694740.6,29691915.0,2213397.3,48694.74,29691.92,2.21
2020-10-05,Khavda Renewable Energy Park,10789.380123560968,62578.4,51314288.0,31289200.0,2332467.64,51314.29,31289.2,2.33
2020-10-06,Khavda Renewable Energy Park,10871.822668476816,63056.57,51706387.4,31528285.0,2350290.34,51706.39,31528.28,2.35
2020-10-07,Khavda Renewable Energy Park,11125.944884999542,64530.48,52914993.6,32265240.0,2405226.98,52914.99,32265.24,2.41
2020-10-08,Khavda Renewable Energy Park,11035.121902605037,64003.71,52483042.2,32001855.0,2385592.83,52483.04,32001.86,2.39
2020-10-09,Khavda Renewable Energy Park,11520.349983088854,66818.03,54790784.6,33409015.0,2490490.21,54790.78,33409.02,2.49
2020-10-10,Khavda Renewable Energy Park,9749.727495920017,56548.42,46369704.4,28274210.0,2107713.84,46369.7,28274.21,2.11
2020-10-11,Khavda Renewable Energy Park,6633.458648592807,38474.06,31548729.2,19237030.0,1434033.15,31548.73,19237.03,1.43
2020-10-12,Khavda Renewable Energy Park,10200.211768576512,59161.23,48512208.6,29580615.0,2205100.39,48512.21,29580.62,2.21
2020-10-13,Khavda Renewable Energy Park,10181.096747198111,59050.36,48421295.2,29525180.0,2200967.96,48421.3,29525.18,2.2
2020-10-14,Khavda Renewable Energy Park,4894.6126436198565,28388.75,23278775.0,14194375.0,1058126.14,23278.78,14194.38,1.06
2020-10-15,Khavda Renewable Energy Park,3649.9072787623454,21169.46,17358957.2,10584730.0,789043.51,17358.96,10584.73,0.79
2020-10-16,Khavda Renewable Energy Park,2583.9617008668265,14986.98,12289323.6,7493490.0,558605.62,12289.32,7493.49,0.56
2020-10-17,Khavda Renewable Energy Park,857.8129082304986,4975.31,4079754.2,2487655.0,185443.37,4079.75,2487.66,0.19
2020-10-18,Khavda Renewable Energy Park,762.0427210331619,4419.85,3624277.0,2209925.0,164739.86,3624.28,2209.93,0.16
2020-10-19,Khavda Renewable Energy Park,1597.7777511078,9267.11,7599030.2,4633555.0,345410.46,7599.03,4633.56,0.35
2020-10-20,Khavda Renewable Energy Park,7962.785302665197,46184.15,37871003.0,23092075.0,1721409.23,37871.0,23092.08,1.72
2020-10-21,Khavda Renewable Energy Park,10855.980566657872,62964.69,51631045.8,31482345.0,2346865.72,51631.05,31482.34,2.35
2020-10-22,Khavda Renewable Energy Park,10295.807862910531,59715.69,48966865.8,29857845.0,2225766.63,48966.87,29857.84,2.23
2020-10-23,Khavda Renewable Energy Park,11237.152293433335,65175.48,53443893.6,32587740.0,2429267.89,53443.89,32587.74,2.43
2020-10-24,Khavda Renewable Energy Park,11232.524463187285,65148.64,53421884.8,32574320.0,2428267.49,53421.88,32574.32,2.43
2020-10-25,Khavda Renewable Energy Park,10723.560368513514,62196.65,51001253.0,31098325.0,2318238.77,51001.25,31098.32,2.32
2020-10-26,Khavda Renewable Energy Park,11067.420972789385,64191.04,52636652.8,32095520.0,2392575.13,52636.65,32095.52,2.39
2020-10-27,Khavda Renewable Energy Park,12004.558613522397,69626.44,57093680.8,34813220.0,2595167.31,57093.68,34813.22,2.6
2020-10-28,Khavda Renewable Energy Park,10866.24546532994,63024.22,51679860.4,31512110.0,2349084.56,51679.86,31512.11,2.35
2020-10-29,Khavda Renewable Energy Park,11399.218762191407,66115.47,54214685.4,33057735.0,2464303.88,54214.69,33057.74,2.46
2020-10-30,Khavda Renewable Energy Park,10798.8548150256,62633.36,51359355.2,31316680.0,2334516.15,51359.36,31316.68,2.33
2020-10-31,Khavda Renewable Energy Park,10474.374778370262,60751.37,49816123.4,30375685.0,2264369.25,49816.12,30375.68,2.26
2020-11-01,Khavda Renewable Energy Park,10594.70216015746,61449.27,50388401.4,30724635.0,2290381.88,50388.4,30724.64,2.29
2020-11-02,Khavda Renewable Energy Park,10729.891973569243,62233.37,51031363.4,31116685.0,2319607.43,51031.36,31116.68,2.32
2020-11-03,Khavda Renewable Energy Park,11358.561309109313,65879.66,54021321.2,32939830.0,2455514.6,54021.32,32939.83,2.46
2020-11-04,Khavda Renewable Energy Park,10928.602646607564,63385.9,51976438.0,31692950.0,2362565.36,51976.44,31692.95,2.36
2020-11-05,Khavda Renewable Energy Park,10569.09553684049,61300.75,50266615.0,30650375.0,2284846.14,50266.62,30650.38,2.28
2020-11-06,Khavda Renewable Energy Park,9137.7490995813,52998.94,43459130.8,26499470.0,1975415.04,43459.13,26499.47,1.98
2020-11-07,Khavda Renewable Energy Park,9040.408264080988,52434.37,42996183.4,26217185.0,1954371.97,42996.18,26217.18,1.95
2020-11-08,Khavda Renewable Energy Park,10713.472166918997,62138.14,50953274.8,31069070.0,2316057.95,50953.27,31069.07,2.32
2020-11-09,Khavda Renewable Energy Park,9923.814078925092,57558.12,47197658.4,28779060.0,2145348.11,47197.66,28779.06,2.15
2020-11-10,Khavda Renewable Energy Park,10324.939677189572,59884.65,49105413.0,29942325.0,2232064.23,49105.41,29942.32,2.23
2020-11-11,Khavda Renewable Energy Park,10346.921415682147,60012.14,49209954.8,30006070.0,2236816.13,49209.95,30006.07,2.24
2020-11-12,Khavda Renewable Energy Park,10647.888390175196,61757.75,50641355.0,30878875.0,2301879.77,50641.36,30878.88,2.3
2020-11-13,Khavda Renewable Energy Park,10208.991765896517,59212.15,48553963.0,29606075.0,2206998.32,48553.96,29606.08,2.21
2020-11-14,Khavda Renewable Energy Park,10100.026616186928,58580.15,48035723.0,29290075.0,2183441.95,48035.72,29290.08,2.18
2020-11-15,Khavda Renewable Energy Park,9234.323107459411,53559.07,43918437.4,26779535.0,1996292.61,43918.44,26779.54,2.0
2020-11-16,Khavda Renewable Energy Park,9893.897460729231,57384.61,47055380.2,28692305.0,2138880.92,47055.38,28692.3,2.14
2020-11-17,Khavda Renewable Energy Park,10133.529596255998,58774.47,48195065.4,29387235.0,2190684.79,48195.07,29387.24,2.19
2020-11-18,Khavda Renewable Energy Park,6663.3372964167975,38647.36,31690835.2,19323680.0,1440492.51,31690.84,19323.68,1.44
2020-11-19,Khavda Renewable Energy Park,9005.754245450891,52233.37,42831363.4,26116685.0,1946880.15,42831.36,26116.68,1.95
2020-11-20,Khavda Renewable Energy Park,8712.768665054922,50534.06,41437929.2,25267030.0,1883542.24,41437.93,25267.03,1.88
2020-11-21,Khavda Renewable Energy Park,10256.580938244771,59488.17,48780299.4,29744085.0,2217286.34,48780.3,29744.08,2.22
2020-11-22,Khavda Renewable Energy Park,8415.93291867153,48812.41,40026176.2,24406205.0,1819371.65,40026.18,24406.2,1.82
2020-11-23,Khavda Renewable Energy Park,9703.084505628503,56277.89,46147869.8,28138945.0,2097630.45,46147.87,28138.94,2.1
2020-11-24,Khavda Renewable Energy Park,8884.136577025223,51527.99,42252951.8,25763995.0,1920588.72,42252.95,25764.0,1.92
2020-11-25,Khavda Renewable Energy Park,8149.85722282516,47269.17,38760719.4,23634585.0,1761850.88,38760.72,23634.58,1.76
2020-11-26,Khavda Renewable Energy Park,10581.148046134418,61370.66,50323941.2,30685330.0,2287451.87,50323.94,30685.33,2.29
2020-11-27,Khavda Renewable Energy Park,10214.955007319511,59246.74,48582326.8,29623370.0,2208287.58,48582.33,29623.37,2.21
2020-11-28,Khavda Renewable Energy Park,9846.959045620357,57112.36,46832135.2,28556180.0,2128733.42,46832.14,28556.18,2.13
2020-11-29,Khavda Renewable Energy Park,9584.087694364842,55587.71,45581922.2,27793855.0,2071905.55,45581.92,27793.86,2.07
2020-11-30,Khavda Renewable Energy Park,9157.411351000545,53112.99,43552651.8,26556495.0,1979665.99,43552.65,26556.5,1.98
2020-12-01,Khavda Renewable Energy Park,8889.438798961777,51558.75,42278175.0,25779375.0,1921735.23,42278.18,25779.38,1.92
2020-12-02,Khavda Renewable Energy Park,9040.674177365569,52435.91,42997446.2,26217955.0,1954429.37,42997.45,26217.96,1.95
2020-12-03,Khavda Renewable Energy Park,9315.063738559658,54027.37,44302443.4,27013685.0,2013747.43,44302.44,27013.68,2.01
2020-12-04,Khavda Renewable Energy Park,6583.112476181452,38182.05,31309281.0,19091025.0,1423149.14,31309.28,19091.03,1.42
2020-12-05,Khavda Renewable Energy Park,5397.330569641254,31304.52,25669706.4,15652260.0,1166804.84,25669.71,15652.26,1.17
2020-12-06,Khavda Renewable Energy Park,5516.053074153851,31993.11,26234350.2,15996555.0,1192470.46,26234.35,15996.56,1.19
2020-12-07,Khavda Renewable Energy Park,8871.909202977302,51457.07,42194797.4,25728535.0,1917945.34,42194.8,25728.54,1.92
2020-12-08,Khavda Renewable Energy Park,8811.776046354851,51108.3,41908806.0,25554150.0,1904945.73,41908.81,25554.15,1.9
2020-12-09,Khavda Renewable Energy Park,8906.224032467027,51656.1,42358002.0,25828050.0,1925363.73,42358.0,25828.05,1.93
2020-12-10,Khavda Renewable Energy Park,9046.350758744544,52468.83,43024440.6,26234415.0,1955656.39,43024.44,26234.42,1.96
2020-12-11,Khavda Renewable Energy Park,8533.722292105616,49495.59,40586383.8,24747795.0,1844835.63,40586.38,24747.8,1.84
2020-12-12,Khavda Renewable Energy Park,9211.24163078972,53425.2,43808664.0,26712600.0,1991302.91,43808.66,26712.6,1.99
2020-12-13,Khavda Renewable Energy Park,9771.90168985848,56677.03,46475164.6,28338515.0,2112507.48,46475.16,28338.52,2.11
2020-12-14,Khavda Renewable Energy Park,9356.972208491889,54270.44,44501760.8,27135220.0,2022807.31,44501.76,27135.22,2.02
2020-12-15,Khavda Renewable Energy Park,10091.228512786243,58529.13,47993886.6,29264565.0,2181540.3,47993.89,29264.56,2.18
2020-12-16,Khavda Renewable Energy Park,8568.157573137156,49695.31,40750154.2,24847655.0,1852279.74,40750.15,24847.66,1.85
2020-12-17,Khavda Renewable Energy Park,9993.905146017449,57964.65,47531013.0,28982325.0,2160500.59,47531.01,28982.32,2.16
2020-12-18,Khavda Renewable Energy Park,9608.661802809973,55730.24,45698796.8,27865120.0,2077218.04,45698.8,27865.12,2.08
2020-12-19,Khavda Renewable Energy Park,2927.4372505553074,16979.14,13922894.8,8489570.0,632858.85,13922.89,8489.57,0.63
2020-12-20,Khavda Renewable Energy Park,1932.65029650885,11209.37,9191683.4,5604685.0,417803.79,9191.68,5604.68,0.42
2020-12-21,Khavda Renewable Energy Park,4885.78345013947,28337.54,23236782.8,14168770.0,1056217.4,23236.78,14168.77,1.06
2020-12-22,Khavda Renewable Energy Park,7237.037924159499,41974.82,34419352.4,20987410.0,1564516.02,34419.35,20987.41,1.56
2020-12-23,Khavda Renewable Energy Park,9272.885168624389,53782.73,44101838.6,26891365.0,2004629.03,44101.84,26891.36,2.0
2020-12-24,Khavda Renewable Energy Park,8975.506121844106,52057.94,42687510.8,26028970.0,1940341.4,42687.51,26028.97,1.94
2020-12-25,Khavda Renewable Energy Park,9187.75079294882,53288.95,43696939.0,26644475.0,1986224.5,43696.94,26644.48,1.99
2020-12-26,Khavda Renewable Energy Park,9218.76714301085,53468.85,43844457.0,26734425.0,1992929.86,43844.46,26734.42,1.99
2020-12-27,Khavda Renewable Energy Park,9725.358232226434,56407.08,46253805.6,28203540.0,2102445.71,46253.81,28203.54,2.1
2020-12-28,Khavda Renewable Energy Park,10217.694334728136,59262.63,48595356.6,29631315.0,2208879.85,48595.36,29631.32,2.21
2020-12-29,Khavda Renewable Energy Park,9696.64657906306,56240.55,46117251.0,28120275.0,2096238.68,46117.25,28120.28,2.1
2020-12-30,Khavda Renewable Energy Park,9917.291262096096,57520.29,47166637.8,28760145.0,2143938.08,47166.64,28760.14,2.14
2020-12-31,Khavda Renewable Energy Park,10411.593368559725,60387.24,49517536.8,30193620.0,2250797.13,49517.54,30193.62,2.25
2021-01-01,Khavda Renewable Energy Park,9653.792318596028,55992.0,45913440.0,27996000.0,2086974.55,45913.44,27996.0,2.09
2021-01-02,Khavda Renewable Energy Park,9561.645390548743,55457.54,45475182.8,27728770.0,2067053.76,45475.18,27728.77,2.07
2021-01-03,Khavda Renewable Energy Park,9506.906051663553,55140.06,45214849.2,27570030.0,2055220.42,45214.85,27570.03,2.06
2021-01-04,Khavda Renewable Energy Park,9908.479583231405,57469.18,47124727.6,28734590.0,2142033.07,47124.73,28734.59,2.14
2021-01-05,Khavda Renewable Energy Park,9518.111889982834,55205.05,45268141.0,27602525.0,2057642.77,45268.14,27602.52,2.06
2021-01-06,Khavda Renewable Energy Park,9955.201888431036,57740.17,47346939.4,28870085.0,2152133.61,47346.94,28870.08,2.15
2021-01-07,Khavda Renewable Energy Park,9974.01459162976,57849.28,47436409.6,28924640.0,2156200.44,47436.41,28924.64,2.16
2021-01-08,Khavda Renewable Energy Park,9957.657906606042,57754.42,47358624.4,28877210.0,2152664.75,47358.62,28877.21,2.15
2021-01-09,Khavda Renewable Energy Park,10059.38377718781,58344.43,47842432.6,29172215.0,2174656.03,47842.43,29172.22,2.17
2021-01-10,Khavda Renewable Energy Park,10611.271654775606,61545.38,50467211.6,30772690.0,2293964.16,50467.21,30772.69,2.29
2021-01-11,Khavda Renewable Energy Park,9396.329153996614,54498.71,44688942.2,27249355.0,2031315.55,44688.94,27249.36,2.03
2021-01-12,Khavda Renewable Energy Park,8929.084941761585,51788.69,42466725.8,25894345.0,1930305.72,42466.73,25894.34,1.93
2021-01-13,Khavda Renewable Energy Park,9890.665458567611,57365.86,47040005.2,28682930.0,2138182.05,47040.01,28682.93,2.14
2021-01-14,Khavda Renewable Energy Park,5364.339691771084,31113.17,25512799.4,15556585.0,1159672.7,25512.8,15556.58,1.16
2021-01-15,Khavda Renewable Energy Park,9803.720014327811,56861.58,46626495.6,28430790.0,2119386.16,46626.5,28430.79,2.12
2021-01-16,Khavda Renewable Energy Park,10678.35750741873,61934.47,50786265.4,30967235.0,2308466.61,50786.27,30967.24,2.31
2021-01-17,Khavda Renewable Energy Park,9689.073286648165,56196.63,46081236.6,28098315.0,2094601.66,46081.24,28098.32,2.09
2021-01-18,Khavda Renewable Energy Park,9904.29244341004,57444.9,47104818.0,28722450.0,2141128.09,47104.82,28722.45,2.14
2021-01-19,Khavda Renewable Energy Park,9805.837135814709,56873.86,46636565.2,28436930.0,2119843.87,46636.57,28436.93,2.12
2021-01-20,Khavda Renewable Energy Park,9734.1287379758,56457.95,46295519.0,28228975.0,2104341.77,46295.52,28228.98,2.1
2021-01-21,Khavda Renewable Energy Park,9704.655943861822,56287.0,46155340.0,28143500.0,2097970.0,46155.34,28143.5,2.1
2021-01-22,Khavda Renewable Energy Park,9229.355771913288,53530.26,43894813.2,26765130.0,1995218.78,43894.81,26765.13,2.0
2021-01-23,Khavda Renewable Energy Park,6088.141949922092,35311.22,28955200.4,17655610.0,1316145.47,28955.2,17655.61,1.32
2021-01-24,Khavda Renewable Energy Park,10329.76063277292,59912.61,49128340.2,29956305.0,2233106.37,49128.34,29956.3,2.23
2021-01-25,Khavda Renewable Energy Park,10437.416448615764,60537.02,49640356.4,30268510.0,2256379.84,49640.36,30268.51,2.26
2021-01-26,Khavda Renewable Energy Park,10233.71565444002,59355.55,48671551.0,29677775.0,2212343.23,48671.55,29677.78,2.21
2021-01-27,Khavda Renewable Energy Park,10962.813009703925,63584.32,52139142.4,31792160.0,2369961.02,52139.14,31792.16,2.37
2021-01-28,Khavda Renewable Energy Park,11344.020848742291,65795.32,53952162.4,32897660.0,2452371.02,53952.16,32897.66,2.45
2021-01-29,Khavda Renewable Energy Park,11472.830437665509,66542.42,54564784.4,33271210.0,2480217.47,54564.78,33271.21,2.48
2021-01-30,Khavda Renewable Energy Park,11151.231732150172,64677.14,53035254.8,32338570.0,2410693.4,53035.25,32338.57,2.41
2021-01-31,Khavda Renewable Energy Park,10257.242079665137,59492.0,48783440.0,29746000.0,2217429.09,48783.44,29746.0,2.22
2021-02-01,Khavda Renewable Energy Park,8278.22214943668,48013.69,39371225.8,24006845.0,1789601.17,39371.23,24006.84,1.79
2021-02-02,Khavda Renewable Energy Park,8216.455575870208,47655.44,39077460.8,23827720.0,1776248.22,39077.46,23827.72,1.78
2021-02-03,Khavda Renewable Energy Park,9010.744328635928,52262.32,42855102.4,26131160.0,1947959.2,42855.1,26131.16,1.95
2021-02-04,Khavda Renewable Energy Park,9317.441442615707,54041.16,44313751.2,27020580.0,2014261.42,44313.75,27020.58,2.01
2021-02-05,Khavda Renewable Energy Park,11277.76767326764,65411.05,53637061.0,32705525.0,2438048.23,53637.06,32705.52,2.44
2021-02-06,Khavda Renewable Energy Park,11719.81400382875,67974.92,55739434.4,33987460.0,2533610.65,55739.43,33987.46,2.53
2021-02-07,Khavda Renewable Energy Park,11236.454003769815,65171.43,53440572.6,32585715.0,2429116.94,53440.57,32585.72,2.43
2021-02-08,Khavda Renewable Energy Park,11245.71345590372,65225.14,53484614.8,32612570.0,2431118.85,53484.61,32612.57,2.43
2021-02-09,Khavda Renewable Energy Park,3067.199252779896,17789.76,14587603.2,8894880.0,663072.87,14587.6,8894.88,0.66
2021-02-10,Khavda Renewable Energy Park,1855.3094691540043,10760.79,8823847.8,5380395.0,401083.99,8823.85,5380.4,0.4
2021-02-11,Khavda Renewable Energy Park,6730.083617041049,39034.48,32008273.6,19517240.0,1454921.53,32008.27,19517.24,1.45
2021-02-12,Khavda Renewable Energy Park,10590.600758549876,61425.48,50368893.6,30712740.0,2289495.16,50368.89,30712.74,2.29
2021-02-13,Khavda Renewable Energy Park,10903.421342149528,63239.84,51856668.8,31619920.0,2357121.31,51856.67,31619.92,2.36
2021-02-14,Khavda Renewable Energy Park,11048.525642482278,64081.45,52546789.0,32040725.0,2388490.41,52546.79,32040.72,2.39
2021-02-15,Khavda Renewable Energy Park,7384.299736138239,42828.94,35119730.8,21414470.0,1596351.4,35119.73,21414.47,1.6
2021-02-16,Khavda Renewable Energy Park,8700.310521096855,50461.8,41378676.0,25230900.0,1880848.91,41378.68,25230.9,1.88
2021-02-17,Khavda Renewable Energy Park,10577.758134833268,61351.0,50307820.0,30675500.0,2286719.09,50307.82,30675.5,2.29
2021-02-18,Khavda Renewable Energy Park,11870.616297574496,68849.57,56456647.4,34424785.0,2566211.25,56456.65,34424.79,2.57
2021-02-19,Khavda Renewable Energy Park,12208.639682117551,70810.11,58064290.2,35405055.0,2639285.92,58064.29,35405.06,2.64
2021-02-20,Khavda Renewable Energy Park,11912.973331128764,69095.25,56658105.0,34547625.0,2575368.41,56658.1,34547.62,2.58
2021-02-21,Khavda Renewable Energy Park,12414.99737100689,72006.98,59045723.6,36003490.0,2683896.53,59045.72,36003.49,2.68
2021-02-22,Khavda Renewable Energy Park,11895.572150762113,68994.32,56575342.4,34497160.0,2571606.47,56575.34,34497.16,2.57
2021-02-23,Khavda Renewable Energy Park,12692.93009703196,73618.99,60367571.8,36809495.0,2743980.54,60367.57,36809.5,2.74
2021-02-24,Khavda Renewable Energy Park,12595.85712250722,73055.97,59905895.4,36527985.0,2722995.25,59905.9,36527.98,2.72
2021-02-25,Khavda Renewable Energy Park,12266.27880780145,71144.42,58338424.4,35572210.0,2651746.56,58338.42,35572.21,2.65
2021-02-26,Khavda Renewable Energy Park,12184.147458615204,70668.06,57947809.2,35334030.0,2633991.33,57947.81,35334.03,2.63
2021-02-27,Khavda Renewable Energy Park,8980.19619825729,52085.14,42709814.8,26042570.0,1941355.22,42709.81,26042.57,1.94
2021-02-28,Khavda Renewable Energy Park,11884.846843550884,68932.11,56524330.2,34466055.0,2569287.74,56524.33,34466.06,2.57
2021-03-01,Khavda Renewable Energy Park,12338.470587953076,71563.13,58681766.6,35781565.0,2667353.03,58681.77,35781.56,2.67
2021-03-02,Khavda Renewable Energy Park,12717.203079406543,73759.78,60483019.6,36879890.0,2749228.16,60483.02,36879.89,2.75
2021-03-03,Khavda Renewable Energy Park,13253.075947159012,76867.84,63031628.8,38433920.0,2865074.04,63031.63,38433.92,2.87
2021-03-04,Khavda Renewable Energy Park,11523.798453274332,66838.03,54807184.6,33419015.0,2491235.66,54807.18,33419.02,2.49
2021-03-05,Khavda Renewable Energy Park,12136.553618274736,70392.01,57721448.2,35196005.0,2623702.19,57721.45,35196.0,2.62
2021-03-06,Khavda Renewable Energy Park,11909.347326807409,69074.21,56640852.2,34537105.0,2574584.19,56640.85,34537.11,2.57
2021-03-07,Khavda Renewable Energy Park,12494.032842143104,72465.39,59421619.8,36232695.0,2700982.72,59421.62,36232.7,2.7
2021-03-08,Khavda Renewable Energy Park,11576.700921910067,67144.87,55058793.4,33572435.0,2502672.43,55058.79,33572.44,2.5
2021-03-09,Khavda Renewable Energy Park,9469.245263739822,54921.62,45035728.4,27460810.0,2047078.56,45035.73,27460.81,2.05
2021-03-10,Khavda Renewable Energy Park,11163.67676425936,64749.33,53094450.6,32374665.0,2413384.12,53094.45,32374.66,2.41
2021-03-11,Khavda Renewable Energy Park,13066.719397045974,75786.97,62145315.4,37893485.0,2824787.06,62145.32,37893.48,2.82
2021-03-12,Khavda Renewable Energy Park,12008.473899332072,69649.15,57112303.0,34824575.0,2596013.77,57112.3,34824.57,2.6
2021-03-13,Khavda Renewable Energy Park,11427.733434555726,66280.85,54350297.0,33140425.0,2470468.05,54350.3,33140.43,2.47
2021-03-14,Khavda Renewable Energy Park,9123.184068461363,52914.47,43389865.4,26457235.0,1972266.61,43389.87,26457.24,1.97
2021-03-15,Khavda Renewable Energy Park,12510.216190254598,72559.25,59498585.0,36279625.0,2704481.14,59498.58,36279.62,2.7
2021-03-16,Khavda Renewable Energy Park,10320.359904047124,59858.09,49083633.8,29929045.0,2231074.26,49083.63,29929.04,2.23
2021-03-17,Khavda Renewable Energy Park,9551.644772853628,55399.54,45427622.8,27699770.0,2064891.95,45427.62,27699.77,2.06
2021-03-18,Khavda Renewable Energy Park,10975.11325383822,63655.66,52197641.2,31827830.0,2372620.05,52197.64,31827.83,2.37
2021-03-19,Khavda Renewable Energy Park,12337.768071961507,71559.05,58678421.0,35779525.0,2667200.95,58678.42,35779.52,2.67
2021-03-20,Khavda Renewable Energy Park,12318.891120095595,71449.57,58588647.4,35724785.0,2663120.34,58588.65,35724.79,2.66
2021-03-21,Khavda Renewable Energy Park,12165.89643851567,70562.2,57861004.0,35281100.0,2630045.64,57861.0,35281.1,2.63
2021-03-22,Khavda Renewable Energy Park,12145.61197665391,70444.55,57764531.0,35222275.0,2625660.5,57764.53,35222.28,2.63
2021-03-23,Khavda Renewable Energy Park,11767.000348870351,68248.6,55963852.0,34124300.0,2543811.45,55963.85,34124.3,2.54
2021-03-24,Khavda Renewable Energy Park,13099.670438140603,75978.09,62302033.8,37989045.0,2831910.63,62302.03,37989.04,2.83
2021-03-25,Khavda Renewable Energy Park,11786.486477079105,68361.62,56056528.4,34180810.0,2548024.02,56056.53,34180.81,2.55
2021-03-26,Khavda Renewable Energy Park,13582.4106542585,78777.98,64597943.6,39388990.0,2936270.16,64597.94,39388.99,2.94
2021-03-27,Khavda Renewable Energy Park,13885.903534062734,80538.24,66041356.8,40269120.0,3001879.85,66041.36,40269.12,3.0
2021-03-28,Khavda Renewable Energy Park,10238.456187918884,59383.05,48694101.0,29691525.0,2213368.23,48694.1,29691.52,2.21
2021-03-29,Khavda Renewable Energy Park,13156.394847159345,76307.09,62571813.8,38153545.0,2844173.35,62571.81,38153.54,2.84
2021-03-30,Khavda Renewable Energy Park,12259.934724162937,71107.62,58308248.4,35553810.0,2650374.93,58308.25,35553.81,2.65
2021-03-31,Khavda Renewable Energy Park,13403.877030121776,77742.49,63748841.8,38871245.0,2897674.63,63748.84,38871.25,2.9
2021-04-01,Khavda Renewable Energy Park,13364.77552860199,77515.7,63562874.0,38757850.0,2889221.55,63562.87,38757.85,2.89
2021-04-02,Khavda Renewable Energy Park,12806.711340753249,74278.93,60908722.6,37139465.0,2768578.3,60908.72,37139.46,2.77
2021-04-03,Khavda Renewable Energy Park,13232.554095518512,76748.81,62934024.2,38374405.0,2860637.46,62934.02,38374.4,2.86
2021-04-04,Khavda Renewable Energy Park,13063.293571565451,75767.1,62129022.0,37883550.0,2824046.45,62129.02,37883.55,2.82
2021-04-05,Khavda Renewable Energy Park,13322.638303630829,77271.3,63362466.0,38635650.0,2880112.09,63362.47,38635.65,2.88
2021-04-06,Khavda Renewable Energy Park,12821.950600203589,74367.31,60981194.2,37183655.0,2771872.46,60981.19,37183.66,2.77
2021-04-07,Khavda Renewable Energy Park,12352.90415638682,71646.84,58750408.8,35823420.0,2670473.13,58750.41,35823.42,2.67
2021-04-08,Khavda Renewable Energy Park,11563.22340336853,67066.7,54994694.0,33533350.0,2499758.82,54994.69,33533.35,2.5
2021-04-09,Khavda Renewable Energy Park,12086.334195454852,70100.74,57482606.8,35050370.0,2612845.76,57482.61,35050.37,2.61
2021-04-10,Khavda Renewable Energy Park,13370.720836241891,77550.18,63591147.6,38775090.0,2890506.71,63591.15,38775.09,2.89
2021-04-11,Khavda Renewable Energy Park,13559.610244278068,78645.74,64489506.8,39322870.0,2931341.22,64489.51,39322.87,2.93
2021-04-12,Khavda Renewable Energy Park,14106.247974763606,81816.24,67089316.8,40908120.0,3049514.4,67089.32,40908.12,3.05
2021-04-13,Khavda Renewable Energy Park,14055.366762248104,81521.13,66847326.6,40760565.0,3038514.85,66847.33,40760.56,3.04
2021-04-14,Khavda Renewable Energy Park,12659.068629329602,73422.6,60206532.0,36711300.0,2736660.55,60206.53,36711.3,2.74
2021-04-15,Khavda Renewable Energy Park,11976.905039521233,69466.05,56962161.0,34733025.0,2589189.14,56962.16,34733.02,2.59
2021-04-16,Khavda Renewable Energy Park,12722.78988687018,73792.18,60509587.6,36896090.0,2750435.8,60509.59,36896.09,2.75
2021-04-17,Khavda Renewable Energy Park,10739.535305132033,62289.3,51077226.0,31144650.0,2321692.09,51077.23,31144.65,2.32
2021-04-18,Khavda Renewable Energy Park,12767.322111703934,74050.47,60721385.4,37025235.0,2760062.97,60721.39,37025.24,2.76
2021-04-19,Khavda Renewable Energy Park,7505.63836718274,43532.7,35696814.0,21766350.0,1622582.45,35696.81,21766.35,1.62
2021-04-20,Khavda Renewable Energy Park,8232.12898628442,47746.35,39152007.0,23873175.0,1779636.68,39152.01,23873.18,1.78
2021-04-21,Khavda Renewable Energy Park,13075.079828126827,75835.46,62185077.2,37917730.0,2826594.42,62185.08,37917.73,2.83
2021-04-22,Khavda Renewable Energy Park,12470.173919163604,72327.01,59308148.2,36163505.0,2695824.92,59308.15,36163.5,2.7
2021-04-23,Khavda Renewable Energy Park,12951.264981148688,75117.34,61596218.8,37558670.0,2799828.13,61596.22,37558.67,2.8
2021-04-24,Khavda Renewable Energy Park,9062.175415509952,52560.62,43099708.4,26280310.0,1959077.65,43099.71,26280.31,1.96
2021-04-25,Khavda Renewable Energy Park,11949.01502298262,69304.29,56829517.8,34652145.0,2583159.9,56829.52,34652.14,2.58
2021-04-26,Khavda Renewable Energy Park,11983.891575661642,69506.57,56995387.4,34753285.0,2590699.43,56995.39,34753.29,2.59
2021-04-27,Khavda Renewable Energy Park,13459.92049209206,78067.54,64015382.8,39033770.0,2909790.13,64015.38,39033.77,2.91
2021-04-28,Khavda Renewable Energy Park,13805.19882295936,80070.15,65657523.0,40035075.0,2984432.86,65657.52,40035.07,2.98
2021-04-29,Khavda Renewable Energy Park,9873.9179826554,57268.72,46960350.4,28634360.0,2134561.38,46960.35,28634.36,2.13
2021-04-30,Khavda Renewable Energy Park,9527.49963960765,55259.5,45312790.0,27629750.0,2059672.27,45312.79,27629.75,2.06
2021-05-01,Khavda Renewable Energy Park,3474.9360481247186,20154.63,16526796.6,10077315.0,751218.03,16526.8,10077.32,0.75
2021-05-02,Khavda Renewable Energy Park,10825.738316555213,62789.28,51487209.6,31394640.0,2340327.71,51487.21,31394.64,2.34
2021-05-03,Khavda Renewable Energy Park,11684.74677348139,67771.53,55572654.6,33885765.0,2526029.75,55572.65,33885.76,2.53
2021-05-04,Khavda Renewable Energy Park,10494.301811046982,60866.95,49910899.0,30433475.0,2268677.23,49910.9,30433.48,2.27
2021-05-05,Khavda Renewable Energy Park,13576.797368395026,78745.42,64571244.4,39372710.0,2935056.56,64571.24,39372.71,2.94
2021-05-06,Khavda Renewable Energy Park,13190.222132938396,76503.29,62732697.8,38251645.0,2851486.26,62732.7,38251.64,2.85
2021-05-07,Khavda Renewable Energy Park,12003.939581973553,69622.85,57090737.0,34811425.0,2595033.5,57090.74,34811.43,2.6
2021-05-08,Khavda Renewable Energy Park,10154.097088531556,58893.76,48292883.2,29446880.0,2195131.05,48292.88,29446.88,2.2
2021-05-09,Khavda Renewable Energy Park,7304.966729604149,42368.81,34742424.2,21184405.0,1579201.1,34742.42,21184.4,1.58
2021-05-10,Khavda Renewable Energy Park,12499.67093479421,72498.09,59448433.8,36249045.0,2702201.54,59448.43,36249.04,2.7
2021-05-11,Khavda Renewable Energy Park,12611.39178748278,73146.07,59979777.4,36573035.0,2726353.52,59979.78,36573.04,2.73
2021-05-12,Khavda Renewable Energy Park,12508.129625539665,72547.15,59488663.0,36273575.0,2704030.14,59488.66,36273.57,2.7
2021-05-13,Khavda Renewable Energy Park,13056.254156749968,75726.27,62095541.4,37863135.0,2822524.61,62095.54,37863.14,2.82
2021-05-14,Khavda Renewable Energy Park,12241.694161391812,71001.83,58221500.6,35500915.0,2646431.85,58221.5,35500.92,2.65
2021-05-15,Khavda Renewable Energy Park,10549.12950307454,61184.95,50171659.0,30592475.0,2280529.95,50171.66,30592.48,2.28
2021-05-16,Khavda Renewable Energy Park,5223.276923364113,30295.01,24841908.2,15147505.0,1129177.65,24841.91,15147.5,1.13
2021-05-17,Khavda Renewable Energy Park,1417.564985446668,8221.88,6741941.6,4110940.0,306451.89,6741.94,4110.94,0.31
2021-05-18,Khavda Renewable Energy Park,314.6110570451238,1824.74,1496286.8,912370.0,68013.04,1496.29,912.37,0.07
2021-05-19,Khavda Renewable Energy Park,1628.2884538973274,9444.07,7744137.4,4722035.0,352006.25,7744.14,4722.04,0.35
2021-05-20,Khavda Renewable Energy Park,10683.160341534069,61962.33,50809110.6,30981165.0,2309505.03,50809.11,30981.16,2.31
2021-05-21,Khavda Renewable Energy Park,11180.30836158949,64845.79,53173547.8,32422895.0,2416979.45,53173.55,32422.9,2.42
2021-05-22,Khavda Renewable Energy Park,10927.15127200746,63377.48,51969533.6,31688740.0,2362251.53,51969.53,31688.74,2.36
2021-05-23,Khavda Renewable Energy Park,11104.318370432136,64405.05,52812141.0,32202525.0,2400551.86,52812.14,32202.52,2.4
2021-05-24,Khavda Renewable Energy Park,12971.976156205235,75237.46,61694717.2,37618730.0,2804305.33,61694.72,37618.73,2.8
2021-05-25,Khavda Renewable Energy Park,10660.479157921,61830.78,50701239.6,30915390.0,2304601.8,50701.24,30915.39,2.3
2021-05-26,Khavda Renewable Energy Park,10488.908675654347,60835.67,49885249.4,30417835.0,2267511.34,49885.25,30417.84,2.27
2021-05-27,Khavda Renewable Energy Park,10346.884872068094,60011.93,49209782.6,30005965.0,2236808.3,49209.78,30005.96,2.24
2021-05-28,Khavda Renewable Energy Park,12315.887249444047,71432.15,58574363.0,35716075.0,2662471.05,58574.36,35716.07,2.66
2021-05-29,Khavda Renewable Energy Park,10563.046069554792,61265.67,50237849.4,30632835.0,2283538.61,50237.85,30632.84,2.28
2021-05-30,Khavda Renewable Energy Park,7718.672186027164,44768.3,36710006.0,22384150.0,1668636.64,36710.01,22384.15,1.67
2021-05-31,Khavda Renewable Energy Park,12313.556779632843,71418.63,58563276.6,35709315.0,2661967.12,58563.28,35709.32,2.66
2021-06-01,Khavda Renewable Energy Park,10456.086251056082,60645.3,49729146.0,30322650.0,2260415.73,49729.15,30322.65,2.26
2021-06-02,Khavda Renewable Energy Park,12183.092852939288,70661.94,57942790.8,35330970.0,2633763.22,57942.79,35330.97,2.63
2021-06-03,Khavda Renewable Energy Park,9879.817694848758,57302.94,46988410.8,28651470.0,2135836.85,46988.41,28651.47,2.14
2021-06-04,Khavda Renewable Energy Park,9239.302792272876,53587.96,43942127.2,26793980.0,1997369.42,43942.13,26793.98,2.0
2021-06-05,Khavda Renewable Energy Park,12403.6971361948,71941.44,58991980.8,35970720.0,2681453.67,58991.98,35970.72,2.68
2021-06-06,Khavda Renewable Energy Park,12869.84573756443,74645.11,61208990.2,37322555.0,2782226.83,61208.99,37322.56,2.78
2021-06-07,Khavda Renewable Energy Park,13083.113339047415,75882.06,62223289.2,37941030.0,2828331.33,62223.29,37941.03,2.83
2021-06-08,Khavda Renewable Energy Park,9977.381731689758,57868.81,47452424.2,28934405.0,2156928.37,47452.42,28934.4,2.16
2021-06-09,Khavda Renewable Energy Park,9144.734160667833,53039.46,43492357.2,26519730.0,1976925.33,43492.36,26519.73,1.98
2021-06-10,Khavda Renewable Energy Park,11380.693453032183,66008.02,54126576.4,33004010.0,2460298.93,54126.58,33004.01,2.46
2021-06-11,Khavda Renewable Energy Park,9967.975881244178,57814.26,47407693.2,28907130.0,2154895.15,47407.69,28907.13,2.15
2021-06-12,Khavda Renewable Energy Park,7402.127450167866,42932.34,35204518.8,21466170.0,1600205.4,35204.52,21466.17,1.6
2021-06-13,Khavda Renewable Energy Park,7195.795585617784,41735.61,34223200.2,20867805.0,1555600.01,34223.2,20867.8,1.56
2021-06-14,Khavda Renewable Energy Park,5846.2346918265885,33908.16,27804691.2,16954080.0,1263849.6,27804.69,16954.08,1.26
2021-06-15,Khavda Renewable Energy Park,6328.354383129775,36704.46,30097657.2,18352230.0,1368075.33,30097.66,18352.23,1.37
2021-06-16,Khavda Renewable Energy Park,4902.182312983406,28432.66,23314781.2,14216330.0,1059762.78,23314.78,14216.33,1.06
2021-06-17,Khavda Renewable Energy Park,10400.916118658644,60325.31,49466754.2,30162655.0,2248488.83,49466.75,30162.66,2.25
2021-06-18,Khavda Renewable Energy Park,7494.331840468485,43467.12,35643038.4,21733560.0,1620138.11,35643.04,21733.56,1.62
2021-06-19,Khavda Renewable Energy Park,2264.2564491277967,13132.69,10768805.8,6566345.0,489491.17,10768.81,6566.34,0.49
2021-06-20,Khavda Renewable Energy Park,2354.6202232493497,13656.8,11198576.0,6828400.0,509026.18,11198.58,6828.4,0.51
2021-06-21,Khavda Renewable Energy Park,6286.372450296636,36460.96,29897987.2,18230480.0,1358999.42,29897.99,18230.48,1.36
2021-06-22,Khavda Renewable Energy Park,8536.82652840593,49513.59,40601143.8,24756795.0,1845506.54,40601.14,24756.8,1.85
2021-06-23,Khavda Renewable Energy Park,10944.818631867794,63479.95,52053559.0,31739975.0,2366070.86,52053.56,31739.98,2.37
2021-06-24,Khavda Renewable Energy Park,5252.738573368146,30465.88,24982021.6,15232940.0,1135546.44,24982.02,15232.94,1.14
2021-06-25,Khavda Renewable Energy Park,7077.287708797026,41048.27,33659581.4,20524135.0,1529980.97,33659.58,20524.13,1.53
2021-06-26,Khavda Renewable Energy Park,5544.481021850663,32157.99,26369551.8,16078995.0,1198615.99,26369.55,16079.0,1.2
2021-06-27,Khavda Renewable Energy Park,11491.802585209858,66652.45,54655009.0,33326225.0,2484318.59,54655.01,33326.22,2.48
2021-06-28,Khavda Renewable Energy Park,7660.714036944398,44432.14,36434354.8,22216070.0,1656107.04,36434.35,22216.07,1.66
2021-06-29,Khavda Renewable Energy Park,8771.316695887263,50873.64,41716384.8,25436820.0,1896199.31,41716.38,25436.82,1.9
2021-06-30,Khavda Renewable Energy Park,6024.191713866154,34940.31,28651054.2,17470155.0,1302320.65,28651.05,17470.16,1.3
2021-07-01,Khavda Renewable Energy Park,5482.45338165099,31798.23,26074548.6,15899115.0,1185206.75,26074.55,15899.12,1.19
2021-07-02,Khavda Renewable Energy Park,6242.510689478328,36206.56,29689379.2,18103280.0,1349517.24,29689.38,18103.28,1.35
2021-07-03,Khavda Renewable Energy Park,5450.154812518823,31610.9,25920938.0,15805450.0,1178224.45,25920.94,15805.45,1.18
2021-07-04,Khavda Renewable Energy Park,6326.807087485406,36695.48,30090293.6,18347740.0,1367740.62,30090.29,18347.74,1.37
2021-07-05,Khavda Renewable Energy Park,8295.823563483404,48115.78,39454939.6,24057890.0,1793406.35,39454.94,24057.89,1.79
2021-07-06,Khavda Renewable Energy Park,6146.809336876181,35651.49,29234221.8,17825745.0,1328828.26,29234.22,17825.74,1.33
2021-07-07,Khavda Renewable Energy Park,7836.490378638278,45451.64,37270344.8,22725820.0,1694106.58,37270.34,22725.82,1.69
2021-07-08,Khavda Renewable Energy Park,1760.1555503375378,10208.9,8371298.0,5104450.0,380513.55,8371.3,5104.45,0.38
2021-07-09,Khavda Renewable Energy Park,2884.1286826731066,16727.95,13716919.0,8363975.0,623496.32,13716.92,8363.98,0.62
2021-07-10,Khavda Renewable Energy Park,6134.921562516693,35582.55,29177691.0,17791275.0,1326258.68,29177.69,17791.28,1.33
2021-07-11,Khavda Renewable Energy Park,654.2839312957029,3794.85,3111777.0,1897425.0,141444.41,3111.78,1897.42,0.14
2021-07-12,Khavda Renewable Energy Park,62.09653431573073,360.16,295331.2,180080.0,13424.15,295.33,180.08,0.01
2021-07-13,Khavda Renewable Energy Park,834.1933847328431,4838.32,3967422.4,2419160.0,180337.38,3967.42,2419.16,0.18
2021-07-14,Khavda Renewable Energy Park,2982.098261103239,17296.17,14182859.4,8648085.0,644675.43,14182.86,8648.08,0.64
2021-07-15,Khavda Renewable Energy Park,1498.7357989963975,8692.67,7127989.4,4346335.0,323999.52,7127.99,4346.34,0.32
2021-07-16,Khavda Renewable Energy Park,4652.403481286266,26983.94,22126830.8,13491970.0,1005765.04,22126.83,13491.97,1.01
2021-07-17,Khavda Renewable Energy Park,5341.034207408138,30978.0,25401960.0,15489000.0,1154634.55,25401.96,15489.0,1.15
2021-07-18,Khavda Renewable Energy Park,1460.259776100021,8469.51,6944998.2,4234755.0,315681.74,6945.0,4234.76,0.32
2021-07-19,Khavda Renewable Energy Park,867.8738609197167,5033.67,4127609.4,2516835.0,187618.61,4127.61,2516.84,0.19
2021-07-20,Khavda Renewable Energy Park,1996.631270121785,11580.46,9495977.2,5790230.0,431635.33,9495.98,5790.23,0.43
2021-07-21,Khavda Renewable Energy Park,4230.731285097282,24538.24,20121356.8,12269120.0,914607.13,20121.36,12269.12,0.91
2021-07-22,Khavda Renewable Energy Park,3682.4078449635167,21357.97,17513535.4,10678985.0,796069.79,17513.54,10678.98,0.8
2021-07-23,Khavda Renewable Energy Park,1596.035971626154,9257.01,7590748.2,4628505.0,345034.01,7590.75,4628.5,0.35
2021-07-24,Khavda Renewable Energy Park,17.791258680825962,103.19,84615.8,51595.0,3846.17,84.62,51.6,0.0
2021-07-25,Khavda Renewable Energy Park,96.15282031311642,557.69,457305.8,278845.0,20786.63,457.31,278.85,0.02
2021-07-26,Khavda Renewable Energy Park,255.47084561657013,1481.73,1215018.6,740865.0,55228.12,1215.02,740.86,0.06
2021-07-27,Khavda Renewable Energy Park,19.314071978287576,112.02,91856.4,56010.0,4175.29,91.86,56.01,0.0
2021-07-28,Khavda Renewable Energy Park,98.19833158949848,569.55,467031.0,284775.0,21228.68,467.03,284.77,0.02
2021-07-29,Khavda Renewable Energy Park,565.3608558643622,3279.09,2688853.8,1639545.0,122220.63,2688.85,1639.54,0.12
2021-07-30,Khavda Renewable Energy Park,1632.2650233120069,9467.14,7763054.8,4733570.0,352866.13,7763.05,4733.57,0.35
2021-07-31,Khavda Renewable Energy Park,439.4089510546795,2548.57,2089827.4,1274285.0,94992.15,2089.83,1274.29,0.09
2021-08-01,Khavda Renewable Energy Park,199.6525542801112,1157.98,949543.6,578990.0,43161.07,949.54,578.99,0.04
2021-08-02,Khavda Renewable Energy Park,1245.045573616567,7221.26,5921433.2,3610630.0,269156.05,5921.43,3610.63,0.27
2021-08-03,Khavda Renewable Energy Park,91.30289270078536,529.56,434239.2,264780.0,19738.15,434.24,264.78,0.02
2021-08-04,Khavda Renewable Energy Park,1704.292386302742,9884.9,8105618.0,4942450.0,368437.18,8105.62,4942.45,0.37
2021-08-05,Khavda Renewable Energy Park,2072.554095864553,12020.81,9857064.2,6010405.0,448048.37,9857.06,6010.4,0.45
2021-08-06,Khavda Renewable Energy Park,551.3169431267721,3197.64,2622064.8,1598820.0,119184.76,2622.06,1598.82,0.12
2021-08-07,Khavda Renewable Energy Park,6639.305051795531,38507.97,31576535.4,19253985.0,1435297.06,31576.54,19253.98,1.44
2021-08-08,Khavda Renewable Energy Park,8149.869001804835,47269.24,38760776.8,23634620.0,1761853.49,38760.78,23634.62,1.76
2021-08-09,Khavda Renewable Energy Park,5363.858958830401,31110.38,25510511.6,15555190.0,1159568.71,25510.51,15555.19,1.16
2021-08-10,Khavda Renewable Energy Park,3518.279159419673,20406.02,16732936.4,10203010.0,760588.02,16732.94,10203.01,0.76
2021-08-11,Khavda Renewable Energy Park,3941.440177592591,22860.35,18745487.0,11430175.0,852067.59,18745.49,11430.18,0.85
2021-08-12,Khavda Renewable Energy Park,1925.843846067652,11169.89,9159309.8,5584945.0,416332.26,9159.31,5584.94,0.42
2021-08-13,Khavda Renewable Energy Park,2509.4418724982474,14554.76,11934903.2,7277380.0,542495.6,11934.9,7277.38,0.54
2021-08-14,Khavda Renewable Energy Park,3490.4159642133386,20244.41,16600416.2,10122205.0,754564.37,16600.42,10122.2,0.75
2021-08-15,Khavda Renewable Energy Park,3787.655092990175,21968.4,18014088.0,10984200.0,818822.18,18014.09,10984.2,0.82
2021-08-16,Khavda Renewable Energy Park,5791.784029431105,33592.35,27545727.0,16796175.0,1252078.5,27545.73,16796.18,1.25
2021-08-17,Khavda Renewable Energy Park,7933.767203603189,46015.85,37732997.0,23007925.0,1715136.23,37733.0,23007.92,1.72
2021-08-18,Khavda Renewable Energy Park,7935.55480561767,46026.22,37741500.4,23013110.0,1715522.75,37741.5,23013.11,1.72
2021-08-19,Khavda Renewable Energy Park,9766.5131963581,56645.78,46449539.6,28322890.0,2111342.71,46449.54,28322.89,2.11
2021-08-20,Khavda Renewable Energy Park,5275.032755920568,30595.19,25088055.8,15297595.0,1140366.17,25088.06,15297.6,1.14
2021-08-21,Khavda Renewable Energy Park,2457.0933166484087,14251.14,11685934.8,7125570.0,531178.85,11685.93,7125.57,0.53
2021-08-22,Khavda Renewable Energy Park,1132.4846898928308,6568.41,5386096.2,3284205.0,244822.55,5386.1,3284.2,0.24
2021-08-23,Khavda Renewable Energy Park,7363.9189224191505,42710.73,35022798.6,21355365.0,1591945.39,35022.8,21355.36,1.59
2021-08-24,Khavda Renewable Energy Park,3110.462795055181,18040.68,14793357.6,9020340.0,672425.35,14793.36,9020.34,0.67
2021-08-25,Khavda Renewable Energy Park,2718.366619320476,15766.53,12928554.6,7883265.0,587661.57,12928.55,7883.26,0.59
2021-08-26,Khavda Renewable Energy Park,1891.7878497676145,10972.37,8997343.4,5486185.0,408970.15,8997.34,5486.18,0.41
2021-08-27,Khavda Renewable Energy Park,2510.637468459437,14561.7,11940594.0,7280850.0,542754.27,11940.59,7280.85,0.54
2021-08-28,Khavda Renewable Energy Park,6979.984510268363,40483.91,33196806.2,20241955.0,1508945.74,33196.81,20241.96,1.51
2021-08-29,Khavda Renewable Energy Park,10194.584590375176,59128.59,48485443.8,29564295.0,2203883.81,48485.44,29564.3,2.2
2021-08-30,Khavda Renewable Energy Park,5868.993526254288,34040.16,27912931.2,17020080.0,1268769.6,27912.93,17020.08,1.27
2021-08-31,Khavda Renewable Energy Park,3156.2734948310163,18306.39,15011239.8,9153195.0,682329.08,15011.24,9153.2,0.68
2021-09-01,Khavda Renewable Energy Park,92.24480260269692,535.02,438716.4,267510.0,19941.65,438.72,267.51,0.02
2021-09-02,Khavda Renewable Energy Park,66.03823240222995,383.02,314076.4,191510.0,14276.2,314.08,191.51,0.01
2021-09-03,Khavda Renewable Energy Park,2606.4875640610244,15117.63,12396456.6,7558815.0,563475.3,12396.46,7558.82,0.56
2021-09-04,Khavda Renewable Energy Park,1519.7171622974165,8814.36,7227775.2,4407180.0,328535.24,7227.78,4407.18,0.33
2021-09-05,Khavda Renewable Energy Park,3064.2573639777497,17772.69,14573605.8,8886345.0,662436.63,14573.61,8886.34,0.66
2021-09-06,Khavda Renewable Energy Park,3334.028688192089,19337.37,15856643.4,9668685.0,720756.52,15856.64,9668.68,0.72
2021-09-07,Khavda Renewable Energy Park,1076.7661801842803,6245.24,5121096.8,3122620.0,232777.13,5121.1,3122.62,0.23
2021-09-08,Khavda Renewable Energy Park,220.876082504024,1281.08,1050485.6,640540.0,47749.35,1050.49,640.54,0.05
2021-09-09,Khavda Renewable Energy Park,58.16351559345485,337.35,276627.0,168675.0,12573.95,276.63,168.68,0.01
2021-09-10,Khavda Renewable Energy Park,124.30266840570673,720.96,591187.2,360480.0,26872.15,591.19,360.48,0.03
2021-09-11,Khavda Renewable Energy Park,443.16086762661735,2570.33,2107670.6,1285165.0,95803.21,2107.67,1285.16,0.1
2021-09-12,Khavda Renewable Energy Park,385.2143224940112,2234.24,1832076.8,1117120.0,83276.22,1832.08,1117.12,0.08
2021-09-13,Khavda Renewable Energy Park,148.84268239943788,863.29,707897.8,431645.0,32177.17,707.9,431.64,0.03
2021-09-14,Khavda Renewable Energy Park,539.9304183542604,3131.6,2567912.0,1565800.0,116723.27,2567.91,1565.8,0.12
2021-09-15,Khavda Renewable Energy Park,1856.80989984638,10769.5,8830990.0,5384750.0,401408.64,8830.99,5384.75,0.4
2021-09-16,Khavda Renewable Energy Park,9776.115102414484,56701.47,46495205.4,28350735.0,2113418.43,46495.21,28350.74,2.11
2021-09-17,Khavda Renewable Energy Park,9034.314115819618,52399.02,42967196.4,26199510.0,1953054.38,42967.2,26199.51,1.95
2021-09-18,Khavda Renewable Energy Park,3551.7802699939894,20600.33,16892270.6,10300165.0,767830.48,16892.27,10300.17,0.77
2021-09-19,Khavda Renewable Energy Park,1073.094097083581,6223.95,5103639.0,3111975.0,231983.59,5103.64,3111.98,0.23
2021-09-20,Khavda Renewable Energy Park,2732.2494964212165,15847.05,12994581.0,7923525.0,590662.77,12994.58,7923.52,0.59
2021-09-21,Khavda Renewable Energy Park,1939.000578517658,11246.2,9221884.0,5623100.0,419176.55,9221.88,5623.1,0.42
2021-09-22,Khavda Renewable Energy Park,5108.555475141755,29629.62,24296288.4,14814810.0,1104376.75,24296.29,14814.81,1.1
2021-09-23,Khavda Renewable Energy Park,1681.1838175089604,9750.87,7995713.4,4875435.0,363441.52,7995.71,4875.44,0.36
2021-09-24,Khavda Renewable Energy Park,1308.0335916062722,7586.59,6221003.8,3793295.0,282772.9,6221.0,3793.3,0.28
2021-09-25,Khavda Renewable Energy Park,4709.160615159083,27313.13,22396766.6,13656565.0,1018034.85,22396.77,13656.56,1.02
2021-09-26,Khavda Renewable Energy Park,7114.493060212358,41264.06,33836529.2,20632030.0,1538024.05,33836.53,20632.03,1.54
2021-09-27,Khavda Renewable Energy Park,3781.717369486374,21933.96,17985847.2,10966980.0,817538.51,17985.85,10966.98,0.82
2021-09-28,Khavda Renewable Energy Park,1499.750068922221,8698.55,7132811.0,4349275.0,324218.68,7132.81,4349.27,0.32
2021-09-29,Khavda Renewable Energy Park,533.515617761136,3094.39,2537399.8,1547195.0,115336.35,2537.4,1547.2,0.12
2021-09-30,Khavda Renewable Energy Park,38.7377012063921,224.68,184237.6,112340.0,8374.44,184.24,112.34,0.01
2021-10-01,Khavda Renewable Energy Park,1524.4813300927551,8841.99,7250431.8,4420995.0,329565.08,7250.43,4421.0,0.33
2021-10-02,Khavda Renewable Energy Park,6580.061391891605,38164.36,31294775.2,19082180.0,1422489.78,31294.78,19082.18,1.42
2021-10-03,Khavda Renewable Energy Park,6988.079010958438,40530.86,33235305.2,20265430.0,1510695.69,33235.31,20265.43,1.51
2021-10-04,Khavda Renewable Energy Park,6683.828007177543,38766.2,31788284.0,19383100.0,1444922.0,31788.28,19383.1,1.44
2021-10-05,Khavda Renewable Energy Park,8282.142406138528,48036.43,39389872.6,24018215.0,1790448.75,39389.87,24018.22,1.79
2021-10-06,Khavda Renewable Energy Park,9264.942534308886,53736.67,44064069.4,26868335.0,2002912.25,44064.07,26868.34,2.0
2021-10-07,Khavda Renewable Energy Park,6597.641432278832,38266.32,31378382.4,19133160.0,1426290.11,31378.38,19133.16,1.43
2021-10-08,Khavda Renewable Energy Park,11917.172214520937,69119.6,56678072.0,34559800.0,2576276.0,56678.07,34559.8,2.58
2021-10-09,Khavda Renewable Energy Park,11034.860497333482,64002.19,52481795.8,32001095.0,2385536.17,52481.8,32001.1,2.39
2021-10-10,Khavda Renewable Energy Park,11184.239160412886,64868.59,53192243.8,32434295.0,2417829.26,53192.24,32434.3,2.42
2021-10-11,Khavda Renewable Energy Park,11592.064365260214,67233.97,55131855.4,33616985.0,2505993.43,55131.86,33616.98,2.51
2021-10-12,Khavda Renewable Energy Park,11468.950388027051,66519.91,54546326.2,33259955.0,2479378.46,54546.33,33259.96,2.48
2021-10-13,Khavda Renewable Energy Park,11936.941139343038,69234.26,56772093.2,34617130.0,2580549.69,56772.09,34617.13,2.58
2021-10-14,Khavda Renewable Energy Park,12609.314043291406,73134.02,59969896.4,36567010.0,2725904.38,59969.9,36567.01,2.73
2021-10-15,Khavda Renewable Energy Park,11552.860897306373,67006.59,54945403.8,33503295.0,2497518.35,54945.4,33503.3,2.5
2021-10-16,Khavda Renewable Energy Park,12108.432782707489,70228.91,57587706.2,35114455.0,2617623.01,57587.71,35114.46,2.62
2021-10-17,Khavda Renewable Energy Park,12111.412532939396,70246.19,57601875.8,35123095.0,2618267.08,57601.88,35123.1,2.62
2021-10-18,Khavda Renewable Energy Park,11682.661482174117,67759.44,55562740.8,33879720.0,2525579.13,55562.74,33879.72,2.53
2021-10-19,Khavda Renewable Energy Park,11570.27437013721,67107.59,55028223.8,33553795.0,2501282.9,55028.22,33553.8,2.5
2021-10-20,Khavda Renewable Energy Park,11433.051807806729,66311.7,54375594.0,33155850.0,2471617.91,54375.59,33155.85,2.47
2021-10-21,Khavda Renewable Energy Park,9433.69698265339,54715.44,44866660.8,27357720.0,2039393.67,44866.66,27357.72,2.04
2021-10-22,Khavda Renewable Energy Park,8073.554274573543,46826.61,38397820.2,23413305.0,1745355.46,38397.82,23413.3,1.75
2021-10-23,Khavda Renewable Energy Park,8739.844208173472,50691.1,41566702.0,25345550.0,1889395.55,41566.7,25345.55,1.89
2021-10-24,Khavda Renewable Energy Park,10691.044165153557,62008.06,50846609.2,31004030.0,2311209.51,50846.61,31004.03,2.31
2021-10-25,Khavda Renewable Energy Park,11139.47265385479,64608.94,52979330.8,32304470.0,2408151.4,52979.33,32304.47,2.41
2021-10-26,Khavda Renewable Energy Park,10475.639643758885,60758.71,49822142.2,30379355.0,2264642.83,49822.14,30379.36,2.26
2021-10-27,Khavda Renewable Energy Park,10515.046787756728,60987.27,50009561.4,30493635.0,2273161.88,50009.56,30493.64,2.27
2021-10-28,Khavda Renewable Energy Park,10592.594160748986,61437.05,50378381.0,30718525.0,2289926.41,50378.38,30718.52,2.29
2021-10-29,Khavda Renewable Energy Park,10554.7183598822,61217.37,50198243.4,30608685.0,2281738.34,50198.24,30608.68,2.28
2021-10-30,Khavda Renewable Energy Park,7743.888009577063,44914.55,36829931.0,22457275.0,1674087.77,36829.93,22457.28,1.67
2021-10-31,Khavda Renewable Energy Park,8579.778684941373,49762.72,40805430.4,24881360.0,1854792.29,40805.43,24881.36,1.85
2021-11-01,Khavda Renewable Energy Park,11189.06851741208,64896.6,53215212.0,32448300.0,2418873.27,53215.21,32448.3,2.42
2021-11-02,Khavda Renewable Energy Park,10690.935271972785,62007.42,50846084.4,31003710.0,2311185.65,50846.08,31003.71,2.31
2021-11-03,Khavda Renewable Energy Park,9789.78474730775,56780.75,46560215.0,28390375.0,2116373.41,46560.22,28390.38,2.12
2021-11-04,Khavda Renewable Energy Park,9796.862175410091,56821.8,46593876.0,28410900.0,2117903.45,46593.88,28410.9,2.12
2021-11-05,Khavda Renewable Energy Park,3848.0208062634088,22318.52,18301186.4,11159260.0,831872.11,18301.19,11159.26,0.83
2021-11-06,Khavda Renewable Energy Park,1636.1693640362614,9489.78,7781619.6,4744890.0,353709.98,7781.62,4744.89,0.35
2021-11-07,Khavda Renewable Energy Park,10014.704068569996,58085.28,47629929.6,29042640.0,2164996.8,47629.93,29042.64,2.16
2021-11-08,Khavda Renewable Energy Park,5347.24437096354,31014.02,25431496.4,15507010.0,1155977.11,25431.5,15507.01,1.16
2021-11-09,Khavda Renewable Energy Park,4205.044605888762,24389.26,19999193.2,12194630.0,909054.24,19999.19,12194.63,0.91
2021-11-10,Khavda Renewable Energy Park,5651.247600636805,32777.24,26877336.8,16388620.0,1221697.13,26877.34,16388.62,1.22
2021-11-11,Khavda Renewable Energy Park,7627.981525988643,44242.29,36278677.8,22121145.0,1649030.81,36278.68,22121.14,1.65
2021-11-12,Khavda Renewable Energy Park,7994.658123580626,46369.02,38022596.4,23184510.0,1728299.84,38022.6,23184.51,1.73
2021-11-13,Khavda Renewable Energy Park,9885.29129685819,57334.69,47014445.8,28667345.0,2137020.26,47014.45,28667.34,2.14
2021-11-14,Khavda Renewable Energy Park,10025.582342658228,58148.38,47681671.6,29074190.0,2167348.71,47681.67,29074.19,2.17
2021-11-15,Khavda Renewable Energy Park,10094.29461829434,58546.91,48008466.2,29273455.0,2182203.01,48008.47,29273.46,2.18
2021-11-16,Khavda Renewable Energy Park,8750.750765548346,50754.35,41618567.0,25377175.0,1891753.05,41618.57,25377.18,1.89
2021-11-17,Khavda Renewable Energy Park,9621.808919025536,55806.49,45761321.8,27903245.0,2080060.08,45761.32,27903.24,2.08
2021-11-18,Khavda Renewable Energy Park,6350.067599431698,36830.39,30200919.8,18415195.0,1372769.08,30200.92,18415.2,1.37
2021-11-19,Khavda Renewable Energy Park,4480.568464113409,25987.3,21309586.0,12993650.0,968617.55,21309.59,12993.65,0.97
2021-11-20,Khavda Renewable Energy Park,5101.967172985745,29591.41,24264956.2,14795705.0,1102952.55,24264.96,14795.7,1.1
2021-11-21,Khavda Renewable Energy Park,6193.664079056323,35923.25,29457065.0,17961625.0,1338957.5,29457.06,17961.62,1.34
2021-11-22,Khavda Renewable Energy Park,8783.895771786063,50946.6,41776212.0,25473300.0,1898918.73,41776.21,25473.3,1.9
2021-11-23,Khavda Renewable Energy Park,10379.871259515903,60203.25,49366665.0,30101625.0,2243939.32,49366.66,30101.62,2.24
2021-11-24,Khavda Renewable Energy Park,8492.833437786418,49258.43,40391912.6,24629215.0,1835996.03,40391.91,24629.22,1.84
2021-11-25,Khavda Renewable Energy Park,5063.416783875975,29367.82,24081612.4,14683910.0,1094618.75,24081.61,14683.91,1.09
2021-11-26,Khavda Renewable Energy Park,7439.27051756469,43147.77,35381171.4,21573885.0,1608235.06,35381.17,21573.88,1.61
2021-11-27,Khavda Renewable Energy Park,8694.40749653963,50427.56,41350599.2,25213780.0,1879572.69,41350.6,25213.78,1.88
2021-11-28,Khavda Renewable Energy Park,8548.846361538286,49583.31,40658314.2,24791655.0,1848105.19,40658.31,24791.66,1.85
2021-11-29,Khavda Renewable Energy Park,2759.489617910718,16005.04,13124132.8,8002520.0,596551.49,13124.13,8002.52,0.6
2021-11-30,Khavda Renewable Energy Park,2065.937806760033,11982.44,9825600.8,5991220.0,446618.22,9825.6,5991.22,0.45
2021-12-01,Khavda Renewable Energy Park,1378.5766734654298,7995.74,6556506.8,3997870.0,298023.04,6556.51,3997.87,0.3
2021-12-02,Khavda Renewable Energy Park,8523.917537873709,49438.72,40539750.4,24719360.0,1842715.93,40539.75,24719.36,1.84
2021-12-03,Khavda Renewable Energy Park,8836.808810430004,51253.49,42027861.8,25626745.0,1910357.35,42027.86,25626.74,1.91
2021-12-04,Khavda Renewable Energy Park,8988.142012425733,52131.22,42747600.4,26065610.0,1943072.75,42747.6,26065.61,1.94
2021-12-05,Khavda Renewable Energy Park,9493.419935452084,55061.84,45150708.8,27530920.0,2052304.95,45150.71,27530.92,2.05
2021-12-06,Khavda Renewable Energy Park,9323.977560230833,54079.07,44344837.4,27039535.0,2015674.43,44344.84,27039.54,2.02
2021-12-07,Khavda Renewable Energy Park,9055.529164748645,52522.07,43068097.4,26261035.0,1957640.79,43068.1,26261.04,1.96
2021-12-08,Khavda Renewable Energy Park,9467.71702392003,54912.76,45028463.2,27456380.0,2046748.33,45028.46,27456.38,2.05
2021-12-09,Khavda Renewable Energy Park,9528.701182223813,55266.47,45318505.4,27633235.0,2059932.06,45318.51,27633.24,2.06
2021-12-10,Khavda Renewable Energy Park,9427.052009202724,54676.9,44835058.0,27338450.0,2037957.18,44835.06,27338.45,2.04
2021-12-11,Khavda Renewable Energy Park,8950.507467074593,51912.94,42568610.8,25956470.0,1934936.85,42568.61,25956.47,1.93
2021-12-12,Khavda Renewable Energy Park,7794.65731352311,45209.01,37071388.2,22604505.0,1685063.1,37071.39,22604.5,1.69
2021-12-13,Khavda Renewable Energy Park,8755.510814499426,50781.96,41641207.2,25390980.0,1892782.15,41641.21,25390.98,1.89
2021-12-14,Khavda Renewable Energy Park,9479.541380377368,54981.34,45084698.8,27490670.0,2049304.49,45084.7,27490.67,2.05
2021-12-15,Khavda Renewable Energy Park,9414.60695320215,54604.72,44775870.4,27302360.0,2035266.84,44775.87,27302.36,2.04
2021-12-16,Khavda Renewable Energy Park,9023.721999877076,52337.59,42916823.8,26168795.0,1950764.72,42916.82,26168.8,1.95
2021-12-17,Khavda Renewable Energy Park,8215.739620805534,47651.29,39074057.8,23825645.0,1776093.54,39074.06,23825.64,1.78
2021-12-18,Khavda Renewable Energy Park,9440.801152333355,54756.65,44900453.0,27378325.0,2040929.68,44900.45,27378.32,2.04
2021-12-19,Khavda Renewable Energy Park,6140.217358780546,35613.26,29202873.2,17806630.0,1327403.33,29202.87,17806.63,1.33
2021-12-20,Khavda Renewable Energy Park,6749.824036696963,39148.98,32102163.6,19574490.0,1459189.25,32102.16,19574.49,1.46
2021-12-21,Khavda Renewable Energy Park,8817.797033076153,51143.22,41937440.4,25571610.0,1906247.29,41937.44,25571.61,1.91
2021-12-22,Khavda Renewable Energy Park,7977.019578314417,46266.71,37938702.2,23133355.0,1724486.46,37938.7,23133.36,1.72
2021-12-23,Khavda Renewable Energy Park,6460.40222059474,37470.33,30725670.6,18735165.0,1396621.39,30725.67,18735.16,1.4
2021-12-24,Khavda Renewable Energy Park,7107.32389163683,41222.48,33802433.6,20611240.0,1536474.25,33802.43,20611.24,1.54
2021-12-25,Khavda Renewable Energy Park,8106.299493532982,47016.54,38553562.8,23508270.0,1752434.67,38553.56,23508.27,1.75
2021-12-26,Khavda Renewable Energy Park,1612.1512357975205,9350.48,7667393.6,4675240.0,348517.89,7667.39,4675.24,0.35
2021-12-27,Khavda Renewable Energy Park,1335.597611148423,7746.47,6352105.4,3873235.0,288732.06,6352.11,3873.24,0.29
2021-12-28,Khavda Renewable Energy Park,5554.692848206134,32217.22,26418120.4,16108610.0,1200823.65,26418.12,16108.61,1.2
2021-12-29,Khavda Renewable Energy Park,9068.924428707607,52599.76,43131803.2,26299880.0,1960536.51,43131.8,26299.88,1.96
2021-12-30,Khavda Renewable Energy Park,6158.040820769187,35716.64,29287644.8,17858320.0,1331256.58,29287.64,17858.32,1.33
2021-12-31,Khavda Renewable Energy Park,6084.565986000207,35290.48,28938193.6,17645240.0,1315372.44,28938.19,17645.24,1.32
2023-01-01,Khavda Renewable Energy Park,8649.160046300274,50165.13,41135406.6,25082565.0,1869791.21,41135.41,25082.56,1.87
2023-01-02,Khavda Renewable Energy Park,4062.141281363447,23560.42,19319544.4,11780210.0,878161.11,19319.54,11780.21,0.88
2023-01-03,Khavda Renewable Energy Park,7174.13467590301,41609.98,34120183.6,20804990.0,1550917.44,34120.18,20804.99,1.55
2023-01-04,Khavda Renewable Energy Park,9829.666136930986,57012.06,46749889.2,28506030.0,2124994.96,46749.89,28506.03,2.12
2023-01-05,Khavda Renewable Energy Park,9480.518990025588,54987.01,45089348.2,27493505.0,2049515.83,45089.35,27493.5,2.05
2023-01-06,Khavda Renewable Energy Park,10034.346748377857,58199.21,47723352.2,29099605.0,2169243.28,47723.35,29099.6,2.17
2023-01-07,Khavda Renewable Energy Park,9598.385006429198,55670.63,45649916.6,27835315.0,2074996.21,45649.92,27835.32,2.07
2023-01-08,Khavda Renewable Energy Park,8865.041603330026,51417.24,42162136.8,25708620.0,1916460.76,42162.14,25708.62,1.92
2023-01-09,Khavda Renewable Energy Park,8779.386562527408,50920.44,41754760.8,25460220.0,1897943.67,41754.76,25460.22,1.9
2023-01-10,Khavda Renewable Energy Park,9698.650576941816,56252.17,46126779.4,28126085.0,2096671.79,46126.78,28126.08,2.1
2023-01-11,Khavda Renewable Energy Park,9286.07327139378,53859.22,44164560.4,26929610.0,2007480.02,44164.56,26929.61,2.01
2023-01-12,Khavda Renewable Energy Park,9589.319668187956,55618.05,45606801.0,27809025.0,2073036.41,45606.8,27809.02,2.07
2023-01-13,Khavda Renewable Energy Park,8469.763121245913,49124.63,40282196.6,24562315.0,1831008.94,40282.2,24562.32,1.83
2023-01-14,Khavda Renewable Energy Park,9222.46007451402,53490.27,43862021.4,26745135.0,1993728.25,43862.02,26745.14,1.99
2023-01-15,Khavda Renewable Energy Park,10670.81944867805,61890.75,50750415.0,30945375.0,2306837.05,50750.42,30945.38,2.31
2023-01-16,Khavda Renewable Energy Park,10344.668119021811,59999.08,49199245.6,29999540.0,2236329.35,49199.25,29999.54,2.24
2023-01-17,Khavda Renewable Energy Park,7772.8392352027295,45082.47,36967625.4,22541235.0,1680346.61,36967.63,22541.24,1.68
2023-01-18,Khavda Renewable Energy Park,6627.309485080058,38438.4,31519488.0,19219200.0,1432704.0,31519.49,19219.2,1.43
2023-01-19,Khavda Renewable Energy Park,3674.1542219187354,21310.09,17474273.8,10655045.0,794285.17,17474.27,10655.04,0.79
2023-01-20,Khavda Renewable Energy Park,10052.460185049556,58304.27,47809501.4,29152135.0,2173159.15,47809.5,29152.14,2.17
2023-01-21,Khavda Renewable Energy Park,10531.677647355338,61083.73,50088658.6,30541865.0,2276757.21,50088.66,30541.86,2.28
2023-01-22,Khavda Renewable Energy Park,10367.554997582023,60131.82,49308092.4,30065910.0,2241276.93,49308.09,30065.91,2.24
2023-01-23,Khavda Renewable Energy Park,11365.302445008005,65918.75,54053375.0,32959375.0,2456971.59,54053.38,32959.38,2.46
2023-01-24,Khavda Renewable Energy Park,11286.867317151396,65463.83,53680340.6,32731915.0,2440015.48,53680.34,32731.92,2.44
2023-01-25,Khavda Renewable Energy Park,9249.78967519846,53648.78,43991999.6,26824390.0,1999636.35,43992.0,26824.39,2.0
2023-01-26,Khavda Renewable Energy Park,10255.158031501322,59479.92,48773534.4,29739960.0,2216978.84,48773.53,29739.96,2.22
2023-01-27,Khavda Renewable Energy Park,11318.653936075109,65648.19,53831515.8,32824095.0,2446887.08,53831.52,32824.1,2.45
2023-01-28,Khavda Renewable Energy Park,10575.868751863683,61340.04,50298832.8,30670020.0,2286310.58,50298.83,30670.02,2.29
2023-01-29,Khavda Renewable Energy Park,10628.598335270635,61645.87,50549613.4,30822935.0,2297709.7,50549.61,30822.94,2.3
2023-01-30,Khavda Renewable Energy Park,10796.012777985834,62616.87,51345833.4,31308435.0,2333901.52,51345.83,31308.44,2.33
2023-01-31,Khavda Renewable Energy Park,11230.169014542857,65134.98,53410683.6,32567490.0,2427758.35,53410.68,32567.49,2.43
2023-02-01,Khavda Renewable Energy Park,11412.431857620126,66192.1,54277522.0,33096050.0,2467160.09,54277.52,33096.05,2.47
2023-02-02,Khavda Renewable Energy Park,11266.540241889064,65345.93,53583662.6,32672965.0,2435621.03,53583.66,32672.96,2.44
2023-02-03,Khavda Renewable Energy Park,10959.26394044386,63563.73,52122258.6,31781865.0,2369193.57,52122.26,31781.86,2.37
2023-02-04,Khavda Renewable Energy Park,10624.99562126877,61624.97,50532475.4,30812485.0,2296930.7,50532.48,30812.48,2.3
2023-02-05,Khavda Renewable Energy Park,8410.234973208282,48779.36,39999075.2,24389680.0,1818139.78,39999.08,24389.68,1.82
2023-02-06,Khavda Renewable Energy Park,10785.653437482935,62556.79,51296567.8,31278395.0,2331662.17,51296.57,31278.4,2.33
2023-02-07,Khavda Renewable Energy Park,9221.642316989572,53485.53,43858134.6,26742765.0,1993551.57,43858.13,26742.76,1.99
2023-02-08,Khavda Renewable Energy Park,11917.297092316989,69120.32,56678662.4,34560160.0,2576302.84,56678.66,34560.16,2.58
2023-02-09,Khavda Renewable Energy Park,12219.307509472088,70871.98,58115023.6,35435990.0,2641591.98,58115.02,35435.99,2.64
2023-02-10,Khavda Renewable Energy Park,11984.143162808818,69508.03,56996584.6,34754015.0,2590753.85,56996.58,34754.02,2.59
2023-02-11,Khavda Renewable Energy Park,11244.160724491858,65216.13,53477226.6,32608065.0,2430783.03,53477.23,32608.06,2.43
2023-02-12,Khavda Renewable Energy Park,12182.247878421284,70657.04,57938772.8,35328520.0,2633580.58,57938.77,35328.52,2.63
2023-02-13,Khavda Renewable Energy Park,11905.10307505634,69049.6,56620672.0,34524800.0,2573666.91,56620.67,34524.8,2.57
2023-02-14,Khavda Renewable Energy Park,11483.161043917253,66602.33,54613910.6,33301165.0,2482450.48,54613.91,33301.16,2.48
2023-02-15,Khavda Renewable Energy Park,7997.198534182299,46383.75,38034675.0,23191875.0,1728848.86,38034.68,23191.88,1.73
2023-02-16,Khavda Renewable Energy Park,7960.364666687126,46170.12,37859498.4,23085060.0,1720886.29,37859.5,23085.06,1.72
2023-02-17,Khavda Renewable Energy Park,11834.3222376496,68639.07,56284037.4,34319535.0,2558365.34,56284.04,34319.54,2.56
2023-02-18,Khavda Renewable Energy Park,11234.785831678217,65161.76,53432643.2,32580880.0,2428756.51,53432.64,32580.88,2.43
2023-02-19,Khavda Renewable Energy Park,9863.740532588075,57209.7,46911954.0,28604850.0,2132361.55,46911.95,28604.85,2.13
2023-02-20,Khavda Renewable Energy Park,8547.3261616484,49574.49,40651081.8,24787245.0,1847776.45,40651.08,24787.24,1.85
2023-02-21,Khavda Renewable Energy Park,7319.79842684428,42454.83,34812960.6,21227415.0,1582407.3,34812.96,21227.42,1.58
2023-02-22,Khavda Renewable Energy Park,3424.592187232575,19862.63,16287356.6,9931315.0,740334.39,16287.36,9931.32,0.74
2023-02-23,Khavda Renewable Energy Park,9541.130562036276,55338.56,45377619.2,27669280.0,2062619.05,45377.62,27669.28,2.06
2023-02-24,Khavda Renewable Energy Park,8372.565330735375,48560.88,39819921.6,24280440.0,1809996.44,39819.92,24280.44,1.81
2023-02-25,Khavda Renewable Energy Park,6414.197050283055,37202.34,30505918.8,18601170.0,1386632.67,30505.92,18601.17,1.39
2023-02-26,Khavda Renewable Energy Park,11183.920515943548,64866.74,53190726.8,32433370.0,2417760.31,53190.73,32433.37,2.42
2023-02-27,Khavda Renewable Energy Park,11772.5968033651,68281.06,55990469.2,34140530.0,2545021.33,55990.47,34140.53,2.55
2023-02-28,Khavda Renewable Energy Park,12262.800887935638,71124.25,58321885.0,35562125.0,2650994.77,58321.88,35562.12,2.65
2023-03-01,Khavda Renewable Energy Park,11495.45862872375,66673.66,54672401.2,33336830.0,2485109.15,54672.4,33336.83,2.49
2023-03-02,Khavda Renewable Energy Park,9603.846940381933,55702.31,45675894.2,27851155.0,2076177.01,45675.89,27851.16,2.08
2023-03-03,Khavda Renewable Energy Park,10726.34621876624,62212.81,51014504.2,31106405.0,2318841.1,51014.5,31106.4,2.32
2023-03-04,Khavda Renewable Energy Park,9457.098173255314,54851.17,44977959.4,27425585.0,2044452.7,44977.96,27425.58,2.04
2023-03-05,Khavda Renewable Energy Park,8999.714273436177,52198.34,42802638.8,26099170.0,1945574.49,42802.64,26099.17,1.95
2023-03-06,Khavda Renewable Energy Park,10530.612363730595,61077.55,50083591.0,30538775.0,2276526.86,50083.59,30538.78,2.28
2023-03-07,Khavda Renewable Energy Park,12273.217204751623,71184.66,58371421.2,35592330.0,2653246.42,58371.42,35592.33,2.65
2023-03-08,Khavda Renewable Energy Park,10833.419486662237,62833.83,51523740.6,31416915.0,2341988.21,51523.74,31416.92,2.34
2023-03-09,Khavda Renewable Energy Park,13065.274200052245,75778.59,62138443.8,37889295.0,2824474.72,62138.44,37889.3,2.82
2023-03-10,Khavda Renewable Energy Park,10564.9261106631,61276.57,50246787.4,30638285.0,2283944.88,50246.79,30638.28,2.28
2023-03-11,Khavda Renewable Energy Park,8366.061664393184,48523.16,39788991.2,24261580.0,1808590.51,39788.99,24261.58,1.81
2023-03-12,Khavda Renewable Energy Park,794.347057494584,4607.21,3777912.2,2303605.0,171723.28,3777.91,2303.6,0.17
2023-03-13,Khavda Renewable Energy Park,9619.653456124446,55793.99,45751071.8,27896995.0,2079594.17,45751.07,27897.0,2.08
2023-03-14,Khavda Renewable Energy Park,2185.545655026427,12676.16,10394451.2,6338080.0,472475.05,10394.45,6338.08,0.47
2023-03-15,Khavda Renewable Energy Park,3038.7196224957547,17624.57,14452147.4,8812285.0,656915.79,14452.15,8812.28,0.66
2023-03-16,Khavda Renewable Energy Park,8724.241155559384,50600.6,41492492.0,25300300.0,1886022.36,41492.49,25300.3,1.89
2023-03-17,Khavda Renewable Energy Park,9918.480061510683,57527.18,47172287.6,28763590.0,2144194.89,47172.29,28763.59,2.14
2023-03-18,Khavda Renewable Energy Park,9637.799620553607,55899.24,45837376.8,27949620.0,2083517.13,45837.38,27949.62,2.08
2023-03-19,Khavda Renewable Energy Park,10459.02446555866,60662.34,49743118.8,30331170.0,2261050.85,49743.12,30331.17,2.26
2023-03-20,Khavda Renewable Energy Park,8112.712091584022,47053.73,38584058.6,23526865.0,1753820.85,38584.06,23526.86,1.75
2023-03-21,Khavda Renewable Energy Park,8468.110332600549,49115.04,40274332.8,24557520.0,1830651.49,40274.33,24557.52,1.83
2023-03-22,Khavda Renewable Energy Park,6823.645008010766,39577.14,32453254.8,19788570.0,1475147.95,32453.25,19788.57,1.48
2023-03-23,Khavda Renewable Energy Park,8764.054782503485,50831.52,41681846.4,25415760.0,1894629.38,41681.85,25415.76,1.89
2023-03-24,Khavda Renewable Energy Park,9663.272593567275,56046.98,45958523.6,28023490.0,2089023.8,45958.52,28023.49,2.09
2023-03-25,Khavda Renewable Energy Park,12154.613214969168,70496.76,57807343.2,35248380.0,2627606.51,57807.34,35248.38,2.63
2023-03-26,Khavda Renewable Energy Park,13630.58634929686,79057.4,64827068.0,39528700.0,2946684.91,64827.07,39528.7,2.95
2023-03-27,Khavda Renewable Energy Park,13241.725434940112,76802.01,62977648.2,38401005.0,2862620.37,62977.65,38401.0,2.86
2023-03-28,Khavda Renewable Energy Park,13545.418856601633,78563.43,64422012.6,39281715.0,2928273.3,64422.01,39281.71,2.93
2023-03-29,Khavda Renewable Energy Park,6545.251309050741,37962.46,31129217.2,18981230.0,1414964.42,31129.22,18981.23,1.41
2023-03-30,Khavda Renewable Energy Park,10211.205046300614,59224.99,48564491.8,29612495.0,2207476.9,48564.49,29612.5,2.21
2023-03-31,Khavda Renewable Energy Park,9956.279013479234,57746.42,47352064.4,28873210.0,2152366.56,47352.06,28873.21,2.15
2023-04-01,Khavda Renewable Energy Park,13651.543312245883,79178.95,64926739.0,39589475.0,2951215.41,64926.74,39589.48,2.95
2023-04-02,Khavda Renewable Energy Park,12173.253184704585,70604.87,57895993.4,35302435.0,2631636.06,57895.99,35302.44,2.63
2023-04-03,Khavda Renewable Energy Park,8981.069847522063,52090.21,42713972.2,26045105.0,1941544.19,42713.97,26045.1,1.94
2023-04-04,Khavda Renewable Energy Park,11174.882079760711,64814.32,53147742.4,32407160.0,2415806.47,53147.74,32407.16,2.42
2023-04-05,Khavda Renewable Energy Park,14043.485804323414,81452.22,66790820.4,40726110.0,3035946.38,66790.82,40726.11,3.04
2023-04-06,Khavda Renewable Energy Park,12939.01495999311,75046.29,61537957.8,37523145.0,2797179.9,61537.96,37523.14,2.8
2023-04-07,Khavda Renewable Energy Park,13585.118003232312,78793.68,64610817.6,39396840.0,2936855.35,64610.82,39396.84,2.94
2023-04-08,Khavda Renewable Energy Park,11085.494728140677,64295.87,52722613.4,32147935.0,2396482.43,52722.61,32147.94,2.4
2023-04-09,Khavda Renewable Energy Park,11768.812264743874,68259.11,55972470.2,34129555.0,2544203.19,55972.47,34129.56,2.54
2023-04-10,Khavda Renewable Energy Park,2727.2288848931407,15817.93,12970702.6,7908965.0,589577.39,12970.7,7908.96,0.59
2023-04-11,Khavda Renewable Energy Park,12922.656005234638,74951.4,61460148.0,37475700.0,2793643.09,61460.15,37475.7,2.79
2023-04-12,Khavda Renewable Energy Park,3964.637240090625,22994.9,18855818.0,11497450.0,857082.64,18855.82,11497.45,0.86
2023-04-13,Khavda Renewable Energy Park,4836.824146115,28053.58,23003935.6,14026790.0,1045633.44,23003.94,14026.79,1.05
2023-04-14,Khavda Renewable Energy Park,11915.89880013354,69112.21,56672012.2,34556105.0,2576000.55,56672.01,34556.11,2.58
2023-04-15,Khavda Renewable Energy Park,12761.103013773358,74014.4,60691808.0,37007200.0,2758718.55,60691.81,37007.2,2.76
2023-04-16,Khavda Renewable Energy Park,11374.847609608882,65974.12,54098778.4,32987060.0,2459035.38,54098.78,32987.06,2.46
2023-04-17,Khavda Renewable Energy Park,10524.730969939568,61043.44,50055620.8,30521720.0,2275255.49,50055.62,30521.72,2.28
2023-04-18,Khavda Renewable Energy Park,8887.402947038232,51546.94,42268490.8,25773470.0,1921295.04,42268.49,25773.47,1.92
2023-04-19,Khavda Renewable Energy Park,4161.872730502635,24138.86,19793865.2,12069430.0,899721.15,19793.87,12069.43,0.9
2023-04-20,Khavda Renewable Energy Park,6551.548115706246,37998.98,31159163.6,18999490.0,1416325.62,31159.16,18999.49,1.42
2023-04-21,Khavda Renewable Energy Park,11577.66141456183,67150.44,55063360.8,33575220.0,2502880.04,55063.36,33575.22,2.5
2023-04-22,Khavda Renewable Energy Park,12704.26283574314,73684.72,60421470.4,36842360.0,2746430.47,60421.47,36842.36,2.75
2023-04-23,Khavda Renewable Energy Park,12546.477604897387,72769.57,59671047.4,36384785.0,2712320.34,59671.05,36384.79,2.71
2023-04-24,Khavda Renewable Energy Park,2632.7914966175026,15270.19,12521555.8,7635095.0,569161.63,12521.56,7635.1,0.57
2023-04-25,Khavda Renewable Energy Park,3406.205717145752,19755.99,16199911.8,9877995.0,736359.63,16199.91,9878.0,0.74
2023-04-26,Khavda Renewable Energy Park,8808.111783636914,51087.05,41891381.0,25543525.0,1904153.68,41891.38,25543.52,1.9
2023-04-27,Khavda Renewable Energy Park,6587.719037255359,38208.77,31331191.4,19104385.0,1424145.06,31331.19,19104.38,1.42
2023-04-28,Khavda Renewable Energy Park,5169.460708960545,29982.87,24585953.4,14991435.0,1117543.34,24585.95,14991.44,1.12
2023-04-29,Khavda Renewable Energy Park,7827.743291823041,45400.91,37228746.2,22700455.0,1692215.74,37228.75,22700.46,1.69
2023-04-30,Khavda Renewable Energy Park,11712.118870666212,67930.29,55702837.8,33965145.0,2531947.17,55702.84,33965.14,2.53
2023-05-01,Khavda Renewable Energy Park,11549.882880778336,66989.32,54931242.4,33494660.0,2496874.65,54931.24,33494.66,2.5
2023-05-02,Khavda Renewable Energy Park,10896.315222570824,63198.63,51822876.6,31599315.0,2355585.3,51822.88,31599.32,2.36
2023-05-03,Khavda Renewable Energy Park,11088.288381381812,64312.07,52735897.4,32156035.0,2397086.25,52735.9,32156.04,2.4
2023-05-04,Khavda Renewable Energy Park,11806.000192948546,68474.8,56149336.0,34237400.0,2552242.55,56149.34,34237.4,2.55
2023-05-05,Khavda Renewable Energy Park,11729.969021128893,68033.82,55787732.4,34016910.0,2535806.02,55787.73,34016.91,2.54
2023-05-06,Khavda Renewable Energy Park,9702.99619933438,56277.38,46147451.6,28138690.0,2097611.44,46147.45,28138.69,2.1
2023-05-07,Khavda Renewable Energy Park,13987.12851700647,81125.35,66522787.0,40562675.0,3023763.05,66522.79,40562.68,3.02
2023-05-08,Khavda Renewable Energy Park,12889.948515829308,74761.7,61304594.0,37380850.0,2786572.45,61304.59,37380.85,2.79
2023-05-09,Khavda Renewable Energy Park,13758.319736076042,79798.25,65434565.0,39899125.0,2974298.41,65434.56,39899.12,2.97
2023-05-10,Khavda Renewable Energy Park,12932.57049711665,75008.91,61507306.2,37504455.0,2795786.65,61507.31,37504.46,2.8
2023-05-11,Khavda Renewable Energy Park,12659.093198649534,73422.74,60206646.8,36711370.0,2736665.76,60206.65,36711.37,2.74
2023-05-12,Khavda Renewable Energy Park,13234.90763290694,76762.46,62945217.2,38381230.0,2861146.24,62945.22,38381.23,2.86
2023-05-13,Khavda Renewable Energy Park,13316.759829190136,77237.21,63334512.2,38618605.0,2878841.46,63334.51,38618.61,2.88
2023-05-14,Khavda Renewable Energy Park,13005.49619352518,75431.88,61854141.6,37715940.0,2811551.89,61854.14,37715.94,2.81
2023-05-15,Khavda Renewable Energy Park,11108.597862341492,64429.87,52832493.4,32214935.0,2401476.97,52832.49,32214.94,2.4
2023-05-16,Khavda Renewable Energy Park,11313.791691960369,65619.99,53808391.8,32809995.0,2445835.99,53808.39,32810.0,2.45
2023-05-17,Khavda Renewable Energy Park,12455.05219036892,72239.3,59236226.0,36119650.0,2692555.73,59236.23,36119.65,2.69
2023-05-18,Khavda Renewable Energy Park,11251.592880674963,65259.24,53512576.8,32629620.0,2432389.85,53512.58,32629.62,2.43
2023-05-19,Khavda Renewable Energy Park,12162.360706081374,70541.69,57844185.8,35270845.0,2629281.17,57844.19,35270.84,2.63
2023-05-20,Khavda Renewable Energy Park,11885.694851023904,68937.03,56528364.6,34468515.0,2569471.12,56528.36,34468.52,2.57
2023-05-21,Khavda Renewable Energy Park,11526.496134740031,66853.68,54820017.6,33426840.0,2491818.98,54820.02,33426.84,2.49
2023-05-22,Khavda Renewable Energy Park,9597.983783111304,55668.31,45648014.2,27834155.0,2074909.74,45648.01,27834.16,2.07
2023-05-23,Khavda Renewable Energy Park,9901.170603535862,57426.79,47089967.8,28713395.0,2140453.08,47089.97,28713.4,2.14
2023-05-24,Khavda Renewable Energy Park,8488.248725380889,49231.84,40370108.8,24615920.0,1835004.95,40370.11,24615.92,1.84
2023-05-25,Khavda Renewable Energy Park,12958.535209887252,75159.5,61630790.0,37579750.0,2801399.55,61630.79,37579.75,2.8
2023-05-26,Khavda Renewable Energy Park,12224.022904185978,70899.33,58137450.6,35449665.0,2642611.39,58137.45,35449.66,2.64
2023-05-27,Khavda Renewable Energy Park,12461.071998938209,72274.22,59264860.4,36137110.0,2693857.29,59264.86,36137.11,2.69
2023-05-28,Khavda Renewable Energy Park,11368.155626374117,65935.3,54066946.0,32967650.0,2457588.45,54066.95,32967.65,2.46
2023-05-29,Khavda Renewable Energy Park,9565.700479609872,55481.06,45494469.2,27740530.0,2067930.42,45494.47,27740.53,2.07
2023-05-30,Khavda Renewable Energy Park,7411.441591902952,42986.36,35248815.2,21493180.0,1602218.87,35248.82,21493.18,1.6
2023-05-31,Khavda Renewable Energy Park,10165.984892334289,58962.71,48349422.2,29481355.0,2197701.01,48349.42,29481.36,2.2
2023-06-01,Khavda Renewable Energy Park,9686.430385234728,56181.3,46068666.0,28090650.0,2094030.27,46068.67,28090.65,2.09
2023-06-02,Khavda Renewable Energy Park,12386.77949212428,71843.32,58911522.4,35921660.0,2677796.47,58911.52,35921.66,2.68
2023-06-03,Khavda Renewable Energy Park,13345.79147882252,77405.59,63472583.8,38702795.0,2885117.45,63472.58,38702.8,2.89
2023-06-04,Khavda Renewable Energy Park,14407.99017514848,83566.34,68524398.8,41783170.0,3114745.4,68524.4,41783.17,3.11
2023-06-05,Khavda Renewable Energy Park,14469.444927642911,83922.78,68816679.6,41961390.0,3128030.89,68816.68,41961.39,3.13
2023-06-06,Khavda Renewable Energy Park,14281.204302318158,82830.98,67921403.6,41415490.0,3087336.53,67921.4,41415.49,3.09
2023-06-07,Khavda Renewable Energy Park,13033.134950225092,75592.18,61985587.6,37796090.0,2817526.71,61985.59,37796.09,2.82
2023-06-08,Khavda Renewable Energy Park,11602.750219288597,67295.95,55182679.0,33647975.0,2508303.59,55182.68,33647.98,2.51
2023-06-09,Khavda Renewable Energy Park,12715.395511294524,73749.29,60474417.8,36874645.0,2748837.17,60474.42,36874.64,2.75
2023-06-10,Khavda Renewable Energy Park,13910.906668632248,80683.26,66160273.2,40341630.0,3007285.15,66160.27,40341.63,3.01
2023-06-11,Khavda Renewable Energy Park,12682.183430379508,73556.66,60316461.2,36778330.0,2741657.33,60316.46,36778.33,2.74
2023-06-12,Khavda Renewable Energy Park,3231.8727778186644,18744.86,15370785.2,9372430.0,698672.05,15370.79,9372.43,0.7
2023-06-13,Khavda Renewable Energy Park,597.4668176067582,3465.31,2841554.2,1732655.0,129161.55,2841.55,1732.66,0.13
2023-06-14,Khavda Renewable Energy Park,2696.234766235508,15638.16,12823291.2,7819080.0,582876.87,12823.29,7819.08,0.58
2023-06-15,Khavda Renewable Energy Park,412.558230778371,2392.84,1962128.8,1196420.0,89187.67,1962.13,1196.42,0.09
2023-06-16,Khavda Renewable Energy Park,1.7425764034813434,10.11,8290.2,5055.0,376.83,8.29,5.06,0.0
2023-06-17,Khavda Renewable Energy Park,0.0,0.0,0.0,0.0,0.0,0.0,0.0,0.0
2023-06-18,Khavda Renewable Energy Park,341.760604375639,1982.21,1625412.2,991105.0,73882.37,1625.41,991.1,0.07
2023-06-19,Khavda Renewable Energy Park,3110.480759624189,18040.79,14793447.8,9020395.0,672429.45,14793.45,9020.4,0.67
2023-06-20,Khavda Renewable Energy Park,5898.580803699021,34211.77,28053651.4,17105885.0,1275165.97,28053.65,17105.88,1.28
2023-06-21,Khavda Renewable Energy Park,5685.684062595963,32976.97,27041115.4,16488485.0,1229141.61,27041.12,16488.48,1.23
2023-06-22,Khavda Renewable Energy Park,7272.092145693136,42178.13,34586066.6,21089065.0,1572093.94,34586.07,21089.06,1.57
2023-06-23,Khavda Renewable Energy Park,1935.44183503541,11225.56,9204959.2,5612780.0,418407.24,9204.96,5612.78,0.42
2023-06-24,Khavda Renewable Energy Park,5541.313386498943,32139.62,26354488.4,16069810.0,1197931.29,26354.49,16069.81,1.2
2023-06-25,Khavda Renewable Energy Park,3658.498706278076,21219.29,17399817.8,10609645.0,790900.81,17399.82,10609.64,0.79
2023-06-26,Khavda Renewable Energy Park,508.9426064126911,2951.87,2420533.4,1475935.0,110024.25,2420.53,1475.94,0.11
2023-06-27,Khavda Renewable Energy Park,3225.2148180582794,18706.25,15339125.0,9353125.0,697232.95,15339.12,9353.12,0.7
2023-06-28,Khavda Renewable Energy Park,580.0306612428745,3364.18,2758627.6,1682090.0,125392.16,2758.63,1682.09,0.13
2023-06-29,Khavda Renewable Energy Park,722.2659435866228,4189.14,3435094.8,2094570.0,156140.67,3435.09,2094.57,0.16
2023-06-30,Khavda Renewable Energy Park,73.63432378126095,427.08,350205.6,213540.0,15918.44,350.21,213.54,0.02
2023-07-01,Khavda Renewable Energy Park,3651.5272094530183,21178.86,17366665.2,10589430.0,789393.87,17366.67,10589.43,0.79
2023-07-02,Khavda Renewable Energy Park,6345.974867160208,36806.65,30181453.0,18403325.0,1371884.23,30181.45,18403.32,1.37
2023-07-03,Khavda Renewable Energy Park,7537.336500190367,43716.55,35847571.0,21858275.0,1629435.05,35847.57,21858.28,1.63
2023-07-04,Khavda Renewable Energy Park,7697.02026950368,44642.72,36607030.4,22321360.0,1663955.93,36607.03,22321.36,1.66
2023-07-05,Khavda Renewable Energy Park,3599.5080834571754,20877.15,17119263.0,10438575.0,778148.32,17119.26,10438.58,0.78
2023-07-06,Khavda Renewable Energy Park,3519.7892711893533,20414.78,16740119.6,10207390.0,760914.53,16740.12,10207.39,0.76
2023-07-07,Khavda Renewable Energy Park,202.115946788781,1172.27,961261.4,586135.0,43693.7,961.26,586.14,0.04
2023-07-08,Khavda Renewable Energy Park,0.0,0.0,0.0,0.0,0.0,0.0,0.0,0.0
2023-07-09,Khavda Renewable Energy Park,0.0,0.0,0.0,0.0,0.0,0.0,0.0,0.0
2023-07-10,Khavda Renewable Energy Park,1233.9673596793748,7157.01,5868748.2,3578505.0,266761.28,5868.75,3578.5,0.27
2023-07-11,Khavda Renewable Energy Park,9728.957548956969,56427.95,46270919.0,28213975.0,2103223.59,46270.92,28213.98,2.1
2023-07-12,Khavda Renewable Energy Park,3233.838965395304,18756.27,15380141.4,9378135.0,699097.34,15380.14,9378.14,0.7
2023-07-13,Khavda Renewable Energy Park,75.25105204890346,436.46,357897.2,218230.0,16268.05,357.9,218.23,0.02
2023-07-14,Khavda Renewable Energy Park,5597.988194319397,32468.33,26624030.6,16234165.0,1210183.21,26624.03,16234.16,1.21
2023-07-15,Khavda Renewable Energy Park,2223.7185064634787,12897.57,10576007.4,6448785.0,480727.61,10576.01,6448.78,0.48
2023-07-16,Khavda Renewable Energy Park,5201.977670078923,30171.47,24740605.4,15085735.0,1124572.97,24740.61,15085.74,1.12
2023-07-17,Khavda Renewable Energy Park,4198.995231016808,24354.17,19970419.4,12177085.0,907746.34,19970.42,12177.08,0.91
2023-07-18,Khavda Renewable Energy Park,124.33260301152797,721.13,591326.6,360565.0,26878.48,591.33,360.56,0.03
2023-07-19,Khavda Renewable Energy Park,52.31919153846137,303.45,248829.0,151725.0,11310.41,248.83,151.72,0.01
2023-07-20,Khavda Renewable Energy Park,17.0015119292039,98.61,80860.2,49305.0,3675.46,80.86,49.3,0.0
2023-07-21,Khavda Renewable Energy Park,324.32206771369243,1881.07,1542477.4,940535.0,70112.61,1542.48,940.54,0.07
2023-07-22,Khavda Renewable Energy Park,371.3307071961311,2153.72,1766050.4,1076860.0,80275.02,1766.05,1076.86,0.08
2023-07-23,Khavda Renewable Energy Park,2.7945149916245384,16.21,13292.2,8105.0,604.19,13.29,8.1,0.0
2023-07-24,Khavda Renewable Energy Park,294.47213826518094,1707.94,1400510.8,853970.0,63659.58,1400.51,853.97,0.06
2023-07-25,Khavda Renewable Energy Park,1331.508044857786,7722.75,6332655.0,3861375.0,287847.95,6332.66,3861.38,0.29
2023-07-26,Khavda Renewable Energy Park,2784.915720003922,16152.51,13245058.2,8076255.0,602048.1,13245.06,8076.26,0.6
2023-07-27,Khavda Renewable Energy Park,1273.2815008465957,7385.03,6055724.6,3692515.0,275260.21,6055.72,3692.52,0.28
2023-07-28,Khavda Renewable Energy Park,2241.6885941722085,13001.79,10661467.8,6500895.0,484612.17,10661.47,6500.9,0.48
2023-07-29,Khavda Renewable Energy Park,5322.039707523347,30867.83,25311620.6,15433915.0,1150528.21,25311.62,15433.92,1.15
2023-07-30,Khavda Renewable Energy Park,5997.586258115565,34786.0,28524520.0,17393000.0,1296569.09,28524.52,17393.0,1.3
2023-07-31,Khavda Renewable Energy Park,4845.406493433507,28103.36,23044755.2,14051680.0,1047488.87,23044.76,14051.68,1.05
2023-08-01,Khavda Renewable Energy Park,3390.0105179957545,19662.06,16122889.2,9831030.0,732858.6,16122.89,9831.03,0.73
2023-08-02,Khavda Renewable Energy Park,5273.897030090553,30588.6,25082652.0,15294300.0,1140120.55,25082.65,15294.3,1.14
2023-08-03,Khavda Renewable Energy Park,1341.461928826695,7780.48,6379993.6,3890240.0,289999.71,6379.99,3890.24,0.29
2023-08-04,Khavda Renewable Energy Park,3265.340952306769,18938.98,15529963.6,9469490.0,705907.44,15529.96,9469.49,0.71
2023-08-05,Khavda Renewable Energy Park,3483.1324697535665,20202.17,16565779.4,10101085.0,752989.97,16565.78,10101.08,0.75
2023-08-06,Khavda Renewable Energy Park,2535.0291605289867,14703.17,12056599.4,7351585.0,548027.25,12056.6,7351.58,0.55
2023-08-07,Khavda Renewable Energy Park,5483.188183810738,31802.49,26078041.8,15901245.0,1185365.54,26078.04,15901.24,1.19
2023-08-08,Khavda Renewable Energy Park,4276.1422104486,24801.62,20337328.4,12400810.0,924424.02,20337.33,12400.81,0.92
2023-08-09,Khavda Renewable Energy Park,1649.4715544801074,9566.94,7844890.8,4783470.0,356585.95,7844.89,4783.47,0.36
2023-08-10,Khavda Renewable Energy Park,3971.4298260855776,23034.29,18888117.8,11517145.0,858550.81,18888.12,11517.14,0.86
2023-08-11,Khavda Renewable Energy Park,5699.11340418736,33054.86,27104985.2,16527430.0,1232044.78,27104.99,16527.43,1.23
2023-08-12,Khavda Renewable Energy Park,4252.544951724695,24664.76,20225103.2,12332380.0,919322.87,20225.1,12332.38,0.92
2023-08-13,Khavda Renewable Energy Park,3676.279073287561,21322.42,17484384.4,10661210.0,794744.75,17484.38,10661.21,0.79
2023-08-14,Khavda Renewable Energy Park,370.6125560345218,2149.55,1762631.0,1074775.0,80119.59,1762.63,1074.78,0.08
2023-08-15,Khavda Renewable Energy Park,1311.3933840535487,7606.08,6236985.6,3803040.0,283499.35,6236.99,3803.04,0.28
2023-08-16,Khavda Renewable Energy Park,5367.854442302302,31133.56,25529519.2,15566780.0,1160432.69,25529.52,15566.78,1.16
2023-08-17,Khavda Renewable Energy Park,6138.104921457139,35601.01,29192828.2,17800505.0,1326946.74,29192.83,17800.5,1.33
2023-08-18,Khavda Renewable Energy Park,7288.37175379424,42272.56,34663499.2,21136280.0,1575613.6,34663.5,21136.28,1.58
2023-08-19,Khavda Renewable Energy Park,9330.12840515079,54114.74,44374086.8,27057370.0,2017003.95,44374.09,27057.37,2.02
2023-08-20,Khavda Renewable Energy Park,3844.962565298925,22300.78,18286639.6,11150390.0,831210.89,18286.64,11150.39,0.83
2023-08-21,Khavda Renewable Energy Park,6755.990574947854,39184.75,32131495.0,19592375.0,1460522.5,32131.5,19592.38,1.46
2023-08-22,Khavda Renewable Energy Park,2468.894366103406,14319.59,11742063.8,7159795.0,533730.17,11742.06,7159.8,0.53
2023-08-23,Khavda Renewable Energy Park,79.15163552052056,459.08,376445.6,229540.0,17111.16,376.45,229.54,0.02
2023-08-24,Khavda Renewable Energy Park,3453.9905626464565,20033.15,16427183.0,10016575.0,746690.14,16427.18,10016.58,0.75
2023-08-25,Khavda Renewable Energy Park,80.96530427317147,469.6,385072.0,234800.0,17503.27,385.07,234.8,0.02
2023-08-26,Khavda Renewable Energy Park,1594.323954147952,9247.08,7582605.6,4623540.0,344663.89,7582.61,4623.54,0.34
2023-08-27,Khavda Renewable Energy Park,5422.561718066545,31450.86,25789705.2,15725430.0,1172259.33,25789.71,15725.43,1.17
2023-08-28,Khavda Renewable Energy Park,5893.151863518375,34180.28,28027829.6,17090140.0,1273992.25,28027.83,17090.14,1.27
2023-08-29,Khavda Renewable Energy Park,7118.037428416849,41284.62,33853388.4,20642310.0,1538790.38,33853.39,20642.31,1.54
2023-08-30,Khavda Renewable Energy Park,8429.166731441948,48889.17,40089119.4,24444585.0,1822232.7,40089.12,24444.58,1.82
2023-08-31,Khavda Renewable Energy Park,9267.39914499202,53750.92,44075754.4,26875460.0,2003443.38,44075.75,26875.46,2.0
2023-09-01,Khavda Renewable Energy Park,9447.735847178605,54796.87,44933433.4,27398435.0,2042428.79,44933.43,27398.44,2.04
2023-09-02,Khavda Renewable Energy Park,11474.274315229864,66550.79,54571647.8,33275395.0,2480529.45,54571.65,33275.39,2.48
2023-09-03,Khavda Renewable Energy Park,11113.138969913409,64456.21,52854092.2,32228105.0,2402458.74,52854.09,32228.1,2.4
2023-09-04,Khavda Renewable Energy Park,9198.209870961511,53349.62,43746688.4,26674810.0,1988485.84,43746.69,26674.81,1.99
2023-09-05,Khavda Renewable Energy Park,6931.138733138752,40200.6,32964492.0,20100300.0,1498386.0,32964.49,20100.3,1.5
2023-09-06,Khavda Renewable Energy Park,11993.440388861332,69561.95,57040799.0,34780975.0,2592763.59,57040.8,34780.98,2.59
2023-09-07,Khavda Renewable Energy Park,10567.712062662284,61292.73,50260038.6,30646365.0,2284547.21,50260.04,30646.36,2.28
2023-09-08,Khavda Renewable Energy Park,11082.340144512773,64277.57,52707607.4,32138785.0,2395800.34,52707.61,32138.78,2.4
2023-09-09,Khavda Renewable Energy Park,9445.7127303226,54785.13,44923806.6,27392565.0,2041991.21,44923.81,27392.56,2.04
2023-09-10,Khavda Renewable Energy Park,9811.8692347215,56908.84,46665248.8,28454420.0,2121147.67,46665.25,28454.42,2.12
2023-09-11,Khavda Renewable Energy Park,9619.498516281288,55793.09,45750333.8,27896545.0,2079560.63,45750.33,27896.54,2.08
2023-09-12,Khavda Renewable Energy Park,3718.839481758952,21569.27,17686801.4,10784635.0,803945.52,17686.8,10784.64,0.8
2023-09-13,Khavda Renewable Energy Park,5159.805226937183,29926.87,24540033.4,14963435.0,1115456.06,24540.03,14963.44,1.12
2023-09-14,Khavda Renewable Energy Park,2791.569772269809,16191.1,13276702.0,8095550.0,603486.45,13276.7,8095.55,0.6
2023-09-15,Khavda Renewable Energy Park,4361.056271475395,25294.13,20741186.6,12647065.0,942781.21,20741.19,12647.06,0.94
2023-09-16,Khavda Renewable Energy Park,3012.32130582246,17471.46,14326597.2,8735730.0,651208.96,14326.6,8735.73,0.65
2023-09-17,Khavda Renewable Energy Park,653.8230661351463,3792.17,3109579.4,1896085.0,141344.52,3109.58,1896.08,0.14
2023-09-18,Khavda Renewable Energy Park,988.237490684875,5731.78,4700059.6,2865890.0,213639.07,4700.06,2865.89,0.21
2023-09-19,Khavda Renewable Energy Park,0.0,0.0,0.0,0.0,0.0,0.0,0.0,0.0
2023-09-20,Khavda Renewable Energy Park,50.1019155482192,290.59,238283.8,145295.0,10831.08,238.28,145.29,0.01
2023-09-21,Khavda Renewable Energy Park,5169.548277917493,29983.38,24586371.6,14991690.0,1117562.35,24586.37,14991.69,1.12
2023-09-22,Khavda Renewable Energy Park,4528.8808934485805,26267.51,21539358.2,13133755.0,979061.74,21539.36,13133.76,0.98
2023-09-23,Khavda Renewable Energy Park,5843.089368235243,33889.92,27789734.4,16944960.0,1263169.75,27789.73,16944.96,1.26
2023-09-24,Khavda Renewable Energy Park,8263.906248652855,47930.66,39303141.2,23965330.0,1786506.42,39303.14,23965.33,1.79
2023-09-25,Khavda Renewable Energy Park,11786.14722573805,68359.65,56054913.0,34179825.0,2547950.59,56054.91,34179.82,2.55
2023-09-26,Khavda Renewable Energy Park,5950.649001115704,34513.76,28301283.2,17256880.0,1286421.96,28301.28,17256.88,1.29
2023-09-27,Khavda Renewable Energy Park,12011.487133104922,69666.63,57126636.6,34833315.0,2596665.3,57126.64,34833.32,2.6
2023-09-28,Khavda Renewable Energy Park,10247.388397895613,59434.85,48736577.0,29717425.0,2215298.95,48736.58,29717.42,2.22
2023-09-29,Khavda Renewable Energy Park,10052.058120502968,58301.94,47807590.8,29150970.0,2173072.31,47807.59,29150.97,2.17
2023-09-30,Khavda Renewable Energy Park,10575.42158075944,61337.45,50296709.0,30668725.0,2286214.05,50296.71,30668.72,2.29
2023-10-01,Khavda Renewable Energy Park,6797.854268116407,39427.55,32330591.0,19713775.0,1469572.32,32330.59,19713.78,1.47
2023-10-02,Khavda Renewable Energy Park,12473.1983787931,72344.55,59322531.0,36172275.0,2696478.68,59322.53,36172.28,2.7
2023-10-03,Khavda Renewable Energy Park,9900.079974406804,57420.46,47084777.2,28710230.0,2140217.15,47084.78,28710.23,2.14
2023-10-04,Khavda Renewable Energy Park,10082.188157169448,58476.69,47950885.8,29238345.0,2179585.72,47950.89,29238.34,2.18
2023-10-05,Khavda Renewable Energy Park,10884.408702930608,63129.57,51766247.4,31564785.0,2353011.25,51766.25,31564.78,2.35
2023-10-06,Khavda Renewable Energy Park,9323.281346478982,54075.03,44341524.6,27037515.0,2015523.85,44341.52,27037.52,2.02
2023-10-07,Khavda Renewable Energy Park,8807.688529599844,51084.59,41889363.8,25542295.0,1904061.99,41889.36,25542.3,1.9
2023-10-08,Khavda Renewable Energy Park,12190.635365062406,70705.69,57978665.8,35352845.0,2635393.9,57978.67,35352.84,2.64
2023-10-09,Khavda Renewable Energy Park,7797.19472565485,45223.73,37083458.6,22611865.0,1685611.75,37083.46,22611.86,1.69
2023-10-10,Khavda Renewable Energy Park,10046.142424267882,58267.63,47779456.6,29133815.0,2171793.48,47779.46,29133.82,2.17
2023-10-11,Khavda Renewable Energy Park,11012.179291691084,63870.64,52373924.8,31935320.0,2380632.95,52373.92,31935.32,2.38
2023-10-12,Khavda Renewable Energy Park,11501.341835562542,66707.78,54700379.6,33353890.0,2486380.89,54700.38,33353.89,2.49
2023-10-13,Khavda Renewable Energy Park,11295.190330248408,65512.1,53719922.0,32756050.0,2441814.64,53719.92,32756.05,2.44
2023-10-14,Khavda Renewable Energy Park,11548.988085726602,66984.13,54926986.6,33492065.0,2496681.21,54926.99,33492.06,2.5
2023-10-15,Khavda Renewable Energy Park,10621.187317977963,61602.89,50514369.8,30801445.0,2296107.72,50514.37,30801.44,2.3
2023-10-16,Khavda Renewable Energy Park,10872.87517271563,63062.68,51711397.6,31531340.0,2350518.07,51711.4,31531.34,2.35
2023-10-17,Khavda Renewable Energy Park,9170.9273338476,53191.38,43616931.6,26595690.0,1982587.8,43616.93,26595.69,1.98
2023-10-18,Khavda Renewable Energy Park,11571.059203670113,67112.14,55031954.8,33556070.0,2501452.49,55031.95,33556.07,2.5
2023-10-19,Khavda Renewable Energy Park,10996.459620879525,63779.47,52299165.4,31889735.0,2377234.79,52299.17,31889.74,2.38
2023-10-20,Khavda Renewable Energy Park,10665.808702229451,61861.69,50726585.8,30930845.0,2305753.9,50726.59,30930.84,2.31
2023-10-21,Khavda Renewable Energy Park,10012.670055661209,58073.49,47620261.8,29036745.0,2164557.35,47620.26,29036.74,2.16
2023-10-22,Khavda Renewable Energy Park,10559.621956907346,61245.81,50221564.2,30622905.0,2282798.37,50221.56,30622.9,2.28
2023-10-23,Khavda Renewable Energy Park,8442.087381342337,48964.11,40150570.2,24482055.0,1825025.92,40150.57,24482.06,1.83
2023-10-24,Khavda Renewable Energy Park,6729.676879135536,39032.13,32006346.6,19516065.0,1454833.94,32006.35,19516.06,1.45
2023-10-25,Khavda Renewable Energy Park,9193.421985431034,53321.85,43723917.0,26660925.0,1987450.77,43723.92,26660.92,1.99
2023-10-26,Khavda Renewable Energy Park,9290.3410533893,53883.98,44184863.6,26941990.0,2008402.89,44184.86,26941.99,2.01
2023-10-27,Khavda Renewable Energy Park,7516.568097780155,43596.09,35748793.8,21798045.0,1624945.17,35748.79,21798.04,1.62
2023-10-28,Khavda Renewable Energy Park,4782.213020259055,27736.84,22744208.8,13868420.0,1033827.67,22744.21,13868.42,1.03
2023-10-29,Khavda Renewable Energy Park,8804.770570792945,51067.67,41875489.4,25533835.0,1903431.34,41875.49,25533.84,1.9
2023-10-30,Khavda Renewable Energy Park,8918.590316042277,51727.82,42416812.4,25863910.0,1928036.93,42416.81,25863.91,1.93
2023-10-31,Khavda Renewable Energy Park,9356.315066532195,54266.63,44498636.6,27133315.0,2022665.3,44498.64,27133.32,2.02
2023-11-01,Khavda Renewable Energy Park,9305.294064384563,53970.71,44255982.2,26985355.0,2011635.55,44255.98,26985.36,2.01
2023-11-02,Khavda Renewable Energy Park,10276.620722639887,59604.4,48875608.0,29802200.0,2221618.55,48875.61,29802.2,2.22
2023-11-03,Khavda Renewable Energy Park,9015.086482393666,52287.5,42875750.0,26143750.0,1948897.73,42875.75,26143.75,1.95
2023-11-04,Khavda Renewable Energy Park,5668.7097316047775,32878.52,26960386.4,16439260.0,1225472.11,26960.39,16439.26,1.23
2023-11-05,Khavda Renewable Energy Park,8664.099690660223,50251.78,41206459.6,25125890.0,1873020.89,41206.46,25125.89,1.87
2023-11-06,Khavda Renewable Energy Park,8537.011780217113,49514.67,40602029.4,24757335.0,1845546.79,40602.03,24757.34,1.85
2023-11-07,Khavda Renewable Energy Park,7427.768120213179,43081.06,35326469.2,21540530.0,1605748.6,35326.47,21540.53,1.61
2023-11-08,Khavda Renewable Energy Park,7143.2936169864215,41431.1,33973502.0,20715550.0,1544250.09,33973.5,20715.55,1.54
2023-11-09,Khavda Renewable Energy Park,6180.588202430753,35847.41,29394876.2,17923705.0,1336130.74,29394.88,17923.71,1.34
2023-11-10,Khavda Renewable Energy Park,9688.510892183143,56193.36,46078555.2,28096680.0,2094479.78,46078.56,28096.68,2.09
2023-11-11,Khavda Renewable Energy Park,10104.959930209348,58608.77,48059191.4,29304385.0,2184508.7,48059.19,29304.38,2.18
2023-11-12,Khavda Renewable Energy Park,5152.267944492621,29883.15,24504183.0,14941575.0,1113826.5,24504.18,14941.58,1.11
2023-11-13,Khavda Renewable Energy Park,50.36665562485524,292.13,239546.6,146065.0,10888.48,239.55,146.06,0.01
2023-11-14,Khavda Renewable Energy Park,7495.756449084669,43475.39,35649819.8,21737695.0,1620446.35,35649.82,21737.7,1.62
2023-11-15,Khavda Renewable Energy Park,9906.90939627604,57460.07,47117257.4,28730035.0,2141693.52,47117.26,28730.04,2.14
2023-11-16,Khavda Renewable Energy Park,9173.317830556238,53205.24,43628296.8,26602620.0,1983104.4,43628.3,26602.62,1.98
2023-11-17,Khavda Renewable Energy Park,6181.565153645728,35853.08,29399525.6,17926540.0,1336342.07,29399.53,17926.54,1.34
2023-11-18,Khavda Renewable Energy Park,8536.092675914077,49509.34,40597658.8,24754670.0,1845348.13,40597.66,24754.67,1.85
2023-11-19,Khavda Renewable Energy Park,10756.607045484465,62388.32,51158422.4,31194160.0,2325382.84,51158.42,31194.16,2.33
2023-11-20,Khavda Renewable Energy Park,9603.730005570244,55701.63,45675336.6,27850815.0,2076151.66,45675.34,27850.82,2.08
2023-11-21,Khavda Renewable Energy Park,9654.95716522146,55998.75,45918975.0,27999375.0,2087226.14,45918.98,27999.38,2.09
2023-11-22,Khavda Renewable Energy Park,8486.105840414946,49219.41,40359916.2,24609705.0,1834541.65,40359.92,24609.7,1.83
2023-11-23,Khavda Renewable Energy Park,9547.896849731398,55377.8,45409796.0,27688900.0,2064081.64,45409.8,27688.9,2.06
2023-11-24,Khavda Renewable Energy Park,7513.113708473769,43576.06,35732369.2,21788030.0,1624198.6,35732.37,21788.03,1.62
2023-11-25,Khavda Renewable Energy Park,1968.941063772372,11419.86,9364285.2,5709930.0,425649.33,9364.29,5709.93,0.43
2023-11-26,Khavda Renewable Energy Park,6677.434324589018,38729.12,31757878.4,19364560.0,1443539.93,31757.88,19364.56,1.44
2023-11-27,Khavda Renewable Energy Park,6302.55639583768,36554.83,29974960.6,18277415.0,1362498.21,29974.96,18277.42,1.36
2023-11-28,Khavda Renewable Energy Park,9334.562442271928,54140.46,44395177.2,27070230.0,2017962.6,44395.18,27070.23,2.02
2023-11-29,Khavda Renewable Energy Park,9446.26241923252,54788.32,44926422.4,27394160.0,2042110.11,44926.42,27394.16,2.04
2023-11-30,Khavda Renewable Energy Park,8957.75691974124,51954.99,42603091.8,25977495.0,1936504.17,42603.09,25977.5,1.94
2023-12-01,Khavda Renewable Energy Park,9597.700513928468,55666.66,45646661.2,27833330.0,2074848.24,45646.66,27833.33,2.07
2023-12-02,Khavda Renewable Energy Park,9410.498736349324,54580.89,44756329.8,27290445.0,2034378.63,44756.33,27290.44,2.03
2023-12-03,Khavda Renewable Energy Park,9485.21080064802,55014.22,45111660.4,27507110.0,2050530.02,45111.66,27507.11,2.05
2023-12-04,Khavda Renewable Energy Park,10140.483273194244,58814.8,48228136.0,29407400.0,2192188.0,48228.14,29407.4,2.19
2023-12-05,Khavda Renewable Energy Park,9687.313966640362,56186.42,46072864.4,28093210.0,2094221.11,46072.86,28093.21,2.09
2023-12-06,Khavda Renewable Energy Park,9494.784281035863,55069.75,45157195.0,27534875.0,2052599.77,45157.2,27534.88,2.05
2023-12-07,Khavda Renewable Energy Park,9131.243659516636,52961.21,43428192.2,26480605.0,1974008.74,43428.19,26480.6,1.97
2023-12-08,Khavda Renewable Energy Park,9008.158481522163,52247.32,42842802.4,26123660.0,1947400.11,42842.8,26123.66,1.95
2023-12-09,Khavda Renewable Energy Park,8211.956098954697,47629.35,39056067.0,23814675.0,1775275.77,39056.07,23814.68,1.78
2023-12-10,Khavda Renewable Energy Park,8983.536410453615,52104.51,42725698.2,26052255.0,1942077.19,42725.7,26052.26,1.94
2023-12-11,Khavda Renewable Energy Park,7138.30559648251,41402.17,33949779.4,20701085.0,1543171.79,33949.78,20701.08,1.54
2023-12-12,Khavda Renewable Energy Park,4294.257456523639,24906.69,20423485.8,12453345.0,928340.26,20423.49,12453.34,0.93
2023-12-13,Khavda Renewable Energy Park,2078.920512971108,12057.74,9887346.8,6028870.0,449424.85,9887.35,6028.87,0.45
2023-12-14,Khavda Renewable Energy Park,4742.733250054947,27507.85,22556437.0,13753925.0,1025292.59,22556.44,13753.92,1.03
2023-12-15,Khavda Renewable Energy Park,8886.789196697673,51543.38,42265571.6,25771690.0,1921162.35,42265.57,25771.69,1.92
2023-12-16,Khavda Renewable Energy Park,9139.063251472176,53006.57,43465387.4,26503285.0,1975699.43,43465.39,26503.28,1.98
2023-12-17,Khavda Renewable Energy Park,8503.689324816633,49321.4,40443548.0,24660700.0,1838343.09,40443.55,24660.7,1.84
2023-12-18,Khavda Renewable Energy Park,4850.913710283438,28135.3,23070946.0,14067650.0,1048679.36,23070.95,14067.65,1.05
2023-12-19,Khavda Renewable Energy Park,1700.499303000218,9862.9,8087578.0,4931450.0,367617.18,8087.58,4931.45,0.37
2023-12-20,Khavda Renewable Energy Park,10.650361553062732,61.77,50651.4,30885.0,2302.34,50.65,30.88,0.0
2023-12-21,Khavda Renewable Energy Park,2609.101367580864,15132.79,12408887.8,7566395.0,564040.35,12408.89,7566.4,0.56
2023-12-22,Khavda Renewable Energy Park,5480.086112874347,31784.5,26063290.0,15892250.0,1184695.0,26063.29,15892.25,1.18
2023-12-23,Khavda Renewable Energy Park,8780.18165813306,50925.05,41758541.0,25462525.0,1898115.5,41758.54,25462.52,1.9
2023-12-24,Khavda Renewable Energy Park,9369.288508407475,54341.87,44560333.4,27170935.0,2025469.7,44560.33,27170.94,2.03
2023-12-25,Khavda Renewable Energy Park,9173.264884769766,53204.94,43628050.8,26602470.0,1983093.22,43628.05,26602.47,1.98
2023-12-26,Khavda Renewable Energy Park,6703.148924968396,38878.26,31880173.2,19439130.0,1449098.78,31880.17,19439.13,1.45
2023-12-27,Khavda Renewable Energy Park,57.22711412673121,331.92,272174.4,165960.0,12371.56,272.17,165.96,0.01
2023-12-28,Khavda Renewable Energy Park,2948.4973762697373,17101.28,14023049.6,8550640.0,637411.35,14023.05,8550.64,0.64
2023-12-29,Khavda Renewable Energy Park,7185.441541660972,41675.56,34173959.2,20837780.0,1553361.78,34173.96,20837.78,1.55
2023-12-30,Khavda Renewable Energy Park,8875.434697110746,51477.52,42211566.4,25738760.0,1918707.56,42211.57,25738.76,1.92
2023-12-31,Khavda Renewable Energy Park,10062.219153879763,58360.87,47855913.4,29180435.0,2175268.79,47855.91,29180.44,2.18
2024-01-01,Khavda Renewable Energy Park,10112.910058578422,58654.88,48097001.6,29327440.0,2186227.35,48097.0,29327.44,2.19
2024-01-02,Khavda Renewable Energy Park,9811.993797758048,56909.56,46665839.2,28454780.0,2121174.51,46665.84,28454.78,2.12
2024-01-03,Khavda Renewable Energy Park,9768.328151266896,56656.3,46458166.0,28328150.0,2111734.82,46458.17,28328.15,2.11
2024-01-04,Khavda Renewable Energy Park,9027.855308402764,52361.56,42936479.2,26180780.0,1951658.15,42936.48,26180.78,1.95
2024-01-05,Khavda Renewable Energy Park,7805.289516414168,45270.68,37121957.6,22635340.0,1687361.71,37121.96,22635.34,1.69
2024-01-06,Khavda Renewable Energy Park,7236.982546242907,41974.5,34419090.0,20987250.0,1564504.09,34419.09,20987.25,1.56
2024-01-07,Khavda Renewable Energy Park,9783.5112097135,56744.37,46530383.4,28372185.0,2115017.43,46530.38,28372.18,2.12
2024-01-08,Khavda Renewable Energy Park,9895.09022585004,57391.52,47061046.4,28695760.0,2139138.47,47061.05,28695.76,2.14
2024-01-09,Khavda Renewable Energy Park,9578.6466381405,55556.15,45556043.0,27778075.0,2070729.23,45556.04,27778.08,2.07
2024-01-10,Khavda Renewable Energy Park,10249.511121229967,59447.16,48746671.2,29723580.0,2215757.78,48746.67,29723.58,2.22
2024-01-11,Khavda Renewable Energy Park,9225.807850931622,53509.69,43877945.8,26754845.0,1994452.08,43877.95,26754.84,1.99
2024-01-12,Khavda Renewable Energy Park,9623.227984980223,55814.72,45768070.4,27907360.0,2080366.84,45768.07,27907.36,2.08
2024-01-13,Khavda Renewable Energy Park,9324.574776148504,54082.53,44347674.6,27041265.0,2015803.39,44347.67,27041.26,2.02
2024-01-14,Khavda Renewable Energy Park,9675.426328326808,56117.47,46016325.4,28058735.0,2091651.15,46016.33,28058.74,2.09
2024-01-15,Khavda Renewable Energy Park,10175.851388410762,59019.94,48396350.8,29509970.0,2199834.13,48396.35,29509.97,2.2
2024-01-16,Khavda Renewable Energy Park,5374.566051415085,31172.48,25561433.6,15586240.0,1161883.35,25561.43,15586.24,1.16
2024-01-17,Khavda Renewable Energy Park,3774.9691950623273,21894.82,17953752.4,10947410.0,816079.65,17953.75,10947.41,0.82
2024-01-18,Khavda Renewable Energy Park,7562.429226764412,43862.09,35966913.8,21931045.0,1634859.72,35966.91,21931.04,1.63
2024-01-19,Khavda Renewable Energy Park,10023.482633998256,58136.2,47671684.0,29068100.0,2166894.73,47671.68,29068.1,2.17
2024-01-20,Khavda Renewable Energy Park,9818.35672835107,56946.47,46696105.4,28473235.0,2122550.25,46696.11,28473.24,2.12
2024-01-21,Khavda Renewable Energy Park,4364.620784310564,25314.8,20758136.0,12657400.0,943551.64,20758.14,12657.4,0.94
2024-01-22,Khavda Renewable Energy Park,6390.699803984965,37066.06,30394169.2,18533030.0,1381553.15,30394.17,18533.03,1.38
2024-01-23,Khavda Renewable Energy Park,10059.21457082454,58343.44,47841620.8,29171720.0,2174619.13,47841.62,29171.72,2.17
2024-01-24,Khavda Renewable Energy Park,9282.17692940934,53836.63,44146036.6,26918315.0,2006638.03,44146.04,26918.32,2.01
2024-01-25,Khavda Renewable Energy Park,7200.45441748226,41762.64,34245364.8,20881320.0,1556607.49,34245.36,20881.32,1.56
2024-01-26,Khavda Renewable Energy Park,4080.8647120951887,23669.02,19408596.4,11834510.0,882208.93,19408.6,11834.51,0.88
2024-01-27,Khavda Renewable Energy Park,3954.8478238868106,22938.12,18809258.4,11469060.0,854966.29,18809.26,11469.06,0.85
2024-01-28,Khavda Renewable Energy Park,2143.079212579573,12429.86,10192485.2,6214930.0,463294.78,10192.49,6214.93,0.46
2024-01-29,Khavda Renewable Energy Park,1092.5419257789144,6336.74,5196126.8,3168370.0,236187.58,5196.13,3168.37,0.24
2024-01-30,Khavda Renewable Energy Park,518.9325668187764,3009.81,2468044.2,1504905.0,112183.83,2468.04,1504.9,0.11
2024-01-31,Khavda Renewable Energy Park,432.1725908539965,2506.6,2055412.0,1253300.0,93427.82,2055.41,1253.3,0.09
2024-02-01,Khavda Renewable Energy Park,7388.090145834188,42850.92,35137754.4,21425460.0,1597170.65,35137.75,21425.46,1.6
2024-02-02,Khavda Renewable Energy Park,7671.318458090093,44493.65,36484793.0,22246825.0,1658399.68,36484.79,22246.82,1.66
2024-02-03,Khavda Renewable Energy Park,8870.94605553021,51451.49,42190221.8,25725745.0,1917737.35,42190.22,25725.74,1.92
2024-02-04,Khavda Renewable Energy Park,5839.8358571858935,33871.05,27774261.0,16935525.0,1262466.41,27774.26,16935.53,1.26
2024-02-05,Khavda Renewable Energy Park,6348.833141438869,36823.23,30195048.6,18411615.0,1372502.21,30195.05,18411.62,1.37
2024-02-06,Khavda Renewable Energy Park,5115.722622347828,29671.19,24330375.8,14835595.0,1105926.17,24330.38,14835.6,1.11
2024-02-07,Khavda Renewable Energy Park,337.2885996352994,1956.27,1604141.4,978135.0,72915.52,1604.14,978.14,0.07
2024-02-08,Khavda Renewable Energy Park,1135.5495903359915,6586.19,5400675.8,3293095.0,245485.26,5400.68,3293.1,0.25
2024-02-09,Khavda Renewable Energy Park,8990.956343297028,52147.55,42760991.0,26073775.0,1943681.41,42760.99,26073.78,1.94
2024-02-10,Khavda Renewable Energy Park,10783.979367460124,62547.08,51288605.6,31273540.0,2331300.25,51288.61,31273.54,2.33
2024-02-11,Khavda Renewable Energy Park,4136.105627438994,23989.41,19671316.2,11994705.0,894150.74,19671.32,11994.7,0.89
2024-02-12,Khavda Renewable Energy Park,4088.98185868033,23716.09,19447193.8,11858045.0,883963.35,19447.19,11858.04,0.88
2024-02-13,Khavda Renewable Energy Park,4192.094199847448,24314.15,19937603.0,12157075.0,906254.68,19937.6,12157.08,0.91
2024-02-14,Khavda Renewable Energy Park,12318.153831715625,71445.29,58585137.8,35722645.0,2662960.81,58585.14,35722.64,2.66
2024-02-15,Khavda Renewable Energy Park,11608.945910499644,67331.89,55212149.8,33665945.0,2509643.17,55212.15,33665.94,2.51
2024-02-16,Khavda Renewable Energy Park,10770.168739316669,62466.98,51222923.6,31233490.0,2328314.71,51222.92,31233.49,2.33
2024-02-17,Khavda Renewable Energy Park,7169.914364324,41585.5,34100110.0,20792750.0,1550005.0,34100.11,20792.75,1.55
2024-02-18,Khavda Renewable Energy Park,8539.252485435478,49527.66,40612681.2,24763830.0,1846030.96,40612.68,24763.83,1.85
2024-02-19,Khavda Renewable Energy Park,3812.516767215629,22112.6,18132332.0,11056300.0,824196.91,18132.33,11056.3,0.82
2024-02-20,Khavda Renewable Energy Park,9118.448785165672,52887.0,43367340.0,26443500.0,1971242.73,43367.34,26443.5,1.97
2024-02-21,Khavda Renewable Energy Park,9275.612119417416,53798.55,44114811.0,26899275.0,2005218.68,44114.81,26899.28,2.01
2024-02-22,Khavda Renewable Energy Park,12529.750789720583,72672.55,59591491.0,36336275.0,2708704.14,59591.49,36336.28,2.71
2024-02-23,Khavda Renewable Energy Park,12274.243867116407,71190.61,58376300.2,35595305.0,2653468.19,58376.3,35595.3,2.65
2024-02-24,Khavda Renewable Energy Park,12403.682156958004,71941.36,58991915.2,35970680.0,2681450.69,58991.92,35970.68,2.68
2024-02-25,Khavda Renewable Energy Park,2799.238189688482,16235.58,13313175.6,8117790.0,605144.35,13313.18,8117.79,0.61
2024-02-26,Khavda Renewable Energy Park,2837.723668974781,16458.8,13496216.0,8229400.0,613464.36,13496.22,8229.4,0.61
2024-02-27,Khavda Renewable Energy Park,12139.678490857865,70410.14,57736314.8,35205070.0,2624377.95,57736.31,35205.07,2.62
2024-02-28,Khavda Renewable Energy Park,11913.863248313392,69100.41,56662336.2,34550205.0,2575560.74,56662.34,34550.2,2.58
2024-02-29,Khavda Renewable Energy Park,12158.460026937062,70519.07,57825637.4,35259535.0,2628438.06,57825.64,35259.54,2.63
2024-03-01,Khavda Renewable Energy Park,4542.577276423038,26346.95,21604499.0,13173475.0,982022.68,21604.5,13173.48,0.98
2024-03-02,Khavda Renewable Energy Park,12211.679451340262,70827.74,58078746.8,35413870.0,2639943.04,58078.75,35413.87,2.64
2024-03-03,Khavda Renewable Energy Park,6063.655024088091,35169.2,28838744.0,17584600.0,1310852.0,28838.74,17584.6,1.31
2024-03-04,Khavda Renewable Energy Park,11566.104841057218,67083.41,55008396.2,33541705.0,2500381.65,55008.4,33541.7,2.5
2024-03-05,Khavda Renewable Energy Park,12711.619257603212,73727.39,60456459.8,36863695.0,2748020.9,60456.46,36863.7,2.75
2024-03-06,Khavda Renewable Energy Park,11537.930730071446,66920.0,54874400.0,33460000.0,2494290.91,54874.4,33460.0,2.49
2024-03-07,Khavda Renewable Energy Park,12231.023619773488,70939.94,58170750.8,35469970.0,2644125.04,58170.75,35469.97,2.64
2024-03-08,Khavda Renewable Energy Park,11764.597764788105,68234.67,55952429.4,34117335.0,2543292.25,55952.43,34117.34,2.54
2024-03-09,Khavda Renewable Energy Park,6023.01106731634,34933.46,28645437.2,17466730.0,1302065.33,28645.44,17466.73,1.3
2024-03-10,Khavda Renewable Energy Park,7176.489369016029,41623.64,34131384.8,20811820.0,1551426.58,34131.38,20811.82,1.55
2024-03-11,Khavda Renewable Energy Park,12740.858913859942,73896.98,60595523.6,36948490.0,2754341.98,60595.52,36948.49,2.75
2024-03-12,Khavda Renewable Energy Park,11932.357496380955,69207.67,56750289.4,34603835.0,2579558.61,56750.29,34603.84,2.58
2024-03-13,Khavda Renewable Energy Park,12142.966093410369,70429.2,57751944.0,35214600.0,2625088.36,57751.94,35214.6,2.63
2024-03-14,Khavda Renewable Energy Park,12322.184426521357,71468.67,58604309.4,35734335.0,2663832.25,58604.31,35734.34,2.66
2024-03-15,Khavda Renewable Energy Park,13166.464721029162,76365.5,62619710.0,38182750.0,2846350.45,62619.71,38182.75,2.85
2024-03-16,Khavda Renewable Energy Park,12389.475237078846,71858.96,58924347.2,35929480.0,2678379.42,58924.35,35929.48,2.68
2024-03-17,Khavda Renewable Energy Park,12324.661045093784,71483.03,58616084.6,35741515.0,2664367.48,58616.08,35741.52,2.66
2024-03-18,Khavda Renewable Energy Park,10441.255239225884,60559.28,49658609.6,30279640.0,2257209.53,49658.61,30279.64,2.26
2024-03-19,Khavda Renewable Energy Park,2999.59953825619,17397.68,14266097.6,8698840.0,648458.98,14266.1,8698.84,0.65
2024-03-20,Khavda Renewable Energy Park,2974.393886188798,17251.48,14146213.6,8625740.0,643009.71,14146.21,8625.74,0.64
2024-03-21,Khavda Renewable Energy Park,6527.250421534704,37858.05,31043601.0,18929025.0,1411072.77,31043.6,18929.03,1.41
2024-03-22,Khavda Renewable Energy Park,12031.725314244914,69784.01,57222888.2,34892005.0,2601040.37,57222.89,34892.0,2.6
2024-03-23,Khavda Renewable Energy Park,3248.103406176035,18839.0,15447980.0,9419500.0,702180.91,15447.98,9419.5,0.7
2024-03-24,Khavda Renewable Energy Park,9570.53501962984,55509.1,45517462.0,27754550.0,2068975.55,45517.46,27754.55,2.07
2024-03-25,Khavda Renewable Energy Park,11595.299819932452,67252.74,55147246.8,33626370.0,2506693.04,55147.25,33626.37,2.51
2024-03-26,Khavda Renewable Energy Park,8414.912482781958,48806.49,40021321.8,24403245.0,1819150.99,40021.32,24403.24,1.82
2024-03-27,Khavda Renewable Energy Park,3467.891825337777,20113.77,16493291.4,10056885.0,749695.06,16493.29,10056.88,0.75
2024-03-28,Khavda Renewable Energy Park,435.1856640020329,2524.08,2069745.6,1262040.0,94079.35,2069.75,1262.04,0.09
2024-03-29,Khavda Renewable Energy Park,7429.200838648532,43089.36,35333275.2,21544680.0,1606057.96,35333.28,21544.68,1.61
2024-03-30,Khavda Renewable Energy Park,13531.82649593377,78484.59,64357363.8,39242295.0,2925334.72,64357.36,39242.3,2.93
2024-03-31,Khavda Renewable Energy Park,2847.358934524349,16514.68,13542037.6,8257340.0,615547.16,13542.04,8257.34,0.62
2024-04-01,Khavda Renewable Energy Park,1144.9286191871895,6640.59,5445283.8,3320295.0,247512.9,5445.28,3320.3,0.25
2024-04-02,Khavda Renewable Energy Park,5155.4107091096685,29901.38,24519131.6,14950690.0,1114505.98,24519.13,14950.69,1.11
2024-04-03,Khavda Renewable Energy Park,1631.0982058369434,9460.37,7757503.4,4730185.0,352613.79,7757.5,4730.19,0.35
2024-04-04,Khavda Renewable Energy Park,217.35628739828417,1260.67,1033749.4,630335.0,46988.61,1033.75,630.34,0.05
2024-04-05,Khavda Renewable Energy Park,58.71762476684979,340.56,279259.2,170280.0,12693.6,279.26,170.28,0.01
2024-04-06,Khavda Renewable Energy Park,13307.615636936258,77184.17,63291019.4,38592085.0,2876864.52,63291.02,38592.08,2.88
2024-04-07,Khavda Renewable Energy Park,12091.534239483562,70130.9,57507338.0,35065450.0,2613969.91,57507.34,35065.45,2.61
2024-04-08,Khavda Renewable Energy Park,13609.472681251653,78934.94,64726650.8,39467470.0,2942120.49,64726.65,39467.47,2.94
2024-04-09,Khavda Renewable Energy Park,13700.135140437196,79460.78,65157839.6,39730390.0,2961719.98,65157.84,39730.39,2.96
2024-04-10,Khavda Renewable Energy Park,3637.375028988143,21096.78,17299359.6,10548390.0,786334.53,17299.36,10548.39,0.79
2024-04-11,Khavda Renewable Energy Park,10872.82939772091,63062.41,51711176.2,31531205.0,2350508.01,51711.18,31531.2,2.35
2024-04-12,Khavda Renewable Energy Park,11723.651295480478,67997.18,55757687.6,33998590.0,2534440.35,55757.69,33998.59,2.53
2024-04-13,Khavda Renewable Energy Park,5934.490516349768,34420.04,28224432.8,17210020.0,1282928.76,28224.43,17210.02,1.28
2024-04-14,Khavda Renewable Energy Park,17.93995311017331,104.05,85321.0,52025.0,3878.23,85.32,52.02,0.0
2024-04-15,Khavda Renewable Energy Park,196.70720542146685,1140.9,935538.0,570450.0,42524.45,935.54,570.45,0.04
2024-04-16,Khavda Renewable Energy Park,4008.31427863152,23248.22,19063540.4,11624110.0,866524.56,19063.54,11624.11,0.87
2024-04-17,Khavda Renewable Energy Park,6664.495932542761,38654.08,31696345.6,19327040.0,1440742.98,31696.35,19327.04,1.44
2024-04-18,Khavda Renewable Energy Park,6277.862314094347,36411.6,29857512.0,18205800.0,1357159.64,29857.51,18205.8,1.36
2024-04-19,Khavda Renewable Energy Park,13179.36423096623,76440.31,62681054.2,38220155.0,2849138.83,62681.05,38220.16,2.85
2024-04-20,Khavda Renewable Energy Park,452.3749192431458,2623.77,2151491.4,1311885.0,97795.06,2151.49,1311.88,0.1
2024-04-21,Khavda Renewable Energy Park,9710.603702409093,56321.5,46183630.0,28160750.0,2099255.91,46183.63,28160.75,2.1
2024-04-22,Khavda Renewable Energy Park,13944.769862125047,80879.67,66321329.4,40439835.0,3014605.88,66321.33,40439.84,3.01
2024-04-23,Khavda Renewable Energy Park,13350.218011374627,77431.26,63493633.2,38715630.0,2886074.24,63493.63,38715.63,2.89
2024-04-24,Khavda Renewable Energy Park,13480.588050301623,78187.41,64113676.2,39093705.0,2914258.01,64113.68,39093.7,2.91
2024-04-25,Khavda Renewable Energy Park,12527.990726938742,72662.35,59583127.0,36331175.0,2708323.95,59583.13,36331.18,2.71
2024-04-26,Khavda Renewable Energy Park,6837.2398856752725,39655.99,32517911.8,19827995.0,1478086.9,32517.91,19828.0,1.48
2024-04-27,Khavda Renewable Energy Park,9433.96853040566,54717.02,44867956.4,27358510.0,2039452.56,44867.96,27358.51,2.04
2024-04-28,Khavda Renewable Energy Park,7660.991584635652,44433.75,36435675.0,22216875.0,1656167.05,36435.68,22216.88,1.66
2024-04-29,Khavda Renewable Energy Park,9175.291059401545,53216.69,43637685.8,26608345.0,1983531.17,43637.69,26608.34,1.98
2024-04-30,Khavda Renewable Energy Park,12772.426548779687,74080.07,60745657.4,37040035.0,2761166.25,60745.66,37040.04,2.76
2024-05-01,Khavda Renewable Energy Park,12092.386278582147,70135.84,57511388.8,35067920.0,2614154.04,57511.39,35067.92,2.61
2024-05-02,Khavda Renewable Energy Park,1152.456733526617,6684.25,5481085.0,3342125.0,249140.23,5481.08,3342.12,0.25
2024-05-03,Khavda Renewable Energy Park,421.6098353995063,2445.34,2005178.8,1222670.0,91144.49,2005.18,1222.67,0.09
2024-05-04,Khavda Renewable Energy Park,288.8092280371237,1675.09,1373573.8,837545.0,62435.17,1373.57,837.54,0.06
2024-05-05,Khavda Renewable Energy Park,6910.80665656587,40082.68,32867797.6,20041340.0,1493990.8,32867.8,20041.34,1.49
2024-05-06,Khavda Renewable Energy Park,13558.3376506747,78638.36,64483455.2,39319180.0,2931066.15,64483.46,39319.18,2.93
2024-05-07,Khavda Renewable Energy Park,13553.563752217677,78610.67,64460749.4,39305335.0,2930034.06,64460.75,39305.34,2.93
2024-05-08,Khavda Renewable Energy Park,12618.152274904389,73185.28,60011929.6,36592640.0,2727814.98,60011.93,36592.64,2.73
2024-05-09,Khavda Renewable Energy Park,11511.19814379428,66764.95,54747259.0,33382475.0,2488511.77,54747.26,33382.48,2.49
2024-05-10,Khavda Renewable Energy Park,11293.00148020115,65499.41,53709516.2,32749705.0,2441341.65,53709.52,32749.7,2.44
2024-05-11,Khavda Renewable Energy Park,12019.981776877918,69715.89,57167029.8,34857945.0,2598501.35,57167.03,34857.94,2.6
2024-05-12,Khavda Renewable Energy Park,11340.552445104073,65775.2,53935664.0,32887600.0,2451621.09,53935.66,32887.6,2.45
2024-05-13,Khavda Renewable Energy Park,12772.198680573032,74078.75,60744575.0,37039375.0,2761117.05,60744.58,37039.38,2.76
2024-05-14,Khavda Renewable Energy Park,12451.759994760832,72220.21,59220572.2,36110105.0,2691844.19,59220.57,36110.11,2.69
2024-05-15,Khavda Renewable Energy Park,9994.612247393008,57968.75,47534375.0,28984375.0,2160653.41,47534.38,28984.38,2.16
2024-05-16,Khavda Renewable Energy Park,9966.175769498752,57803.82,47399132.4,28901910.0,2154506.02,47399.13,28901.91,2.15
2024-05-17,Khavda Renewable Energy Park,13422.769031972217,77852.06,63838689.2,38926030.0,2901758.6,63838.69,38926.03,2.9
2024-05-18,Khavda Renewable Energy Park,13547.32578984407,78574.49,64431081.8,39287245.0,2928685.54,64431.08,39287.25,2.93
2024-05-19,Khavda Renewable Energy Park,13153.76475060864,76291.84,62559308.8,38145920.0,2843604.95,62559.31,38145.92,2.84
2024-05-20,Khavda Renewable Energy Park,13418.681163348938,77828.35,63819247.0,38914175.0,2900874.86,63819.25,38914.18,2.9
2024-05-21,Khavda Renewable Energy Park,13482.679115299616,78199.54,64123622.8,39099770.0,2914710.13,64123.62,39099.77,2.91
2024-05-22,Khavda Renewable Energy Park,13415.047138700927,77807.27,63801961.4,38903635.0,2900089.15,63801.96,38903.64,2.9
2024-05-23,Khavda Renewable Energy Park,13746.921278757276,79732.14,65380354.8,39866070.0,2971834.31,65380.35,39866.07,2.97
2024-05-24,Khavda Renewable Energy Park,13611.258301249138,78945.3,64735146.0,39472650.0,2942506.64,64735.15,39472.65,2.94
2024-05-25,Khavda Renewable Energy Park,12629.947175861307,73253.69,60068025.8,36626845.0,2730364.81,60068.03,36626.84,2.73
2024-05-26,Khavda Renewable Energy Park,12990.91399087302,75347.3,61784786.0,37673650.0,2808399.36,61784.79,37673.65,2.81
2024-05-27,Khavda Renewable Energy Park,12751.951016666677,73961.32,60648282.4,36980660.0,2756740.11,60648.28,36980.66,2.76
2024-05-28,Khavda Renewable Energy Park,13017.110476397074,75499.24,61909376.8,37749620.0,2814062.58,61909.38,37749.62,2.81
2024-05-29,Khavda Renewable Energy Park,11806.851524806048,68479.74,56153386.8,34239870.0,2552426.67,56153.39,34239.87,2.55
2024-05-30,Khavda Renewable Energy Park,10945.2429125036,63482.41,52055576.2,31741205.0,2366162.55,52055.58,31741.2,2.37
2024-05-31,Khavda Renewable Energy Park,10150.873083143324,58875.06,48277549.2,29437530.0,2194434.05,48277.55,29437.53,2.19
2024-06-01,Khavda Renewable Energy Park,11510.50612451193,66760.94,54743970.8,33380470.0,2488362.31,54743.97,33380.47,2.49
2024-06-02,Khavda Renewable Energy Park,12919.711090790268,74934.32,61446142.4,37467160.0,2793006.47,61446.14,37467.16,2.79
2024-06-03,Khavda Renewable Energy Park,14670.92628167936,85091.37,69774923.4,42545685.0,3171587.43,69774.92,42545.68,3.17
2024-06-04,Khavda Renewable Energy Park,12480.075186767865,72384.44,59355240.8,36192220.0,2697965.49,59355.24,36192.22,2.7
2024-06-05,Khavda Renewable Energy Park,11212.003339464136,65029.62,53324288.4,32514810.0,2423831.29,53324.29,32514.81,2.42
2024-06-06,Khavda Renewable Energy Park,12102.3347328925,70193.54,57558702.8,35096770.0,2616304.67,57558.7,35096.77,2.62
2024-06-07,Khavda Renewable Energy Park,12447.891044263351,72197.77,59202171.4,36098885.0,2691007.79,59202.17,36098.88,2.69
2024-06-08,Khavda Renewable Energy Park,10930.642348295953,63397.73,51986138.6,31698865.0,2363006.3,51986.14,31698.86,2.36
2024-06-09,Khavda Renewable Energy Park,14358.76590238102,83280.84,68290288.8,41640420.0,3104104.04,68290.29,41640.42,3.1
2024-06-10,Khavda Renewable Energy Park,13261.73707576926,76918.08,63072825.6,38459040.0,2866946.62,63072.83,38459.04,2.87
2024-06-11,Khavda Renewable Energy Park,13370.172296244957,77547.0,63588540.0,38773500.0,2890388.18,63588.54,38773.5,2.89
2024-06-12,Khavda Renewable Energy Park,12304.077576554131,71363.65,58518193.0,35681825.0,2659917.86,58518.19,35681.82,2.66
2024-06-13,Khavda Renewable Energy Park,7298.645767413236,42332.15,34712363.0,21166075.0,1577834.68,34712.36,21166.08,1.58
2024-06-14,Khavda Renewable Energy Park,7907.30069382075,45862.34,37607118.8,22931170.0,1709414.49,37607.12,22931.17,1.71
2024-06-15,Khavda Renewable Energy Park,9303.338167427828,53959.36,44246675.2,26979680.0,2011212.51,44246.68,26979.68,2.01
2024-06-16,Khavda Renewable Energy Park,10370.153355784258,60146.89,49320449.8,30073445.0,2241838.63,49320.45,30073.44,2.24
2024-06-17,Khavda Renewable Energy Park,9606.12607932801,55715.53,45686734.6,27857765.0,2076669.75,45686.73,27857.76,2.08
2024-06-18,Khavda Renewable Energy Park,7017.825604480092,40703.39,33376779.8,20351695.0,1517126.35,33376.78,20351.7,1.52
2024-06-19,Khavda Renewable Energy Park,3683.814296887153,21366.12,17520218.4,10683060.0,796373.56,17520.22,10683.06,0.8
2024-06-20,Khavda Renewable Energy Park,8689.697044472588,50400.24,41328196.8,25200120.0,1878554.4,41328.2,25200.12,1.88
2024-06-21,Khavda Renewable Energy Park,3284.4626180879773,19049.88,15620901.6,9524940.0,710040.98,15620.9,9524.94,0.71
2024-06-22,Khavda Renewable Energy Park,10208.666299918194,59210.26,48552413.2,29605130.0,2206927.87,48552.41,29605.13,2.21
2024-06-23,Khavda Renewable Energy Park,12500.039337806793,72500.23,59450188.6,36250115.0,2702281.3,59450.19,36250.12,2.7
2024-06-24,Khavda Renewable Energy Park,5013.215760933623,29076.65,23842853.0,14538325.0,1083766.05,23842.85,14538.32,1.08
2024-06-25,Khavda Renewable Energy Park,1831.6530786871656,10623.59,8711343.8,5311795.0,395970.17,8711.34,5311.8,0.4
2024-06-26,Khavda Renewable Energy Park,403.7750984172467,2341.9,1920358.0,1170950.0,87289.0,1920.36,1170.95,0.09
2024-06-27,Khavda Renewable Energy Park,1847.1042422203525,10713.2,8784824.0,5356600.0,399310.18,8784.82,5356.6,0.4
2024-06-28,Khavda Renewable Energy Park,2780.1041685603373,16124.6,13222172.0,8062300.0,601007.82,13222.17,8062.3,0.6
2024-06-29,Khavda Renewable Energy Park,601.6711444988221,3489.69,2861545.8,1744845.0,130070.26,2861.55,1744.84,0.13
2024-06-30,Khavda Renewable Energy Park,436.6290849836898,2532.45,2076609.0,1266225.0,94391.32,2076.61,1266.22,0.09
2024-07-01,Khavda Renewable Energy Park,2049.596592638116,11887.66,9747881.2,5943830.0,443085.51,9747.88,5943.83,0.44
2024-07-02,Khavda Renewable Energy Park,116.90099450913932,678.03,555984.6,339015.0,25272.03,555.98,339.02,0.03
2024-07-03,Khavda Renewable Energy Park,2459.951912564444,14267.72,11699530.4,7133860.0,531796.84,11699.53,7133.86,0.53
2024-07-04,Khavda Renewable Energy Park,239.132408560139,1386.97,1137315.4,693485.0,51696.15,1137.32,693.48,0.05
2024-07-05,Khavda Renewable Energy Park,119.9251131037764,695.57,570367.4,347785.0,25925.79,570.37,347.78,0.03
2024-07-06,Khavda Renewable Energy Park,2032.720761646488,11789.78,9667619.6,5894890.0,439437.25,9667.62,5894.89,0.44
2024-07-07,Khavda Renewable Energy Park,5980.055183588818,34684.32,28441142.4,17342160.0,1292779.2,28441.14,17342.16,1.29
2024-07-08,Khavda Renewable Energy Park,1878.689082425128,10896.4,8935048.0,5448200.0,406138.55,8935.05,5448.2,0.41
2024-07-09,Khavda Renewable Energy Park,379.7939650615451,2202.8,1806296.0,1101400.0,82104.36,1806.3,1101.4,0.08
2024-07-10,Khavda Renewable Energy Park,4636.5324509881575,26891.89,22051349.8,13445945.0,1002334.08,22051.35,13445.94,1.0
2024-07-11,Khavda Renewable Energy Park,4240.924506468753,24597.36,20169835.2,12298680.0,916810.69,20169.84,12298.68,0.92
2024-07-12,Khavda Renewable Energy Park,5595.928997810615,32456.39,26614239.8,16228195.0,1209738.17,26614.24,16228.2,1.21
2024-07-13,Khavda Renewable Energy Park,5532.068991829821,32086.0,26310520.0,16043000.0,1195932.73,26310.52,16043.0,1.2
2024-07-14,Khavda Renewable Energy Park,4602.034383172121,26691.8,21887276.0,13345900.0,994876.18,21887.28,13345.9,0.99
2024-07-15,Khavda Renewable Energy Park,5072.4267124326,29420.07,24124457.4,14710035.0,1096566.25,24124.46,14710.04,1.1
2024-07-16,Khavda Renewable Energy Park,657.6119683010953,3814.15,3127603.0,1907075.0,142163.77,3127.6,1907.08,0.14
2024-07-17,Khavda Renewable Energy Park,1127.2352518727882,6537.96,5361127.2,3268980.0,243687.6,5361.13,3268.98,0.24
2024-07-18,Khavda Renewable Energy Park,922.250032050834,5349.05,4386221.0,2674525.0,199373.68,4386.22,2674.52,0.2
2024-07-19,Khavda Renewable Energy Park,779.5624942510005,4521.46,3707597.2,2260730.0,168527.15,3707.6,2260.73,0.17
2024-07-20,Khavda Renewable Energy Park,3819.9008540933737,22155.42,18167444.4,11077710.0,825792.93,18167.44,11077.71,0.83
2024-07-21,Khavda Renewable Energy Park,5448.390635920426,31600.67,25912549.4,15800335.0,1177843.15,25912.55,15800.34,1.18
2024-07-22,Khavda Renewable Energy Park,863.0671071220949,5005.79,4104747.8,2502895.0,186579.45,4104.75,2502.9,0.19
2024-07-23,Khavda Renewable Energy Park,213.06156531060265,1235.76,1013323.2,617880.0,46060.15,1013.32,617.88,0.05
2024-07-24,Khavda Renewable Energy Park,1008.5928499568276,5849.84,4796868.8,2924920.0,218039.49,4796.87,2924.92,0.22
2024-07-25,Khavda Renewable Energy Park,2735.6702173471986,15866.89,13010849.8,7933445.0,591402.26,13010.85,7933.44,0.59
2024-07-26,Khavda Renewable Energy Park,747.3858424623601,4334.84,3554568.8,2167420.0,161571.31,3554.57,2167.42,0.16
2024-07-27,Khavda Renewable Energy Park,665.5653609403466,3860.28,3165429.6,1930140.0,143883.16,3165.43,1930.14,0.14
2024-07-28,Khavda Renewable Energy Park,10.256872302623696,59.49,48781.8,29745.0,2217.35,48.78,29.74,0.0
2024-07-29,Khavda Renewable Energy Park,6.385678278795408,37.04,30372.8,18520.0,1380.58,30.37,18.52,0.0
2024-07-30,Khavda Renewable Energy Park,1303.9956787318138,7563.17,6201799.4,3781585.0,281899.97,6201.8,3781.58,0.28
2024-07-31,Khavda Renewable Energy Park,2320.832024960413,13460.83,11037880.6,6730415.0,501721.85,11037.88,6730.42,0.5
2024-08-01,Khavda Renewable Energy Park,964.0370305391197,5591.41,4584956.2,2795705.0,208407.1,4584.96,2795.7,0.21
2024-08-02,Khavda Renewable Energy Park,0.0,0.0,0.0,0.0,0.0,0.0,0.0,0.0
2024-08-03,Khavda Renewable Energy Park,21.100291897097676,122.38,100351.6,61190.0,4561.44,100.35,61.19,0.0
2024-08-04,Khavda Renewable Energy Park,1769.9836318200664,10265.91,8418046.2,5132955.0,382638.46,8418.05,5132.96,0.38
2024-08-05,Khavda Renewable Energy Park,778.5232440578262,4515.43,3702652.6,2257715.0,168302.39,3702.65,2257.72,0.17
2024-08-06,Khavda Renewable Energy Park,15.808466072959938,91.69,75185.8,45845.0,3417.54,75.19,45.84,0.0
2024-08-07,Khavda Renewable Energy Park,1838.859983941329,10665.39,8745619.8,5332695.0,397528.17,8745.62,5332.7,0.4
2024-08-08,Khavda Renewable Energy Park,2673.8137937261204,15508.12,12716658.4,7754060.0,578029.93,12716.66,7754.06,0.58
2024-08-09,Khavda Renewable Energy Park,782.0954216151357,4536.15,3719643.0,2268075.0,169074.68,3719.64,2268.07,0.17
2024-08-10,Khavda Renewable Energy Park,688.2647754158967,3991.94,3273390.8,1995970.0,148790.49,3273.39,1995.97,0.15
2024-08-11,Khavda Renewable Energy Park,934.877554810526,5422.29,4446277.8,2711145.0,202103.54,4446.28,2711.14,0.2
2024-08-12,Khavda Renewable Energy Park,1069.5609997387808,6203.45,5086829.0,3101725.0,231219.5,5086.83,3101.72,0.23
2024-08-13,Khavda Renewable Energy Park,3454.21371118586,20034.44,16428240.8,10017220.0,746738.22,16428.24,10017.22,0.75
2024-08-14,Khavda Renewable Energy Park,419.2228338375648,2431.49,1993821.8,1215745.0,90628.26,1993.82,1215.74,0.09
2024-08-15,Khavda Renewable Energy Park,744.2051372539714,4316.39,3539439.8,2158195.0,160883.63,3539.44,2158.2,0.16
2024-08-16,Khavda Renewable Energy Park,312.43505339894915,1812.12,1485938.4,906060.0,67542.65,1485.94,906.06,0.07
2024-08-17,Khavda Renewable Energy Park,12.891473888117387,74.77,61311.4,37385.0,2786.88,61.31,37.38,0.0
2024-08-18,Khavda Renewable Energy Park,2549.4437485563976,14786.77,12125151.4,7393385.0,551143.25,12125.15,7393.38,0.55
2024-08-19,Khavda Renewable Energy Park,5129.516681359515,29751.2,24395984.0,14875600.0,1108908.36,24395.98,14875.6,1.11
2024-08-20,Khavda Renewable Energy Park,9728.116482652937,56423.08,46266925.6,28211540.0,2103042.07,46266.93,28211.54,2.1
2024-08-21,Khavda Renewable Energy Park,7833.540634671162,45434.54,37256322.8,22717270.0,1693469.22,37256.32,22717.27,1.69
2024-08-22,Khavda Renewable Energy Park,4670.53466285039,27089.1,22213062.0,13544550.0,1009684.64,22213.06,13544.55,1.01
2024-08-23,Khavda Renewable Energy Park,2360.886269013856,13693.14,11228374.8,6846570.0,510380.67,11228.37,6846.57,0.51
2024-08-24,Khavda Renewable Energy Park,1026.8780731403128,5955.89,4883829.8,2977945.0,221992.26,4883.83,2977.94,0.22
2024-08-25,Khavda Renewable Energy Park,190.8963625730809,1107.2,907904.0,553600.0,41268.36,907.9,553.6,0.04
2024-08-26,Khavda Renewable Energy Park,0.0,0.0,0.0,0.0,0.0,0.0,0.0,0.0
2024-08-27,Khavda Renewable Energy Park,0.0,0.0,0.0,0.0,0.0,0.0,0.0,0.0
2024-08-28,Khavda Renewable Energy Park,0.0,0.0,0.0,0.0,0.0,0.0,0.0,0.0
2024-08-29,Khavda Renewable Energy Park,0.0,0.0,0.0,0.0,0.0,0.0,0.0,0.0
2024-08-30,Khavda Renewable Energy Park,0.0,0.0,0.0,0.0,0.0,0.0,0.0,0.0
2024-08-31,Khavda Renewable Energy Park,3758.871112558553,21801.45,17877189.0,10900725.0,812599.5,17877.19,10900.72,0.81
2024-09-01,Khavda Renewable Energy Park,6048.000065860191,35078.4,28764288.0,17539200.0,1307467.64,28764.29,17539.2,1.31
2024-09-02,Khavda Renewable Energy Park,1778.1768191651568,10313.43,8457012.6,5156715.0,384409.66,8457.01,5156.72,0.38
2024-09-03,Khavda Renewable Energy Park,90.35100623860696,524.04,429712.8,262020.0,19532.4,429.71,262.02,0.02
2024-09-04,Khavda Renewable Energy Park,485.4081764210304,2815.37,2308603.4,1407685.0,104936.52,2308.6,1407.68,0.1
2024-09-05,Khavda Renewable Energy Park,2684.6700854362325,15571.09,12768293.8,7785545.0,580376.99,12768.29,7785.54,0.58
2024-09-06,Khavda Renewable Energy Park,6915.199715490904,40108.16,32888691.2,20054080.0,1494940.51,32888.69,20054.08,1.49
2024-09-07,Khavda Renewable Energy Park,9382.63283334539,54419.27,44623801.4,27209635.0,2028354.61,44623.8,27209.64,2.03
2024-09-08,Khavda Renewable Energy Park,7633.696030883618,44275.44,36305860.8,22137720.0,1650266.4,36305.86,22137.72,1.65
2024-09-09,Khavda Renewable Energy Park,8374.620940967912,48572.8,39829696.0,24286400.0,1810440.73,39829.7,24286.4,1.81
2024-09-10,Khavda Renewable Energy Park,9450.22835996603,54811.32,44945282.4,27405660.0,2042967.38,44945.28,27405.66,2.04
2024-09-11,Khavda Renewable Energy Park,7311.100834232922,42404.38,34771591.6,21202190.0,1580526.89,34771.59,21202.19,1.58
2024-09-12,Khavda Renewable Energy Park,6951.0904334324205,40316.32,33059382.4,20158160.0,1502699.2,33059.38,20158.16,1.5
2024-09-13,Khavda Renewable Energy Park,6362.307655290007,36901.38,30259131.6,18450690.0,1375415.07,30259.13,18450.69,1.38
2024-09-14,Khavda Renewable Energy Park,8029.530030033919,46571.27,38188441.4,23285635.0,1735838.25,38188.44,23285.64,1.74
2024-09-15,Khavda Renewable Energy Park,8926.063758936694,51771.17,42452359.4,25885585.0,1929652.7,42452.36,25885.58,1.93
2024-09-16,Khavda Renewable Energy Park,7275.740141792597,42199.29,34603417.8,21099645.0,1572882.63,34603.42,21099.64,1.57
2024-09-17,Khavda Renewable Energy Park,10048.646066567026,58282.15,47791363.0,29141075.0,2172334.68,47791.36,29141.08,2.17
2024-09-18,Khavda Renewable Energy Park,12060.96453107221,69953.59,57361943.8,34976795.0,2607361.08,57361.94,34976.8,2.61
2024-09-19,Khavda Renewable Energy Park,12851.077600260587,74536.25,61119725.0,37268125.0,2778169.32,61119.72,37268.12,2.78
2024-09-20,Khavda Renewable Energy Park,11991.926592759011,69553.17,57033599.4,34776585.0,2592436.34,57033.6,34776.58,2.59
2024-09-21,Khavda Renewable Energy Park,10496.339843330548,60878.77,49920591.4,30439385.0,2269117.79,49920.59,30439.38,2.27
2024-09-22,Khavda Renewable Energy Park,12427.958734185602,72082.16,59107371.2,36041080.0,2686698.69,59107.37,36041.08,2.69
2024-09-23,Khavda Renewable Energy Park,7531.493751014315,43682.66,35819781.2,21841330.0,1628171.87,35819.78,21841.33,1.63
2024-09-24,Khavda Renewable Energy Park,5191.2045313589415,30108.99,24689371.8,15054495.0,1122244.17,24689.37,15054.5,1.12
2024-09-25,Khavda Renewable Energy Park,8457.076481736367,49051.04,40221852.8,24525520.0,1828266.04,40221.85,24525.52,1.83
2024-09-26,Khavda Renewable Energy Park,2160.492559756166,12530.86,10275305.2,6265430.0,467059.33,10275.31,6265.43,0.47
2024-09-27,Khavda Renewable Energy Park,2020.585609280256,11719.4,9609908.0,5859700.0,436814.0,9609.91,5859.7,0.44
2024-09-28,Khavda Renewable Energy Park,5649.057995756074,32764.54,26866922.8,16382270.0,1221223.76,26866.92,16382.27,1.22
2024-09-29,Khavda Renewable Energy Park,4630.810786518711,26858.7,22024134.0,13429350.0,1001097.0,22024.13,13429.35,1.0
2024-09-30,Khavda Renewable Energy Park,8607.258426381866,49922.1,40936122.0,24961050.0,1860732.82,40936.12,24961.05,1.86
2024-10-01,Khavda Renewable Energy Park,11240.855601387815,65196.96,53461507.2,32598480.0,2430068.51,53461.51,32598.48,2.43
2024-10-02,Khavda Renewable Energy Park,11901.983869072705,69031.51,56605838.2,34515755.0,2572992.65,56605.84,34515.75,2.57
2024-10-03,Khavda Renewable Energy Park,11430.682014543168,66297.96,54364327.2,33148980.0,2471105.78,54364.33,33148.98,2.47
2024-10-04,Khavda Renewable Energy Park,4966.596582212497,28806.26,23621133.2,14403130.0,1073687.87,23621.13,14403.13,1.07
2024-10-05,Khavda Renewable Energy Park,8563.580652872866,49668.77,40728391.4,24834385.0,1851290.52,40728.39,24834.38,1.85
2024-10-06,Khavda Renewable Energy Park,8269.37496037436,47962.37,39329143.4,23981185.0,1787688.34,39329.14,23981.18,1.79
2024-10-07,Khavda Renewable Energy Park,10264.133861503751,59531.98,48816223.6,29765990.0,2218919.25,48816.22,29765.99,2.22
2024-10-08,Khavda Renewable Energy Park,9778.14371340812,56713.23,46504848.6,28356615.0,2113856.75,46504.85,28356.62,2.11
2024-10-09,Khavda Renewable Energy Park,9568.445236962863,55496.98,45507523.6,27748490.0,2068523.8,45507.52,27748.49,2.07
2024-10-10,Khavda Renewable Energy Park,9993.196191721416,57960.54,47527642.8,28980270.0,2160347.4,47527.64,28980.27,2.16
2024-10-11,Khavda Renewable Energy Park,5226.106904755869,30311.42,24855364.4,15155710.0,1129789.29,24855.36,15155.71,1.13
2024-10-12,Khavda Renewable Energy Park,726.7897644040206,4215.38,3456611.6,2107690.0,157118.71,3456.61,2107.69,0.16
2024-10-13,Khavda Renewable Energy Park,323.9712107079939,1879.03,1540804.6,939515.0,70036.57,1540.8,939.52,0.07
2024-10-14,Khavda Renewable Energy Park,67.88661350395567,393.74,322866.8,196870.0,14675.76,322.87,196.87,0.01
2024-10-15,Khavda Renewable Energy Park,6340.0809593567255,36772.47,30153425.4,18386235.0,1370610.25,30153.43,18386.24,1.37
2024-10-16,Khavda Renewable Energy Park,10142.663903810402,58827.45,48238509.0,29413725.0,2192659.5,48238.51,29413.72,2.19
2024-10-17,Khavda Renewable Energy Park,7524.747324679079,43643.53,35787694.6,21821765.0,1626713.39,35787.69,21821.76,1.63
2024-10-18,Khavda Renewable Energy Park,4461.543812115336,25876.95,21219099.0,12938475.0,964504.5,21219.1,12938.48,0.96
2024-10-19,Khavda Renewable Energy Park,7677.805864813783,44531.27,36515641.4,22265635.0,1659801.88,36515.64,22265.64,1.66
2024-10-20,Khavda Renewable Energy Park,10102.916028888376,58596.91,48049466.2,29298455.0,2184066.65,48049.47,29298.46,2.18
2024-10-21,Khavda Renewable Energy Park,8992.1592276803,52154.52,42766706.4,26077260.0,1943941.2,42766.71,26077.26,1.94
2024-10-22,Khavda Renewable Energy Park,10621.788209071532,61606.37,50517223.4,30803185.0,2296237.43,50517.22,30803.18,2.3
2024-10-23,Khavda Renewable Energy Park,10474.35970855686,60751.29,49816057.8,30375645.0,2264366.26,49816.06,30375.64,2.26
2024-10-24,Khavda Renewable Energy Park,10932.81468634151,63410.33,51996470.6,31705165.0,2363475.94,51996.47,31705.16,2.36
2024-10-25,Khavda Renewable Energy Park,9138.34754740207,53002.42,43461984.4,26501210.0,1975544.75,43461.98,26501.21,1.98
2024-10-26,Khavda Renewable Energy Park,9192.47001703682,53316.33,43719390.6,26658165.0,1987245.03,43719.39,26658.16,1.99
2024-10-27,Khavda Renewable Energy Park,8430.212904510887,48895.23,40094088.6,24447615.0,1822458.57,40094.09,24447.62,1.82
2024-10-28,Khavda Renewable Energy Park,10488.948850461024,60835.9,49885438.0,30417950.0,2267519.91,49885.44,30417.95,2.27
2024-10-29,Khavda Renewable Energy Park,10996.87809636184,63781.89,52301149.8,31890945.0,2377324.99,52301.15,31890.94,2.38
2024-10-30,Khavda Renewable Energy Park,9621.5428871749,55804.95,45760059.0,27902475.0,2080002.68,45760.06,27902.48,2.08
2024-10-31,Khavda Renewable Energy Park,9077.549812150515,52649.79,43172827.8,26324895.0,1962401.26,43172.83,26324.9,1.96
2024-11-01,Khavda Renewable Energy Park,9335.23967452353,54144.39,44398399.8,27072195.0,2018109.08,44398.4,27072.2,2.02
2024-11-02,Khavda Renewable Energy Park,9479.225927933609,54979.51,45083198.2,27489755.0,2049236.28,45083.2,27489.76,2.05
2024-11-03,Khavda Renewable Energy Park,10024.680506424223,58143.15,47677383.0,29071575.0,2167153.77,47677.38,29071.58,2.17
2024-11-04,Khavda Renewable Energy Park,10017.24011795935,58099.99,47641991.8,29049995.0,2165545.08,47641.99,29050.0,2.17
2024-11-05,Khavda Renewable Energy Park,10247.271976804306,59434.18,48736027.6,29717090.0,2215273.98,48736.03,29717.09,2.22
2024-11-06,Khavda Renewable Energy Park,10092.441865249535,58536.16,47999651.2,29268080.0,2181802.33,47999.65,29268.08,2.18
2024-11-07,Khavda Renewable Energy Park,10303.929510213367,59762.79,49005487.8,29881395.0,2227522.17,49005.49,29881.4,2.23
2024-11-08,Khavda Renewable Energy Park,8889.481853314159,51558.99,42278371.8,25779495.0,1921744.17,42278.37,25779.5,1.92
2024-11-09,Khavda Renewable Energy Park,10027.34226218157,58158.59,47690043.8,29079295.0,2167729.26,47690.04,29079.3,2.17
2024-11-10,Khavda Renewable Energy Park,10082.3327909359,58477.53,47951574.6,29238765.0,2179617.03,47951.57,29238.76,2.18
2024-11-11,Khavda Renewable Energy Park,10863.414031751936,63007.8,51666396.0,31503900.0,2348472.55,51666.4,31503.9,2.35
2024-11-12,Khavda Renewable Energy Park,9426.76466994809,54675.24,44833696.8,27337620.0,2037895.31,44833.7,27337.62,2.04
2024-11-13,Khavda Renewable Energy Park,9751.23429876046,56557.16,46376871.2,28278580.0,2108039.6,46376.87,28278.58,2.11
2024-11-14,Khavda Renewable Energy Park,9692.566145006798,56216.88,46097841.6,28108440.0,2095356.44,46097.84,28108.44,2.1
2024-11-15,Khavda Renewable Energy Park,9513.836140479583,55180.25,45247805.0,27590125.0,2056718.41,45247.8,27590.12,2.06
2024-11-16,Khavda Renewable Energy Park,10376.142607290729,60181.63,49348936.6,30090815.0,2243133.48,49348.94,30090.82,2.24
2024-11-17,Khavda Renewable Energy Park,9892.37146665478,57375.75,47048115.0,28687875.0,2138550.68,47048.12,28687.88,2.14
2024-11-18,Khavda Renewable Energy Park,9912.015115497892,57489.69,47141545.8,28744845.0,2142797.54,47141.55,28744.84,2.14
2024-11-19,Khavda Renewable Energy Park,9504.3862759191,55125.44,45202860.8,27562720.0,2054675.49,45202.86,27562.72,2.05
2024-11-20,Khavda Renewable Energy Park,9428.961093214846,54687.97,44844135.4,27343985.0,2038369.79,44844.14,27343.98,2.04
2024-11-21,Khavda Renewable Energy Park,9527.473309358902,55259.35,45312667.0,27629675.0,2059666.68,45312.67,27629.68,2.06
2024-11-22,Khavda Renewable Energy Park,9583.76437880243,55585.83,45580380.6,27792915.0,2071835.48,45580.38,27792.92,2.07
2024-11-23,Khavda Renewable Energy Park,9332.944454086244,54131.08,44387485.6,27065540.0,2017612.98,44387.49,27065.54,2.02
2024-11-24,Khavda Renewable Energy Park,7874.244146490922,45670.62,37449908.4,22835310.0,1702268.56,37449.91,22835.31,1.7
2024-11-25,Khavda Renewable Energy Park,9424.987115044583,54664.93,44825242.6,27332465.0,2037511.03,44825.24,27332.46,2.04
2024-11-26,Khavda Renewable Energy Park,9659.896514435204,56027.4,45942468.0,28013700.0,2088294.0,45942.47,28013.7,2.09
2024-11-27,Khavda Renewable Energy Park,9394.890687151552,54490.37,44682103.4,27245185.0,2031004.7,44682.1,27245.18,2.03
2024-11-28,Khavda Renewable Energy Park,7512.119076292048,43570.29,35727637.8,21785145.0,1623983.54,35727.64,21785.14,1.62
2024-11-29,Khavda Renewable Energy Park,9324.2700084535,54080.77,44346231.4,27040385.0,2015737.79,44346.23,27040.38,2.02
2024-11-30,Khavda Renewable Energy Park,9252.135676817015,53662.39,44003159.8,26831195.0,2000143.63,44003.16,26831.2,2.0
2024-12-01,Khavda Renewable Energy Park,9106.950496663823,52820.31,43312654.2,26410155.0,1968757.01,43312.65,26410.16,1.97
2024-12-02,Khavda Renewable Energy Park,9011.611627101667,52267.35,42859227.0,26133675.0,1948146.68,42859.23,26133.68,1.95
2024-12-03,Khavda Renewable Energy Park,7822.718138899558,45371.77,37204851.4,22685885.0,1691129.61,37204.85,22685.88,1.69
2024-12-04,Khavda Renewable Energy Park,7080.270645530592,41065.57,33673767.4,20532785.0,1530625.79,33673.77,20532.78,1.53
2024-12-05,Khavda Renewable Energy Park,6361.265079770032,36895.34,30254178.8,18447670.0,1375189.95,30254.18,18447.67,1.38
2024-12-06,Khavda Renewable Energy Park,2687.9024745898264,15589.83,12783660.6,7794915.0,581075.48,12783.66,7794.92,0.58
2024-12-07,Khavda Renewable Energy Park,5549.7835836750055,32188.74,26394766.8,16094370.0,1199762.13,26394.77,16094.37,1.2
2024-12-08,Khavda Renewable Energy Park,8499.927783776191,49299.58,40425655.6,24649790.0,1837529.8,40425.66,24649.79,1.84
2024-12-09,Khavda Renewable Energy Park,8801.968050281072,51051.41,41862156.2,25525705.0,1902825.28,41862.16,25525.7,1.9
2024-12-10,Khavda Renewable Energy Park,7699.055456612053,44654.52,36616706.4,22327260.0,1664395.75,36616.71,22327.26,1.66
2024-12-11,Khavda Renewable Energy Park,7326.05813957496,42491.14,34842734.8,21245570.0,1583760.67,34842.73,21245.57,1.58
2024-12-12,Khavda Renewable Energy Park,9028.471668242224,52365.14,42939414.8,26182570.0,1951791.58,42939.41,26182.57,1.95
2024-12-13,Khavda Renewable Energy Park,8005.990854924499,46434.75,38076495.0,23217375.0,1730749.77,38076.5,23217.38,1.73
2024-12-14,Khavda Renewable Energy Park,9642.694447312824,55927.63,45860656.6,27963815.0,2084575.3,45860.66,27963.82,2.08
2024-12-15,Khavda Renewable Energy Park,9441.083498885777,54758.28,44901789.6,27379140.0,2040990.44,44901.79,27379.14,2.04
2024-12-16,Khavda Renewable Energy Park,10124.671937439844,58723.1,48152942.0,29361550.0,2188770.09,48152.94,29361.55,2.19
2024-12-17,Khavda Renewable Energy Park,9809.48333704958,56895.0,46653900.0,28447500.0,2120631.82,46653.9,28447.5,2.12
2024-12-18,Khavda Renewable Energy Park,4383.197334028328,25422.54,20846482.8,12711270.0,947567.4,20846.48,12711.27,0.95
2024-12-19,Khavda Renewable Energy Park,5002.788013469432,29016.17,23793259.4,14508085.0,1081511.79,23793.26,14508.08,1.08
2024-12-20,Khavda Renewable Energy Park,6257.094107211383,36291.15,29758743.0,18145575.0,1352670.14,29758.74,18145.58,1.35
2024-12-21,Khavda Renewable Energy Park,7573.496526293451,43926.28,36019549.6,21963140.0,1637252.25,36019.55,21963.14,1.64
2024-12-22,Khavda Renewable Energy Park,8676.321773578855,50322.67,41264589.4,25161335.0,1875663.15,41264.59,25161.34,1.88
2024-12-23,Khavda Renewable Energy Park,8965.401025670059,51999.33,42639450.6,25999665.0,1938156.85,42639.45,25999.66,1.94
2024-12-24,Khavda Renewable Energy Park,9290.029752596456,53882.17,44183379.4,26941085.0,2008335.43,44183.38,26941.08,2.01
2024-12-25,Khavda Renewable Energy Park,9551.160630226515,55396.73,45425318.6,27698365.0,2064787.21,45425.32,27698.36,2.06
2024-12-26,Khavda Renewable Energy Park,10149.31869431316,58866.05,48270161.0,29433025.0,2194098.23,48270.16,29433.02,2.19
2024-12-27,Khavda Renewable Energy Park,9396.022970374914,54496.93,44687482.6,27248465.0,2031249.21,44687.48,27248.46,2.03
2024-12-28,Khavda Renewable Energy Park,10263.19716076358,59526.54,48811762.8,29763270.0,2218716.49,48811.76,29763.27,2.22
2024-12-29,Khavda Renewable Energy Park,9792.975794397462,56799.26,46575393.2,28399630.0,2117063.33,46575.39,28399.63,2.12
2024-12-30,Khavda Renewable Energy Park,9801.61858751208,56849.39,46616499.8,28424695.0,2118931.81,46616.5,28424.7,2.12
2024-12-31,Khavda Renewable Energy Park,7354.360330434984,42655.29,34977337.8,21327645.0,1589878.99,34977.34,21327.64,1.59
2026-01-01,Khavda Renewable Energy Park,8856.050563701592,51365.09,42119373.8,25682545.0,1914516.99,42119.37,25682.54,1.91
2026-01-02,Khavda Renewable Energy Park,9474.740823426124,54953.5,45061870.0,27476750.0,2048266.82,45061.87,27476.75,2.05
2026-01-03,Khavda Renewable Energy Park,9676.509329656335,56123.75,46021475.0,28061875.0,2091885.23,46021.48,28061.88,2.09
2026-01-04,Khavda Renewable Energy Park,9268.561360034128,53757.66,44081281.2,26878830.0,2003694.6,44081.28,26878.83,2.0
2026-01-05,Khavda Renewable Energy Park,8974.142606528872,52050.03,42681024.6,26025015.0,1940046.57,42681.02,26025.02,1.94
2026-01-06,Khavda Renewable Energy Park,9023.368879111533,52335.54,42915142.8,26167770.0,1950688.31,42915.14,26167.77,1.95
2026-01-07,Khavda Renewable Energy Park,9131.312422775316,52961.61,43428520.2,26480805.0,1974023.65,43428.52,26480.8,1.97
2026-01-08,Khavda Renewable Energy Park,8980.075325275036,52084.44,42709240.8,26042220.0,1941329.13,42709.24,26042.22,1.94
2026-01-09,Khavda Renewable Energy Park,10182.988806901209,59061.34,48430298.8,29530670.0,2201377.22,48430.3,29530.67,2.2
2026-01-10,Khavda Renewable Energy Park,10521.761068584878,61026.21,50041492.2,30513105.0,2274613.28,50041.49,30513.1,2.27
2026-01-11,Khavda Renewable Energy Park,10434.20657432231,60518.4,49625088.0,30259200.0,2255685.82,49625.09,30259.2,2.26
2026-01-12,Khavda Renewable Energy Park,9675.31612819242,56116.83,46015800.6,28058415.0,2091627.3,46015.8,28058.42,2.09
2026-01-13,Khavda Renewable Energy Park,10189.37778622208,59098.39,48460679.8,29549195.0,2202758.17,48460.68,29549.2,2.2
2026-01-14,Khavda Renewable Energy Park,9807.133852654371,56881.38,46642731.6,28440690.0,2120124.16,46642.73,28440.69,2.12
2026-01-15,Khavda Renewable Energy Park,8912.685472200692,51693.58,42388735.6,25846790.0,1926760.71,42388.74,25846.79,1.93
2026-01-16,Khavda Renewable Energy Park,6698.515125681005,38851.39,31858139.8,19425695.0,1448097.26,31858.14,19425.7,1.45
2026-01-17,Khavda Renewable Energy Park,6752.949433982848,39167.11,32117030.2,19583555.0,1459865.01,32117.03,19583.56,1.46
2026-01-18,Khavda Renewable Energy Park,9724.977843073651,56404.87,46251993.4,28202435.0,2102363.34,46251.99,28202.44,2.1
2026-01-19,Khavda Renewable Energy Park,9854.652238806086,57156.98,46868723.6,28578490.0,2130396.53,46868.72,28578.49,2.13
2026-01-20,Khavda Renewable Energy Park,9901.302696101186,57427.56,47090599.2,28713780.0,2140481.78,47090.6,28713.78,2.14
2026-01-21,Khavda Renewable Energy Park,9901.937946326298,57431.24,47093616.8,28715620.0,2140618.95,47093.62,28715.62,2.14
2026-01-22,Khavda Renewable Energy Park,8037.338520422292,46616.56,38225579.2,23308280.0,1737526.33,38225.58,23308.28,1.74
2026-01-23,Khavda Renewable Energy Park,9832.25149281752,57027.06,46762189.2,28513530.0,2125554.05,46762.19,28513.53,2.13
2026-01-24,Khavda Renewable Energy Park,5059.209582079794,29343.42,24061604.4,14671710.0,1093709.29,24061.6,14671.71,1.09
2026-01-25,Khavda Renewable Energy Park,1691.557706466324,9811.03,8045044.6,4905515.0,365683.85,8045.04,4905.52,0.37
2026-01-26,Khavda Renewable Energy Park,4878.552235358087,28295.6,23202392.0,14147800.0,1054654.18,23202.39,14147.8,1.05
2026-01-27,Khavda Renewable Energy Park,10640.450818760915,61714.61,50605980.2,30857305.0,2300271.83,50605.98,30857.3,2.3
2026-01-28,Khavda Renewable Energy Park,9250.635615670411,53653.69,43996025.8,26826845.0,1999819.35,43996.03,26826.84,2.0
2026-01-29,Khavda Renewable Energy Park,2049.248207806066,11885.64,9746224.8,5942820.0,443010.22,9746.22,5942.82,0.44
2026-01-30,Khavda Renewable Energy Park,4718.820015969797,27369.16,22442711.2,13684580.0,1020123.24,22442.71,13684.58,1.02
2026-01-31,Khavda Renewable Energy Park,10336.57302915291,59952.12,49160738.4,29976060.0,2234579.02,49160.74,29976.06,2.23
2026-02-01,Khavda Renewable Energy Park,10270.442868565062,59568.57,48846227.4,29784285.0,2220283.06,48846.23,29784.28,2.22
2026-02-02,Khavda Renewable Energy Park,10524.82263444009,61043.97,50056055.4,30521985.0,2275275.25,50056.06,30521.98,2.28
2026-02-03,Khavda Renewable Energy Park,10084.114724670504,58487.87,47960053.4,29243935.0,2180002.43,47960.05,29243.94,2.18
2026-02-04,Khavda Renewable Energy Park,10898.559623850737,63211.65,51833553.0,31605825.0,2356070.59,51833.55,31605.82,2.36
2026-02-05,Khavda Renewable Energy Park,10188.692361927178,59094.42,48457424.4,29547210.0,2202610.2,48457.42,29547.21,2.2
2026-02-06,Khavda Renewable Energy Park,8927.942627321776,51782.07,42461297.4,25891035.0,1930058.97,42461.3,25891.04,1.93
2026-02-07,Khavda Renewable Energy Park,4746.337707976166,27528.76,22573583.2,13764380.0,1026071.96,22573.58,13764.38,1.03
2026-02-08,Khavda Renewable Energy Park,11025.79137562975,63949.59,52438663.8,31974795.0,2383575.63,52438.66,31974.8,2.38
2026-02-09,Khavda Renewable Energy Park,11004.360360307372,63825.29,52336737.8,31912645.0,2378942.63,52336.74,31912.64,2.38
2026-02-10,Khavda Renewable Energy Park,9355.330113374186,54260.91,44493946.2,27130455.0,2022452.1,44493.95,27130.46,2.02
2026-02-11,Khavda Renewable Energy Park,10391.902166911148,60273.03,49423884.6,30136515.0,2246540.21,49423.88,30136.52,2.25
2026-02-12,Khavda Renewable Energy Park,6815.827271928094,39531.8,32416076.0,19765900.0,1473458.0,32416.08,19765.9,1.47
2026-02-13,Khavda Renewable Energy Park,7000.510105029536,40602.96,33294427.2,20301480.0,1513383.05,33294.43,20301.48,1.51
2026-02-14,Khavda Renewable Energy Park,10801.839649146264,62650.67,51373549.4,31325335.0,2335161.34,51373.55,31325.34,2.34
2026-02-15,Khavda Renewable Energy Park,9096.776695233935,52761.3,43264266.0,26380650.0,1966557.55,43264.27,26380.65,1.97
2026-02-16,Khavda Renewable Energy Park,9694.04654298537,56225.47,46104885.4,28112735.0,2095676.61,46104.89,28112.74,2.1
2026-02-17,Khavda Renewable Energy Park,10927.992412079704,63382.36,51973535.2,31691180.0,2362433.42,51973.54,31691.18,2.36
2026-02-18,Khavda Renewable Energy Park,10458.605499926873,60659.91,49741126.2,30329955.0,2260960.28,49741.13,30329.96,2.26
2026-02-19,Khavda Renewable Energy Park,11818.57033888721,68547.71,56209122.2,34273855.0,2554960.1,56209.12,34273.86,2.55
2026-02-20,Khavda Renewable Energy Park,12106.3720551718,70216.96,57577907.2,35108480.0,2617177.6,57577.91,35108.48,2.62
2026-02-21,Khavda Renewable Energy Park,11058.453526484693,64139.03,52594004.6,32069515.0,2390636.57,52594.0,32069.52,2.39
2026-02-22,Khavda Renewable Energy Park,11217.027562442836,65058.76,53348183.2,32529380.0,2424917.42,53348.18,32529.38,2.42
2026-02-23,Khavda Renewable Energy Park,11740.402091301496,68094.33,55837350.6,34047165.0,2538061.39,55837.35,34047.16,2.54
2026-02-24,Khavda Renewable Energy Park,3807.948961911869,22086.1,18110602.0,11043050.0,823209.18,18110.6,11043.05,0.82
2026-02-25,Khavda Renewable Energy Park,8197.665290599309,47546.46,38988097.2,23773230.0,1772186.24,38988.1,23773.23,1.77
2026-02-26,Khavda Renewable Energy Park,11540.811566200568,66936.71,54888102.2,33468355.0,2494913.74,54888.1,33468.36,2.49
2026-02-27,Khavda Renewable Energy Park,11794.451896039993,68407.82,56094412.4,34203910.0,2549746.02,56094.41,34203.91,2.55
2026-02-28,Khavda Renewable Energy Park,11851.814010546505,68740.52,56367226.4,34370260.0,2562146.65,56367.23,34370.26,2.56
2026-03-01,Khavda Renewable Energy Park,9333.851458912864,54136.34,44391798.8,27068170.0,2017809.04,44391.8,27068.17,2.02
2026-03-02,Khavda Renewable Energy Park,10269.465561349783,59562.9,48841578.0,29781450.0,2220071.73,48841.58,29781.45,2.22
2026-03-03,Khavda Renewable Energy Park,11277.116076789316,65407.27,53633961.4,32703635.0,2437907.34,53633.96,32703.64,2.44
2026-03-04,Khavda Renewable Energy Park,11939.54877793671,69249.38,56784491.6,34624690.0,2581113.25,56784.49,34624.69,2.58
2026-03-05,Khavda Renewable Energy Park,12497.14295773949,72483.43,59436412.6,36241715.0,2701655.12,59436.41,36241.71,2.7
2026-03-06,Khavda Renewable Energy Park,12413.837430599317,72000.26,59040213.2,36000130.0,2683646.05,59040.21,36000.13,2.68
2026-03-07,Khavda Renewable Energy Park,11411.085284519737,66184.29,54271117.8,33092145.0,2466868.99,54271.12,33092.14,2.47
2026-03-08,Khavda Renewable Energy Park,7887.32707404339,45746.5,37512130.0,22873250.0,1705096.82,37512.13,22873.25,1.71
2026-03-09,Khavda Renewable Energy Park,8652.687020091062,50185.58,41152175.6,25092790.0,1870553.44,41152.18,25092.79,1.87
2026-03-10,Khavda Renewable Energy Park,13067.934568955316,75794.02,62151096.4,37897010.0,2825049.84,62151.1,37897.01,2.83
2026-03-11,Khavda Renewable Energy Park,11011.458132993204,63866.46,52370497.2,31933230.0,2380477.15,52370.5,31933.23,2.38
2026-03-12,Khavda Renewable Energy Park,12117.98287879024,70284.3,57633126.0,35142150.0,2619687.55,57633.13,35142.15,2.62
2026-03-13,Khavda Renewable Energy Park,12480.95570851835,72389.54,59359422.8,36194770.0,2698155.58,59359.42,36194.77,2.7
2026-03-14,Khavda Renewable Energy Park,13671.056124807705,79292.13,65019546.6,39646065.0,2955433.94,65019.55,39646.06,2.96
2026-03-15,Khavda Renewable Energy Park,11110.662661979452,64441.84,52842308.8,32220920.0,2401923.13,52842.31,32220.92,2.4
2026-03-16,Khavda Renewable Energy Park,12970.482416885898,75228.8,61687616.0,37614400.0,2803982.55,61687.62,37614.4,2.8
2026-03-17,Khavda Renewable Energy Park,8363.305939827886,48507.17,39775879.4,24253585.0,1807994.52,39775.88,24253.58,1.81
2026-03-18,Khavda Renewable Energy Park,3889.946287749181,22561.69,18500585.8,11280845.0,840935.72,18500.59,11280.84,0.84
2026-03-19,Khavda Renewable Energy Park,3017.82759852762,17503.4,14352788.0,8751700.0,652399.45,14352.79,8751.7,0.65
2026-03-20,Khavda Renewable Energy Park,11171.972803700866,64797.44,53133900.8,32398720.0,2415177.31,53133.9,32398.72,2.42
2026-03-21,Khavda Renewable Energy Park,5231.40237843029,30342.13,24880546.6,15171065.0,1130933.94,24880.55,15171.06,1.13
2026-03-22,Khavda Renewable Energy Park,5379.242992259934,31199.61,25583680.2,15599805.0,1162894.55,25583.68,15599.8,1.16
2026-03-23,Khavda Renewable Energy Park,5861.135572301878,33994.59,27875563.8,16997295.0,1267071.08,27875.56,16997.29,1.27
2026-03-24,Khavda Renewable Energy Park,2084.0497069603757,12087.49,9911741.8,6043745.0,450533.72,9911.74,6043.74,0.45
2026-03-25,Khavda Renewable Energy Park,4118.701486086122,23888.47,19588545.4,11944235.0,890388.43,19588.55,11944.24,0.89
2026-03-26,Khavda Renewable Energy Park,5733.161715929883,33252.34,27266918.8,16626170.0,1239405.4,27266.92,16626.17,1.24
2026-03-27,Khavda Renewable Energy Park,11251.434451627572,65258.32,53511822.4,32629160.0,2432355.56,53511.82,32629.16,2.43
2026-03-28,Khavda Renewable Energy Park,9755.310364916157,56580.8,46396256.0,28290400.0,2108920.73,46396.26,28290.4,2.11
2026-03-29,Khavda Renewable Energy Park,2085.782980282504,12097.54,9919982.8,6048770.0,450908.31,9919.98,6048.77,0.45
2026-03-30,Khavda Renewable Energy Park,8954.257733914848,51934.69,42586445.8,25967345.0,1935747.54,42586.45,25967.34,1.94
2026-03-31,Khavda Renewable Energy Park,1290.7394787367198,7486.29,6138757.8,3743145.0,279034.45,6138.76,3743.14,0.28
2026-04-01,Khavda Renewable Energy Park,818.0262866206101,4744.55,3890531.0,2372275.0,176842.32,3890.53,2372.28,0.18
2026-04-02,Khavda Renewable Energy Park,980.1360741389694,5684.79,4661527.8,2842395.0,211887.63,4661.53,2842.4,0.21
2026-04-03,Khavda Renewable Energy Park,2651.9515906481965,15381.32,12612682.4,7690660.0,573303.75,12612.68,7690.66,0.57
2026-04-04,Khavda Renewable Energy Park,9586.834485923531,55603.64,45594984.8,27801820.0,2072499.31,45594.98,27801.82,2.07
2026-04-05,Khavda Renewable Energy Park,5983.981017518944,34707.09,28459813.8,17353545.0,1293627.9,28459.81,17353.54,1.29
2026-04-06,Khavda Renewable Energy Park,11676.17735947918,67721.83,55531900.6,33860915.0,2524177.3,55531.9,33860.92,2.52
2026-04-07,Khavda Renewable Energy Park,11636.23915233032,67490.19,55341955.8,33745095.0,2515543.45,55341.96,33745.1,2.52
2026-04-08,Khavda Renewable Energy Park,12662.5258120116,73442.65,60222973.0,36721325.0,2737407.86,60222.97,36721.32,2.74
2026-04-09,Khavda Renewable Energy Park,13447.015998781411,77992.69,63954005.8,38996345.0,2907000.26,63954.01,38996.34,2.91
2026-04-10,Khavda Renewable Energy Park,13412.098108138674,77790.17,63787939.4,38895085.0,2899451.79,63787.94,38895.08,2.9
2026-04-11,Khavda Renewable Energy Park,13309.916928742974,77197.52,63301966.4,38598760.0,2877362.11,63301.97,38598.76,2.88
2026-04-12,Khavda Renewable Energy Park,12299.198015494589,71335.35,58494987.0,35667675.0,2658863.05,58494.99,35667.68,2.66
2026-04-13,Khavda Renewable Energy Park,11441.957716662417,66363.35,54417947.0,33181675.0,2473543.05,54417.95,33181.68,2.47
2026-04-14,Khavda Renewable Energy Park,11885.02894831786,68933.17,56525199.4,34466585.0,2569327.25,56525.2,34466.58,2.57
2026-04-15,Khavda Renewable Energy Park,10851.921018774678,62941.14,51611734.8,31470570.0,2345987.95,51611.73,31470.57,2.35
2026-04-16,Khavda Renewable Energy Park,3255.208419725672,18880.21,15481772.2,9440105.0,703716.92,15481.77,9440.1,0.7
2026-04-17,Khavda Renewable Energy Park,9514.970039560909,55186.83,45253200.6,27593415.0,2056963.66,45253.2,27593.42,2.06
2026-04-18,Khavda Renewable Energy Park,5781.443478149385,33532.37,27496543.4,16766185.0,1249842.88,27496.54,16766.19,1.25
2026-04-19,Khavda Renewable Energy Park,13028.125546067022,75563.13,61961766.6,37781565.0,2816443.94,61961.77,37781.56,2.82
2026-04-20,Khavda Renewable Energy Park,12636.04418240684,73289.06,60097029.2,36644530.0,2731683.15,60097.03,36644.53,2.73
2026-04-21,Khavda Renewable Energy Park,10904.317088615177,63245.04,51860932.8,31622520.0,2357315.13,51860.93,31622.52,2.36
2026-04-22,Khavda Renewable Energy Park,10031.721856550424,58183.99,47710871.8,29091995.0,2168675.99,47710.87,29092.0,2.17
2026-04-23,Khavda Renewable Energy Park,10227.518728982976,59319.61,48642080.2,29659805.0,2211003.65,48642.08,29659.8,2.21
2026-04-24,Khavda Renewable Energy Park,9561.891574662292,55458.97,45476355.4,27729485.0,2067107.06,45476.36,27729.48,2.07
2026-04-25,Khavda Renewable Energy Park,11916.03752571456,69113.02,56672676.4,34556510.0,2576030.75,56672.68,34556.51,2.58
2026-04-26,Khavda Renewable Energy Park,13963.995064584631,80991.17,66412759.4,40495585.0,3018761.79,66412.76,40495.58,3.02
2026-04-27,Khavda Renewable Energy Park,12708.54204213198,73709.54,60441822.8,36854770.0,2747355.58,60441.82,36854.77,2.75
2026-04-28,Khavda Renewable Energy Park,13714.190533872454,79542.31,65224694.2,39771155.0,2964758.83,65224.69,39771.16,2.96
2026-04-29,Khavda Renewable Energy Park,13926.546477902462,80773.97,66234655.4,40386985.0,3010666.15,66234.66,40386.98,3.01
2026-04-30,Khavda Renewable Energy Park,13316.766067414404,77237.24,63334536.8,38618620.0,2878842.58,63334.54,38618.62,2.88
2026-05-01,Khavda Renewable Energy Park,13533.082431780304,78491.88,64363341.6,39245940.0,2925606.44,64363.34,39245.94,2.93
2026-05-02,Khavda Renewable Energy Park,12543.673801409272,72753.31,59657714.2,36376655.0,2711714.28,59657.71,36376.66,2.71
2026-05-03,Khavda Renewable Energy Park,13101.64712901341,75989.55,62311431.0,37994775.0,2832337.77,62311.43,37994.78,2.83
2026-05-04,Khavda Renewable Energy Park,12289.957786441932,71281.76,58451043.2,35640880.0,2656865.6,58451.04,35640.88,2.66
2026-05-05,Khavda Renewable Energy Park,11917.468552904176,69121.32,56679482.4,34560660.0,2576340.11,56679.48,34560.66,2.58
2026-05-06,Khavda Renewable Energy Park,11594.964528788243,67250.79,55145647.8,33625395.0,2506620.35,55145.65,33625.39,2.51
2026-05-07,Khavda Renewable Energy Park,12370.061508328588,71746.36,58832015.2,35873180.0,2674182.51,58832.02,35873.18,2.67
2026-05-08,Khavda Renewable Energy Park,12370.986185449052,71751.72,58836410.4,35875860.0,2674382.29,58836.41,35875.86,2.67
2026-05-09,Khavda Renewable Energy Park,13003.74623036548,75421.73,61845818.6,37710865.0,2811173.57,61845.82,37710.86,2.81
2026-05-10,Khavda Renewable Energy Park,13074.02404294085,75829.34,62180058.8,37914670.0,2826366.31,62180.06,37914.67,2.83
2026-05-11,Khavda Renewable Energy Park,13526.279927746247,78452.42,64330984.4,39226210.0,2924135.65,64330.98,39226.21,2.92
2026-05-12,Khavda Renewable Energy Park,12791.355761441744,74189.86,60835685.2,37094930.0,2765258.42,60835.69,37094.93,2.77
2026-05-13,Khavda Renewable Energy Park,13515.24147218861,78388.4,64278488.0,39194200.0,2921749.45,64278.49,39194.2,2.92
2026-05-14,Khavda Renewable Energy Park,13646.877538957264,79151.89,64904549.8,39575945.0,2950206.81,64904.55,39575.94,2.95
2026-05-15,Khavda Renewable Energy Park,12114.086632827826,70261.7,57614594.0,35130850.0,2618845.18,57614.59,35130.85,2.62
2026-05-16,Khavda Renewable Energy Park,12484.493244701234,72410.06,59376249.2,36205030.0,2698920.42,59376.25,36205.03,2.7
2026-05-17,Khavda Renewable Energy Park,13658.027883721596,79216.56,64957579.2,39608280.0,2952617.24,64957.58,39608.28,2.95
2026-05-18,Khavda Renewable Energy Park,11174.404116550992,64811.54,53145462.8,32405770.0,2415702.85,53145.46,32405.77,2.42
2026-05-19,Khavda Renewable Energy Park,13121.227337718652,76103.12,62404558.4,38051560.0,2836570.84,62404.56,38051.56,2.84
2026-05-20,Khavda Renewable Energy Park,13195.606665659245,76534.52,62758306.4,38267260.0,2852650.29,62758.31,38267.26,2.85
2026-05-21,Khavda Renewable Energy Park,13312.465621370982,77212.3,63314086.0,38606150.0,2877913.0,63314.09,38606.15,2.88
2026-05-22,Khavda Renewable Energy Park,12147.162067194746,70453.54,57771902.8,35226770.0,2625995.58,57771.9,35226.77,2.63
2026-05-23,Khavda Renewable Energy Park,10687.418319350814,61987.03,50829364.6,30993515.0,2310425.66,50829.36,30993.52,2.31
2026-05-24,Khavda Renewable Energy Park,13038.979101112049,75626.08,62013385.6,37813040.0,2818790.25,62013.39,37813.04,2.82
2026-05-25,Khavda Renewable Energy Park,10132.97404664381,58771.25,48192425.0,29385625.0,2190564.77,48192.42,29385.62,2.19
2026-05-26,Khavda Renewable Energy Park,12171.029652191904,70591.97,57885415.4,35295985.0,2631155.25,57885.42,35295.98,2.63
2026-05-27,Khavda Renewable Energy Park,12843.984156867888,74495.11,61085990.2,37247555.0,2776635.92,61085.99,37247.56,2.78
2026-05-28,Khavda Renewable Energy Park,12133.87292995828,70376.46,57708697.2,35188230.0,2623122.6,57708.7,35188.23,2.62
2026-05-29,Khavda Renewable Energy Park,12228.519029494182,70925.41,58158836.2,35462705.0,2643583.46,58158.84,35462.7,2.64
2026-05-30,Khavda Renewable Energy Park,9342.63434057401,54187.28,44433569.6,27093640.0,2019707.71,44433.57,27093.64,2.02
2026-05-31,Khavda Renewable Energy Park,10579.154213240416,61359.09,50314453.8,30679545.0,2287020.63,50314.45,30679.54,2.29
2026-06-01,Khavda Renewable Energy Park,9994.85473091388,57970.16,47535531.2,28985080.0,2160705.96,47535.53,28985.08,2.16
2026-06-02,Khavda Renewable Energy Park,10001.17964878859,58006.84,47565608.8,29003420.0,2162073.13,47565.61,29003.42,2.16
2026-06-03,Khavda Renewable Energy Park,13873.211103302048,80464.62,65980988.4,40232310.0,2999135.84,65980.99,40232.31,3.0
2026-06-04,Khavda Renewable Energy Park,11494.27553443853,66666.8,54666776.0,33333400.0,2484853.45,54666.78,33333.4,2.48
2026-06-05,Khavda Renewable Energy Park,9244.255478771754,53616.68,43965677.6,26808340.0,1998439.89,43965.68,26808.34,2.0
2026-06-06,Khavda Renewable Energy Park,11769.12138678779,68260.9,55973938.0,34130450.0,2544269.91,55973.94,34130.45,2.54
2026-06-07,Khavda Renewable Energy Park,12077.901515328074,70051.83,57442500.6,35025915.0,2611022.75,57442.5,35025.92,2.61
2026-06-08,Khavda Renewable Energy Park,12090.74611330812,70126.33,57503590.6,35063165.0,2613799.57,57503.59,35063.16,2.61
2026-06-09,Khavda Renewable Energy Park,11005.1119221841,63829.65,52340313.0,31914825.0,2379105.14,52340.31,31914.82,2.38
2026-06-10,Khavda Renewable Energy Park,12733.400704005307,73853.72,60560050.4,36926860.0,2752729.56,60560.05,36926.86,2.75
2026-06-11,Khavda Renewable Energy Park,14891.727613309073,86372.02,70825056.4,43186010.0,3219320.75,70825.06,43186.01,3.22
2026-06-12,Khavda Renewable Energy Park,14156.64196377101,82108.52,67328986.4,41054260.0,3060408.47,67328.99,41054.26,3.06
2026-06-13,Khavda Renewable Energy Park,10959.02333841258,63562.34,52121118.8,31781170.0,2369141.76,52121.12,31781.17,2.37
2026-06-14,Khavda Renewable Energy Park,6606.038669775966,38315.02,31418316.4,19157510.0,1428105.29,31418.32,19157.51,1.43
2026-06-15,Khavda Renewable Energy Park,6035.3535625165205,35005.05,28704141.0,17502525.0,1304733.68,28704.14,17502.53,1.3
2026-06-16,Khavda Renewable Energy Park,7106.222505142681,41216.09,33797193.8,20608045.0,1536236.08,33797.19,20608.04,1.54
2026-06-17,Khavda Renewable Energy Park,10503.676907854117,60921.33,49955490.6,30460665.0,2270704.12,49955.49,30460.66,2.27
2026-06-18,Khavda Renewable Energy Park,8359.341091736625,48484.18,39757027.6,24242090.0,1807137.62,39757.03,24242.09,1.81
2026-06-19,Khavda Renewable Energy Park,8771.049877546262,50872.09,41715113.8,25436045.0,1896141.54,41715.11,25436.04,1.9
2026-06-20,Khavda Renewable Energy Park,9417.042721065436,54618.85,44787457.0,27309425.0,2035793.5,44787.46,27309.42,2.04
2026-06-21,Khavda Renewable Energy Park,8784.619195737227,50950.79,41779647.8,25475395.0,1899074.9,41779.65,25475.4,1.9
2026-06-22,Khavda Renewable Energy Park,9552.141672913876,55402.42,45429984.4,27701210.0,2064999.29,45429.98,27701.21,2.06
2026-06-23,Khavda Renewable Energy Park,8293.372193745852,48101.56,39443279.2,24050780.0,1792876.33,39443.28,24050.78,1.79
2026-06-24,Khavda Renewable Energy Park,7320.039613721336,42456.23,34814108.6,21228115.0,1582459.48,34814.11,21228.12,1.58
2026-06-25,Khavda Renewable Energy Park,8114.661491665267,47065.04,38593332.8,23532520.0,1754242.4,38593.33,23532.52,1.75
2026-06-26,Khavda Renewable Energy Park,8667.063589122303,50268.97,41220555.4,25134485.0,1873661.61,41220.56,25134.48,1.87
2026-06-27,Khavda Renewable Energy Park,10280.105137088744,59624.61,48892180.2,29812305.0,2222371.83,48892.18,29812.3,2.22
2026-06-28,Khavda Renewable Energy Park,9447.458860890702,54795.26,44932113.2,27397630.0,2042368.78,44932.11,27397.63,2.04
2026-06-29,Khavda Renewable Energy Park,8112.719136463149,47053.77,38584091.4,23526885.0,1753822.34,38584.09,23526.88,1.75
2026-06-30,Khavda Renewable Energy Park,8864.605936652595,51414.71,42160062.2,25707355.0,1916366.46,42160.06,25707.36,1.92
2026-07-01,Khavda Renewable Energy Park,7823.789851594595,45377.98,37209943.6,22688990.0,1691361.07,37209.94,22688.99,1.69
2026-07-02,Khavda Renewable Energy Park,7418.524612057476,43027.44,35282500.8,21513720.0,1603750.04,35282.5,21513.72,1.6
2026-07-03,Khavda Renewable Energy Park,8119.87433184227,47095.27,38618121.4,23547635.0,1755369.15,38618.12,23547.64,1.76
2026-07-04,Khavda Renewable Energy Park,2785.8057889383067,16157.67,13249289.4,8078835.0,602240.43,13249.29,8078.84,0.6
2026-07-05,Khavda Renewable Energy Park,1467.8133418828463,8513.32,6980922.4,4256660.0,317314.65,6980.92,4256.66,0.32
2026-07-06,Khavda Renewable Energy Park,5100.411559207933,29582.39,24257559.8,14791195.0,1102616.35,24257.56,14791.2,1.1
2026-07-07,Khavda Renewable Energy Park,247.98716620813173,1438.33,1179430.6,719165.0,53610.48,1179.43,719.16,0.05
2026-07-08,Khavda Renewable Energy Park,6571.434403121653,38114.32,31253742.4,19057160.0,1420624.65,31253.74,19057.16,1.42
2026-07-09,Khavda Renewable Energy Park,7266.128847006991,42143.55,34557711.0,21071775.0,1570805.05,34557.71,21071.78,1.57
2026-07-10,Khavda Renewable Energy Park,2885.616955093169,16736.58,13723995.6,8368290.0,623817.98,13724.0,8368.29,0.62
2026-07-11,Khavda Renewable Energy Park,5168.25645737964,29975.89,24580229.8,14987945.0,1117283.17,24580.23,14987.94,1.12
2026-07-12,Khavda Renewable Energy Park,6996.549777227377,40579.99,33275591.8,20289995.0,1512526.9,33275.59,20290.0,1.51
2026-07-13,Khavda Renewable Energy Park,5432.638726972782,31509.3,25837626.0,15754650.0,1174437.55,25837.63,15754.65,1.17
2026-07-14,Khavda Renewable Energy Park,3983.83414830264,23106.24,18947116.8,11553120.0,861232.58,18947.12,11553.12,0.86
2026-07-15,Khavda Renewable Energy Park,3373.534406863895,19566.5,16044530.0,9783250.0,729296.82,16044.53,9783.25,0.73
2026-07-16,Khavda Renewable Energy Park,11316.871437483383,65637.85,53823037.0,32818925.0,2446501.68,53823.04,32818.93,2.45
2026-07-17,Khavda Renewable Energy Park,7866.351265715276,45624.84,37412368.8,22812420.0,1700562.22,37412.37,22812.42,1.7
2026-07-18,Khavda Renewable Energy Park,5216.004437262188,30252.83,24807320.6,15126415.0,1127605.48,24807.32,15126.42,1.13
2026-07-19,Khavda Renewable Energy Park,3224.9230081761893,18704.55,15337731.0,9352275.0,697169.59,15337.73,9352.28,0.7
2026-07-20,Khavda Renewable Energy Park,1374.7007724023804,7973.26,6538073.2,3986630.0,297185.15,6538.07,3986.63,0.3
2026-07-21,Khavda Renewable Energy Park,1226.746426650689,7115.13,5834406.6,3557565.0,265200.3,5834.41,3557.56,0.27
2026-07-22,Khavda Renewable Energy Park,587.8586881072569,3409.58,2795855.6,1704790.0,127084.35,2795.86,1704.79,0.13
2026-07-23,Khavda Renewable Energy Park,272.5623220543202,1580.86,1296305.2,790430.0,58922.96,1296.31,790.43,0.06
2026-07-24,Khavda Renewable Energy Park,9.038697493672386,52.42,42984.4,26210.0,1953.84,42.98,26.21,0.0
2026-07-25,Khavda Renewable Energy Park,0.0,0.0,0.0,0.0,0.0,0.0,0.0,0.0
2026-07-26,Khavda Renewable Energy Park,156.58580618712634,908.2,744724.0,454100.0,33851.09,744.72,454.1,0.03
2026-07-27,Khavda Renewable Energy Park,2757.614307185892,15994.16,13115211.2,7997080.0,596145.96,13115.21,7997.08,0.6
2026-07-28,Khavda Renewable Energy Park,4912.610203635046,28493.14,23364374.8,14246570.0,1062017.04,23364.37,14246.57,1.06
2026-07-29,Khavda Renewable Energy Park,1662.2212002751662,9640.88,7905521.6,4820440.0,359341.89,7905.52,4820.44,0.36
2026-07-30,Khavda Renewable Energy Park,844.0793747790987,4895.66,4014441.2,2447830.0,182474.6,4014.44,2447.83,0.18
2026-07-31,Khavda Renewable Energy Park,1378.25468035287,7993.88,6554981.6,3996940.0,297953.71,6554.98,3996.94,0.3
2026-08-01,Khavda Renewable Energy Park,2.8942659978235814,16.79,13767.8,8395.0,625.81,13.77,8.4,0.0
2026-08-02,Khavda Renewable Energy Park,76.74290955385065,445.11,364990.2,222555.0,16590.46,364.99,222.56,0.02
2026-08-03,Khavda Renewable Energy Park,2042.098523036778,11844.17,9712219.4,5922085.0,441464.52,9712.22,5922.08,0.44
2026-08-04,Khavda Renewable Energy Park,1965.6708585702415,11400.89,9348729.8,5700445.0,424942.26,9348.73,5700.44,0.42
2026-08-05,Khavda Renewable Energy Park,2919.385581177886,16932.44,13884600.8,8466220.0,631118.22,13884.6,8466.22,0.63
2026-08-06,Khavda Renewable Energy Park,4848.47762154755,28121.17,23059359.4,14060585.0,1048152.7,23059.36,14060.58,1.05
2026-08-07,Khavda Renewable Energy Park,6075.559174906372,35238.24,28895356.8,17619120.0,1313425.31,28895.36,17619.12,1.31
2026-08-08,Khavda Renewable Energy Park,4593.944538674806,26644.88,21848801.6,13322440.0,993127.35,21848.8,13322.44,0.99
2026-08-09,Khavda Renewable Energy Park,8939.126903435617,51846.94,42514490.8,25923470.0,1932476.85,42514.49,25923.47,1.93
2026-08-10,Khavda Renewable Energy Park,4821.430384364897,27964.3,22930726.0,13982150.0,1042305.73,22930.73,13982.15,1.04
2026-08-11,Khavda Renewable Energy Park,1000.017698374664,5800.1,4756082.0,2900050.0,216185.55,4756.08,2900.05,0.22
2026-08-12,Khavda Renewable Energy Park,277.3954319992922,1608.89,1319289.8,804445.0,59967.72,1319.29,804.44,0.06
2026-08-13,Khavda Renewable Energy Park,4790.004946197181,27782.03,22781264.6,13891015.0,1035512.03,22781.26,13891.02,1.04
2026-08-14,Khavda Renewable Energy Park,4841.022190329265,28077.93,23023902.6,14038965.0,1046541.03,23023.9,14038.96,1.05
2026-08-15,Khavda Renewable Energy Park,6540.738111432668,37936.28,31107749.6,18968140.0,1413988.62,31107.75,18968.14,1.41
2026-08-16,Khavda Renewable Energy Park,2928.222850955456,16983.69,13926625.8,8491845.0,633028.45,13926.63,8491.84,0.63
2026-08-17,Khavda Renewable Energy Park,3045.2502116461696,17662.45,14483209.0,8831225.0,658327.68,14483.21,8831.22,0.66
2026-08-18,Khavda Renewable Energy Park,1932.311731863236,11207.41,9190076.2,5603705.0,417730.74,9190.08,5603.7,0.42
2026-08-19,Khavda Renewable Energy Park,4570.12878145682,26506.75,21735535.0,13253375.0,987978.86,21735.54,13253.38,0.99
2026-08-20,Khavda Renewable Energy Park,7536.351802091507,43710.84,35842888.8,21855420.0,1629222.22,35842.89,21855.42,1.63
2026-08-21,Khavda Renewable Energy Park,3013.0623095828805,17475.76,14330123.2,8737880.0,651369.24,14330.12,8737.88,0.65
2026-08-22,Khavda Renewable Energy Park,1353.817443724927,7852.14,6438754.8,3926070.0,292670.67,6438.75,3926.07,0.29
2026-08-23,Khavda Renewable Energy Park,5239.844417645425,30391.1,24920702.0,15195550.0,1132759.18,24920.7,15195.55,1.13
2026-08-24,Khavda Renewable Energy Park,9243.543560494863,53612.55,43962291.0,26806275.0,1998285.95,43962.29,26806.28,2.0
2026-08-25,Khavda Renewable Energy Park,8639.410754101302,50108.58,41089035.6,25054290.0,1867683.44,41089.04,25054.29,1.87
2026-08-26,Khavda Renewable Energy Park,7778.992248798935,45118.16,36996891.2,22559080.0,1681676.87,36996.89,22559.08,1.68
2026-08-27,Khavda Renewable Energy Park,7177.59052906737,41630.03,34136624.6,20815015.0,1551664.75,34136.62,20815.02,1.55
2026-08-28,Khavda Renewable Energy Park,6467.74161469127,37512.9,30760578.0,18756450.0,1398208.09,30760.58,18756.45,1.4
2026-08-29,Khavda Renewable Energy Park,974.5992991418326,5652.68,4635197.6,2826340.0,210690.8,4635.2,2826.34,0.21
2026-08-30,Khavda Renewable Energy Park,58.992927509545694,342.16,280571.2,171080.0,12753.24,280.57,171.08,0.01
