date,site_name,data_type,generation_source,solar_generation_mw,total_generation_mw,daily_energy_mwh,grid_export_mwh,physics_baseline_mw,physics_baseline_mwh,cuf_daily,pr_daily,specific_yield_kwh_kwp,soiling_loss_pct,inverter_availability_pct,ghi_w_m2,effective_irradiance,cloud_factor,cell_temperature_c,temperature_factor,performance_ratio,capacity_factor,solar_zenith,solar_elevation,solar_azimuth,air_mass,clear_sky_irradiance_kwh_m2_day,poa_irradiance_w_m2
2020-01-01,Khavda Renewable Energy Park,SIMULATED,SIMULATED_PVLIB,11085.40620696003,11085.40620696003,83140.55,82724.85,8388.69,48654.4,0.1732,0.4433,4.157,2.0,97.0,695.5172413793103,1.4908991666666667,0.3695833333333334,25.779696491091254,0.9972710622811806,0.82,0.1732,47.36369625327161,42.63630374672839,171.18570862274737,1.4744529770253596,4.027463654280151,911.9611905022999
2020-01-02,Khavda Renewable Energy Park,SIMULATED,SIMULATED_PVLIB,20000.0,20000.0,150000.0,149250.0,15375.59,89178.42,0.3125,0.8126,7.5,2.29,100.0,719.3103448275863,3.0977099999999997,0.7424999999999999,27.575972988352216,0.9909840945407672,0.82,0.3125,47.29874520218392,42.70125479781608,171.0222906042884,1.472647242860691,4.03598602309186,913.6538807581956
2020-01-03,Khavda Renewable Energy Park,SIMULATED,SIMULATED_PVLIB,16858.182438816362,16858.182438816362,126436.37,125804.19,12284.22,71248.48,0.2634,0.6492,6.3218,2.57,100.0,730.8620689655172,2.2272412499999996,0.5254166666666666,31.408583281685743,0.9775699585140999,0.82,0.2634,47.22638270652552,42.77361729347448,170.85854832402254,1.4706428641878249,4.045128958954264,915.2714726018714
2020-01-04,Khavda Renewable Energy Park,SIMULATED,SIMULATED_PVLIB,20000.0,20000.0,150000.0,149250.0,14949.27,86705.77,0.3125,0.7901,7.5,2.86,100.0,747.9310344827586,3.8861250000000003,0.8958333333333334,35.426658335211016,0.9635066958267614,0.82,0.3125,47.14663502063288,42.85336497936712,170.6945684844552,1.468442917599308,4.05488774099308,917.0207767814798
2020-01-05,Khavda Renewable Energy Park,SIMULATED,SIMULATED_PVLIB,18643.158965267787,18643.158965267787,139823.69,139124.57,14841.38,86080.0,0.2913,0.7844,6.9912,3.14,100.0,734.3103448275863,3.7266250000000003,0.875,37.41350566680282,0.9565527301661901,0.82,0.2913,47.05953252059152,42.94046747940848,170.53043403948527,1.4660507981026052,4.065257020966802,918.4764791419435
2020-01-06,Khavda Renewable Energy Park,SIMULATED,SIMULATED_PVLIB,19144.42160599213,19144.42160599213,143583.16,142865.24,14975.87,86860.05,0.2991,0.7915,7.1792,3.43,100.0,739.4827586206897,4.28363875,0.99875,34.93681933045183,0.9652211323434186,0.82,0.2991,46.96510960666364,43.03489039333636,170.36622373869295,1.4634702047946244,4.076230835695455,920.2167187155561
2020-01-07,Khavda Renewable Energy Park,SIMULATED,SIMULATED_PVLIB,20000.0,20000.0,150000.0,149250.0,15164.97,87956.83,0.3125,0.8015,7.5,3.71,100.0,737.7586206896552,4.23621,0.99,31.45462838309723,0.9774088006591597,0.82,0.3125,46.86340462067856,43.13659537932144,170.2020115846217,1.4607051260916035,4.087802618717493,921.9391500296637
2020-01-08,Khavda Renewable Energy Park,SIMULATED,SIMULATED_PVLIB,19750.544757626565,19750.544757626565,148129.09,147388.44,15077.87,87451.65,0.3086,0.7969,7.4065,4.0,100.0,760.5172413793103,4.309914583333333,0.9770833333333333,33.058448024352835,0.971795431914765,0.82,0.3086,46.754459715013475,43.245540284986525,170.03786638107078,1.4577598228869615,4.099965216833935,924.0096949676756
2020-01-09,Khavda Renewable Energy Park,SIMULATED,SIMULATED_PVLIB,20000.0,20000.0,150000.0,149250.0,15185.39,88075.26,0.3125,0.8026,7.5,4.29,100.0,795.6896551724138,4.615,1.0,31.078610132257772,0.9787248645370978,0.82,0.3125,46.63832051011467,43.36167948988533,169.87385150075238,1.4546388054223496,4.112710926003225,926.2853384243659
2020-01-10,Khavda Renewable Energy Park,SIMULATED,SIMULATED_PVLIB,19578.0371696842,19578.0371696842,146835.28,146101.1,15284.17,88648.19,0.3059,0.8078,7.3418,4.57,100.0,770.6896551724138,4.458825,0.9975,29.259522762503252,0.9850916703312386,0.82,0.3059,46.515035419487724,43.484964580512276,169.7100249323289,1.4513468010165986,4.126031557075599,927.9142345203443
2020-01-11,Khavda Renewable Energy Park,SIMULATED,SIMULATED_PVLIB,20000.0,20000.0,150000.0,149250.0,15145.19,87842.1,0.3125,0.8004,7.5,4.86,100.0,751.0344827586207,3.602775,0.8270833333333333,31.81880855747587,0.9761341700488344,0.82,0.3125,46.38465473159263,43.61534526840737,169.54643961158217,1.4478887155896385,4.139918522926508,929.6618707047319
2020-01-12,Khavda Renewable Energy Park,SIMULATED,SIMULATED_PVLIB,19952.478424404177,19952.478424404177,149643.59,148895.37,14921.13,86542.55,0.3118,0.7886,7.4822,5.14,100.0,748.2758620689656,3.0289583333333336,0.6979166666666667,35.94478114563974,0.961693265990261,0.82,0.3118,46.24722977153393,43.75277022846607,169.3831440398194,1.4442695979788247,4.1543629179079975,931.6616587319875
2020-01-13,Khavda Renewable Energy Park,SIMULATED,SIMULATED_PVLIB,19790.186316124848,19790.186316124848,148426.4,147684.27,15160.82,87932.76,0.3092,0.8013,7.4213,5.43,100.0,756.551724137931,3.265403333333333,0.7441666666666666,31.53094314016198,0.977141699009433,0.82,0.3092,46.102812515843425,43.897187484156575,169.2201832850394,1.4404946168837485,4.169355556541107,933.8430182322899
2020-01-14,Khavda Renewable Energy Park,SIMULATED,SIMULATED_PVLIB,20000.0,20000.0,150000.0,149250.0,15021.3,87123.54,0.3125,0.7939,7.5,5.71,100.0,778.7931034482759,4.394664583333333,0.9729166666666667,34.10028166684993,0.9681490141660253,0.82,0.3125,45.95145584660718,44.04854415339282,169.05760043405007,1.4365690547903605,4.184886955536172,936.2383001676079
2020-01-15,Khavda Renewable Energy Park,SIMULATED,SIMULATED_PVLIB,19961.376053009513,19961.376053009513,149710.32,148961.77,15202.19,88172.7,0.3119,0.8034,7.4855,6.0,100.0,783.1034482758621,4.48144,0.9866666666666667,30.769191272211373,0.9798078305472602,0.82,0.3119,45.793214311000156,44.206785688999844,168.89543849370193,1.4324983145940215,4.200947271861126,938.4719180105219
2020-01-16,Khavda Renewable Energy Park,SIMULATED,SIMULATED_PVLIB,20000.0,20000.0,150000.0,149250.0,15227.46,88319.27,0.3125,0.8048,7.5,2.0,100.0,795.344827586207,4.613,1.0,30.3039355712434,0.9814362255006481,0.82,0.3125,45.62814502684948,44.37185497315052,168.73374253039083,1.4282879290198303,4.215624401891403,940.2834547945178
2020-01-17,Khavda Renewable Energy Park,SIMULATED,SIMULATED_PVLIB,20000.0,20000.0,150000.0,149250.0,14916.95,86518.31,0.3125,0.7884,7.5,2.29,100.0,810.6896551724138,4.702,1.0,36.02184928990075,0.9614235274853473,0.82,0.3125,45.456308366958204,44.543691633041796,168.57256165526087,1.4239435633048727,4.228904435686759,941.6184114574569
2020-01-18,Khavda Renewable Energy Park,SIMULATED,SIMULATED_PVLIB,19451.08304818745,19451.08304818745,145883.12,145153.7,14921.97,86547.43,0.3039,0.7886,7.2942,2.57,100.0,810.344827586207,4.696083333333333,0.9991666666666666,35.92941899871066,0.9617470335045127,0.82,0.3039,45.27776822271481,44.72223177728519,168.41195045093446,1.4194710064655467,4.242676849510705,942.8173659942928
2020-01-19,Khavda Renewable Energy Park,SIMULATED,SIMULATED_PVLIB,20000.0,20000.0,150000.0,149250.0,15204.46,88185.87,0.3125,0.8036,7.5,2.86,100.0,808.448275862069,3.46986,0.74,30.72734590298625,0.9799542893395481,0.82,0.3125,45.09259185890536,44.90740814109464,168.25196954658577,1.4148761521277056,4.25692986534817,944.043953166676
2020-01-20,Khavda Renewable Energy Park,SIMULATED,SIMULATED_PVLIB,19915.869783821887,19915.869783821887,149369.02,148622.17,14948.96,86703.97,0.3112,0.7901,7.4685,3.14,100.0,816.7241379310345,3.95736875,0.8354166666666667,35.4324159465896,0.9634865441869364,0.82,0.3112,44.90084949646149,45.09915050353851,168.0926852937498,1.4101649730011885,4.271651284642515,945.4334845920868
2020-01-21,Khavda Renewable Energy Park,SIMULATED,SIMULATED_PVLIB,19666.23150659237,19666.23150659237,147496.74,146759.26,14865.52,86220.02,0.3073,0.7856,7.3748,3.43,100.0,814.1379310344828,4.5626325,0.96625,36.96893164570092,0.9581087392400468,0.82,0.3073,44.70261379128872,45.29738620871128,167.93416866290568,1.405343493627267,4.286828543440164,946.7375720731765
2020-01-22,Khavda Renewable Energy Park,SIMULATED,SIMULATED_PVLIB,19646.921824553916,19646.921824553916,147351.91,146615.15,15121.28,87703.42,0.307,0.7992,7.3676,3.71,100.0,810.344827586207,4.7,1.0,32.25912672484557,0.9745930564630405,0.82,0.307,44.497959351586914,45.502040648413086,167.776493589525,1.4004177650979746,4.302448763741501,948.0672101778316
2020-01-23,Khavda Renewable Energy Park,SIMULATED,SIMULATED_PVLIB,20000.0,20000.0,150000.0,149250.0,15105.34,87610.97,0.3125,0.7983,7.5,4.0,100.0,822.7586206896552,3.527303333333334,0.7391666666666667,32.55262863617864,0.9735657997733748,0.82,0.3125,44.28696239832497,45.71303760167503,167.6197350375944,1.3953938442569205,4.318498792074853,949.6242232427404
2020-01-24,Khavda Renewable Energy Park,SIMULATED,SIMULATED_PVLIB,19499.49210642489,19499.49210642489,146246.19,145514.96,14857.88,86175.7,0.3047,0.7852,7.3123,4.29,100.0,833.448275862069,4.743362499999999,0.98125,37.10956995562209,0.9576165051553227,0.82,0.3047,44.06970063084077,45.93029936915923,167.46396704119684,1.3902777786515699,4.334965220249518,951.1964603334441
2020-01-25,Khavda Renewable Energy Park,SIMULATED,SIMULATED_PVLIB,19154.66872394195,19154.66872394195,143660.02,142941.72,14760.64,85611.71,0.2993,0.7801,7.183,4.57,100.0,809.1379310344828,4.6578025,0.9925,38.900160657832075,0.9513494376975877,0.82,0.2993,43.84625329595442,46.15374670404558,167.30926099050066,1.3850755968736084,4.351834388860196,952.3920260355945
2020-01-26,Khavda Renewable Energy Park,SIMULATED,SIMULATED_PVLIB,19288.260833706285,19288.260833706285,144661.96,143938.65,14873.78,86267.92,0.3014,0.7861,7.2331,4.86,100.0,805.8620689655172,4.6681575,0.99875,36.8167042761645,0.9586415350334242,0.82,0.3014,43.61670139820549,46.38329860179451,167.1556843636015,1.379793302506816,4.369092379308694,953.8649516177637
2020-01-27,Khavda Renewable Energy Park,SIMULATED,SIMULATED_PVLIB,19978.54047419985,19978.54047419985,149839.05,149089.85,15048.92,87283.74,0.3122,0.7953,7.492,5.14,100.0,777.2413793103449,4.036538333333334,0.8954166666666666,33.591545182026074,0.9699295918629087,0.82,0.3122,43.38112795824472,46.61887204175528,167.0033000031617,1.3744368693236453,4.3867250025540185,955.0698121923756
2020-01-28,Khavda Renewable Energy Park,SIMULATED,SIMULATED_PVLIB,19169.284509097535,19169.284509097535,143769.63,143050.78,15004.83,87028.01,0.2995,0.793,7.1885,5.43,97.0,833.2758620689656,4.80078,0.9933333333333333,34.40349787639216,0.9670877574326274,0.82,0.2995,43.139618252503496,46.860381747496504,166.8521658552247,1.3690122361471468,4.404717790370565,957.2925893449676
2020-01-29,Khavda Renewable Energy Park,SIMULATED,SIMULATED_PVLIB,19683.9930336945,19683.9930336945,147629.95,146891.8,14969.77,86824.67,0.3076,0.7912,7.3815,5.71,100.0,866.0344827586207,5.023,1.0,35.049099332637475,0.9648281523357688,0.82,0.3076,42.89226000343751,47.10773999656249,166.70233502631527,1.3635253007389478,4.423055991679608,959.2669268407658
2020-01-30,Khavda Renewable Energy Park,SIMULATED,SIMULATED_PVLIB,19339.80650909436,19339.80650909436,145048.55,144323.31,14744.82,85519.96,0.3022,0.7793,7.2524,6.0,100.0,867.4137931034483,5.031,1.0,39.191574932566795,0.9503294877360162,0.82,0.3022,42.63914351735883,47.36085648264117,166.5538559518102,1.3579819127486228,4.44172457411323,960.8955712114271
2020-01-31,Khavda Renewable Energy Park,SIMULATED,SIMULATED_PVLIB,20000.0,20000.0,150000.0,149250.0,14867.3,86230.34,0.3125,0.7857,7.5,2.0,100.0,881.0344827586207,5.11,1.0,36.93612075125438,0.9582235773706097,0.82,0.3125,42.380361755137315,47.619638244862685,166.40677251006275,1.3523878655178025,4.460708231909848,962.6870096827631
2020-02-01,Khavda Renewable Energy Park,SIMULATED,SIMULATED_PVLIB,19487.319297345173,19487.319297345173,146154.89,145424.12,14655.95,85004.51,0.3045,0.7746,7.3077,2.29,100.0,886.551724137931,5.142,1.0,40.8280602112513,0.9446017892606204,0.82,0.3045,42.11601031258867,47.88398968741133,166.26112394804045,1.3467488863887762,4.479991401865469,964.4005711609788
2020-02-02,Khavda Renewable Energy Park,SIMULATED,SIMULATED_PVLIB,19667.498603802764,19667.498603802764,147506.24,146768.71,14882.67,86319.49,0.3073,0.7866,7.3753,2.57,100.0,899.1379310344828,4.558779166666667,0.8741666666666666,36.65308772694094,0.9592141929557068,0.82,0.3073,41.846187311991905,48.153812688008095,166.11694452644633,1.3410706257366602,4.499558286950868,966.2115252053723
2020-02-03,Khavda Renewable Energy Park,SIMULATED,SIMULATED_PVLIB,19357.832280283495,19357.832280283495,145183.74,144457.82,14827.65,86000.37,0.3025,0.7836,7.2592,2.86,100.0,888.1034482758621,4.76682125,0.9254166666666667,37.66631853236992,0.9556678851367053,0.82,0.3025,41.570993251654144,48.429006748345856,165.97426286728523,1.3353586458786941,4.519392883492666,967.7580100877541
2020-02-04,Khavda Renewable Energy Park,SIMULATED,SIMULATED_PVLIB,20000.0,20000.0,150000.0,149250.0,14988.16,86931.33,0.3125,0.7921,7.5,3.14,100.0,802.0689655172414,4.320545,0.92875,34.710425311373186,0.9660135114101939,0.82,0.3125,41.290530867699694,48.709469132300306,165.83310109822173,1.3296184110515066,4.539479007378637,968.4358438104085
2020-02-05,Khavda Renewable Energy Park,SIMULATED,SIMULATED_PVLIB,20000.0,20000.0,150000.0,149250.0,14758.76,85600.81,0.3125,0.78,7.5,3.43,100.0,888.9655172413793,4.891755,0.94875,38.93481323714613,0.9512281536699886,0.82,0.3125,41.00490499057333,48.99509500942667,165.6934739806593,1.3238552780814279,4.559800320688155,971.1462162055807
2020-02-06,Khavda Renewable Energy Park,SIMULATED,SIMULATED_PVLIB,19567.101783375056,19567.101783375056,146753.26,146019.49,14802.81,85856.3,0.3057,0.7823,7.3377,3.71,100.0,915.6896551724138,5.311,1.0,38.12372396531697,0.9540669661213906,0.82,0.3057,40.71422226968012,49.28577773031988,165.55538821844834,1.3180744852553323,4.580340368772919,973.156664534908
2020-02-07,Khavda Renewable Energy Park,SIMULATED,SIMULATED_PVLIB,18867.16507852967,18867.16507852967,141503.74,140796.22,14635.73,84887.23,0.2948,0.7735,7.0752,4.0,100.0,916.7241379310345,5.317,1.0,41.20048511381617,0.9432983021016434,0.82,0.2948,40.418590612501475,49.581409387498525,165.4188420386962,1.3122811366625131,4.601082639448423,974.8685719694688
2020-02-08,Khavda Renewable Energy Park,SIMULATED,SIMULATED_PVLIB,19072.46484020068,19072.46484020068,143043.49,142328.27,14831.99,86025.54,0.298,0.7839,7.1522,4.29,100.0,943.9655172413793,5.475,1.0,37.58630630779612,0.9559479279227135,0.82,0.298,40.11811831364151,49.88188168635849,165.28382508680534,1.3064801821042802,4.622010645134131,976.8872765881927
2020-02-09,Khavda Renewable Energy Park,SIMULATED,SIMULATED_PVLIB,18785.552872630717,18785.552872630717,140891.65,140187.19,14754.33,85575.11,0.2935,0.7798,7.0446,4.57,95.0,936.8965517241379,5.184941666666667,0.9541666666666667,39.01645623986218,0.9509424031604824,0.82,0.2935,39.81291310976045,50.18708689023955,165.15031864579532,1.3006763976326503,4.643108008240524,978.5016023851317
2020-02-10,Khavda Renewable Energy Park,SIMULATED,SIMULATED_PVLIB,19710.59048458099,19710.59048458099,147829.43,147090.28,14710.87,85323.05,0.308,0.7775,7.3915,4.86,100.0,950.1724137931035,5.3984837500000005,0.9795833333333334,39.81671214578463,0.9481415074897538,0.82,0.308,39.503081580082636,50.496918419917364,165.01829633544241,1.294874374634319,4.664358516758794,980.3492485022422
2020-02-11,Khavda Renewable Energy Park,SIMULATED,SIMULATED_PVLIB,19460.26710341014,19460.26710341014,145952.0,145222.24,14653.84,84992.27,0.3041,0.7745,7.2976,5.14,100.0,941.551724137931,3.4700104166666668,0.6354166666666666,40.86694114087298,0.9444657060069446,0.82,0.3041,39.18872925599035,50.81127074400965,164.88772550271483,1.289078523367643,4.685746123138925,981.9331399086681
2020-02-12,Khavda Renewable Energy Park,SIMULATED,SIMULATED_PVLIB,18117.36447028739,18117.36447028739,135880.23,135200.83,14190.12,82302.7,0.2831,0.75,6.794,5.43,100.0,919.6551724137931,2.6803349999999995,0.5025,42.61463236096263,0.9383487867366308,0.82,0.2831,38.86996147822059,51.13003852177941,164.75856939168852,1.2832930901718362,4.707254886113722,983.3519035317564
2020-02-13,Khavda Renewable Energy Park,SIMULATED,SIMULATED_PVLIB,18980.207673221837,18980.207673221837,142351.56,141639.8,14512.19,84170.7,0.2966,0.767,7.1176,5.71,100.0,899.6551724137931,3.6460775,0.69875,43.47532192495032,0.9353363732626738,0.82,0.2966,38.54688463636333,51.45311536363667,164.6307899027646,1.2775221803414818,4.728868886170349,984.7809219239767
2020-02-14,Khavda Renewable Energy Park,SIMULATED,SIMULATED_PVLIB,18822.954888871747,18822.954888871747,141172.16,140466.3,14485.54,84016.13,0.2941,0.7656,7.0586,6.0,100.0,922.7586206896552,2.91907,0.5454166666666667,43.96618023318106,0.9336183691838663,0.82,0.2941,38.21960722566106,51.78039277433894,164.50435043427137,1.2717697760407258,4.750572158960329,986.7005039424228
2020-02-15,Khavda Renewable Energy Park,SIMULATED,SIMULATED_PVLIB,19675.743835201407,19675.743835201407,147568.08,146830.24,14479.63,83981.85,0.3074,0.7653,7.3784,2.0,100.0,964.1379310344828,5.17959,0.92625,44.07499002768592,0.9332375349030992,0.82,0.3074,37.88824029607345,52.11175970392655,164.37921818561472,1.2660397423386116,4.770787082772636,988.4147249122918
2020-02-16,Khavda Renewable Energy Park,SIMULATED,SIMULATED_PVLIB,19326.683156382267,19326.683156382267,144950.12,144225.37,14424.87,83664.25,0.302,0.7624,7.2475,2.29,97.0,977.5862068965517,5.5353375,0.97625,45.08330664558186,0.9297084267404635,0.82,0.302,37.55289723316846,52.44710276683154,164.2553654969895,1.2603358215592808,4.78949887561786,989.3871738429056
2020-02-17,Khavda Renewable Energy Park,SIMULATED,SIMULATED_PVLIB,19493.264376501716,19493.264376501716,146199.48,145468.48,14427.37,83678.75,0.3046,0.7625,7.31,2.57,100.0,971.8965517241379,5.167249999999999,0.9166666666666666,45.03738442714371,0.9298691545049971,0.82,0.3046,37.21369314745913,52.78630685254087,164.13277009324668,1.254661621846302,4.808253583182862,990.1238659740725
2020-02-18,Khavda Renewable Energy Park,SIMULATED,SIMULATED_PVLIB,5547.877008337406,5547.877008337406,41609.08,41401.03,4063.05,23565.69,0.0867,0.2147,2.0805,2.86,100.0,948.6206896551724,0.7794500000000003,0.14166666666666672,46.73926793263905,0.9239125622357633,0.82,0.0867,36.87074423461473,53.12925576538527,164.01141440285505,1.2490206065915903,4.827035341456118,990.6408331315803
2020-02-19,Khavda Renewable Energy Park,SIMULATED,SIMULATED_PVLIB,19618.369442552677,19618.369442552677,147137.77,146402.08,14673.85,85108.33,0.3065,0.7755,7.3569,3.14,100.0,958.2758620689656,2.7905791666666673,0.5020833333333334,40.498515946518225,0.9457551941871862,0.82,0.3065,36.52416732877236,53.47583267122764,163.89128420531517,1.2434160883060055,4.8458284333254,991.5276127160407
2020-02-20,Khavda Renewable Energy Park,SIMULATED,SIMULATED_PVLIB,19601.264309554437,19601.264309554437,147009.48,146274.43,14607.54,84723.73,0.3063,0.772,7.3505,3.43,100.0,1003.2758620689656,5.76808375,0.99125,41.719535846978786,0.9414816245355743,0.82,0.3063,36.17407966116717,53.82592033883283,163.77236688493224,1.2378512267056,4.864617318166234,992.8104239505595
2020-02-21,Khavda Renewable Energy Park,SIMULATED,SIMULATED_PVLIB,19813.26262857291,19813.26262857291,148599.47,147856.47,14660.15,85028.87,0.3096,0.7748,7.43,3.71,100.0,991.7241379310345,3.3409533333333337,0.5808333333333334,40.75073834582642,0.9448724157896076,0.82,0.3096,35.82059874236888,54.17940125763112,163.65464952294985,1.2323290293146398,4.8833866516507225,993.4110153692296
2020-02-22,Khavda Renewable Energy Park,SIMULATED,SIMULATED_PVLIB,18508.363795702437,18508.363795702437,138812.73,138118.67,14635.3,84884.74,0.2892,0.7735,6.9406,4.0,100.0,986.3793103448277,5.721,1.0,41.20835662905847,0.9432707517982953,0.82,0.2892,35.46384231644669,54.53615768355331,163.53811707399723,1.2268523535314877,4.902121299921812,994.0624313786561
2020-02-23,Khavda Renewable Energy Park,SIMULATED,SIMULATED_PVLIB,18998.792134214593,18998.792134214593,142490.94,141778.49,14548.78,84382.92,0.2969,0.7689,7.1245,4.29,100.0,974.8275862068966,5.489091666666667,0.9708333333333333,42.80159087849613,0.9376944319252636,0.82,0.2969,35.10392839587432,54.89607160412568,163.422750871267,1.2214239101263529,4.92080634781531,994.6173804155557
2020-02-24,Khavda Renewable Energy Park,SIMULATED,SIMULATED_PVLIB,18617.56368848172,18617.56368848172,139631.73,138933.57,14365.1,83317.58,0.2909,0.7592,6.9816,4.57,100.0,995.8620689655173,5.776,1.0,46.18393665190084,0.925856221718347,0.82,0.2909,34.74097539268286,55.25902460731714,163.3085275913886,1.216046268225133,4.939427100412858,995.5283295480203
2020-02-25,Khavda Renewable Energy Park,SIMULATED,SIMULATED_PVLIB,18583.46400466148,18583.46400466148,139375.98,138679.1,14455.98,83844.68,0.2904,0.764,6.9688,4.86,100.0,1007.7586206896552,4.101241666666667,0.7016666666666667,44.51055392379462,0.9317130612667188,0.82,0.2904,34.375102308109426,55.624897691890574,163.1954187001843,1.2107218610396704,4.957969080955735,996.3048139030268
2020-02-26,Khavda Renewable Energy Park,SIMULATED,SIMULATED_PVLIB,18919.350436919365,18919.350436919365,141895.13,141185.65,14599.17,84675.19,0.2956,0.7716,7.0948,5.14,100.0,978.6206896551724,4.3421400000000006,0.765,41.873681350235785,0.9409421152741747,0.82,0.2956,34.00642891797922,55.99357108202078,163.08339024982536,1.2054529913374077,4.976418029659194,996.5715132119818
2020-02-27,Khavda Renewable Energy Park,SIMULATED,SIMULATED_PVLIB,19795.483962030106,19795.483962030106,148466.13,147723.8,14542.71,84347.72,0.3093,0.7686,7.4233,5.43,100.0,1024.4827586206898,5.602810833333333,0.9429166666666666,42.913417653119,0.9373030382140835,0.82,0.3093,33.635075913153095,56.364924086846905,162.97240285161877,1.200241836085778,4.994759906150256,997.6856552714971
2020-02-28,Khavda Renewable Energy Park,SIMULATED,SIMULATED_PVLIB,18593.058424385763,18593.058424385763,139447.94,138750.7,14696.95,85242.31,0.2905,0.7767,6.9724,5.71,100.0,962.9310344827586,3.6442125000000005,0.6525000000000001,40.07313829812527,0.9472440159565616,0.82,0.2905,33.26116499028988,56.73883500971012,162.86241165085812,1.195090450281106,5.0129808956385995,997.5092343719044
2020-02-29,Khavda Renewable Energy Park,SIMULATED,SIMULATED_PVLIB,19392.02143772956,19392.02143772956,145440.16,144712.96,14552.97,84407.23,0.303,0.7691,7.272,6.0,100.0,1001.8965517241379,4.041066250000001,0.6954166666666668,42.724359417883534,0.9379647420374077,0.82,0.303,32.8848188949407,57.1151811050593,162.7533661024156,1.190000770070054,5.031067418447857,998.4758317520698
2020-03-01,Khavda Renewable Energy Park,SIMULATED,SIMULATED_PVLIB,17927.753553325216,17927.753553325216,134458.15,133785.86,14277.28,82808.22,0.2801,0.7546,6.7229,4.0,100.0,1027.0689655172414,5.589651666666667,0.9383333333333334,47.80112170502346,0.9201960740324179,0.82,0.2801,32.50616139235614,57.49383860764386,162.64520939011072,1.1849746149147589,5.049006144266097,999.2451449704107
2020-03-02,Khavda Renewable Energy Park,SIMULATED,SIMULATED_PVLIB,18657.49087910102,18657.49087910102,139931.18,139231.52,14336.8,83153.44,0.2915,0.7577,6.9966,4.57,100.0,1029.655172413793,5.924721666666667,0.9920833333333333,46.70508420664516,0.9240322052767419,0.82,0.2915,32.12531715412981,57.87468284587019,162.53787737828577,1.1800136887629336,5.066784011504702,999.7126959869524
2020-03-03,Khavda Renewable Energy Park,SIMULATED,SIMULATED_PVLIB,18967.076285023177,18967.076285023177,142253.07,141541.8,14590.57,84625.31,0.2964,0.7711,7.1127,5.14,99.0,1049.3103448275863,6.0631775,0.99625,42.032110677007815,0.9403876126304727,0.82,0.2964,31.742411595789328,58.25758840421067,162.43129714074166,1.1751195807972852,5.08438824908728,1000.3414677736097
2020-03-04,Khavda Renewable Energy Park,SIMULATED,SIMULATED_PVLIB,19509.162756344034,19509.162756344034,146318.72,145587.13,14760.93,85613.39,0.3048,0.7801,7.3159,5.71,100.0,1049.3103448275863,5.969351666666667,0.9808333333333333,38.89494905507081,0.9513676783072522,0.82,0.3048,31.35757071886362,58.64242928113638,162.32538527045733,1.1702937664937636,5.1018063970230045,1000.6999836572446
2020-03-05,Khavda Renewable Energy Park,SIMULATED,SIMULATED_PVLIB,19691.15265268734,19691.15265268734,147683.64,146945.22,14934.43,86619.69,0.3077,0.7893,7.3842,6.29,100.0,892.4137931034483,4.358623333333333,0.8420833333333333,35.69991921235003,0.9625502827567749,0.82,0.3077,30.9709209407361,59.0290790592639,162.2200461894115,1.1655376087576896,5.1190263267860505,999.1796161864795
2020-03-06,Khavda Renewable Energy Park,SIMULATED,SIMULATED_PVLIB,19268.65207010055,19268.65207010055,144514.89,143792.32,14668.27,85075.97,0.3011,0.7752,7.2257,6.86,100.0,1073.448275862069,6.13261,0.985,40.60127840263023,0.9453955255907942,0.82,0.3011,30.582588769728098,59.4174112302719,162.11517064161683,1.160852357435277,5.136036270150526,1001.5742916898016
2020-03-07,Khavda Renewable Energy Park,SIMULATED,SIMULATED_PVLIB,18264.16869386552,18264.16869386552,136981.27,136296.36,14473.8,83948.04,0.2854,0.7649,6.8491,7.43,100.0,1087.4137931034484,6.307,1.0,44.182272432933935,0.9328620464847313,0.82,0.2854,30.192700176905795,59.807299823094205,162.01063445102295,1.1562391456919916,5.152824864645756,1001.9684934814042
2020-03-08,Khavda Renewable Energy Park,SIMULATED,SIMULATED_PVLIB,17741.599064710324,17741.599064710324,133061.99,132396.68,14195.91,82336.28,0.2772,0.7503,6.6531,8.0,100.0,1093.7931034482758,6.344,1.0,49.29957258541623,0.9149514959510432,0.82,0.2772,29.801379716422332,60.19862028357767,161.90629768930853,1.151698984309879,5.1693812108977175,1002.2288809021197
2020-03-09,Khavda Renewable Energy Park,SIMULATED,SIMULATED_PVLIB,18554.40410035565,18554.40410035565,139158.03,138462.24,14362.18,83300.64,0.2899,0.759,6.9579,8.57,100.0,1065.344827586207,3.318637916666667,0.5370833333333334,46.23777117496583,0.9256678008876196,0.82,0.2899,29.40874975163829,60.59125024836171,161.80200457194178,1.1472327582780089,5.185694919341822,1002.035360730037
2020-03-10,Khavda Renewable Energy Park,SIMULATED,SIMULATED_PVLIB,18291.620765489995,18291.620765489995,137187.16,136501.22,14698.91,85253.68,0.2858,0.7768,6.8594,9.14,100.0,1042.4137931034484,5.819275,0.9625,40.03701645862887,0.947370442394799,0.82,0.2858,29.014930287100903,60.9850697128991,161.6975844524352,1.1428412309710652,5.201756117593686,1001.8594510116545
2020-03-11,Khavda Renewable Energy Park,SIMULATED,SIMULATED_PVLIB,17817.77019755352,17817.77019755352,133633.28,132965.11,14896.14,86397.61,0.2784,0.7873,6.6817,9.71,100.0,1138.9655172413793,6.5922374999999995,0.9979166666666667,36.40504436084562,0.9600823447370403,0.82,0.2784,28.620039673792817,61.37996032620718,161.59285413237228,1.1385250578249575,5.217555406232714,1003.0349529936489
2020-03-12,Khavda Renewable Energy Park,SIMULATED,SIMULATED_PVLIB,17672.45109151854,17672.45109151854,132543.38,131880.66,14803.0,85857.4,0.2761,0.7823,6.6272,10.29,100.0,1144.655172413793,6.59474,0.9933333333333333,38.12018216056505,0.9540793624380223,0.82,0.2761,28.224195967724434,61.775804032275566,161.487621226104,1.134284805838818,5.233083780166005,1003.0975690043614
2020-03-13,Khavda Renewable Energy Park,SIMULATED,SIMULATED_PVLIB,16825.761897574874,16825.761897574874,126193.21,125562.24,14526.35,84252.83,0.2629,0.7677,6.3097,10.86,97.0,1130.1724137931035,6.555,1.0,43.21465463237038,0.9362487087867036,0.82,0.2629,27.82751831878297,62.17248168121703,161.3816878751819,1.1301209714930551,5.248332554089216,1002.8744134218712
2020-03-14,Khavda Renewable Energy Park,SIMULATED,SIMULATED_PVLIB,17722.12342137255,17722.12342137255,132915.93,132251.35,14311.49,83006.64,0.2769,0.7564,6.6458,11.43,100.0,1136.0344827586207,5.57594125,0.84625,47.17125664513584,0.9224006017420245,0.82,0.2769,27.43012776737192,62.56987223262808,161.27485396301176,1.1260339907842125,5.263293326737017,1002.8393063105395
2020-03-15,Khavda Renewable Energy Park,SIMULATED,SIMULATED_PVLIB,6591.531205401651,6591.531205401651,49436.48,49189.3,5414.32,31403.06,0.103,0.2861,2.4718,12.0,100.0,1073.448275862069,1.0428549999999999,0.16749999999999998,47.796637216234956,0.9202117697431776,0.82,0.103,27.03214722938948,62.96785277061052,161.16691918112951,1.122024240133302,5.277957992769314,1001.9517205705316
2020-03-16,Khavda Renewable Energy Park,SIMULATED,SIMULATED_PVLIB,3024.1804507816255,3024.1804507816255,22681.35,22567.94,2240.39,12994.26,0.0473,0.1184,1.1341,4.0,100.0,997.9310344827586,0.42686499999999994,0.07374999999999998,44.92753586854632,0.9302536244600879,0.82,0.0473,26.633700918775645,63.366299081224355,161.0576837820322,1.1180920318127585,5.293105675586827,1001.0317109996214
2020-03-17,Khavda Renewable Energy Park,SIMULATED,SIMULATED_PVLIB,18388.326710443038,18388.326710443038,137912.45,137222.89,14169.64,82183.91,0.2873,0.7489,6.8956,4.57,100.0,1141.5517241379312,6.411335000000001,0.9683333333333334,49.7834548926638,0.9132579078756767,0.82,0.2873,26.234913668163045,63.765086331836955,160.94694818245148,1.114237609089355,5.30872745145372,1002.7934187392846
2020-03-18,Khavda Renewable Energy Park,SIMULATED,SIMULATED_PVLIB,18423.394388110974,18423.394388110974,138175.46,137484.58,14032.38,81387.8,0.2879,0.7416,6.9088,5.14,100.0,1143.2758620689656,5.84356875,0.88125,52.311054396163584,0.9044113096134274,0.82,0.2879,25.835910466925853,64.16408953307415,160.8345117176799,1.1104611441788614,5.324028905584308,1002.8367294815964
2020-03-19,Khavda Renewable Energy Park,SIMULATED,SIMULATED_PVLIB,18998.481663633513,18998.481663633513,142488.61,141776.17,14357.87,83275.65,0.2969,0.7588,7.1244,5.71,100.0,1145.0,3.6470158333333327,0.5491666666666666,46.317088255792854,0.925390191104725,0.82,0.2969,25.436816255858915,64.56318374414109,160.7201708164962,1.106762739031551,5.339003444332349,1002.823208528112
2020-03-20,Khavda Renewable Energy Park,SIMULATED,SIMULATED_PVLIB,18778.55079027033,18778.55079027033,140839.13,140134.93,14682.43,85158.09,0.2934,0.776,7.042,6.29,100.0,1129.8275862068965,5.523632916666666,0.8429166666666666,40.340527200571486,0.9463081547979998,0.82,0.2934,25.037755862492375,64.96224413750762,160.60371678653723,1.1031424275319863,5.3536449037706815,1002.5547911368009
2020-03-21,Khavda Renewable Energy Park,SIMULATED,SIMULATED_PVLIB,18986.608734719994,18986.608734719994,142399.57,141687.57,14597.53,84665.67,0.2967,0.7715,7.12,6.86,100.0,1098.7931034482758,4.3495725,0.6825,41.90391220119749,0.9408363072958088,0.82,0.2967,24.6388539842997,65.3611460157003,160.48493347522435,1.0996001780988314,5.367947551552416,1002.0434896769536
2020-03-22,Khavda Renewable Energy Park,SIMULATED,SIMULATED_PVLIB,18021.29032266407,18021.29032266407,135159.68,134483.88,14418.24,83625.79,0.2816,0.762,6.758,7.43,100.0,1062.4137931034484,3.4404500000000002,0.5583333333333333,45.205534093867925,0.9292806306714623,0.82,0.2816,24.24023522542805,65.75976477457195,160.36359508133944,1.0961358966671328,5.381906085618963,1001.4124491503528
2020-03-23,Khavda Renewable Energy Park,SIMULATED,SIMULATED_PVLIB,12060.63449112233,12060.63449112233,90454.76,90002.49,9621.23,55803.13,0.1884,0.5085,4.5227,8.0,100.0,1000.0,1.8584166666666666,0.3204166666666667,48.54182603125096,0.9176036088906216,0.82,0.1884,23.842024211192538,66.15797578880746,160.23946436178346,1.092749430187876,5.395515628877685,1000.4194071639989
2020-03-24,Khavda Renewable Energy Park,SIMULATED,SIMULATED_PVLIB,16520.41222403778,16520.41222403778,123903.09,123283.57,13268.86,76959.39,0.2581,0.7013,6.1952,8.57,100.0,934.6551724137931,2.51398875,0.46375,43.43233685100978,0.9354868210214657,0.82,0.2581,23.444345750032284,66.55565424996772,160.1122913389222,1.089440570299818,5.408771721716504,999.3350568151523
2020-03-25,Khavda Renewable Energy Park,SIMULATED,SIMULATED_PVLIB,4722.369974791031,4722.369974791031,35417.77,35240.68,3913.45,22698.01,0.0738,0.2068,1.7709,9.14,100.0,673.9655172413793,0.7313087499999997,0.18708333333333327,39.72094456170693,0.9484766940340258,0.82,0.0738,23.047324983028105,66.9526750169719,159.98181244699936,1.0862090566400484,5.421670315414797,995.9061255960531
2020-03-26,Khavda Renewable Energy Park,SIMULATED,SIMULATED_PVLIB,833.4790696654094,833.4790696654094,6251.09,6219.83,660.49,3830.84,0.013,0.0349,0.3126,9.71,100.0,547.2413793103449,0.12166999999999928,0.03833333333333311,35.807739282869,0.9621729125099585,0.82,0.013,22.651087505293972,67.34891249470603,159.84774993381131,1.0830545796962785,5.434207767100998,993.989596699052
2020-03-27,Khavda Renewable Energy Park,SIMULATED,SIMULATED_PVLIB,17513.9918908794,17513.9918908794,131354.94,130698.17,14373.92,83368.74,0.2737,0.7597,6.5677,10.29,100.0,1169.1379310344828,5.834485416666666,0.8604166666666666,46.0216874763253,0.9264240938328614,0.82,0.2737,22.255759491296345,67.74424050870365,159.7098113161478,1.0799767834923455,5.446380834652141,1000.7843457770653
2020-03-28,Khavda Renewable Energy Park,SIMULATED,SIMULATED_PVLIB,17849.400476385737,17849.400476385737,133870.5,133201.15,14530.03,84274.17,0.2789,0.7679,6.6935,10.86,100.0,1128.448275862069,6.313197916666667,0.9645833333333333,43.14679125648988,0.9364862306022854,0.82,0.2789,21.861467843716966,68.13853215628303,159.56768858184853,1.0769752682586815,5.458186670682026,999.7633789853737
2020-03-29,Khavda Renewable Energy Park,SIMULATED,SIMULATED_PVLIB,17392.027034096824,17392.027034096824,130440.2,129788.0,14051.74,81500.09,0.2718,0.7426,6.522,11.43,100.0,1191.3793103448277,6.907120833333334,0.9995833333333334,51.95452368215945,0.9056591671124419,0.82,0.2718,21.46834030915977,68.53165969084023,159.42105682705585,1.0740495926517655,5.469622818210361,999.9006089263466
2020-03-30,Khavda Renewable Energy Park,SIMULATED,SIMULATED_PVLIB,17204.24601485423,17204.24601485423,129031.85,128386.69,14004.45,81225.81,0.2688,0.7401,6.4516,12.0,100.0,1190.1724137931035,6.6096224999999995,0.9575,52.825275573893165,0.902611535491374,0.82,0.2688,21.076505485718215,68.92349451428178,159.26957206010843,1.0711992750323056,5.480687211029023,999.2318513682485
2020-03-31,Khavda Renewable Energy Park,SIMULATED,SIMULATED_PVLIB,19563.35826208318,19563.35826208318,146725.19,145991.56,14503.76,84121.81,0.3057,0.7665,7.3363,4.0,100.0,1120.8620689655172,4.867623750000001,0.74875,43.6305791596139,0.9347929729413513,0.82,0.3057,20.686092731642944,69.31390726835706,159.11286808184207,1.0684237939996668,5.491378177775084,997.7112523006348
2020-04-01,Khavda Renewable Energy Park,SIMULATED,SIMULATED_PVLIB,18329.696598537208,18329.696598537208,137472.72,136785.36,14417.25,83620.05,0.2864,0.762,6.8736,4.57,97.0,1175.5172413793105,6.116314166666666,0.8970833333333333,45.22365989825677,0.9292171903561013,0.82,0.2864,20.29723207467805,69.70276792532195,158.95055263513973,1.0657225889806197,5.5016944450595116,997.5888808643064
2020-04-02,Khavda Renewable Energy Park,SIMULATED,SIMULATED_PVLIB,17567.680294417605,17567.680294417605,131757.6,131098.81,14038.33,81422.31,0.2745,0.7419,6.5879,5.14,97.0,1196.5517241379312,6.928433333333333,0.9983333333333333,52.20147612903902,0.9047948335483634,0.82,0.2745,19.910054199164207,70.08994580083579,158.78220307919196,1.063095061386404,5.51163513653546,997.0198671649555
2020-04-03,Khavda Renewable Energy Park,SIMULATED,SIMULATED_PVLIB,18066.053405442908,18066.053405442908,135495.4,134817.92,13942.79,80868.18,0.2823,0.7369,6.7748,5.71,100.0,1204.6551724137933,6.62309375,0.9479166666666666,53.960831709386184,0.8986370890171483,0.82,0.2823,19.52469041473499,70.47530958526501,158.6073618854192,1.0605405756209203,5.521199772141692,996.2472773625205
2020-04-04,Khavda Renewable Energy Park,SIMULATED,SIMULATED_PVLIB,17093.321968943772,17093.321968943772,128199.91,127558.91,13946.75,80891.15,0.2671,0.7371,6.41,6.29,100.0,1217.9310344827586,7.03751,0.99625,53.887905046449575,0.8988923323374265,0.82,0.2671,19.141272398785617,70.85872760121438,158.42553212675512,1.0580584586326958,5.530388275499354,995.48393972023
2020-04-05,Khavda Renewable Energy Park,SIMULATED,SIMULATED_PVLIB,16715.12438691346,16715.12438691346,125363.43,124736.61,13618.46,78987.07,0.2612,0.7197,6.2682,6.86,100.0,1218.448275862069,2.650125,0.375,50.482040702480376,0.9108128575413187,0.82,0.2612,18.759931606703162,71.24006839329684,158.2361733538935,1.0556479975897408,5.53920099228276,994.5207116231228
2020-04-06,Khavda Renewable Energy Park,SIMULATED,SIMULATED_PVLIB,17405.85444729679,17405.85444729679,130543.91,129891.19,14213.31,82437.2,0.272,0.7512,6.5272,7.43,100.0,1232.9310344827586,7.130142916666666,0.9970833333333333,48.97924089855232,0.9160726568550669,0.82,0.272,18.380798569439577,71.61920143056042,158.0386985301892,1.0533084373524688,5.547638709598265,993.6714764902549
2020-04-07,Khavda Renewable Energy Park,SIMULATED,SIMULATED_PVLIB,17680.947523070565,17680.947523070565,132607.11,131944.07,14381.4,83412.12,0.2763,0.7601,6.6304,8.0,100.0,1161.2068965517242,4.3075937500000006,0.6395833333333334,45.88377607714926,0.9269067837299776,0.82,0.2763,18.0040025611398,71.9959974388602,157.83247286775475,1.0510389807059306,5.555702658157882,991.7640098188704
2020-04-08,Khavda Renewable Energy Park,SIMULATED,SIMULATED_PVLIB,18235.127665180575,18235.127665180575,136763.46,136079.64,14306.77,82979.27,0.2849,0.7561,6.8382,8.57,100.0,1178.7931034482758,5.070775,0.7416666666666667,47.258166908314955,0.9220964158208976,0.82,0.2849,17.629672045679143,72.37032795432086,157.61681508192532,1.0488387933202397,5.563394484631661,990.8548781421573
2020-04-09,Khavda Renewable Energy Park,SIMULATED,SIMULATED_PVLIB,17382.25606679431,17382.25606679431,130366.92,129715.09,14275.78,82799.52,0.2716,0.7545,6.5183,9.14,100.0,1211.3793103448277,6.14775,0.875,47.82879226608308,0.9200992270687092,0.82,0.2716,17.257935886905145,72.74206411309486,157.3910007817757,1.0467070125677829,5.57071619886729,990.074831312509
2020-04-10,Khavda Renewable Energy Park,SIMULATED,SIMULATED_PVLIB,17295.665746065133,17295.665746065133,129717.49,129068.9,14065.84,81581.87,0.2702,0.7434,6.4859,9.71,100.0,1239.3103448275863,6.945405,0.96625,51.694794964562675,0.9065682176240306,0.82,0.2702,16.888924837541197,73.1110751624588,157.15426686871047,1.0446427567988288,5.577670116603847,989.1947631369336
2020-04-11,Khavda Renewable Energy Park,SIMULATED,SIMULATED_PVLIB,17773.080571456132,17773.080571456132,133298.1,132631.61,13841.64,80281.51,0.2777,0.7315,6.6649,10.29,100.0,1243.103448275862,5.200212499999999,0.72125,55.82342919184083,0.892117997828557,0.82,0.2777,16.52277266045226,73.47722733954774,156.9058155337766,1.042645131389919,5.584258820719656,987.987638121077
2020-04-12,Khavda Renewable Energy Park,SIMULATED,SIMULATED_PVLIB,16967.005839554804,16967.005839554804,127252.54,126616.28,13966.18,81003.84,0.2651,0.7381,6.3626,10.86,100.0,1246.3793103448277,6.686825000000001,0.925,53.53003597149046,0.9001448740997834,0.82,0.2651,16.15961650888488,73.84038349111512,156.64481674675835,1.0407132300268849,5.59048515121053,986.7312815835069
2020-04-13,Khavda Renewable Energy Park,SIMULATED,SIMULATED_PVLIB,17593.216184973255,17593.216184973255,131949.12,131289.37,14107.16,81821.53,0.2749,0.7456,6.5975,11.43,100.0,1224.3103448275863,5.905665,0.8316666666666667,50.93387336999997,0.9092314432050002,0.82,0.2749,15.79959663742818,74.20040336257182,156.37040899525982,1.0388461323343734,5.596352217645239,985.1361698177789
2020-04-14,Khavda Renewable Energy Park,SIMULATED,SIMULATED_PVLIB,16800.45334878822,16800.45334878822,126003.4,125373.38,14258.31,82698.2,0.2625,0.7536,6.3002,12.0,100.0,1205.8620689655172,3.7301333333333337,0.5333333333333334,48.15045705042543,0.918973400323511,0.82,0.2625,15.442855834423469,74.55714416557653,156.08169853176116,1.0370429004325177,5.6018634183561575,983.5428317149024
2020-04-15,Khavda Renewable Energy Park,SIMULATED,SIMULATED_PVLIB,14282.036230529056,14282.036230529056,107115.27,106579.69,10866.66,63026.63,0.2232,0.5743,5.3558,4.0,100.0,835.6896551724138,2.0518966666666674,0.42333333333333345,42.525866394424675,0.9386594676195137,0.82,0.2232,15.089538954630143,74.91046104536986,155.777757593283,1.035302576500847,5.607022453352166,977.7909863272494
2020-04-16,Khavda Renewable Energy Park,SIMULATED,SIMULATED_PVLIB,12679.217473917925,12679.217473917925,95094.13,94618.66,9928.05,57582.69,0.1981,0.5247,4.7547,4.57,100.0,953.7931034482759,1.883185,0.3404166666666667,43.739499104854325,0.9344117531330098,0.82,0.1981,14.739792725035628,75.26020727496437,155.4576218349955,1.0336241820562109,5.612939748688311,977.9217570251272
2020-04-17,Khavda Renewable Energy Park,SIMULATED,SIMULATED_PVLIB,18317.538905078927,18317.538905078927,137381.54,136694.63,14162.15,82140.47,0.2862,0.7485,6.8691,5.14,100.0,1179.8275862068965,4.6332812500000005,0.6770833333333334,49.92128738802438,0.9127754941419146,0.82,0.2862,14.393765793024244,75.60623420697576,155.12028713474626,1.0320067185482558,5.618511698145778,979.2777981298588
2020-04-18,Khavda Renewable Energy Park,SIMULATED,SIMULATED_PVLIB,18962.34791042928,18962.34791042928,142217.61,141506.52,14240.53,82595.07,0.2963,0.7526,7.1109,5.71,100.0,1216.896551724138,5.3199675,0.75375,48.478037619364784,0.9178268683322233,0.82,0.2963,14.051608916302726,75.94839108369727,154.76470605943155,1.0304491686099608,5.623742871285718,978.3835171598595
2020-04-19,Khavda Renewable Energy Park,SIMULATED,SIMULATED_PVLIB,6809.041058027431,6809.041058027431,51067.81,50812.47,5562.65,32263.37,0.1064,0.294,2.5534,6.29,100.0,1171.3793103448277,1.0700549999999998,0.15749999999999997,47.46039404887978,0.9213886208289208,0.82,0.1064,13.713475221353008,76.28652477864699,154.38978448177613,1.028950497531695,5.628638111884984,976.4863354419897
2020-04-20,Khavda Renewable Energy Park,SIMULATED,SIMULATED_PVLIB,18648.582522102606,18648.582522102606,139864.37,139165.05,14347.13,83213.35,0.2914,0.7583,6.9932,6.86,100.0,1188.103448275862,5.6219075,0.8158333333333333,46.514887624624365,0.9246978933138147,0.82,0.2914,13.379520488791073,76.62047951120893,153.99437885062935,1.027509654739263,5.633202524560576,975.2839970059397
2020-04-21,Khavda Renewable Energy Park,SIMULATED,SIMULATED_PVLIB,18199.53299749108,18199.53299749108,136496.5,135814.02,14170.63,82189.65,0.2844,0.7489,6.8248,7.43,100.0,1185.5172413793105,4.518105,0.6570833333333334,49.76514274722578,0.9133220003847098,0.82,0.2844,13.049903419942524,76.95009658005748,153.57729450583645,1.026125575082179,5.637441462245276,973.8230306909285
2020-04-22,Khavda Renewable Energy Park,SIMULATED,SIMULATED_PVLIB,17763.99492246737,17763.99492246737,133229.96,132563.81,14271.05,82772.09,0.2776,0.7542,6.6615,8.0,100.0,1229.6551724137933,3.135108333333334,0.43958333333333344,47.91587347922081,0.9197944428227272,0.82,0.2776,12.724785861520061,77.27521413847994,153.13728511378122,1.0247971798722892,5.641360514950839,972.878455145878
2020-04-23,Khavda Renewable Energy Park,SIMULATED,SIMULATED_PVLIB,17249.507187623298,17249.507187623298,129371.3,128724.44,14316.88,83037.9,0.2695,0.7567,6.4686,8.57,100.0,1236.3793103448277,6.1491325,0.8575,47.07197420119767,0.9227480902958082,0.82,0.2695,12.40433299859987,77.59566700140013,152.67305326949452,1.0235233777628945,5.644965499293729,971.466569079239
2020-04-24,Khavda Renewable Energy Park,SIMULATED,SIMULATED_PVLIB,17480.890412057757,17480.890412057757,131106.68,130451.15,14367.67,83332.49,0.2731,0.7593,6.5553,9.14,97.0,1264.1379310344828,7.2525699999999995,0.9891666666666666,46.13672180239917,0.9260214736916029,0.82,0.2731,12.088713573933262,77.91128642606674,152.18325208592591,1.022303065729857,5.648262447142346,970.2736001294061
2020-04-25,Khavda Renewable Energy Park,SIMULATED,SIMULATED_PVLIB,17558.213741145413,17558.213741145413,131686.6,131028.17,14345.23,83202.33,0.2743,0.7582,6.5843,9.71,100.0,1253.2758620689656,6.90252125,0.9495833333333333,46.5498390282884,0.9245755634009906,0.82,0.2743,11.778100156338695,78.2218998436613,151.66648751118748,1.0211351302349092,5.651257592887231,968.6026295501871
2020-04-26,Khavda Renewable Energy Park,SIMULATED,SIMULATED_PVLIB,17227.63401708278,17227.63401708278,129207.26,128561.22,14271.3,82773.54,0.2692,0.7542,6.4604,10.29,97.0,1246.0344827586207,6.8265037500000005,0.9445833333333333,47.911265600868475,0.9198105703969603,0.82,0.2692,11.472669421598553,78.52733057840145,151.1213208286078,1.0200184484210164,5.653957360318338,966.9501261783339
2020-04-27,Khavda Renewable Energy Park,SIMULATED,SIMULATED_PVLIB,17606.234702931873,17606.234702931873,132046.76,131386.53,14328.07,83102.81,0.2751,0.7572,6.6023,10.86,100.0,1259.8275862068965,6.810732916666668,0.9320833333333334,46.8659592993466,0.923469142452287,0.82,0.2751,11.172602381879756,78.82739761812024,150.54627076776626,1.0189518891267657,5.656368350515144,965.5218105079606
2020-04-28,Khavda Renewable Energy Park,SIMULATED,SIMULATED_PVLIB,18152.85874902881,18152.85874902881,136146.44,135465.71,14195.81,82335.7,0.2836,0.7503,6.8073,11.43,100.0,1252.4137931034484,6.180453333333333,0.8508333333333333,49.30139317809123,0.9149451238766807,0.82,0.2836,10.878084555341871,79.12191544465813,149.93981499175777,1.0179343137480203,5.658497330608358,963.8247665140894
2020-04-29,Khavda Renewable Energy Park,SIMULATED,SIMULATED_PVLIB,16986.903630375768,16986.903630375768,127401.78,126764.77,14114.11,81861.84,0.2654,0.7459,6.3701,12.0,100.0,1266.2068965517242,6.741180000000001,0.9179166666666667,50.80586683219008,0.9096794660873347,0.82,0.2654,10.589306147408578,79.41069385259142,149.30039129208797,1.016964577242996,5.660351221528153,962.3575311873776
2020-04-30,Khavda Renewable Energy Park,SIMULATED,SIMULATED_PVLIB,18094.942768858302,18094.942768858302,135712.07,135033.51,14116.35,81874.83,0.2827,0.7461,6.7856,4.0,100.0,1264.4827586206898,6.6067116666666665,0.9008333333333334,50.76478010366526,0.9098232696371715,0.82,0.2827,10.3064623051457,79.6935376948543,148.6263992914915,1.0160415294879879,5.6619370834082305,960.69182188293
2020-05-01,Khavda Renewable Energy Park,SIMULATED,SIMULATED_PVLIB,18870.16267967615,18870.16267967615,141526.22,140818.59,14277.76,82811.01,0.2948,0.7546,7.0763,4.57,100.0,1270.5172413793105,6.638240833333334,0.9008333333333334,47.79239354708328,0.9202266225852085,0.82,0.2948,10.029753392646214,79.97024660735379,147.91620345269155,1.0151640167928586,5.663262099893244,959.1020483436627
2020-05-02,Khavda Renewable Energy Park,SIMULATED,SIMULATED_PVLIB,18940.620504022892,18940.620504022892,142054.65,141344.38,14399.9,83519.42,0.2959,0.761,7.1027,5.14,100.0,1241.7241379310344,6.802889166666667,0.9445833333333333,45.54311788335373,0.928099087408262,0.82,0.2959,9.759385104036042,80.24061489596396,147.16813815336553,1.0143308830293893,5.664333564931308,957.0912698721663
2020-05-03,Khavda Renewable Energy Park,SIMULATED,SIMULATED_PVLIB,19443.151873494608,19443.151873494608,145823.64,145094.52,14383.21,83422.62,0.3038,0.7602,7.2912,5.71,100.0,1246.0344827586207,6.98911125,0.9670833333333333,45.85043986800205,0.9270234604619928,0.82,0.3038,9.495568240409227,80.50443175959077,146.38051590172836,1.0135409699828979,5.66515887463933,955.4568601663718
2020-05-04,Khavda Renewable Energy Park,SIMULATED,SIMULATED_PVLIB,18982.18568382613,18982.18568382613,142366.39,141654.56,14344.53,83198.27,0.2966,0.7581,7.1183,6.29,100.0,1239.3103448275863,6.4751900000000004,0.9008333333333334,46.56285017617634,0.9245300243833828,0.82,0.2966,9.238518164398371,80.76148183560163,145.5516405458219,1.012793117180686,5.665745522645344,953.6836773392982
2020-05-05,Khavda Renewable Energy Park,SIMULATED,SIMULATED_PVLIB,18431.62188491966,18431.62188491966,138237.16,137545.97,14212.86,82434.59,0.288,0.7512,6.9119,6.86,100.0,1253.9655172413793,7.1820875,0.9875,48.987532618446714,0.9160436358354365,0.82,0.288,8.988454171254716,81.01154582874528,144.67982799624787,1.012086162046214,5.666101093399302,952.1530965169043
2020-05-06,Khavda Renewable Energy Park,SIMULATED,SIMULATED_PVLIB,19001.582914287916,19001.582914287916,142511.87,141799.31,14274.03,82789.37,0.2969,0.7544,7.1256,7.43,100.0,1261.3793103448277,7.2519849999999995,0.99125,47.86105531521849,0.9199863063967353,0.82,0.2969,8.745599060699618,81.25440093930038,143.7634367861154,1.0114189411776626,5.666233248227238,950.5316653972316
2020-05-07,Khavda Renewable Energy Park,SIMULATED,SIMULATED_PVLIB,17391.6541241157,17391.6541241157,130437.41,129785.22,14230.38,82536.2,0.2717,0.7521,6.5219,8.0,100.0,1281.7241379310344,7.434,1.0,48.66486462914215,0.9171729737980024,0.82,0.2717,8.510178996093742,81.48982100390626,142.80090918351846,1.0107902928498076,5.666149703453219,949.0573571533414
2020-05-08,Khavda Renewable Energy Park,SIMULATED,SIMULATED_PVLIB,17582.757684914814,17582.757684914814,131870.68,131211.33,14233.56,82554.65,0.2747,0.7523,6.5935,8.57,100.0,1269.4827586206898,6.187987916666668,0.8404166666666667,48.60625927661308,0.9173780925318542,0.82,0.2747,8.282423403676631,81.71757659632337,141.79082140233368,1.010199059947123,5.665858205756975,947.1988094303392
2020-05-09,Khavda Renewable Energy Park,SIMULATED,SIMULATED_PVLIB,17328.76388906744,17328.76388906744,129965.73,129315.9,14241.11,82598.44,0.2708,0.7526,6.4983,9.14,100.0,1262.9310344827586,6.119427083333334,0.8354166666666667,48.46718393209363,0.9178648562376723,0.82,0.2708,8.062564442375503,81.9374355576245,140.73193991248797,1.0096440921430665,5.665366512549568,945.4060024915141
2020-05-10,Khavda Renewable Energy Park,SIMULATED,SIMULATED_PVLIB,17471.967765452995,17471.967765452995,131039.76,130384.56,14214.24,82442.59,0.273,0.7512,6.552,9.71,100.0,1258.103448275862,5.9896208333333325,0.8208333333333333,48.961989649693535,0.9161330362260727,0.82,0.273,7.850835628104051,82.14916437189595,139.62328074780976,1.009124246526558,5.664682382657571,943.6342073324348
2020-05-11,Khavda Renewable Energy Park,SIMULATED,SIMULATED_PVLIB,16828.561894512237,16828.561894512237,126214.21,125583.14,14203.5,82380.3,0.2629,0.7507,6.3107,10.29,100.0,1241.0344827586207,4.342793333333335,0.6033333333333335,49.15992854853401,0.915440250080131,0.82,0.2629,7.647469478878293,82.35253052112171,138.46416986441807,1.0086383867235225,5.663813577062383,941.7215822279812
2020-05-12,Khavda Renewable Energy Park,SIMULATED,SIMULATED_PVLIB,17845.08017875991,17845.08017875991,133838.1,133168.91,14260.24,82709.39,0.2788,0.7537,6.6919,10.86,100.0,1243.6206896551726,5.641167083333333,0.7820833333333334,48.11499307731765,0.9190975242293882,0.82,0.2788,7.452694380716537,82.54730561928346,137.25430376117168,1.008185381323571,5.662767864419624,940.043400693269
2020-05-13,Khavda Renewable Energy Park,SIMULATED,SIMULATED_PVLIB,17331.28615724469,17331.28615724469,129984.65,129334.73,14299.95,82939.71,0.2708,0.7558,6.4992,11.43,100.0,1212.5862068965519,5.942885,0.845,47.383787063745814,0.9216567452768897,0.82,0.2708,7.266731036289471,82.73326896371053,135.9938100253969,1.0077641026055002,5.661553024843935,937.9774340518883
2020-05-14,Khavda Renewable Energy Park,SIMULATED,SIMULATED_PVLIB,16410.137476369702,16410.137476369702,123076.03,122460.65,14161.86,82138.79,0.2564,0.7485,6.1538,12.0,100.0,1245.8620689655172,6.196295,0.8575,49.9265901964284,0.9127569343125006,0.82,0.2564,7.089788798836381,82.91021120116362,134.6833069718324,1.0073734261918352,5.660176847805828,936.672310246653
2020-05-15,Khavda Renewable Energy Park,SIMULATED,SIMULATED_PVLIB,18048.17126556415,18048.17126556415,135361.28,134684.47,14076.41,81643.18,0.282,0.7439,6.7681,4.0,100.0,1242.2413793103449,6.7456812500000005,0.93625,51.50022072334136,0.9072492274683053,0.82,0.282,6.922062006996001,83.077937993004,133.32396064953758,1.007012231693006,5.658647123722169,934.944437668557
2020-05-16,Khavda Renewable Energy Park,SIMULATED,SIMULATED_PVLIB,18873.08847922279,18873.08847922279,141548.16,140840.42,14223.0,82493.4,0.2949,0.7517,7.0774,4.57,100.0,1258.9655172413793,6.5322474999999995,0.8945833333333333,48.80074946421255,0.9166973768752561,0.82,0.2949,6.763726272439868,83.23627372756013,131.91753679504006,1.006679403996526,5.657333695647686,933.5237648445207
2020-05-17,Khavda Renewable Energy Park,SIMULATED,SIMULATED_PVLIB,19107.462220242305,19107.462220242305,143305.97,142589.44,14263.97,82731.03,0.2986,0.7539,7.1653,5.14,100.0,1277.9310344827586,7.24523,0.9775,48.04626401495771,0.919338075947648,0.82,0.2986,6.61493461209794,83.38506538790206,130.46644506567145,1.0063738347446383,5.656243709275654,932.1992339095739
2020-05-18,Khavda Renewable Energy Park,SIMULATED,SIMULATED_PVLIB,19637.499578140276,19637.499578140276,147281.25,146544.84,14264.84,82736.07,0.3068,0.7539,7.3641,5.71,100.0,1265.5172413793105,7.1136833333333325,0.9691666666666666,48.03027853087853,0.9193940251419251,0.82,0.3068,6.4758133814720225,83.52418661852798,128.9737726433425,1.0060944237000937,5.6550226194198485,930.5206526734746
2020-05-19,Khavda Renewable Energy Park,SIMULATED,SIMULATED_PVLIB,19919.140797609292,19919.140797609292,149393.56,148646.59,14189.32,82298.06,0.3112,0.7499,7.4697,6.29,100.0,1288.2758620689656,7.24784,0.97,49.421057369070226,0.9145262992082542,0.82,0.3112,6.346458064507814,83.65354193549219,127.44330410036122,1.0058400798891796,5.653678100978787,929.2691030551375
2020-05-20,Khavda Renewable Energy Park,SIMULATED,SIMULATED_PVLIB,18314.01629225029,18314.01629225029,137355.12,136668.34,14098.09,81768.92,0.2862,0.7451,6.8678,6.86,100.0,1300.344827586207,7.19004,0.9533333333333334,51.10090252200617,0.9086468411729784,0.82,0.2862,6.226929057002906,83.7730709429971,125.87952432227843,1.0056097225319574,5.652217771710396,927.9091075822442
2020-05-21,Khavda Renewable Energy Park,SIMULATED,SIMULATED_PVLIB,17532.224869396036,17532.224869396036,131491.69,130834.23,14169.03,82180.37,0.2739,0.7488,6.5746,7.43,100.0,1300.5172413793105,7.543,1.0,49.79459543133022,0.9132189159903442,0.82,0.2739,6.117247633511738,83.88275236648826,124.28760149958777,1.0054022818219843,5.650649184065402,926.4281455117233
2020-05-22,Khavda Renewable Energy Park,SIMULATED,SIMULATED_PVLIB,16996.118239758198,16996.118239758198,127470.89,126833.54,14327.17,83097.59,0.2656,0.7572,6.3735,8.0,100.0,1273.448275862069,7.386,1.0,46.88246543568569,0.9234113709751001,0.82,0.2656,6.017392316392403,83.9826076836076,122.67334789787793,1.0052166996307341,5.648979817709493,924.6480950351776
2020-05-23,Khavda Renewable Energy Park,SIMULATED,SIMULATED_PVLIB,18024.98504084324,18024.98504084324,135187.39,134511.45,14340.89,83177.16,0.2816,0.7579,6.7594,8.57,99.0,1266.3793103448277,7.323577083333333,0.9970833333333333,46.62987237863619,0.9242954466747734,0.82,0.2816,5.927295922234308,84.07270407776569,121.04315689378842,1.0050519302950187,5.647217071688097,923.1237894898674
2020-05-24,Khavda Renewable Energy Park,SIMULATED,SIMULATED_PVLIB,17537.47422795462,17537.47422795462,131531.06,130873.4,14362.28,83301.22,0.274,0.7591,6.5766,9.14,100.0,1248.448275862069,6.381131249999999,0.88125,46.2360363580803,0.925673872746719,0.82,0.274,5.84684355793955,84.15315644206045,119.40391609684616,1.00490694163903,5.645368255231081,921.4953259824664
2020-05-25,Khavda Renewable Energy Park,SIMULATED,SIMULATED_PVLIB,17691.280572903423,17691.280572903423,132684.6,132021.18,14403.84,83542.27,0.2764,0.7612,6.6342,9.71,100.0,1270.1724137931035,6.77764,0.92,45.47071047986722,0.9283525133204648,0.82,0.2764,5.775871820406309,84.22412817959369,117.76289787897514,1.0047807163836657,5.643440576188972,920.35585049558
2020-05-26,Khavda Renewable Energy Park,SIMULATED,SIMULATED_PVLIB,17502.483700480825,17502.483700480825,131268.63,130612.29,14427.11,83677.24,0.2735,0.7625,6.5634,10.29,100.0,1254.3103448275863,7.06584375,0.97125,45.0420702868343,0.9298527539960799,0.82,0.2735,5.714169373144713,84.28583062685529,116.12763068833357,1.0046722540219815,5.641441126580295,918.8022307330215
2020-05-27,Khavda Renewable Energy Park,SIMULATED,SIMULATED_PVLIB,17650.16080779656,17650.16080779656,132376.21,131714.33,14434.2,83718.36,0.2758,0.7629,6.6188,10.86,100.0,1260.6896551724137,7.312,1.0,44.9116004900376,0.9303093982848684,0.82,0.2758,5.661478947548318,84.33852105245168,114.50575683520418,1.0045805731242026,5.639376865491316,917.536587330482
2020-05-28,Khavda Renewable Energy Park,SIMULATED,SIMULATED_PVLIB,17663.458383408368,17663.458383408368,132475.94,131813.56,14462.11,83880.24,0.276,0.7643,6.6238,11.43,97.0,1258.448275862069,7.2959587500000005,0.9995833333333334,44.39761939632743,0.932108332112854,0.82,0.276,5.617500706927743,84.38249929307226,112.90488412334611,1.0045047139740815,5.637254599977139,916.1988873740769
2020-05-29,Khavda Renewable Energy Park,SIMULATED,SIMULATED_PVLIB,17690.517187287922,17690.517187287922,132678.88,132015.49,14524.75,84243.55,0.2764,0.7676,6.6339,12.0,100.0,1214.8275862068965,5.686709166666668,0.8070833333333334,43.24401074842244,0.9361459623805215,0.82,0.2764,5.5818967988274295,84.41810320117257,111.3324393550269,1.0044437413758835,5.6350809650247875,914.4068410257661
2020-05-30,Khavda Renewable Energy Park,SIMULATED,SIMULATED_PVLIB,18998.933169092732,18998.933169092732,142492.0,141779.54,14435.17,83723.99,0.2969,0.7629,7.1246,4.0,100.0,1182.7586206896551,4.684808333333334,0.6829166666666667,44.89360613397861,0.9303723785310749,0.82,0.2969,5.554296820428917,84.44570317957108,109.79553123607133,1.0043967474168563,5.6328624039958735,912.7816630762886
2020-05-31,Khavda Renewable Energy Park,SIMULATED,SIMULATED_PVLIB,18403.89028448363,18403.89028448363,138029.18,137339.03,14448.77,83802.87,0.2876,0.7636,6.9015,4.57,100.0,1008.6206896551724,3.2028749999999997,0.5475,44.64321464705832,0.9312487487352958,0.82,0.2876,5.53430382884558,84.46569617115442,108.3008292215992,1.0043628539018257,5.630605151411445,909.5254736065273
2020-06-01,Khavda Renewable Energy Park,SIMULATED,SIMULATED_PVLIB,18494.742986601424,18494.742986601424,138710.57,138017.02,14282.92,82840.94,0.289,0.7549,6.9355,1.03,100.0,1101.896551724138,4.886452083333333,0.7645833333333333,47.69727893105802,0.9205595237412969,0.82,0.289,5.5215005102635075,84.47849948973649,106.85446385379765,1.0043412141986394,5.628315219791578,909.435129252635
2020-06-02,Khavda Renewable Energy Park,SIMULATED,SIMULATED_PVLIB,19062.730180291426,19062.730180291426,142970.48,142255.63,14205.35,82391.03,0.2979,0.7508,7.1485,1.14,100.0,1135.1724137931035,5.5717099999999995,0.84625,49.1257142706426,0.915560000052751,0.82,0.2979,5.515455175589423,84.48454482441058,105.46195328210109,1.004331014332837,5.6259983916017635,908.6772351715456
2020-06-03,Khavda Renewable Energy Park,SIMULATED,SIMULATED_PVLIB,19061.10981166721,19061.10981166721,142958.32,142243.53,14035.77,81407.47,0.2978,0.7418,7.1479,1.26,100.0,1212.7586206896551,6.392147499999999,0.90875,52.248652820563564,0.9046297151280275,0.82,0.2978,5.515727374438043,84.48427262556196,104.12815906025753,1.004331473350085,5.623660216170593,908.4744778856561
2020-06-04,Khavda Renewable Energy Park,SIMULATED,SIMULATED_PVLIB,20000.0,20000.0,150000.0,149250.0,14100.3,81781.74,0.3125,0.7452,7.5,1.37,100.0,1172.7586206896551,5.923408333333333,0.8708333333333333,51.060243981116365,0.9087891460660927,0.82,0.3125,5.521873048589967,84.47812695141003,102.85727125445169,1.004341843128417,5.621306010367993,906.9317925771292
2020-06-05,Khavda Renewable Energy Park,SIMULATED,SIMULATED_PVLIB,19308.134065030823,19308.134065030823,144811.01,144086.95,14172.27,82199.17,0.3017,0.749,7.2406,1.49,100.0,1220.8620689655172,6.322742916666667,0.8929166666666667,49.734964628531955,0.9134276238001382,0.82,0.3017,5.533449211569845,84.46655078843015,101.6528187581041,1.0043614078690135,5.618940861527729,906.4590566302891
2020-06-06,Khavda Renewable Energy Park,SIMULATED,SIMULATED_PVLIB,19813.63587781042,19813.63587781042,148602.27,147859.26,14198.5,82351.3,0.3096,0.7504,7.4301,1.6,100.0,1154.1379310344828,5.310573333333333,0.7933333333333333,49.25187294598366,0.9151184446890572,0.82,0.3096,5.550018118284484,84.44998188171552,100.51769724212704,1.0043894833930798,5.616569631763419,904.680531438268
2020-06-07,Khavda Renewable Energy Park,SIMULATED,SIMULATED_PVLIB,18865.38583552326,18865.38583552326,141490.39,140782.94,14145.62,82044.6,0.2948,0.7476,7.0745,1.71,100.0,1111.3793103448277,5.355551666666666,0.8308333333333333,50.22565843764188,0.9117101954682534,0.82,0.2948,5.571150875926975,84.42884912407303,99.454206236674,1.004425416291253,5.614196963360384,903.2225529897603
2020-06-08,Khavda Renewable Energy Park,SIMULATED,SIMULATED_PVLIB,18536.45738088036,18536.45738088036,139023.43,138328.31,14211.94,82429.25,0.2896,0.7511,6.9512,1.83,100.0,1125.8620689655172,5.5423375,0.84875,49.00437441018028,0.9159846895643691,0.82,0.2896,5.596430476742981,84.40356952325702,98.46408917685136,1.0044685829662925,5.611827284963354,902.4756554467615
2020-06-09,Khavda Renewable Energy Park,SIMULATED,SIMULATED_PVLIB,18734.817763133997,18734.817763133997,140511.13,139808.57,14283.1,82841.98,0.2927,0.7549,7.0256,1.94,100.0,1065.344827586207,4.258360833333334,0.6891666666666667,47.69400715416437,0.9205709749604247,0.82,0.2927,5.625454322975273,84.37454567702473,97.5485743052256,1.0045183887149591,5.609464817592269,900.8918784357912
2020-06-10,Khavda Renewable Energy Park,SIMULATED,SIMULATED_PVLIB,18844.260221051223,18844.260221051223,141331.95,140625.29,14277.49,82809.44,0.2944,0.7546,7.0666,2.06,100.0,1139.3103448275863,4.942233333333334,0.7479166666666668,47.797387898110976,0.9202091423566116,0.82,0.2944,5.657836382277736,84.34216361772226,96.70841751988684,1.0045742670772635,5.607113578982919,900.9253347414478
2020-06-11,Khavda Renewable Energy Park,SIMULATED,SIMULATED_PVLIB,20000.0,20000.0,150000.0,149250.0,14371.11,83352.44,0.3125,0.7595,7.5,2.17,100.0,980.1724137931035,3.8871187500000004,0.6837500000000001,46.07343946598575,0.9262429618690499,0.82,0.3125,5.6932091223627594,84.30679087763724,95.9439487669091,1.0046356796798759,5.604777384763275,898.2717371235243
2020-06-12,Khavda Renewable Energy Park,SIMULATED,SIMULATED_PVLIB,16552.792256267134,16552.792256267134,124145.94,123525.21,12607.86,73125.59,0.2586,0.6663,6.2073,2.29,100.0,975.0,2.4175125,0.4275,46.612120882401,0.9243575769115965,0.82,0.2586,5.731225287189389,84.26877471281061,95.25512187656312,1.0047021166407553,5.602459846025717,897.4649186552048
2020-06-13,Khavda Renewable Energy Park,SIMULATED,SIMULATED_PVLIB,19481.23784007838,19481.23784007838,146109.28,145378.73,14134.15,81978.07,0.3044,0.747,7.3055,2.4,100.0,1170.0,3.1554899999999995,0.46499999999999997,50.43694848101107,0.9109706803164612,0.82,0.3044,5.77155945693157,84.22844054306843,94.64156576931549,1.0047730973818707,5.6001643642968055,899.0466518400059
2020-06-14,Khavda Renewable Energy Park,SIMULATED,SIMULATED_PVLIB,12985.359984357136,12985.359984357136,97390.2,96903.25,9767.0,56648.6,0.2029,0.5162,4.8695,0.8,100.0,1175.8620689655172,1.895391666666667,0.2779166666666667,49.76180649782127,0.9133336772576256,0.82,0.2029,5.813909301824054,84.18609069817595,94.10263432496606,1.0048481716235849,5.597894125382285,898.4580907058206
2020-06-15,Khavda Renewable Energy Park,SIMULATED,SIMULATED_PVLIB,16863.47736905828,16863.47736905828,126476.08,125843.7,12018.7,69708.46,0.2635,0.6352,6.3238,0.91,100.0,1137.4137931034484,2.319945,0.3516666666666667,48.365346897540576,0.918221285858608,0.82,0.2635,5.857996433285706,84.1420035667143,93.63745311849641,1.0049269203041435,5.595652093757511,897.3959118546157
2020-06-16,Khavda Renewable Energy Park,SIMULATED,SIMULATED_PVLIB,19659.621893475516,19659.621893475516,147447.16,146709.92,14255.12,82679.7,0.3072,0.7534,7.3724,1.03,100.0,1228.2758620689656,3.624335,0.50875,48.209261338118566,0.918767585316585,0.82,0.3072,5.903566809785531,84.09643319021447,93.24496237599851,1.005008956247964,5.591654329765538,897.6267132244961
2020-06-17,Khavda Renewable Energy Park,SIMULATED,SIMULATED_PVLIB,19358.188273944954,19358.188273944954,145186.41,144460.48,14282.18,82836.64,0.3025,0.7548,7.2593,1.14,100.0,1197.7586206896551,3.071152916666667,0.4420833333333334,47.71092655025368,0.9205117570741121,0.82,0.3025,5.950390727848642,84.04960927215136,92.92395591850072,1.0050939245299848,5.587691684338956,896.4827000211475
2020-06-18,Khavda Renewable Energy Park,SIMULATED,SIMULATED_PVLIB,19230.333021424904,19230.333021424904,144227.5,143506.36,14154.84,82098.07,0.3005,0.7481,7.2114,1.26,100.0,1201.896551724138,6.070579166666667,0.8708333333333333,50.0559907353606,0.9123040324262379,0.82,0.3005,5.9982624408431775,84.00173755915682,92.67311574137267,1.0051815025080348,5.5837663943247975,895.791552454268
2020-06-19,Khavda Renewable Energy Park,SIMULATED,SIMULATED_PVLIB,19114.49582043385,19114.49582043385,143358.72,142641.93,14350.55,83233.19,0.2987,0.7584,7.1679,1.37,100.0,982.4137931034483,3.221744166666667,0.5654166666666667,46.45202194667876,0.9249179231866244,0.82,0.2987,6.046999502363278,83.95300049763672,92.4910419270916,1.0052713996024016,5.579880471115161,892.528694907368
2020-06-20,Khavda Renewable Energy Park,SIMULATED,SIMULATED_PVLIB,17178.55528050725,17178.55528050725,128839.16,128194.96,12491.27,72449.37,0.2684,0.6602,6.442,1.49,100.0,960.5172413793103,2.39553,0.43000000000000005,46.653283149093674,0.9242135089781721,0.82,0.2684,6.096441985158023,83.90355801484198,92.37627819973471,1.0053633570188882,5.576035703024643,891.6272835057656
2020-06-21,Khavda Renewable Energy Park,SIMULATED,SIMULATED_PVLIB,14588.79697312274,14588.79697312274,109415.98,108868.9,10911.52,63286.82,0.2279,0.5767,5.4708,1.6,100.0,773.448275862069,2.06356,0.45999999999999996,42.94070324317799,0.9372075386488771,0.82,0.2279,6.146451760312871,83.85354823968713,92.32733398643103,1.0054571476999619,5.5722336561748556,888.8389934494026
2020-06-22,Khavda Renewable Energy Park,SIMULATED,SIMULATED_PVLIB,14828.867758976252,14828.867758976252,111216.51,110660.43,11370.49,65948.84,0.2317,0.6009,5.5608,1.71,100.0,858.7931034482759,2.1750366666666667,0.43666666666666665,45.97895648474109,0.9265736523034062,0.82,0.2317,6.196912030118739,83.80308796988126,92.3427035491165,1.0055525768354707,5.568475671726294,889.2887126564938
2020-06-23,Khavda Renewable Energy Park,SIMULATED,SIMULATED_PVLIB,18330.389119702835,18330.389119702835,137477.92,136790.53,14094.72,81749.38,0.2864,0.7449,6.8739,1.83,100.0,1003.1034482758621,4.0362374999999995,0.69375,51.16299263307927,0.9084295257842225,0.82,0.2864,6.247727239233427,83.75227276076657,92.42088169843095,1.005649483164535,5.564762857955128,890.476674569903
2020-06-24,Khavda Renewable Energy Park,SIMULATED,SIMULATED_PVLIB,15081.04216142145,15081.04216142145,113107.82,112542.28,11107.12,64421.3,0.2356,0.587,5.6554,1.94,100.0,952.7586206896552,2.1482325,0.38875000000000004,48.88408810772019,0.9164056916229794,0.82,0.2356,6.298823376935957,83.70117662306404,92.56037478107976,1.0057477411073514,5.561096076932343,889.4325840941406
2020-06-25,Khavda Renewable Energy Park,SIMULATED,SIMULATED_PVLIB,5394.031943964911,5394.031943964911,40455.24,40252.96,3817.08,22139.06,0.0843,0.2017,2.0228,2.06,100.0,841.2068965517242,0.7277841666666666,0.14916666666666667,45.11396704959901,0.9296011153264034,0.82,0.0843,6.350148558345808,83.64985144165419,92.75970595152762,1.0058472635304427,5.557475927093222,887.7192626315555
2020-06-26,Khavda Renewable Energy Park,SIMULATED,SIMULATED_PVLIB,14355.111884008827,14355.111884008827,107663.34,107125.02,10601.17,61486.79,0.2243,0.5603,5.3832,2.17,100.0,1106.7241379310344,2.04605625,0.31875,48.33140353368321,0.9183400876321087,0.82,0.2243,6.401673705754888,83.59832629424511,93.01741501443746,1.0059480048091243,5.553902723889813,890.4694702566969
2020-06-27,Khavda Renewable Energy Park,SIMULATED,SIMULATED_PVLIB,19402.15728435022,19402.15728435022,145516.18,144788.6,14465.48,83899.78,0.3032,0.7645,7.2758,2.29,100.0,936.8965517241379,2.9683225,0.54625,44.335609252174876,0.9323253676173879,0.82,0.3032,6.45339312115037,83.54660687884963,93.33205435107277,1.0060499637735958,5.550376481215482,888.1684176588051
2020-06-28,Khavda Renewable Energy Park,SIMULATED,SIMULATED_PVLIB,19516.461856976326,19516.461856976326,146373.46,145641.59,14392.47,83476.33,0.3049,0.7606,7.3187,2.4,100.0,1068.2758620689656,3.598843333333334,0.5808333333333334,45.67992351690388,0.9276202676908364,0.82,0.3049,6.505324737097368,83.49467526290263,93.70218281294655,1.006153186095442,5.5468968964760865,889.4419964853905
2020-06-29,Khavda Renewable Energy Park,SIMULATED,SIMULATED_PVLIB,20000.0,20000.0,150000.0,149250.0,14363.93,83310.79,0.3125,0.7591,7.5,0.8,100.0,1072.9310344827586,3.808994583333334,0.6120833333333334,46.20551133318091,0.9257807103338668,0.82,0.3125,6.557509899845655,83.44249010015434,94.12635909646298,1.0062577657831797,5.543463341448736,889.2781537642933
2020-06-30,Khavda Renewable Energy Park,SIMULATED,SIMULATED_PVLIB,16573.111495144134,16573.111495144134,124298.34,123676.85,12062.47,69962.33,0.259,0.6375,6.2149,0.91,100.0,1015.6896551724138,2.34903625,0.39875000000000005,50.67074519395123,0.9101523918211707,0.82,0.259,6.610012589283414,83.38998741071659,94.60313581389175,1.0063638455445687,5.540074860486668,888.4357172569913
2020-07-01,Khavda Renewable Energy Park,SIMULATED,SIMULATED_PVLIB,18623.328024678096,18623.328024678096,139674.96,138976.59,13830.15,80214.87,0.291,0.7309,6.9837,1.03,100.0,1127.9310344827586,5.318100833333333,0.8129166666666667,56.034982724514066,0.8913775604642008,0.82,0.291,6.662918084172958,83.33708191582704,95.13105546367649,1.0064716159776963,5.536730176300625,889.6240167939885
2020-07-02,Khavda Renewable Energy Park,SIMULATED,SIMULATED_PVLIB,19347.17685923749,19347.17685923749,145103.83,144378.31,14175.9,82220.22,0.3023,0.7492,7.2552,1.14,97.0,1056.3793103448277,3.839586666666667,0.6266666666666667,49.66818960877535,0.9136613363692863,0.82,0.3023,6.716331212663448,83.28366878733655,95.70864920137387,1.006581313828359,5.533427701760796,888.7051101962629
2020-07-03,Khavda Renewable Energy Park,SIMULATED,SIMULATED_PVLIB,19631.231460746283,19631.231460746283,147234.24,146498.07,14248.97,82644.03,0.3067,0.7531,7.3617,1.26,100.0,1087.7586206896551,4.77381,0.7566666666666667,48.32246063466104,0.9183713877786863,0.82,0.3067,6.770374372325307,83.2296256276747,96.33443817131558,1.0066932196634093,5.530165555442142,889.0363731084913
2020-07-04,Khavda Renewable Energy Park,SIMULATED,SIMULATED_PVLIB,7975.823878436306,7975.823878436306,59818.68,59519.59,5611.81,32548.5,0.1246,0.2966,2.9909,1.37,100.0,1107.9310344827586,1.0870650000000002,0.1691666666666667,49.28926277891353,0.9149875802738027,0.82,0.1246,6.825185511039422,83.17481448896058,97.00693543638408,1.0068076553493468,5.526941578386321,889.2804241555817
2020-07-05,Khavda Renewable Energy Park,SIMULATED,SIMULATED_PVLIB,3653.6330267126177,3653.6330267126177,27402.25,27265.24,2704.59,15686.62,0.0571,0.1429,1.3701,1.49,99.0,805.344827586207,0.5157562500000002,0.11041666666666672,45.15778391995357,0.9294477562801625,0.82,0.0571,6.880916185511026,83.11908381448897,97.72464560380172,1.0069249815928714,5.523753350420364,885.7878221969426
2020-07-06,Khavda Renewable Energy Park,SIMULATED,SIMULATED_PVLIB,30.813100523973993,30.813100523973993,231.1,229.94,23.6,136.88,0.0005,0.0012,0.0116,1.6,100.0,618.2758620689656,0.004482499999999904,0.0012499999999999734,44.11098640325702,0.9331115475886004,0.82,0.0005,6.937729716538726,83.06227028346127,98.48606015408006,1.007045595606541,5.520598205631565,883.6907129868637
2020-07-07,Khavda Renewable Energy Park,SIMULATED,SIMULATED_PVLIB,3.0593620966106654,3.0593620966106654,22.95,22.84,2.36,13.69,0.0,0.0001,0.0011,1.71,100.0,177.41379310344828,0.0004287500000001812,0.0004166666666668428,32.40369305494057,0.974087074307708,0.82,0.0,6.995799433008685,83.00420056699132,99.28964879539569,1.0071699289049503,5.517473246973125,878.663136725663
2020-07-08,Khavda Renewable Energy Park,SIMULATED,SIMULATED_PVLIB,684.6503074848912,684.6503074848912,5134.88,5109.21,482.37,2797.75,0.0107,0.0255,0.2567,1.83,100.0,508.7931034482759,0.08853000000000008,0.030000000000000027,34.789327724455774,0.9657373529644048,0.82,0.0107,7.05530702419756,82.94469297580244,100.13384924164359,1.0072984452930123,5.5143753596111615,882.7207121922285
2020-07-09,Khavda Renewable Energy Park,SIMULATED,SIMULATED_PVLIB,17103.42209204122,17103.42209204122,128275.67,127634.29,12039.27,69827.77,0.2672,0.6363,6.4138,1.94,100.0,841.8965517241379,2.256352916666667,0.4620833333333334,40.50985039386455,0.945715523621474,0.82,0.2672,7.116441052008341,82.88355894799166,101.01705817910192,1.0074316391780778,5.511301222170191,886.8386537697057
2020-07-10,Khavda Renewable Energy Park,SIMULATED,SIMULATED_PVLIB,8527.943942089509,8527.943942089509,63959.58,63639.78,6354.91,36858.48,0.1332,0.3359,3.198,2.06,100.0,689.8275862068966,1.1819620833333333,0.29541666666666666,38.44102954792076,0.9529563965822774,0.82,0.1332,7.1793956835510215,82.82060431644898,101.93762482262974,1.0075700343623955,5.5082473148756925,885.3137651944517
2020-07-11,Khavda Renewable Energy Park,SIMULATED,SIMULATED_PVLIB,14907.387947108986,14907.387947108986,111805.41,111246.38,11190.5,64904.9,0.2329,0.5914,5.5903,2.17,100.0,1023.2758620689656,2.119289583333333,0.3570833333333333,43.315977443166645,0.9358940789489167,0.82,0.2329,7.244369624191748,82.75563037580825,102.89384684982053,1.0077141833015077,5.505209924700753,889.5133677367204
2020-07-12,Khavda Renewable Energy Park,SIMULATED,SIMULATED_PVLIB,14463.11821946029,14463.11821946029,108473.39,107931.02,10293.45,59702.01,0.226,0.544,5.4237,2.29,100.0,871.7241379310345,1.9297066666666662,0.3816666666666666,40.586678158715344,0.9454466264444963,0.82,0.226,7.3115651608268735,82.68843483917313,103.88396787489023,1.0078646666522812,5.502185148671139,888.0702442503709
2020-07-13,Khavda Renewable Energy Park,SIMULATED,SIMULATED_PVLIB,18864.347221330267,18864.347221330267,141482.6,140775.19,14512.85,84174.53,0.2948,0.767,7.0741,2.4,100.0,907.7586206896552,3.10415625,0.5895833333333333,43.463216715099385,0.9353787414971522,0.82,0.2948,7.381187186291953,82.61881281370805,104.90617612406635,1.0080220928303685,5.499168897152598,888.860385232801
2020-07-14,Khavda Renewable Energy Park,SIMULATED,SIMULATED_PVLIB,16577.016001597905,16577.016001597905,124327.62,123705.98,12465.32,72298.86,0.259,0.6588,6.2164,0.8,100.0,953.6206896551724,2.394462083333333,0.4329166666666666,47.08418624230052,0.9227053481519482,0.82,0.259,7.453442103998356,82.54655789600164,105.95860460490132,1.0081870973370013,5.496156898680318,889.8009033499516
2020-07-15,Khavda Renewable Energy Park,SIMULATED,SIMULATED_PVLIB,6577.849478998566,6577.849478998566,49333.87,49087.2,4727.85,27421.53,0.1028,0.2499,2.4667,0.91,100.0,1007.2413793103449,0.915246666666667,0.15666666666666673,49.12225735101872,0.9155720992714345,0.82,0.1028,7.528536558662708,82.47146344133729,107.0393330781028,1.008360341700487,5.493144707334159,890.866464517966
2020-07-16,Khavda Renewable Energy Park,SIMULATED,SIMULATED_PVLIB,1189.697704699058,1189.697704699058,8922.73,8878.12,883.06,5121.75,0.0186,0.0467,0.4461,1.03,100.0,564.4827586206897,0.16642833333333282,0.050833333333333175,42.01707741772321,0.9404402290379688,0.82,0.0186,7.606675999888125,82.39332400011187,108.14639166992589,1.0085425120030052,5.491359936122731,886.3424172386361
2020-07-17,Khavda Renewable Energy Park,SIMULATED,SIMULATED_PVLIB,8176.8499143574045,8176.8499143574045,61326.37,61019.74,6005.33,34830.91,0.1278,0.3174,3.0663,1.14,100.0,839.4827586206897,1.1543587499999999,0.2370833333333333,47.265849637838855,0.922069526267564,0.82,0.1278,7.688063128104375,82.31193687189563,109.27776584208436,1.0087343170569238,5.490797316920686,890.4484396733185
2020-07-18,Khavda Renewable Energy Park,SIMULATED,SIMULATED_PVLIB,19218.17952483607,19218.17952483607,144136.35,143415.67,14198.21,82349.62,0.3003,0.7504,7.2068,1.26,100.0,1029.3103448275863,4.482475,0.7508333333333334,49.25727830882399,0.915099525919116,0.82,0.3003,7.772896320779552,82.22710367922045,110.43140293134138,1.0089364864116899,5.490219602985057,893.5896294082623
2020-07-19,Khavda Renewable Energy Park,SIMULATED,SIMULATED_PVLIB,11803.622996845608,11803.622996845608,88527.17,88084.53,8600.6,49883.48,0.1844,0.4545,4.4264,1.37,100.0,940.344827586207,1.6339274999999998,0.2995833333333333,44.154004087667886,0.9329609856931624,0.82,0.1844,7.861368241455921,82.13863175854408,111.60522076167638,1.0091497686390807,5.489621820593395,893.4972538601493
2020-07-20,Khavda Renewable Energy Park,SIMULATED,SIMULATED_PVLIB,17674.483618424838,17674.483618424838,132558.63,131895.84,12496.22,72478.08,0.2762,0.6604,6.6279,1.49,100.0,926.3793103448276,2.34844875,0.4370833333333334,41.25268231095971,0.9431156119116411,0.82,0.2762,7.95366483938642,82.04633516061358,112.79711839791997,1.0093749303989676,5.4889988745812675,894.3135974826156
2020-07-21,Khavda Renewable Energy Park,SIMULATED,SIMULATED_PVLIB,15135.33375419936,15135.33375419936,113515.0,112947.42,11135.52,64586.02,0.2365,0.5885,5.6758,1.6,100.0,930.1724137931035,2.09730625,0.38875000000000004,41.84069152734294,0.9410575796542997,0.82,0.2365,8.049964901625742,81.95003509837426,114.00498770968062,1.009612756726153,5.4883455473622265,895.3670717099133
2020-07-22,Khavda Renewable Energy Park,SIMULATED,SIMULATED_PVLIB,18902.401094328263,18902.401094328263,141768.01,141059.17,14417.35,83620.63,0.2954,0.762,7.0884,1.71,95.0,1019.1379310344828,3.01461,0.51,45.22180299444099,0.9292236895194566,0.82,0.2954,8.150440142538898,81.8495598574611,115.22672337717569,1.0098640525857914,5.487656489873555,897.4459596651484
2020-07-23,Khavda Renewable Energy Park,SIMULATED,SIMULATED_PVLIB,18373.091733363486,18373.091733363486,137798.19,137109.2,14476.3,83962.54,0.2871,0.7651,6.8899,1.83,100.0,997.4137931034483,3.931389583333334,0.6795833333333334,44.13630985175181,0.9330229155188686,0.82,0.2871,8.255255613237367,81.74474438676263,116.46022936974344,1.0101296452437696,5.486926207400887,898.2551500802971
2020-07-24,Khavda Renewable Energy Park,SIMULATED,SIMULATED_PVLIB,19470.10097304942,19470.10097304942,146025.76,145295.63,14434.99,83722.94,0.3042,0.7629,7.3013,1.94,100.0,997.9310344827586,4.186653333333334,0.7233333333333334,44.89701261684462,0.9303604558410439,0.82,0.3042,8.364570145555888,81.63542985444411,117.703421602748,1.0104103867834022,5.486149044616388,899.3501647793437
2020-07-25,Khavda Renewable Energy Park,SIMULATED,SIMULATED_PVLIB,9587.70735389697,9587.70735389697,71907.81,71548.27,7290.58,42285.36,0.1498,0.3853,3.5954,2.06,100.0,910.1724137931035,1.398935,0.265,46.7994307452242,0.9237019923917154,0.82,0.1498,8.478536580018968,81.52146341998103,118.9542285526498,1.0107071561223155,5.485319174010079,899.4353333823634
2020-07-26,Khavda Renewable Energy Park,SIMULATED,SIMULATED_PVLIB,7839.213217166492,7839.213217166492,58794.1,58500.13,6037.77,35019.07,0.1225,0.3191,2.9397,2.17,100.0,716.551724137931,1.144631666666667,0.27541666666666675,43.59205675296914,0.934927801364608,0.82,0.1225,8.597301676084143,81.40269832391586,120.21059255279374,1.011020860206231,5.48443058980261,898.3033041784139
2020-07-27,Khavda Renewable Energy Park,SIMULATED,SIMULATED_PVLIB,18794.338144309393,18794.338144309393,140957.54,140252.75,14340.23,83173.33,0.2937,0.7579,7.0479,2.29,100.0,944.4827586206897,4.0560025,0.7404166666666667,46.64207206602984,0.9242527477688955,0.82,0.2937,8.721005761288836,81.27899423871116,121.47047387009025,1.0113524344433817,5.483477106928215,902.1294597558744
2020-07-28,Khavda Renewable Energy Park,SIMULATED,SIMULATED_PVLIB,19354.942633738417,19354.942633738417,145162.07,144436.26,14541.51,84340.76,0.3024,0.7685,7.2581,2.4,100.0,974.1379310344828,3.58775,0.635,42.93542120397426,0.93722602578609,0.82,0.3024,8.849782197616861,81.15021780238314,122.73185845302868,1.0117028425075916,5.482452364262134,903.6531878887276
2020-07-29,Khavda Renewable Energy Park,SIMULATED,SIMULATED_PVLIB,9133.765549149788,9133.765549149788,68503.24,68160.72,6570.87,38111.05,0.1427,0.3473,3.4252,0.8,99.0,898.448275862069,1.2376125000000002,0.23750000000000004,41.84705157752018,0.9410353194786794,0.82,0.1427,8.983756756893712,81.01624324310629,123.99276888476828,1.012073075690129,5.4813498309319595,903.9613245307285
2020-07-30,Khavda Renewable Energy Park,SIMULATED,SIMULATED_PVLIB,10437.620534570335,10437.620534570335,78282.15,77890.74,7963.75,46189.75,0.1631,0.4209,3.9141,0.91,100.0,914.3103448275863,1.5201933333333337,0.28666666666666674,45.42608639704228,0.928508697610352,0.82,0.1631,9.123046935255559,80.87695306474444,125.25127751062979,1.0124641518290292,5.480162815527577,905.3582625625485
2020-07-31,Khavda Renewable Energy Park,SIMULATED,SIMULATED_PVLIB,769.6294991533882,769.6294991533882,5772.22,5743.36,563.98,3271.08,0.012,0.0298,0.2886,1.03,100.0,526.2068965517242,0.1055483333333329,0.03458333333333319,40.12332030820599,0.947068378921279,0.82,0.012,9.267761216733106,80.7322387832669,126.50552046933063,1.0128771137926549,5.478884478355733,902.039140668391
2020-08-01,Khavda Renewable Energy Park,SIMULATED,SIMULATED_PVLIB,18865.139636974818,18865.139636974818,141488.55,140781.11,14057.2,81531.76,0.2948,0.7429,7.0744,1.14,100.0,971.7241379310345,2.728763333333333,0.48416666666666663,49.83941963366527,0.9130620312821716,0.82,0.2948,9.417998310938856,80.58200168906114,127.7537111857772,1.0133130275376123,5.477507846603244,908.4963593866602
2020-08-02,Khavda Renewable Energy Park,SIMULATED,SIMULATED_PVLIB,11976.327170187069,11976.327170187069,89822.45,89373.34,8892.02,51573.72,0.1871,0.4699,4.4911,1.26,100.0,720.5172413793103,1.6924950000000003,0.405,44.65856389454117,0.9311950263691059,0.82,0.1871,9.573846369115088,80.42615363088491,128.9941520747334,1.0137729797057013,5.4760258326251865,906.8056012932209
2020-08-03,Khavda Renewable Energy Park,SIMULATED,SIMULATED_PVLIB,19889.67558573051,19889.67558573051,149172.57,148426.71,14211.67,82427.69,0.3108,0.7511,7.4586,1.37,100.0,1059.3103448275863,4.090879999999999,0.6658333333333333,49.00937617098546,0.9159671834015509,0.82,0.3108,9.73538219901775,80.26461780098225,130.22524358877786,1.0142580747729968,5.4744312552585495,912.0347109663321
2020-08-04,Khavda Renewable Energy Park,SIMULATED,SIMULATED_PVLIB,12830.030571294174,12830.030571294174,96225.23,95744.1,9303.92,53962.74,0.2005,0.4917,4.8113,1.49,100.0,940.6896551724138,1.7754733333333337,0.3254166666666667,45.34478218809514,0.928793262341667,0.82,0.2005,9.90267052726469,80.09732947273531,131.44549044448303,1.014769431857755,5.472716863457743,911.9152004898185
2020-08-05,Khavda Renewable Energy Park,SIMULATED,SIMULATED_PVLIB,15499.817890441032,15499.817890441032,116248.63,115667.39,10993.59,63762.82,0.2422,0.581,5.8124,1.6,100.0,1106.2068965517242,2.146686666666666,0.33458333333333323,51.37381506868097,0.9076916472596166,0.82,0.2422,10.075763381805842,79.92423661819416,132.65350558985278,1.0153081813905134,5.470875360928653,915.1300864063039
2020-08-06,Khavda Renewable Energy Park,SIMULATED,SIMULATED_PVLIB,589.5923379930398,589.5923379930398,4421.94,4399.83,437.49,2537.44,0.0092,0.0231,0.2211,1.71,100.0,455.3448275862069,0.08143083333333287,0.030833333333333157,38.643458318563376,0.9522478958850282,0.82,0.0092,10.254699720349308,79.74530027965069,133.84801250327575,1.0158754620562462,5.468899429121047,908.7889334547547
2020-08-07,Khavda Renewable Energy Park,SIMULATED,SIMULATED_PVLIB,1215.6847212624139,1215.6847212624139,9117.64,9072.05,918.1,5324.98,0.019,0.0485,0.4559,1.83,100.0,528.1034482758621,0.17101749999999954,0.05583333333333318,38.8511487396858,0.9515209794110997,0.82,0.019,10.439505381004452,79.56049461899555,135.0278462582952,1.0164724183249052,5.466781746551872,910.9257830588896
2020-08-08,Khavda Renewable Energy Park,SIMULATED,SIMULATED_PVLIB,8011.138387575854,8011.138387575854,60083.54,59783.12,5970.82,34630.76,0.1252,0.3156,3.0042,1.94,100.0,846.3793103448276,1.120888333333333,0.22833333333333328,40.95846627479955,0.9441453680382016,0.82,0.1252,10.630193358887155,79.36980664111285,136.19195339624207,1.017100198698835,5.464515003645565,915.9395940619418
2020-08-09,Khavda Renewable Energy Park,SIMULATED,SIMULATED_PVLIB,4444.306606473258,4444.306606473258,33332.3,33165.64,3270.21,18967.22,0.0694,0.1728,1.6666,2.06,100.0,622.9310344827586,0.6081883333333333,0.16833333333333333,38.421045356329465,0.9530263412528469,0.82,0.0694,10.826764323385149,79.17323567661485,137.33939058212223,1.0177599545256495,5.4620919140717135,914.6088389295224
2020-08-10,Khavda Renewable Energy Park,SIMULATED,SIMULATED_PVLIB,1237.0294032837103,1237.0294032837103,9277.72,9231.33,913.09,5295.92,0.0193,0.0483,0.4639,2.17,100.0,748.2758620689656,0.17179166666666604,0.03958333333333319,41.55494267485777,0.9420577006379978,0.82,0.0193,11.029207228566023,78.97079277143398,138.46932234224477,1.018452838984861,5.459505225087225,917.3610968395038
2020-08-11,Khavda Renewable Energy Park,SIMULATED,SIMULATED_PVLIB,1591.5360883656374,1591.5360883656374,11936.52,11876.84,1222.12,7088.3,0.0249,0.0646,0.5968,2.29,100.0,713.448275862069,0.2293141666666676,0.05541666666666689,40.826960802686834,0.9446056371905961,0.82,0.0249,11.237499909277815,78.76250009072218,139.58101821193043,1.0191800059316858,5.456747728894076,918.2338608506952
2020-08-12,Khavda Renewable Energy Park,SIMULATED,SIMULATED_PVLIB,9786.097818735016,9786.097818735016,73395.73,73028.75,7258.96,42101.97,0.1529,0.3836,3.6698,2.4,100.0,872.9310344827586,1.3564620833333334,0.2679166666666667,39.716081964242434,0.9484937131251515,0.82,0.1529,11.451609581307139,78.54839041869286,140.6738496496656,1.0199426083196272,5.453812276762383,921.37691683242
2020-08-13,Khavda Renewable Energy Park,SIMULATED,SIMULATED_PVLIB,6021.217644520307,6021.217644520307,45159.13,44933.33,4376.24,25382.19,0.0941,0.2313,2.258,0.8,100.0,843.7931034482759,0.8156666666666671,0.16666666666666674,39.01516170851347,0.9509469340202028,0.82,0.0941,11.671493214238126,78.32850678576187,141.74728676266005,1.0207417960600136,5.450691796781668,922.3038069079985
2020-08-14,Khavda Renewable Energy Park,SIMULATED,SIMULATED_PVLIB,1937.0854336180412,1937.0854336180412,14528.14,14455.5,1319.5,7653.1,0.0303,0.0697,0.7264,0.91,100.0,778.2758620689656,0.24827000000000024,0.05500000000000005,41.57009742764772,0.9420046590032329,0.82,0.0303,11.897097787701867,78.10290221229813,142.80089474185758,1.021578713310075,5.447379315242094,922.7957590356876
2020-08-15,Khavda Renewable Energy Park,SIMULATED,SIMULATED_PVLIB,2993.4585025832635,2993.4585025832635,22450.94,22338.69,2078.58,12055.76,0.0468,0.1099,1.1225,1.03,100.0,702.0689655172414,0.39023333333333243,0.0958333333333331,40.97681568011869,0.9440811451195846,0.82,0.0468,12.128360497249687,77.87163950275031,143.83433008265337,1.0224544953931411,5.443867980297233,923.1518897050607
2020-08-16,Khavda Renewable Energy Park,SIMULATED,SIMULATED_PVLIB,477.28958916612453,477.28958916612453,3579.67,3561.77,359.69,2086.2,0.0075,0.019,0.179,1.14,100.0,734.6551724137931,0.06746583333333253,0.015833333333333144,40.72703624977967,0.9449553731257712,0.82,0.0075,12.36520908545559,77.63479091454441,144.84733665542012,1.0233702660177435,5.442098129996473,925.1080962769956
2020-08-17,Khavda Renewable Energy Park,SIMULATED,SIMULATED_PVLIB,3186.077902845806,3186.077902845806,23895.58,23776.1,2362.67,13703.49,0.0498,0.1249,1.1948,1.26,100.0,560.5172413793103,0.438885,0.135,38.09775775368297,0.9541578478621096,0.82,0.0498,12.60756251991316,77.39243748008684,145.83974150158298,1.0243271357598207,5.44206654299943,924.9727488002789
2020-08-18,Khavda Renewable Energy Park,SIMULATED,SIMULATED_PVLIB,476.07220028818944,476.07220028818944,3570.54,3552.69,366.49,2125.64,0.0074,0.0194,0.1785,1.37,100.0,333.7931034482759,0.06695333333333305,0.03458333333333319,33.51777869493152,0.9701877745677396,0.82,0.0074,12.8553321460751,77.1446678539249,146.81144982957875,1.0253262025494017,5.441820895404437,924.2128804000088
2020-08-19,Khavda Renewable Energy Park,SIMULATED,SIMULATED_PVLIB,10437.70736972112,10437.70736972112,78282.81,77891.4,7830.03,45414.17,0.1631,0.4138,3.9141,1.49,100.0,865.5172413793103,1.4746249999999996,0.29374999999999996,41.820193707221115,0.9411293220247261,0.82,0.1631,13.108423234701675,76.89157676529832,147.76243825782535,1.0263685541481105,5.441354943734462,932.325371035799
2020-08-20,Khavda Renewable Energy Park,SIMULATED,SIMULATED_PVLIB,4229.607634285734,4229.607634285734,31722.06,31563.45,3091.04,17928.03,0.0661,0.1634,1.5861,1.6,100.0,841.7241379310345,0.5838058333333329,0.11958333333333326,42.59031227642781,0.9384339070325026,0.82,0.0661,13.366736589858675,76.63326341014132,148.6927457663587,1.0274552714971084,5.440662569951651,933.9201180146603
2020-08-21,Khavda Renewable Energy Park,SIMULATED,SIMULATED_PVLIB,2903.445338450806,2903.445338450806,21775.84,21666.96,2069.58,12003.56,0.0454,0.1094,1.0888,1.71,100.0,707.5862068965517,0.3950099999999998,0.09624999999999995,45.39213083854317,0.9286275420650989,0.82,0.0454,13.630169834070514,76.36983016592949,149.60246260087467,1.028587431380225,5.439737769020512,934.2092192551129
2020-08-22,Khavda Renewable Energy Park,SIMULATED,SIMULATED_PVLIB,1004.8837578953711,1004.8837578953711,7536.63,7498.95,759.67,4406.09,0.0157,0.0401,0.3768,1.83,100.0,715.5172413793103,0.14525000000000013,0.03500000000000003,45.85766884206247,0.9269981590527814,0.82,0.0157,13.898618171763573,76.10138182823643,150.4917183888732,1.029766107381098,5.43857464733128,936.147282316806
2020-08-23,Khavda Renewable Energy Park,SIMULATED,SIMULATED_PVLIB,0.0,0.0,0.0,0.0,0.0,0.0,0.0,0.0,0.0,1.94,100.0,405.51724137931035,0.0,0.0,34.96902321227715,0.96510841875703,0.82,0.0,14.171974746358757,75.82802525364124,151.36067125548476,1.030992369364199,5.4371674304245055,934.3454668429794
2020-08-24,Khavda Renewable Energy Park,SIMULATED,SIMULATED_PVLIB,0.0,0.0,0.0,0.0,0.0,0.0,0.0,0.0,0.0,2.06,100.0,292.0689655172414,0.0,0.0,31.91051084994771,0.975813212025183,0.82,0.0,14.450130940831798,75.5498690591682,152.2094992657503,1.0322672828538473,5.435510471322805,934.82761777079
2020-08-25,Khavda Renewable Energy Park,SIMULATED,SIMULATED_PVLIB,476.054379934526,476.054379934526,3570.41,3552.56,354.98,2058.88,0.0074,0.0188,0.1785,2.17,100.0,324.82758620689657,0.06437000000000044,0.0341666666666669,31.44472950725192,0.9774434467246182,0.82,0.0074,14.73297690875242,75.26702309124758,153.03839475994357,1.0335919096445625,5.4335982511494185,937.0025925422281
2020-08-26,Khavda Renewable Energy Park,SIMULATED,SIMULATED_PVLIB,15885.762329391426,15885.762329391426,119143.22,118547.5,12190.17,70702.99,0.2482,0.6443,5.9572,2.29,100.0,925.344827586207,2.280975,0.42500000000000004,40.07639393616094,0.9472326212234368,0.82,0.2482,15.020402374604757,74.97959762539524,153.8475611663821,1.0349673100087449,5.431425369859798,945.8058862360681
2020-08-27,Khavda Renewable Energy Park,SIMULATED,SIMULATED_PVLIB,19359.021200484625,19359.021200484625,145192.66,144466.7,14631.18,84860.84,0.3025,0.7733,7.2596,2.4,100.0,918.1034482758621,2.7889687499999996,0.5237499999999999,41.28428913942961,0.9430049880119964,0.82,0.3025,15.312297470102834,74.68770252989717,154.63721153014194,1.036394545570261,5.428986533008809,947.468890347653
2020-08-28,Khavda Renewable Energy Park,SIMULATED,SIMULATED_PVLIB,9018.53616490183,9018.53616490183,67639.02,67300.82,6777.88,39311.7,0.1409,0.3582,3.382,0.8,100.0,754.8275862068966,1.2696200000000002,0.29000000000000004,40.3683989788357,0.946210603574075,0.82,0.1409,15.60855330738248,74.39144669261752,155.4075680344015,1.0378746813962818,5.426276543583388,947.2804928063163
2020-08-29,Khavda Renewable Energy Park,SIMULATED,SIMULATED_PVLIB,2208.9077301044135,2208.9077301044135,16566.81,16483.98,1622.89,9412.76,0.0345,0.0858,0.8283,0.91,100.0,568.2758620689656,0.3021333333333341,0.0916666666666669,38.7014021029554,0.9520450926396561,0.82,0.0345,15.909062128578185,74.09093787142181,156.15886207879646,1.039408786314327,5.423290304965177,946.7940274885668
2020-08-30,Khavda Renewable Energy Park,SIMULATED,SIMULATED_PVLIB,2622.318996282565,2622.318996282565,19667.39,19569.05,2030.46,11776.67,0.041,0.1073,0.9834,1.03,100.0,613.9655172413793,0.3768725,0.10583333333333333,37.87932844500268,0.9549223504424906,0.82,0.041,16.21371706942834,73.78628293057166,156.89133470996217,1.0409979313453088,5.420022835517216,949.000541447988
2020-08-31,Khavda Renewable Energy Park,SIMULATED,SIMULATED_PVLIB,210.78531678789233,210.78531678789233,1580.89,1572.99,161.91,939.08,0.0033,0.0086,0.079,1.14,100.0,358.7931034482759,0.029480833333333782,0.014166666666666883,32.594729922838816,0.9734184452700642,0.82,0.0033,16.52241169182794,73.47758830817206,157.60523715594354,1.0426431867825265,5.4164692913269,947.6551549493678
2020-09-01,Khavda Renewable Energy Park,SIMULATED,SIMULATED_PVLIB,20000.0,20000.0,150000.0,149250.0,14624.21,84820.42,0.3125,0.7729,7.5,1.26,100.0,861.2068965517242,3.0969,0.62,41.41262695250289,0.9425558056662399,0.82,0.3125,16.83503942115506,73.16496057884494,158.3008312132954,1.0443456184613877,5.412624993587315,955.1525169721157
2020-09-02,Khavda Renewable Energy Park,SIMULATED,SIMULATED_PVLIB,18404.403095048576,18404.403095048576,138033.02,137342.85,14090.21,81723.22,0.2876,0.7447,6.9017,1.37,100.0,892.5862068965517,2.668312083333333,0.5154166666666666,43.30270419100741,0.935940535331474,0.82,0.2876,17.15149297654365,72.84850702345635,158.97838919970127,1.046106283610934,5.408485458089342,957.1022384029684
2020-09-03,Khavda Renewable Energy Park,SIMULATED,SIMULATED_PVLIB,18658.463547392865,18658.463547392865,139938.48,139238.79,14216.71,82456.92,0.2915,0.7514,6.9969,1.49,100.0,1003.6206896551724,2.88867125,0.49624999999999997,48.91653827055178,0.9162921160530688,0.82,0.2915,17.471663861009134,72.52833613899087,159.63819335151356,1.0479262266352123,5.4040464246005175,959.9524039360715
2020-09-04,Khavda Renewable Energy Park,SIMULATED,SIMULATED_PVLIB,20000.0,20000.0,150000.0,149250.0,14206.43,82397.29,0.3125,0.7508,7.5,1.6,100.0,999.6551724137931,4.0827583333333335,0.7041666666666667,49.10596728669888,0.9156291144965539,0.82,0.3125,17.795441995308366,72.20455800469163,160.28053465622304,1.0498064753375307,5.399303882949575,961.422007878273
2020-09-05,Khavda Renewable Energy Park,SIMULATED,SIMULATED_PVLIB,20000.0,20000.0,150000.0,149250.0,14324.11,83079.84,0.3125,0.757,7.5,1.71,100.0,985.6896551724138,4.764166666666666,0.8333333333333333,46.938764877660674,0.9232143229281876,0.82,0.3125,18.122715548892472,71.87728445110753,160.90571129135037,1.0517480380059265,5.394254093284342,962.739501296931
2020-09-06,Khavda Renewable Energy Park,SIMULATED,SIMULATED_PVLIB,18829.038377049044,18829.038377049044,141217.79,140511.7,14430.26,83695.51,0.2942,0.7626,7.0609,1.83,100.0,958.7931034482759,3.6076987499999995,0.6487499999999999,44.984095170765194,0.9300556669023218,0.82,0.2942,18.453370944577017,71.54662905542298,161.5140268765358,1.0537519013723537,5.388893600488083,963.8693369661946
2020-09-07,Khavda Renewable Energy Park,SIMULATED,SIMULATED_PVLIB,19255.15738118301,19255.15738118301,144413.68,143691.61,14414.01,83601.26,0.3009,0.7618,7.2207,1.94,100.0,1041.3793103448277,4.35635,0.72125,45.28342668495894,0.9290080066026437,0.82,0.3009,18.787292935189072,71.21270706481093,162.1057887714793,1.0558190289562308,5.38321924576956,966.2439874455795
2020-09-08,Khavda Renewable Energy Park,SIMULATED,SIMULATED_PVLIB,19554.05553681671,19554.05553681671,146655.42,145922.14,14345.94,83206.45,0.3055,0.7582,7.3328,2.06,100.0,1098.103448275862,4.28846,0.6733333333333333,46.53688029412724,0.9246209189705547,0.82,0.3055,19.124364638247854,70.87563536175215,162.6813066770692,1.0579503591277248,5.377228179424563,968.2772206075235
2020-09-09,Khavda Renewable Energy Park,SIMULATED,SIMULATED_PVLIB,20000.0,20000.0,150000.0,149250.0,14185.28,82274.62,0.3125,0.7497,7.5,2.17,100.0,1076.3793103448277,4.799306250000001,0.76875,49.49531578833499,0.9142663947408275,0.82,0.3125,19.464467475575333,70.53553252442467,163.24089168461285,1.0601468025038066,5.3709178770046355,969.3520784351663
2020-09-10,Khavda Renewable Energy Park,SIMULATED,SIMULATED_PVLIB,18564.269386886084,18564.269386886084,139232.02,138535.86,14212.28,82431.22,0.2901,0.7511,6.9616,2.29,100.0,1088.2758620689656,3.5505,0.5625,48.998095307659874,0.9160066664231904,0.82,0.2901,19.80748100951999,70.19251899048001,163.78485589547813,1.0624092385266795,5.364286159651873,970.7800131575888
2020-09-11,Khavda Renewable Energy Park,SIMULATED,SIMULATED_PVLIB,12806.126538198412,12806.126538198412,96045.95,95565.72,9595.5,55653.9,0.2001,0.5071,4.8023,2.4,100.0,1036.3793103448277,1.853391666666666,0.30833333333333324,48.534031599588516,0.9176308894014402,0.82,0.2001,20.153282690930553,69.84671730906945,164.31351249117745,1.0647385112176484,5.35733121847268,971.4191637990747
2020-09-12,Khavda Renewable Energy Park,SIMULATED,SIMULATED_PVLIB,2370.651035519624,2370.651035519624,17779.88,17690.98,1695.26,9832.51,0.037,0.0896,0.889,0.8,100.0,674.1379310344828,0.32257500000000006,0.08250000000000002,44.57716721159067,0.9314799147594327,0.82,0.037,20.501747541308603,69.4982524586914,164.82717612052556,1.0671354241600957,5.350051642452877,968.3810894726757
2020-09-13,Khavda Renewable Energy Park,SIMULATED,SIMULATED_PVLIB,8464.163587595523,8464.163587595523,63481.23,63163.82,6121.21,35503.02,0.1323,0.3235,3.1741,0.91,100.0,901.551724137931,1.18524,0.22666666666666668,49.178846035121055,0.9153740388770764,0.82,0.1323,20.852747874324365,69.14725212567564,165.32616336667502,1.0696007353722639,5.34244644585098,972.2052766377199
2020-09-14,Khavda Renewable Energy Park,SIMULATED,SIMULATED_PVLIB,9209.515057684244,9209.515057684244,69071.36,68726.0,6832.0,39625.6,0.1439,0.3611,3.4536,1.03,100.0,767.2413793103449,1.316458333333333,0.2958333333333333,47.905271194297896,0.9198315508199574,0.82,0.1439,21.20615326805097,68.79384673194903,165.81079301461682,1.072135153620213,5.334515085922475,971.7487930141208
2020-09-15,Khavda Renewable Energy Park,SIMULATED,SIMULATED_PVLIB,8102.516893052347,8102.516893052347,60768.88,60465.04,6158.57,35719.71,0.1266,0.3255,3.0384,1.14,97.0,728.2758620689656,1.1739200000000003,0.2779166666666667,45.04555776885723,0.9298405478089997,0.82,0.1266,21.56183098932651,68.43816901067349,166.28138588472643,1.0747393379066648,5.326257461058308,972.3638472233347
2020-09-16,Khavda Renewable Energy Park,SIMULATED,SIMULATED_PVLIB,8953.674657534086,8953.674657534086,67152.56,66816.8,6865.64,39820.71,0.1399,0.3629,3.3576,1.26,100.0,778.1034482758621,1.3012483333333333,0.28833333333333333,43.524189620945585,0.9351653363266904,0.82,0.1399,21.919646874884023,68.08035312511598,166.7382638796945,1.0774139006520769,5.317309664107336,973.8987341064737
2020-09-17,Khavda Renewable Energy Park,SIMULATED,SIMULATED_PVLIB,9755.465545182158,9755.465545182158,73165.99,72800.16,7231.89,41944.96,0.1524,0.3822,3.6583,1.37,100.0,907.5862068965517,1.3730266666666664,0.26083333333333325,43.98403988331837,0.9335558604083857,0.82,0.1524,22.27946635221018,67.72053364778982,167.1817480945242,1.080159412643696,5.308036010067412,976.3191139969634
2020-09-18,Khavda Renewable Energy Park,SIMULATED,SIMULATED_PVLIB,13490.9214331463,13490.9214331463,101181.91,100676.0,10021.19,58122.9,0.2108,0.5296,5.0591,1.49,100.0,848.7931034482759,1.8953550000000001,0.385,42.96506764005728,0.9371222632597995,0.82,0.2108,22.641155135214987,67.35884486478501,167.61215593176257,1.0829764062945153,5.298437560731843,976.4865111163324
2020-09-19,Khavda Renewable Energy Park,SIMULATED,SIMULATED_PVLIB,19348.34781169433,19348.34781169433,145112.61,144387.05,14318.3,83046.14,0.3023,0.7567,7.2556,1.6,99.0,1017.7586206896552,3.0351258333333333,0.5141666666666667,47.04581723555559,0.9228396396755554,0.82,0.3023,23.00457930636628,66.99542069363372,168.02979757402522,1.0858653745801863,5.288515737379795,979.2727893811284
2020-09-20,Khavda Renewable Energy Park,SIMULATED,SIMULATED_PVLIB,15357.962395326054,15357.962395326054,115184.72,114608.8,11535.38,66905.2,0.24,0.6096,5.7592,1.71,100.0,1003.9655172413793,2.2394287500000005,0.3845833333333334,49.86246007262072,0.9129813897458274,0.82,0.24,23.369604940494042,66.63039505950596,168.43497234785514,1.0888267662533817,5.278272341855328,979.8696896330392
2020-09-21,Khavda Renewable Energy Park,SIMULATED,SIMULATED_PVLIB,16330.177608374412,16330.177608374412,122476.33,121863.95,11906.87,69059.85,0.2552,0.6293,6.1238,1.83,100.0,1001.551724137931,2.3042366666666663,0.3966666666666666,49.034677724931015,0.9158786279627414,0.82,0.2552,23.736097779064195,66.2639022209358,168.8279655836759,1.0918609810547086,5.267709576416561,980.5504479258427
2020-09-22,Khavda Renewable Energy Park,SIMULATED,SIMULATED_PVLIB,12776.582111298841,12776.582111298841,95824.37,95345.25,9179.73,53242.43,0.1996,0.4852,4.7912,1.94,100.0,958.2758620689656,1.7577175,0.31625000000000003,46.24207095447548,0.9256527516593358,0.82,0.1996,24.103923435195597,65.8960765648044,169.2090464452183,1.094968369054352,5.256830039030041,980.7028826802323
2020-09-23,Khavda Renewable Energy Park,SIMULATED,SIMULATED_PVLIB,17514.367356393996,17514.367356393996,131357.76,130700.97,12920.93,74941.39,0.2737,0.6829,6.5679,2.06,100.0,1050.344827586207,2.4799516666666674,0.40708333333333346,46.86870293445904,0.9234595397293934,0.82,0.2737,24.472948221747288,65.52705177825271,169.57846684410174,1.098149235549537,5.245636686936754,982.3903495982149
2020-09-24,Khavda Renewable Energy Park,SIMULATED,SIMULATED_PVLIB,19537.126597167804,19537.126597167804,146528.45,145795.81,14345.92,83206.34,0.3053,0.7582,7.3264,2.17,100.0,1046.896551724138,3.64067,0.5995833333333334,46.537265796855685,0.9246195697110051,0.82,0.3053,24.84304024588073,65.15695975411927,169.93646141450063,1.10140384912615,5.234132782990286,982.9088627098307
2020-09-25,Khavda Renewable Energy Park,SIMULATED,SIMULATED_PVLIB,19630.531539603795,19630.531539603795,147228.99,146492.85,14560.43,84450.49,0.3067,0.7695,7.3614,2.29,100.0,868.1034482758621,3.0419791666666667,0.6041666666666666,42.586996112735065,0.9384455136054273,0.82,0.3067,25.214070265180453,64.78592973481955,170.28324835395324,1.1047324486883083,5.222321848770558,981.3233360130178
2020-09-26,Khavda Renewable Energy Park,SIMULATED,SIMULATED_PVLIB,19543.73158558116,19543.73158558116,146577.99,145845.1,14536.13,84309.55,0.3054,0.7682,7.3289,2.4,100.0,988.1034482758621,3.3383075,0.5825,43.03448927313266,0.9368792875440357,0.82,0.3054,25.585912001233595,64.4140879987664,170.61903097779646,1.1081352464049445,5.210207641172976,983.1865203144885
2020-09-27,Khavda Renewable Energy Park,SIMULATED,SIMULATED_PVLIB,19300.663819715814,19300.663819715814,144754.98,144031.21,14436.34,83730.77,0.3016,0.763,7.2377,0.8,100.0,1009.6551724137931,4.86536,0.8308333333333333,44.87209985718824,0.9304476504998411,0.82,0.3016,25.958441945263104,64.0415580547369,170.9439997943373,1.1116124262495943,5.197794153445751,983.8460399470746
2020-09-28,Khavda Renewable Energy Park,SIMULATED,SIMULATED_PVLIB,19914.980313567034,19914.980313567034,149362.35,148615.54,14452.97,83827.23,0.3112,0.7638,7.4681,0.91,100.0,902.4137931034483,4.250444166666666,0.8120833333333333,44.56594680923914,0.931519186167663,0.82,0.3112,26.331538881384716,63.668461118615284,171.25833488608214,1.1151641396553786,5.1850856314516225,982.946495041733
2020-09-29,Khavda Renewable Energy Park,SIMULATED,SIMULATED_PVLIB,19500.40755655917,19500.40755655917,146253.06,145521.79,14344.83,83200.01,0.3047,0.7581,7.3127,1.03,100.0,1044.8275862068965,5.8176,0.96,46.55720607408304,0.9245497787407093,0.82,0.3047,26.70508332670022,63.29491667329978,171.56220827493996,1.118790499851378,5.172086596025456,984.9201360692728
2020-09-30,Khavda Renewable Energy Park,SIMULATED,SIMULATED_PVLIB,20000.0,20000.0,150000.0,149250.0,14318.03,83044.57,0.3125,0.7567,7.5,1.14,100.0,1043.103448275862,5.954208333333333,0.9841666666666666,47.05087442833498,0.9228219395008276,0.82,0.3125,27.078956965077197,62.9210430349228,171.85578601665998,1.1224915755079126,5.15880186772901,985.1551491574967
2020-10-01,Khavda Renewable Energy Park,SIMULATED,SIMULATED_PVLIB,20000.0,20000.0,150000.0,149250.0,14349.48,83226.98,0.3125,0.7584,7.5,3.14,100.0,1025.344827586207,5.892485833333334,0.9908333333333333,46.47174384646235,0.9248488965373818,0.82,0.3125,27.453042106134426,62.546957893865574,172.13922977726838,1.1262673839694217,5.145236592325317,985.1519889922649
2020-10-02,Khavda Renewable Energy Park,SIMULATED,SIMULATED_PVLIB,19354.33648133359,19354.33648133359,145157.52,144431.73,14382.15,83416.47,0.3024,0.7601,7.2579,3.43,100.0,1041.3793103448277,5.587000000000001,0.925,45.87012964117937,0.9269545462558723,0.82,0.3024,27.827221226023795,62.172778773976205,172.41269785469933,1.1301178846632665,5.131396263719691,985.4944454569672
2020-10-03,Khavda Renewable Energy Park,SIMULATED,SIMULATED_PVLIB,18685.117158615187,18685.117158615187,140138.38,139437.69,14417.29,83620.28,0.292,0.762,7.0069,3.71,100.0,1024.655172413793,5.24965,0.8833333333333333,45.22298527044618,0.9292195515534384,0.82,0.292,28.20137665760278,61.79862334239722,172.67634569719894,1.1340429734821837,5.1172867401671045,985.4033954234869
2020-10-04,Khavda Renewable Energy Park,SIMULATED,SIMULATED_PVLIB,18320.61955076308,18320.61955076308,137404.65,136717.63,14331.84,83124.67,0.2863,0.7574,6.8702,4.0,100.0,999.6551724137931,5.092576666666666,0.8783333333333333,46.79645801537559,0.9237123969461855,0.82,0.2863,28.575390426785788,61.42460957321421,172.93032603768643,1.1380424782907264,5.102914253170881,985.1659357036916
2020-10-05,Khavda Renewable Energy Park,SIMULATED,SIMULATED_PVLIB,19491.44324696374,19491.44324696374,146185.82,145454.89,14272.87,82782.65,0.3046,0.7543,7.3093,4.29,100.0,1003.9655172413793,5.044173750000001,0.86625,47.8824900601456,0.9199112847894904,0.82,0.3046,28.949144140457882,61.05085585954212,173.17478886284016,1.1421161547071967,5.088285413766537,985.2226922600126
2020-10-06,Khavda Renewable Energy Park,SIMULATED,SIMULATED_PVLIB,18915.41762851418,18915.41762851418,141865.63,141156.3,14276.44,82803.35,0.2956,0.7545,7.0933,4.57,100.0,995.5172413793103,5.237499166666667,0.9070833333333334,47.816675333071785,0.9201416363342487,0.82,0.2956,29.322518829882632,60.67748117011737,173.40988137505633,1.1462636811493654,5.073407221512114,985.0814759691541
2020-10-07,Khavda Renewable Energy Park,SIMULATED,SIMULATED_PVLIB,18998.347601220277,18998.347601220277,142487.61,141775.17,14289.63,82879.85,0.2968,0.7552,7.1244,4.86,100.0,1016.2068965517242,5.336525833333333,0.9054166666666666,47.57385630506731,0.9209915029322644,0.82,0.2968,29.695394725423483,60.30460527457652,173.635748192596,1.1504846527943826,5.058287077822531,985.2335319590579
2020-10-08,Khavda Renewable Energy Park,SIMULATED,SIMULATED_PVLIB,17154.97877041435,17154.97877041435,128662.34,128019.03,14281.94,82835.25,0.268,0.7548,6.4331,5.14,97.0,1015.0,5.685860833333333,0.9658333333333333,47.71548171962224,0.9204958139813222,0.82,0.268,30.067651003540263,59.93234899645974,173.8525318758749,1.1547785748166168,5.0429328015385195,985.0818125628906
2020-10-09,Khavda Renewable Energy Park,SIMULATED,SIMULATED_PVLIB,19090.289673027102,19090.289673027102,143177.17,142461.28,14256.95,82690.31,0.2983,0.7535,7.1589,5.43,100.0,1014.4827586206897,5.499088333333334,0.9345833333333333,48.17566878877386,0.9188851592392915,0.82,0.2983,30.439165516078603,59.5608344839214,174.06037383360308,1.1591448549666903,5.027352646247355,984.8915542339059
2020-10-10,Khavda Renewable Energy Park,SIMULATED,SIMULATED_PVLIB,18688.819949301993,18688.819949301993,140166.15,139465.32,14195.4,82333.32,0.292,0.7502,7.0083,5.71,100.0,1005.1724137931035,4.753879166666667,0.8154166666666667,49.30895986611062,0.9149186404686128,0.82,0.292,30.809814466326742,59.19018553367326,174.25941546880313,1.1635827950206987,5.0115553215864015,984.5524927562008
2020-10-11,Khavda Renewable Energy Park,SIMULATED,SIMULATED_PVLIB,17676.53669254715,17676.53669254715,132574.03,131911.16,14121.33,81903.71,0.2762,0.7463,6.6287,6.0,100.0,999.3103448275863,3.4196400000000007,0.5900000000000001,50.67292331576368,0.9101447683948272,0.82,0.2762,31.17947204539479,58.82052795460521,174.44979937410142,1.1680915811680797,4.9955500179284105,984.2088653996443
2020-10-12,Khavda Renewable Energy Park,SIMULATED,SIMULATED_PVLIB,18648.34228518064,18648.34228518064,139862.57,139163.26,14011.79,81268.38,0.2914,0.7405,6.9931,2.0,100.0,1015.0,4.984326666666666,0.8466666666666667,52.69007284280059,0.903084745050198,0.82,0.2914,31.548010201133522,58.45198979886648,174.63167034363687,1.1726702754172635,4.979346423874825,984.0736441435549
2020-10-13,Khavda Renewable Energy Park,SIMULATED,SIMULATED_PVLIB,18660.89757970678,18660.89757970678,139956.73,139256.95,13893.42,80581.84,0.2916,0.7343,6.9978,2.29,99.0,1012.7586206896552,4.9219225,0.8379166666666666,54.869902607419306,0.8954553408740324,0.82,0.2916,31.915298805545838,58.08470119445416,174.8051760440801,1.1773178116117273,4.962954719122302,983.6854597164963
2020-10-14,Khavda Renewable Energy Park,SIMULATED,SIMULATED_PVLIB,16218.966441813065,16218.966441813065,121642.25,121034.04,12065.52,69980.02,0.2534,0.6377,6.0821,2.57,100.0,1002.9310344827586,2.35830875,0.40541666666666665,51.627746786309814,0.9068028862479156,0.82,0.2534,32.28120634077309,57.71879365922691,174.97046721499441,1.1820329982628504,4.946385533118491,983.1665782177886
2020-10-15,Khavda Renewable Energy Park,SIMULATED,SIMULATED_PVLIB,12094.465482807958,12094.465482807958,90708.49,90254.95,9117.83,52883.41,0.189,0.4819,4.5354,2.86,100.0,1001.2068965517242,1.7638762499999998,0.30374999999999996,48.94249728420708,0.9162012595052752,0.82,0.189,32.64560086887292,57.35439913112708,175.12769736486985,1.186814525969259,4.929649882163808,982.7019349345567
2020-10-16,Khavda Renewable Energy Park,SIMULATED,SIMULATED_PVLIB,8827.12314869689,8827.12314869689,66203.42,65872.4,6636.37,38490.95,0.1379,0.3507,3.3102,3.14,100.0,864.1379310344828,1.2738833333333337,0.25416666666666676,46.898960759644886,0.9233536373412429,0.82,0.1379,33.008350781094876,56.991649218905124,175.2770218657563,1.1916609731517531,4.912386976426203,980.5230392476359
2020-10-17,Khavda Renewable Energy Park,SIMULATED,SIMULATED_PVLIB,2842.480045909244,2842.480045909244,21318.6,21212.01,2152.96,12487.17,0.0444,0.1138,1.0659,3.43,100.0,741.551724137931,0.410387083333334,0.09541666666666682,45.04445226455236,0.9298444170740667,0.82,0.0444,33.369324910018946,56.630675089981054,175.41859645756597,1.1965708040795044,4.894607861717392,978.3842781684011
2020-10-18,Khavda Renewable Energy Park,SIMULATED,SIMULATED_PVLIB,2525.1324710598865,2525.1324710598865,18938.49,18843.8,1895.1,10991.58,0.0395,0.1002,0.9469,3.71,100.0,671.0344827586207,0.36163166666666746,0.09291666666666687,45.33660431145862,0.9288218849098948,0.82,0.0395,33.72839203981982,56.27160796018018,175.55257516773418,1.201542358639354,4.8766964931471515,976.816420815089
2020-10-19,Khavda Renewable Energy Park,SIMULATED,SIMULATED_PVLIB,5294.454457079938,5294.454457079938,39708.41,39509.87,3834.26,22238.71,0.0827,0.2026,1.9854,4.0,100.0,548.7931034482759,0.7175012500000001,0.2254166666666667,40.09526146209069,0.9471665848826826,0.82,0.0827,34.08542031380809,55.91457968619191,175.67910786981906,1.2065738399154522,4.858665272558461,974.6053386734563
2020-10-20,Khavda Renewable Energy Park,SIMULATED,SIMULATED_PVLIB,17357.77963177884,17357.77963177884,130183.35,129532.43,14406.97,83560.43,0.2712,0.7614,6.5092,4.29,99.0,834.1379310344828,4.138505833333333,0.8554166666666667,45.412961826796135,0.9285546336062135,0.82,0.2712,34.440277143892715,55.559722856107285,175.79833781703883,1.2116633081302355,4.840526979941433,977.1317738906914
2020-10-21,Khavda Renewable Energy Park,SIMULATED,SIMULATED_PVLIB,18671.687851228755,18671.687851228755,140037.66,139337.47,14305.21,82970.22,0.2917,0.756,7.0019,4.57,100.0,926.2068965517242,5.298134999999999,0.98625,47.2868068153854,0.9219961761461511,0.82,0.2917,34.79282988203163,55.20717011796837,175.9103995805052,1.2168086856469043,4.822294722547585,977.3602957542223
2020-10-22,Khavda Renewable Energy Park,SIMULATED,SIMULATED_PVLIB,18727.006947639435,18727.006947639435,140452.55,139750.29,14213.17,82436.39,0.2926,0.7512,7.0226,4.86,100.0,980.1724137931035,5.009906249999999,0.88125,48.98186606899114,0.916063468758531,0.82,0.2926,35.14294700394133,54.85705299605867,176.01541778826686,1.2220077706705827,4.803981845733484,977.1098474317124
2020-10-23,Khavda Renewable Energy Park,SIMULATED,SIMULATED_PVLIB,18871.20410194857,18871.20410194857,141534.03,140826.36,14314.71,83025.32,0.2949,0.7565,7.0767,5.14,100.0,964.4827586206897,5.594,1.0,47.11200801099315,0.922607971961524,0.82,0.2949,35.49049927394395,54.50950072605605,176.11350680958105,1.2272582525363818,4.785601840327384,976.0125939620909
2020-10-24,Khavda Renewable Energy Park,SIMULATED,SIMULATED_PVLIB,18575.329139543872,18575.329139543872,139314.97,138618.4,14419.22,83631.48,0.2902,0.7621,6.9657,5.43,100.0,959.6551724137931,5.566,1.0,45.1874388817765,0.9293439639137823,0.82,0.2902,35.83536045937615,54.16463954062385,176.20477135079886,1.2325577219392359,4.767168277079387,975.0132385152252
2020-10-25,Khavda Renewable Energy Park,SIMULATED,SIMULATED_PVLIB,17705.824217807465,17705.824217807465,132793.68,132129.71,14390.5,83464.9,0.2767,0.7605,6.6397,5.71,100.0,951.551724137931,5.519,1.0,45.71634769748708,0.9274927830587952,0.82,0.2767,36.17740749067643,53.82259250932357,176.28930770664954,1.237903673710145,4.748694777686259,973.947963270867
2020-10-26,Khavda Renewable Energy Park,SIMULATED,SIMULATED_PVLIB,18508.326961744035,18508.326961744035,138812.45,138118.39,14154.0,82093.2,0.2892,0.748,6.9406,6.0,100.0,939.4827586206897,5.449,1.0,50.07143340520966,0.9122499830817662,0.82,0.2892,36.51652022788382,53.48347977211618,176.36720536708208,1.2432935037302033,4.730195013408055,972.8104845351636
2020-10-27,Khavda Renewable Energy Park,SIMULATED,SIMULATED_PVLIB,20000.0,20000.0,150000.0,149250.0,14208.52,82409.42,0.3125,0.7509,7.5,2.0,100.0,934.8275862068966,5.422,1.0,49.067420164802435,0.9157640294231915,0.82,0.3125,36.852581053075674,53.147418946924326,176.4385487172351,1.2487245028393283,4.711682717176477,971.7358989591295
2020-10-28,Khavda Renewable Energy Park,SIMULATED,SIMULATED_PVLIB,18470.185003323837,18470.185003323837,138526.39,137833.76,14383.49,83424.24,0.2886,0.7602,6.9263,2.29,100.0,924.3103448275863,5.361,1.0,45.84534039445482,0.9270413086194081,0.82,0.2886,37.18547442950339,52.81452557049661,176.50341862736946,1.2541938497422038,4.693171699689241,970.570588324212
2020-10-29,Khavda Renewable Energy Park,SIMULATED,SIMULATED_PVLIB,19662.19590582419,19662.19590582419,147466.47,146729.14,14279.95,82823.71,0.3072,0.7547,7.3733,2.57,100.0,910.8620689655173,5.283,1.0,47.75204406121863,0.9203678457857348,0.82,0.3072,37.51508649226383,52.48491350773617,176.5618937677366,1.259698603933506,4.67467586484154,969.3507772397332
2020-10-30,Khavda Renewable Energy Park,SIMULATED,SIMULATED_PVLIB,18897.062738011442,18897.062738011442,141727.97,141019.33,14261.9,82719.02,0.2953,0.7537,7.0864,2.86,100.0,906.8965517241379,5.26,1.0,48.084495611009906,0.9192042653614654,0.82,0.2953,37.84130471198231,52.15869528801769,176.6140515752288,1.2652356994073986,4.656209221257061,968.223783352301
2020-10-31,Khavda Renewable Energy Park,SIMULATED,SIMULATED_PVLIB,19087.143053555053,19087.143053555053,143153.57,142437.8,14331.82,83124.56,0.2982,0.7574,7.1577,3.14,100.0,893.448275862069,5.00063,0.965,46.79689038857745,0.9237108836399789,0.82,0.2982,38.16401765864416,51.83598234135584,176.65996880196803,1.2708019397628028,4.637785887559736,966.9694596299059
2020-11-01,Khavda Renewable Energy Park,SIMULATED,SIMULATED_PVLIB,18357.905197648764,18357.905197648764,137684.29,136995.87,14249.71,82648.32,0.2868,0.7531,6.8842,3.43,100.0,906.7241379310345,5.259,1.0,48.30883186083399,0.9184190884870811,0.82,0.2868,38.483114837423436,51.516885162576564,176.69972173884366,1.2763939944057692,4.619420093060783,966.0138461917909
2020-11-02,Khavda Renewable Energy Park,SIMULATED,SIMULATED_PVLIB,18609.84785099919,18609.84785099919,139573.86,138875.99,14172.71,82201.72,0.2908,0.749,6.9787,3.71,100.0,905.8620689655173,5.254,1.0,49.72686831948216,0.9134559608818125,0.82,0.2908,38.79848652197419,51.20151347802581,176.73338621408675,1.282008394662176,4.601126179181882,964.8804209386931
2020-11-03,Khavda Renewable Energy Park,SIMULATED,SIMULATED_PVLIB,19726.489409044898,19726.489409044898,147948.67,147208.93,14356.7,83268.86,0.3082,0.7588,7.3974,4.0,100.0,904.6551724137931,5.247,1.0,46.33861590553161,0.9253148443306394,0.82,0.3082,39.11002352625068,50.88997647374932,176.76103757198575,1.2876415287362144,4.582918606090135,963.7327899320098
2020-11-04,Khavda Renewable Energy Park,SIMULATED,SIMULATED_PVLIB,19538.33463158945,19538.33463158945,146537.51,145804.82,14563.89,84470.56,0.3053,0.7697,7.3269,4.29,100.0,878.7931034482759,5.097,1.0,42.52336766055769,0.938668213188048,0.82,0.3053,39.41761693213685,50.58238306786315,176.782750783383,1.293289635729501,4.564811963435387,962.288342479772
2020-11-05,Khavda Renewable Energy Park,SIMULATED,SIMULATED_PVLIB,20000.0,20000.0,150000.0,149250.0,14671.8,85096.44,0.3125,0.7754,7.5,4.57,100.0,869.8275862068966,4.996652083333333,0.9904166666666666,40.536173990107095,0.9456233910346251,0.82,0.3125,39.72115783315838,50.27884216684162,176.7986008293509,1.2989487997824776,4.546820980675486,961.0358462850246
2020-11-06,Khavda Renewable Energy Park,SIMULATED,SIMULATED_PVLIB,19233.79499119727,19233.79499119727,144253.46,143532.19,14174.43,82211.69,0.3005,0.7491,7.2127,4.86,100.0,856.7241379310345,4.32924125,0.87125,49.69522502432641,0.9135667124148575,0.82,0.3005,40.0205371131122,49.9794628868878,176.80866341148396,1.3046149447476223,4.528960535427728,959.7311221918471
2020-11-07,Khavda Renewable Energy Park,SIMULATED,SIMULATED_PVLIB,18940.353499540663,18940.353499540663,142052.65,141342.39,14306.29,82976.48,0.2959,0.7561,7.1026,5.14,100.0,863.6206896551724,4.349481666666668,0.8683333333333334,47.26706231577558,0.9220652818947854,0.82,0.2959,40.31564520928976,49.68435479071024,176.81301597427455,1.3102838285119442,4.511245663613609,958.6590625956617
2020-11-08,Khavda Renewable Energy Park,SIMULATED,SIMULATED_PVLIB,19007.972634969465,19007.972634969465,142559.79,141846.99,14293.86,82904.39,0.297,0.7554,7.128,5.43,97.0,858.9655172413793,4.982,1.0,47.4959603968493,0.9212641386110274,0.82,0.297,40.60637183430577,49.39362816569423,176.8117388973128,1.3159510364535438,4.493691573459762,957.4523835993284
2020-11-09,Khavda Renewable Energy Park,SIMULATED,SIMULATED_PVLIB,18837.660798746158,18837.660798746158,141282.46,140576.05,14314.99,83026.94,0.2943,0.7566,7.0641,5.71,100.0,853.2758620689656,4.949,1.0,47.10672386411619,0.9226264664755933,0.82,0.2943,40.89260576913451,49.10739423086549,176.80491669306707,1.3216119762217255,4.476313654545893,956.2365282010975
2020-11-10,Khavda Renewable Energy Park,SIMULATED,SIMULATED_PVLIB,19130.950144040256,19130.950144040256,143482.13,142764.72,14416.01,83612.86,0.2989,0.7619,7.1741,6.0,100.0,847.9310344827586,4.918,1.0,45.24652282395991,0.9291371701161403,0.82,0.2989,41.174234962926924,48.825765037073076,176.79263899502735,1.3272618787742199,4.459127462848574,955.0299532526984
2020-11-11,Khavda Renewable Energy Park,SIMULATED,SIMULATED_PVLIB,19273.573466967206,19273.573466967206,144551.8,143829.04,14404.88,83548.3,0.3011,0.7613,7.2276,2.0,100.0,843.448275862069,4.892,1.0,45.45142145973706,0.9284200248909202,0.82,0.3011,41.45114709826279,48.54885290173721,176.77500125385086,1.3328958095681571,4.442148668010444,953.8410460766113
2020-11-12,Khavda Renewable Energy Park,SIMULATED,SIMULATED_PVLIB,19145.24338218212,19145.24338218212,143589.33,142871.38,14633.8,84876.04,0.2991,0.7734,7.1795,2.29,97.0,847.5862068965517,4.916,1.0,41.23588160810357,0.9431744143716375,0.82,0.2991,41.72323049281075,48.27676950718925,176.7521050791081,1.338508688185169,4.425392971731624,952.763018395016
2020-11-13,Khavda Renewable Energy Park,SIMULATED,SIMULATED_PVLIB,18997.347997538098,18997.347997538098,142480.11,141767.71,14603.16,84698.33,0.2968,0.7718,7.124,2.57,99.0,835.8620689655173,4.848,1.0,41.80023462795755,0.9411991788021485,0.82,0.2968,41.99037491373012,48.00962508626988,176.72405816934986,1.3440953081655975,4.408876030652229,951.5114932330958
2020-11-14,Khavda Renewable Energy Park,SIMULATED,SIMULATED_PVLIB,19912.48310598185,19912.48310598185,149343.62,148596.9,14451.12,83816.5,0.3111,0.7637,7.4672,2.86,100.0,821.551724137931,4.765,1.0,44.60004205369344,0.9313998528120729,0.82,0.3111,42.252471853763566,47.747528146236434,176.690973721413,1.349650347270287,4.392613420936734,950.2443063202649
2020-11-15,Khavda Renewable Energy Park,SIMULATED,SIMULATED_PVLIB,18768.666829873386,18768.666829873386,140765.0,140061.17,14582.23,84576.93,0.2933,0.7707,7.0382,3.14,100.0,811.551724137931,4.4834175,0.9525,42.18563943985217,0.9398502619605175,0.82,0.2933,42.509414142970535,47.490585857029465,176.65296912245117,1.3551683643907453,4.3766206567081944,949.0445838234782
2020-11-16,Khavda Renewable Energy Park,SIMULATED,SIMULATED_PVLIB,20000.0,20000.0,150000.0,149250.0,14711.42,85326.24,0.3125,0.7775,7.5,3.43,100.0,816.8965517241379,4.738,1.0,39.80660619055587,0.9481768783330544,0.82,0.3125,42.761095227483274,47.238904772516726,176.61016391246744,1.3606437890720946,4.357143387806985,946.9810176722503
2020-11-17,Khavda Renewable Energy Park,SIMULATED,SIMULATED_PVLIB,19658.926874345514,19658.926874345514,147441.95,146704.74,14906.69,86458.8,0.3072,0.7878,7.3721,3.71,100.0,811.551724137931,4.69719375,0.9979166666666667,36.2106735246834,0.9607626426636081,0.82,0.3072,43.00740870137217,46.99259129862783,176.56267721047197,1.3660709160230053,4.3379669645100005,944.8053606159496
2020-11-18,Khavda Renewable Energy Park,SIMULATED,SIMULATED_PVLIB,20000.0,20000.0,150000.0,149250.0,14823.85,85978.33,0.3125,0.7834,7.5,4.0,100.0,816.7241379310345,2.992205,0.6316666666666666,37.73620412403773,0.955423285565868,0.82,0.3125,43.24824852937161,46.75175147062839,176.51062512155113,1.371443914970364,4.319106862029446,942.7685327410743
2020-11-19,Khavda Renewable Energy Park,SIMULATED,SIMULATED_PVLIB,19755.55845917145,19755.55845917145,148166.69,147425.86,14653.13,84988.15,0.3087,0.7744,7.4083,4.29,100.0,805.8620689655172,4.1540175,0.88875,40.879969561892864,0.9444201065333749,0.82,0.3087,43.483509970385036,46.516490029614964,176.4541186749126,1.3767568574432627,4.3005784442313315,940.5621284307014
2020-11-20,Khavda Renewable Energy Park,SIMULATED,SIMULATED_PVLIB,20000.0,20000.0,150000.0,149250.0,14617.75,84782.95,0.3125,0.7726,7.5,4.57,100.0,802.9310344827586,3.9177012500000004,0.84125,41.53151547870278,0.9421396958245403,0.82,0.3125,43.713090812978,46.286909187022,176.39326268205923,1.382003752878759,4.282396847888486,938.4693614761712
2020-11-21,Khavda Renewable Energy Park,SIMULATED,SIMULATED_PVLIB,19713.793250317547,19713.793250317547,147853.45,147114.18,14718.65,85368.17,0.308,0.7779,7.3927,4.86,100.0,817.4137931034483,4.741,1.0,39.673433910070685,0.9486429813147526,0.82,0.308,43.93689242379284,46.06310757620716,176.32815554994295,1.3871785829809449,4.264576880173946,936.6038018594966
2020-11-22,Khavda Renewable Energy Park,SIMULATED,SIMULATED_PVLIB,18155.70836506859,18155.70836506859,136167.81,135486.97,14581.96,84575.37,0.2837,0.7707,6.8084,5.14,100.0,812.5862068965517,4.22402625,0.89625,42.190507084234824,0.9398332252051781,0.82,0.2837,44.15482029983694,45.84517970016306,176.25888982851802,1.392275326633434,4.247132956290247,934.5378281713384
2020-11-23,Khavda Renewable Energy Park,SIMULATED,SIMULATED_PVLIB,19101.1789927716,19101.1789927716,143258.84,142542.55,14691.49,85210.64,0.2985,0.7765,7.1629,5.43,100.0,798.1034482758621,4.629,1.0,40.173688069912856,0.946892091755305,0.82,0.2985,44.3667841200156,45.6332158799844,176.18555315756657,1.3972879742558313,4.230079079063819,932.3869487958289
2020-11-24,Khavda Renewable Energy Park,SIMULATED,SIMULATED_PVLIB,18269.782441278032,18269.782441278032,137023.37,136338.25,14578.89,84557.56,0.2855,0.7705,6.8512,5.71,100.0,766.551724137931,4.4311799999999995,0.9966666666666667,42.24704540058401,0.939635341097956,0.82,0.2855,44.57269749334889,45.42730250665111,176.10822937888906,1.4022105353749612,4.213428844963302,930.0667242695148
2020-11-25,Khavda Renewable Energy Park,SIMULATED,SIMULATED_PVLIB,19153.076767001432,19153.076767001432,143648.08,142929.84,15024.8,87143.84,0.2993,0.7941,7.1824,6.0,100.0,754.6551724137931,4.0815525,0.9325,34.03582828278666,0.9683746010102466,0.82,0.2993,44.77247762652899,45.22752237347101,176.02699963794737,1.4070370442376519,4.197195458181258,928.0095930786565
2020-11-26,Khavda Renewable Energy Park,SIMULATED,SIMULATED_PVLIB,20000.0,20000.0,150000.0,149250.0,15162.73,87943.83,0.3125,0.8014,7.5,2.0,100.0,777.2413793103449,4.506121666666667,0.9995833333333334,31.49584177948025,0.9772645537718191,0.82,0.3125,44.96604503888869,45.03395496111131,175.9419433644847,1.4117615664451686,4.181391741897914,926.3915064246718
2020-11-27,Khavda Renewable Energy Park,SIMULATED,SIMULATED_PVLIB,20000.0,20000.0,150000.0,149250.0,15156.3,87906.54,0.3125,0.801,7.5,2.29,100.0,771.8965517241379,4.477,1.0,31.614195468227017,0.9768503158612054,0.82,0.3125,45.153323349985556,44.846676650014444,175.85313900905874,1.4163782073001663,4.166030144381089,924.4837545999626
2020-11-28,Khavda Renewable Energy Park,SIMULATED,SIMULATED_PVLIB,19816.78761113417,19816.78761113417,148625.91,147882.78,15081.42,87472.24,0.3096,0.7971,7.4313,2.57,100.0,780.6896551724138,4.528,1.0,32.99309693389699,0.9720241607313606,0.82,0.3096,45.33423910826344,44.66576089173656,175.76066446932123,1.420881121180563,4.151122742439894,922.7812325410792
2020-11-29,Khavda Renewable Energy Park,SIMULATED,SIMULATED_PVLIB,19343.29991470644,19343.29991470644,145074.75,144349.38,14908.18,86467.44,0.3022,0.7879,7.2537,2.86,100.0,778.448275862069,4.515,1.0,36.18336436279826,0.9608582247302061,0.82,0.3022,45.5087216179026,44.4912783820974,175.6645972046946,1.4252645209000339,4.136681245825881,920.9912865741936
2020-11-30,Khavda Renewable Energy Park,SIMULATED,SIMULATED_PVLIB,19699.45961661767,19699.45961661767,147745.95,147007.22,14749.87,85549.25,0.3078,0.7795,7.3873,3.14,100.0,730.344827586207,4.236,1.0,39.09864310051471,0.9506547491481985,0.82,0.3078,45.67670272657522,44.32329727342478,175.56501416678861,1.429522686074069,4.122717005790656,918.7081358720746
2020-12-01,Khavda Renewable Energy Park,SIMULATED,SIMULATED_PVLIB,18764.19065451452,18764.19065451452,140731.43,140027.77,14639.3,84907.94,0.2932,0.7737,7.0366,3.43,100.0,744.3103448275863,4.317,1.0,41.134674363930515,0.9435286397262432,0.82,0.2932,45.83811655804435,44.16188344195565,175.46199167830105,1.4336499699906684,4.109241029230851,917.1978704387802
2020-12-02,Khavda Renewable Energy Park,SIMULATED,SIMULATED_PVLIB,18943.00837922367,18943.00837922367,142072.56,141362.2,14575.14,84535.81,0.296,0.7703,7.1036,3.71,100.0,749.8275862068966,4.349,1.0,42.31613458783215,0.9393935289425874,0.82,0.296,45.99289920267762,44.00710079732238,175.35560540132246,1.4376408052192524,4.096263997318702,915.6366284355114
2020-12-03,Khavda Renewable Energy Park,SIMULATED,SIMULATED_PVLIB,19482.101977880397,19482.101977880397,146115.76,145385.18,14595.22,84652.28,0.3044,0.7714,7.3058,4.0,100.0,751.2068965517242,4.357,1.0,41.9463918173286,0.9406876286393498,0.82,0.3044,46.14098840600709,43.85901159399291,175.24593051014608,1.441489708930464,4.083796285098165,914.0768439081226
2020-12-04,Khavda Renewable Energy Park,SIMULATED,SIMULATED_PVLIB,20000.0,20000.0,150000.0,149250.0,14804.18,85864.24,0.3125,0.7824,7.5,4.29,100.0,687.4137931034483,2.9703150000000003,0.745,38.098389862021115,0.9541556354829261,0.82,0.3125,46.28232329948685,43.71767670051315,175.13304214854872,1.4451912890788774,4.071847978086539,911.8056143914159
2020-12-05,Khavda Renewable Energy Park,SIMULATED,SIMULATED_PVLIB,17884.79084212942,17884.79084212942,134135.93,133465.25,13360.97,77493.63,0.2794,0.7061,6.7068,4.57,100.0,710.344827586207,2.4823000000000004,0.6025,38.14118543009207,0.9540058509946777,0.82,0.2794,46.41684419627023,43.58315580372977,175.01701625624787,1.4487402521056454,4.060428883727234,910.6037362406041
2020-12-06,Khavda Renewable Energy Park,SIMULATED,SIMULATED_PVLIB,17878.432303948073,17878.432303948073,134088.24,133417.8,14647.85,84957.53,0.2794,0.7741,6.7044,4.86,100.0,694.1379310344828,2.8114899999999996,0.6983333333333333,40.97717330232675,0.9440798934418564,0.82,0.2794,46.54449246964682,43.45550753035318,174.89793071327676,1.4521314127063358,4.0495485359729235,908.9989792159363
2020-12-07,Khavda Renewable Energy Park,SIMULATED,SIMULATED_PVLIB,19079.729224787436,19079.729224787436,143097.97,142382.48,14469.28,83921.82,0.2981,0.7647,7.1549,5.14,100.0,730.8620689655172,4.23723375,0.9995833333333334,44.26556444456385,0.9325705244440265,0.82,0.2981,46.66521055846903,43.33478944153097,174.77586669628897,1.45535970693657,4.039216188905028,908.0713674472031
2020-12-08,Khavda Renewable Energy Park,SIMULATED,SIMULATED_PVLIB,18961.65725771918,18961.65725771918,142212.43,141501.37,14523.5,84236.3,0.2963,0.7676,7.1106,5.43,100.0,733.7931034482759,4.23472,0.995,43.26720420403882,0.9360647852858641,0.82,0.2963,46.77894219008757,43.22105780991243,174.65091001438873,1.4584202112138027,4.0294407911539265,906.8069301962565
2020-12-09,Khavda Renewable Energy Park,SIMULATED,SIMULATED_PVLIB,19213.533734814348,19213.533734814348,144101.5,143380.99,14611.48,84746.58,0.3002,0.7722,7.2051,5.71,100.0,728.2758620689656,4.224,1.0,41.6468939325773,0.9417358712359795,0.82,0.3002,46.88563288808797,43.11436711191203,174.52315226735504,1.4613081692227974,4.020230934867529,905.5041335874718
2020-12-10,Khavda Renewable Energy Park,SIMULATED,SIMULATED_PVLIB,20000.0,20000.0,150000.0,149250.0,14766.86,85647.79,0.3125,0.7804,7.5,6.0,100.0,724.3103448275863,4.111728749999999,0.97875,38.78566555507274,0.9517501705572454,0.82,0.3125,46.9852307021546,43.0147692978454,174.39269170274906,1.4640190252052587,4.011594784544375,904.2816608045512
2020-12-11,Khavda Renewable Energy Park,SIMULATED,SIMULATED_PVLIB,18744.267124199196,18744.267124199196,140582.0,139879.09,14800.77,85844.47,0.2929,0.7822,7.0291,2.0,100.0,719.4827586206897,4.1486575,0.9941666666666666,38.16129362177827,0.9539354723237761,0.82,0.2929,47.077686906882136,42.922313093117864,174.25963369100373,1.4665484567405915,4.00354000822118,903.1127293181245
2020-12-12,Khavda Renewable Energy Park,SIMULATED,SIMULATED_PVLIB,19805.908296501024,19805.908296501024,148544.31,147801.59,14979.58,86881.56,0.3095,0.7917,7.4272,2.29,100.0,730.6896551724138,4.238,1.0,34.86858789258032,0.9654599423759689,0.82,0.3095,47.16295632296164,42.83704367703836,174.1240906739904,1.4688923972281631,3.996073742202446,902.196623295655
2020-12-13,Khavda Renewable Energy Park,SIMULATED,SIMULATED_PVLIB,20000.0,20000.0,150000.0,149250.0,15069.7,87404.26,0.3125,0.7964,7.5,2.57,100.0,745.8620689655172,4.326,1.0,33.208894638825335,0.9712688687641113,0.82,0.3125,47.240997048768584,42.759002951231416,173.9861813629891,1.4710470416837669,3.989202608802628,901.3933102672158
2020-12-14,Khavda Renewable Energy Park,SIMULATED,SIMULATED_PVLIB,18686.725479526864,18686.725479526864,140150.44,139449.69,15113.12,87656.1,0.292,0.7987,7.0075,2.86,97.0,763.1034482758621,4.426,1.0,32.409387560286476,0.9740671435389974,0.82,0.292,47.31176971930342,42.68823028069658,173.84602907441797,1.4730088385199946,3.982932777152379,900.6818118687002
2020-12-15,Khavda Renewable Energy Park,SIMULATED,SIMULATED_PVLIB,20000.0,20000.0,150000.0,149250.0,15140.46,87814.67,0.3125,0.8002,7.5,3.14,100.0,751.551724137931,4.359,1.0,31.905948986614373,0.9758291785468497,0.82,0.3125,47.37523673340545,42.62476326659455,173.70375931641138,1.4747744792684012,3.977270027756436,899.7018449115616
2020-12-16,Khavda Renewable Energy Park,SIMULATED,SIMULATED_PVLIB,20000.0,20000.0,150000.0,149250.0,15329.03,88908.37,0.3125,0.8101,7.5,3.43,100.0,755.1724137931035,3.786875,0.8645833333333334,28.433415218543324,0.9879830467350984,0.82,0.3125,47.43136195745568,42.56863804254432,173.55949706731565,1.4763409005267212,3.9738762642983763,899.4706675956868
2020-12-17,Khavda Renewable Energy Park,SIMULATED,SIMULATED_PVLIB,20000.0,20000.0,150000.0,149250.0,15354.12,89053.9,0.3125,0.8115,7.5,3.71,100.0,751.8965517241379,4.361,1.0,27.971469167975666,0.9895998579120852,0.82,0.3125,47.48011115465546,42.51988884534454,173.41336431519164,1.4777053054715847,3.972757603746467,899.7323744400559
2020-12-18,Khavda Renewable Energy Park,SIMULATED,SIMULATED_PVLIB,19800.464020383966,19800.464020383966,148503.48,147760.96,15233.5,88354.3,0.3094,0.8051,7.4252,4.0,100.0,764.6551724137931,4.4220645833333325,0.9970833333333333,30.192671082733803,0.9818256512104316,0.82,0.3094,47.52145296759404,42.47854703240596,173.26547832499637,1.4788652004303677,3.9722625766602975,900.2554009736681
2020-12-19,Khavda Renewable Energy Park,SIMULATED,SIMULATED_PVLIB,9700.462525703724,9700.462525703724,72753.47,72389.7,7181.79,41654.38,0.1516,0.3796,3.6377,4.29,100.0,743.2758620689656,1.3040775,0.3025,31.826849755321184,0.9761060258563758,0.82,0.1516,47.55535999590709,42.44464000409291,173.11595077622155,1.4798184336694853,3.9723952612133555,900.452613343703
2020-12-20,Khavda Renewable Energy Park,SIMULATED,SIMULATED_PVLIB,6404.1003007043255,6404.1003007043255,48030.75,47790.6,4720.3,27377.74,0.1001,0.2495,2.4015,4.57,100.0,634.6551724137931,0.8542987499999999,0.2320833333333333,30.906906515290235,0.9793258271964842,0.82,0.1001,47.58180953455055,42.41819046544945,172.96488766051243,1.4805632239041395,3.973159064502599,899.7024270370173
2020-12-21,Khavda Renewable Energy Park,SIMULATED,SIMULATED_PVLIB,16189.709705234882,16189.709705234882,121422.82,120815.71,12266.81,71147.5,0.253,0.6483,6.0711,4.86,100.0,725.5172413793103,2.25128,0.5349999999999999,34.78265046639621,0.9657607233676132,0.82,0.253,47.600783816890406,42.399216183109594,172.81238966797537,1.48109817376394,3.974556696374552,901.3630299890319
2020-12-22,Khavda Renewable Energy Park,SIMULATED,SIMULATED_PVLIB,19513.567148996488,19513.567148996488,146351.75,145619.99,14829.13,86008.95,0.3049,0.7837,7.3176,5.14,100.0,742.7586206896552,3.484095,0.80875,37.63901910370883,0.9557634331370191,0.82,0.3049,47.6122698945946,42.3877301054054,172.65855283038968,1.4814222716597434,3.9765901766232097,902.2360480730007
2020-12-23,Khavda Renewable Energy Park,SIMULATED,SIMULATED_PVLIB,19609.92483153626,19609.92483153626,147074.44,146339.07,14931.39,86602.06,0.3064,0.7891,7.3537,5.43,100.0,742.9310344827586,4.309,1.0,35.755912338990186,0.9623543068135344,0.82,0.3064,47.6162593911229,42.3837406088771,172.50346925696533,1.4815348886268938,3.9792608543048393,902.9837489082814
2020-12-24,Khavda Renewable Energy Park,SIMULATED,SIMULATED_PVLIB,18971.052880874053,18971.052880874053,142282.9,141571.49,14994.59,86968.62,0.2964,0.7925,7.1141,5.71,100.0,752.4137931034483,4.3112683333333335,0.9879166666666667,34.592180105780464,0.9664273696297684,0.82,0.2964,47.612748278742494,42.387251721257506,172.34722781162327,1.4814357743835282,3.9825694256183866,903.9149143076703
2020-12-25,Khavda Renewable Energy Park,SIMULATED,SIMULATED_PVLIB,19362.483603317793,19362.483603317793,145218.63,144492.54,15019.38,87112.4,0.3025,0.7938,7.2609,6.0,100.0,745.5172413793103,4.324,1.0,34.13565419725343,0.968025210309613,0.82,0.3025,47.60173668543348,42.39826331456652,172.18991462858457,1.4811250528233406,3.986515949721423,904.7284008735912
2020-12-26,Khavda Renewable Energy Park,SIMULATED,SIMULATED_PVLIB,20000.0,20000.0,150000.0,149250.0,14977.6,86870.08,0.3125,0.7916,7.5,2.0,100.0,739.8275862068966,4.2159075,0.9825,34.90504352576411,0.9653323476598257,0.82,0.3125,47.58322868404657,42.41677131595343,172.0316133537483,1.4806032156412576,3.991099866736064,905.629776414319
2020-12-27,Khavda Renewable Energy Park,SIMULATED,SIMULATED_PVLIB,19940.537481890155,19940.537481890155,149554.03,148806.26,15098.46,87571.07,0.3116,0.798,7.4777,2.29,97.0,743.2758620689656,4.311,1.0,32.67931850174213,0.9731223852439025,0.82,0.3116,47.55723204071366,42.44276795928634,171.87240513466168,1.479871113498651,3.99632001997726,906.7114201741972
2020-12-28,Khavda Renewable Energy Park,SIMULATED,SIMULATED_PVLIB,20000.0,20000.0,150000.0,149250.0,14974.14,86850.01,0.3125,0.7914,7.5,2.57,100.0,775.5172413793103,4.498,1.0,34.96862826836964,0.9651098010607062,0.82,0.3125,47.52375793676555,42.47624206323445,171.71236842546227,1.478929945204819,4.002174681063372,908.2029110023193
2020-12-29,Khavda Renewable Energy Park,SIMULATED,SIMULATED_PVLIB,19745.406022728974,19745.406022728974,148090.55,147350.1,15239.22,88387.48,0.3085,0.8054,7.4045,2.86,100.0,771.551724137931,4.475,1.0,30.087294747460913,0.9821944683838868,0.82,0.3085,47.48282065945452,42.51717934054548,171.5515787222447,1.477781244873681,4.008661578271004,909.3422827490226
2020-12-30,Khavda Renewable Energy Park,SIMULATED,SIMULATED_PVLIB,20000.0,20000.0,150000.0,149250.0,15381.57,89213.11,0.3125,0.8129,7.5,3.14,100.0,762.0689655172414,4.42,1.0,27.465868795609833,0.9913694592153656,0.82,0.3125,47.43443722330536,42.56556277669464,171.39010835837064,1.476426866096577,4.015777931503456,910.4881427082674
2020-12-31,Khavda Renewable Energy Park,SIMULATED,SIMULATED_PVLIB,20000.0,20000.0,150000.0,149250.0,15382.55,89218.79,0.3125,0.813,7.5,3.43,100.0,765.344827586207,4.439,1.0,27.44796670383427,0.99143211653658,0.82,0.3125,47.37862691529136,42.62137308470864,171.22802643717023,1.474868963087254,4.023520494386395,911.853621436232
2021-01-01,Khavda Renewable Energy Park,SIMULATED,SIMULATED_PVLIB,19786.365835179102,19786.365835179102,148397.74,147655.75,15257.88,88495.7,0.3092,0.8064,7.4199,3.71,100.0,766.551724137931,4.446,1.0,29.743619768296952,0.9833973308109607,0.82,0.3092,47.315410839633884,42.684589160366116,171.06539904796273,1.473109971079932,4.031810856728309,913.2473088666106
2021-01-02,Khavda Renewable Energy Park,SIMULATED,SIMULATED_PVLIB,19632.82866637572,19632.82866637572,147246.21,146509.98,15221.28,88283.42,0.3068,0.8045,7.3623,4.0,100.0,765.1724137931035,4.438,1.0,30.41759592134065,0.9810384142753077,0.82,0.3068,47.24481161426025,42.75518838573975,170.90228985759563,1.4711525903323037,4.04083721069816,914.7051978596485
2021-01-03,Khavda Renewable Energy Park,SIMULATED,SIMULATED_PVLIB,20000.0,20000.0,150000.0,149250.0,15191.23,88109.13,0.3125,0.8029,7.5,4.29,100.0,764.1379310344828,4.432,1.0,30.97100195076303,0.9791014931723294,0.82,0.3125,47.16685334070564,42.83314665929436,170.73876116068152,1.4689997771117818,4.050477787712027,916.2341356359201
2021-01-04,Khavda Renewable Energy Park,SIMULATED,SIMULATED_PVLIB,20000.0,20000.0,150000.0,149250.0,15144.74,87839.49,0.3125,0.8004,7.5,4.57,100.0,762.9310344827586,4.42315625,0.9995833333333334,31.827103648139023,0.9761051372315134,0.82,0.3125,47.08156186496544,42.91843813503456,170.57487533798508,1.4666547420162108,4.060727723193712,917.8268326993557
2021-01-05,Khavda Renewable Energy Park,SIMULATED,SIMULATED_PVLIB,19816.500998571224,19816.500998571224,148623.76,147880.64,15114.52,87664.22,0.3096,0.7988,7.4312,4.86,100.0,758.1034482758621,4.376847083333334,0.9954166666666666,32.38368120898347,0.9741571157685579,0.82,0.3096,46.98896524964284,43.01103475035716,170.4106965433093,1.4641209532325334,4.071581698920609,919.4415920311475
2021-01-06,Khavda Renewable Energy Park,SIMULATED,SIMULATED_PVLIB,20000.0,20000.0,150000.0,149250.0,14945.67,86684.89,0.3125,0.7899,7.5,5.14,100.0,770.1724137931035,4.467,1.0,35.492957025951185,0.9632746504091708,0.82,0.3125,46.88909434343175,43.11090565656825,170.24629241657124,1.4614021414211802,4.0830338945449185,921.3173059532083
2021-01-07,Khavda Renewable Energy Park,SIMULATED,SIMULATED_PVLIB,20000.0,20000.0,150000.0,149250.0,15175.61,88018.54,0.3125,0.802,7.5,5.43,100.0,772.7586206896552,4.482,1.0,31.258704670257693,0.978094533654098,0.82,0.3125,46.78198334941565,43.21801665058435,170.08173557008718,1.4585023034216882,4.095077940039469,923.1435505571138
2021-01-08,Khavda Renewable Energy Park,SIMULATED,SIMULATED_PVLIB,20000.0,20000.0,150000.0,149250.0,15233.88,88356.5,0.3125,0.8051,7.5,5.71,100.0,771.2068965517242,4.473,1.0,30.18562163888452,0.9818503242639042,0.82,0.3125,46.66767026885073,43.33232973114927,169.9171046579272,1.4554257014223948,4.107706880209421,924.9813528837387
2021-01-09,Khavda Renewable Energy Park,SIMULATED,SIMULATED_PVLIB,20000.0,20000.0,150000.0,149250.0,15354.51,89056.16,0.3125,0.8115,7.5,6.0,100.0,781.8965517241379,4.535,1.0,27.964260444219608,0.9896250884452313,0.82,0.3125,46.546197052578854,43.453802947421146,169.75248482321842,1.4521768532317678,4.120913166205688,927.0208853772513
2021-01-10,Khavda Renewable Energy Park,SIMULATED,SIMULATED_PVLIB,20000.0,20000.0,150000.0,149250.0,15287.42,88667.04,0.3125,0.8079,7.5,2.0,100.0,785.8620689655172,4.379478333333333,0.9608333333333333,29.199680936968583,0.9853011167206099,0.82,0.3125,46.41760931388082,43.58239068611918,169.5879673235172,1.4487605101474785,4.134688686769258,929.0382995110751
2021-01-11,Khavda Renewable Energy Park,SIMULATED,SIMULATED_PVLIB,20000.0,20000.0,150000.0,149250.0,15193.15,88120.27,0.3125,0.803,7.5,2.29,100.0,805.1724137931035,4.212729166666667,0.9020833333333333,30.935706368422725,0.9792250277105204,0.82,0.3125,46.28195561730152,43.71804438269848,169.42364826861967,1.4451816234436181,4.149024837375461,931.2902540265576
2021-01-12,Khavda Renewable Energy Park,SIMULATED,SIMULATED_PVLIB,19047.901646149618,19047.901646149618,142859.26,142144.96,15099.9,87579.42,0.2976,0.798,7.143,2.57,100.0,803.448275862069,4.2716666666666665,0.9166666666666666,32.65282735141434,0.9732151042700499,0.82,0.2976,46.13928661548472,43.86071338451528,169.25962654880277,1.4414453072939577,4.163912602565409,933.3488304913337
2021-01-13,Khavda Renewable Energy Park,SIMULATED,SIMULATED_PVLIB,20000.0,20000.0,150000.0,149250.0,14838.86,86065.39,0.3125,0.7842,7.5,2.86,100.0,818.9655172413793,4.330416666666666,0.9116666666666666,37.45977059626997,0.9563908029130551,0.82,0.3125,45.98965444658349,44.01034555341651,169.09600130997524,1.437556809226077,4.1793426146909205,935.6603847983102
2021-01-14,Khavda Renewable Energy Park,SIMULATED,SIMULATED_PVLIB,17775.47106955055,17775.47106955055,133316.03,132649.45,13507.85,78345.53,0.2777,0.7139,6.6658,3.14,100.0,711.0344827586207,2.4967383333333335,0.6054166666666667,36.7381344729847,0.9589165293445535,0.82,0.2777,45.8331127011345,44.1668872988655,168.9328694362472,1.4335214958551,4.195305162118441,936.5752622401588
2021-01-15,Khavda Renewable Energy Park,SIMULATED,SIMULATED_PVLIB,19184.701766933063,19184.701766933063,143885.26,143165.83,14819.16,85951.13,0.2998,0.7832,7.1943,3.43,97.0,809.8275862068966,4.516948333333334,0.9616666666666667,37.822541958004805,0.9551211031469832,0.82,0.2998,45.66971694714076,44.33028305285924,168.7703234850112,1.4293448528858523,4.211790148693405,939.9582655357863
2021-01-16,Khavda Renewable Energy Park,SIMULATED,SIMULATED_PVLIB,20000.0,20000.0,150000.0,149250.0,14974.34,86851.17,0.3125,0.7914,7.5,3.71,100.0,812.7586206896552,4.714,1.0,34.965067383733796,0.9651222641569317,0.82,0.3125,45.499525501896954,44.500474498103046,168.60845033008684,1.425032490699885,4.226874572290672,941.7005441230906
2021-01-17,Khavda Renewable Energy Park,SIMULATED,SIMULATED_PVLIB,18773.48082597945,18773.48082597945,140801.11,140097.1,14912.82,86494.36,0.2933,0.7881,7.0401,4.0,100.0,810.8620689655172,4.703,1.0,36.09782361539658,0.9611576173461119,0.82,0.2933,45.3226000722529,44.6773999277471,168.44733051375079,1.4205901456513752,4.240544180794445,942.8704242053694
2021-01-18,Khavda Renewable Energy Park,SIMULATED,SIMULATED_PVLIB,18980.62353114069,18980.62353114069,142354.68,141642.91,14957.11,86751.24,0.2966,0.7905,7.1177,4.29,100.0,819.8275862068966,4.755,1.0,35.28235043786952,0.9640117734674567,0.82,0.2966,45.13900605644109,44.86099394355891,168.28703817769633,1.4160236721282438,4.254698780776196,944.2141649481418
2021-01-19,Khavda Renewable Energy Park,SIMULATED,SIMULATED_PVLIB,18647.1614652425,18647.1614652425,139853.71,139154.44,15051.23,87297.13,0.2914,0.7955,6.9927,4.57,99.0,817.9310344827586,4.744,1.0,33.54910084032734,0.9700781470588543,0.82,0.2914,44.94881254767874,45.05118745232126,168.12764135360953,1.4113390269281776,4.269326292347641,945.4753708469493
2021-01-20,Khavda Renewable Energy Park,SIMULATED,SIMULATED_PVLIB,18958.576053553832,18958.576053553832,142189.32,141478.37,14818.14,85945.21,0.2962,0.7831,7.1095,4.86,100.0,814.8275862068966,4.726,1.0,37.841351698739736,0.955055269054411,0.82,0.2962,44.75209219235652,45.24790780764348,167.96920242911938,1.40654225021018,4.284414169077186,946.7650768217669
2021-01-21,Khavda Renewable Energy Park,SIMULATED,SIMULATED_PVLIB,19671.991805406953,19671.991805406953,147539.94,146802.24,14858.68,86180.34,0.3074,0.7853,7.377,5.14,100.0,814.3103448275863,4.63444375,0.98125,37.09493470602369,0.957667728528917,0.82,0.3074,44.548921006254346,45.451078993745654,167.81177863451353,1.4016394458295414,4.299949425307086,948.1256002842772
2021-01-22,Khavda Renewable Energy Park,SIMULATED,SIMULATED_PVLIB,19698.859045648544,19698.859045648544,147741.44,147002.73,15037.02,87214.72,0.3078,0.7947,7.3871,5.43,99.0,801.551724137931,4.2267158333333334,0.9091666666666667,33.810727608613774,0.9691624533698517,0.82,0.3078,44.339378157193146,45.660621842806854,167.65542239838567,1.3966367614080795,4.315918666610124,949.3811239491561
2021-01-23,Khavda Renewable Energy Park,SIMULATED,SIMULATED_PVLIB,19338.803840929002,19338.803840929002,145041.03,144315.82,14766.97,85648.43,0.3022,0.7804,7.2521,5.71,100.0,791.3793103448276,2.86875,0.625,38.78371241106004,0.9517570065612899,0.82,0.3022,44.12354569031899,45.87645430968101,167.50018148996662,1.3915403677156222,4.332308125294018,950.7030859859512
2021-01-24,Khavda Renewable Energy Park,SIMULATED,SIMULATED_PVLIB,17544.32932663057,17544.32932663057,131582.47,130924.56,14893.12,86380.1,0.2741,0.7871,6.5791,6.0,95.0,878.7931034482759,5.097,1.0,36.460598395459456,0.9598879056158919,0.82,0.2741,43.90150821956418,46.09849178043582,167.3460988959589,1.3863564380846491,4.349103698760993,953.2018201687721
2021-01-25,Khavda Renewable Energy Park,SIMULATED,SIMULATED_PVLIB,18800.34737853551,18800.34737853551,141002.61,140297.6,14963.18,86786.44,0.2938,0.7908,7.0501,2.0,100.0,872.2413793103449,5.059,1.0,35.1705427826042,0.9644031002608853,0.82,0.2938,43.67335262572456,46.32664737427544,167.19321247995993,1.3810911289137862,4.366290987151362,954.6316621339674
2021-01-26,Khavda Renewable Energy Park,SIMULATED,SIMULATED_PVLIB,20000.0,20000.0,150000.0,149250.0,14909.75,86476.55,0.3125,0.788,7.5,2.29,100.0,883.7931034482759,4.639030000000001,0.905,36.15440437303684,0.960959584694371,0.82,0.3125,43.4391677464978,46.5608322535022,167.04155453099838,1.3757505609716383,4.383855331449147,956.3027749289739
2021-01-27,Khavda Renewable Energy Park,SIMULATED,SIMULATED_PVLIB,19435.5318192465,19435.5318192465,145766.49,145037.66,14689.03,85196.37,0.3037,0.7763,7.2883,2.57,100.0,886.2068965517242,5.14,1.0,40.21898785335749,0.9467335425132488,0.82,0.3037,43.19904397864584,46.80095602135416,166.89115130777896,1.3703407997749149,4.4017818586466,957.893756716359
2021-01-28,Khavda Renewable Energy Park,SIMULATED,SIMULATED_PVLIB,20000.0,20000.0,150000.0,149250.0,14789.92,85781.54,0.3125,0.7817,7.5,2.86,100.0,888.2758620689656,5.152,1.0,38.361100738768364,0.9532361474143107,0.82,0.3125,42.95307273291027,47.04692726708973,166.74202271405932,1.3648678339370066,4.420055538599541,959.5052040100682
2021-01-29,Khavda Renewable Energy Park,SIMULATED,SIMULATED_PVLIB,19486.89130329172,19486.89130329172,146151.68,145420.92,14746.22,85528.08,0.3045,0.7793,7.3076,3.14,97.0,897.2413793103449,5.204,1.0,39.165713002600256,0.9504200044908991,0.82,0.3045,42.70134582316131,47.29865417683869,166.5941822303987,1.3593375535879852,4.43866124529307,961.2195280120357
2021-01-30,Khavda Renewable Energy Park,SIMULATED,SIMULATED_PVLIB,19384.89110248349,19384.89110248349,145386.68,144659.75,14511.41,84166.18,0.3029,0.7669,7.2693,3.43,100.0,903.7931034482759,5.242,1.0,43.489750292174534,0.9352858739773892,0.82,0.3029,42.44395501718654,47.55604498281346,166.44763723493998,1.3537557339233537,4.457583803417313,962.9252884881187
2021-01-31,Khavda Renewable Energy Park,SIMULATED,SIMULATED_PVLIB,19773.329295802836,19773.329295802836,148299.97,147558.47,14722.54,85390.73,0.309,0.7781,7.415,3.71,99.0,877.4137931034483,4.679759583333333,0.9195833333333333,39.60190269555259,0.948893340565566,0.82,0.309,42.18099198024692,47.81900801975308,166.3023898879112,1.3481280284887704,4.476808001614921,964.262678138579
2021-02-01,Khavda Renewable Energy Park,SIMULATED,SIMULATED_PVLIB,19409.396631380325,19409.396631380325,145570.47,144842.62,14576.62,84544.4,0.3033,0.7704,7.2785,4.0,100.0,853.6206896551724,3.886535,0.785,42.28883759804587,0.9394890684068394,0.82,0.3033,41.91254869597534,48.08745130402466,166.15843862869588,1.3424599731845874,4.49631856660612,965.6452522323058
2021-02-02,Khavda Renewable Energy Park,SIMULATED,SIMULATED_PVLIB,19613.385429671496,19613.385429671496,147100.39,146364.89,14642.54,84926.73,0.3065,0.7739,7.355,4.29,100.0,872.2413793103449,3.935480416666667,0.7779166666666667,41.07508492643097,0.9437372027574916,0.82,0.3065,41.638718226144086,48.361281773855914,166.0157802353674,1.3367569971441344,4.516100110946036,967.5370425135841
2021-02-03,Khavda Renewable Energy Park,SIMULATED,SIMULATED_PVLIB,18082.953204008172,18082.953204008172,135622.15,134944.04,14792.42,85796.04,0.2825,0.7818,6.7811,4.57,95.0,874.1379310344828,4.313725,0.8508333333333333,38.31506693728197,0.9533972657195131,0.82,0.2825,41.359595542690606,48.640404457309394,165.87441219923937,1.3310244343328774,4.536137077148131,969.2430372266496
2021-02-04,Khavda Renewable Energy Park,SIMULATED,SIMULATED_PVLIB,19066.87711841304,19066.87711841304,143001.58,142286.57,14626.56,84834.05,0.2979,0.773,7.1501,4.86,100.0,894.8275862068966,4.498,0.8666666666666667,41.36932504429584,0.9427073623449646,0.82,0.2979,41.075278179537946,48.924721820462054,165.73433502614228,1.3252675306171495,4.5564136988560815,971.1767750913776
2021-02-05,Khavda Renewable Energy Park,SIMULATED,SIMULATED_PVLIB,18837.036694061193,18837.036694061193,141277.78,140571.39,14774.3,85690.94,0.2943,0.7808,7.0639,5.14,97.0,912.4137931034483,5.292,1.0,38.64870276272635,0.9522295403304578,0.82,0.2943,40.785866547260724,49.214133452739276,165.5955540976338,1.3194914435382532,4.57691399115733,973.079388571438
2021-02-06,Khavda Renewable Energy Park,SIMULATED,SIMULATED_PVLIB,19736.9811698188,19736.9811698188,148027.36,147287.22,14786.04,85759.03,0.3084,0.7814,7.4014,5.43,100.0,932.9310344827586,5.411,1.0,38.43241426675446,0.9529865500663594,0.82,0.3084,40.49146387029151,49.50853612970849,165.45808074553202,1.3137012346797727,4.597621772197498,975.0191276767721
2021-02-07,Khavda Renewable Energy Park,SIMULATED,SIMULATED_PVLIB,18849.813532649572,18849.813532649572,141373.6,140666.73,14686.35,85180.83,0.2945,0.7762,7.0687,5.71,100.0,936.551724137931,5.432,1.0,40.268192798594555,0.9465613252049191,0.82,0.2945,40.19217577700163,49.80782422299837,165.32193238288232,1.3079018559736666,4.61852071242056,976.7613680041161
2021-02-08,Khavda Renewable Energy Park,SIMULATED,SIMULATED_PVLIB,18970.349603275856,18970.349603275856,142277.62,141566.23,14424.54,83662.33,0.2964,0.7623,7.1139,6.0,100.0,934.4827586206897,5.401933333333333,0.9966666666666667,45.0893539690241,0.9296872611084156,0.82,0.2964,39.88810964772671,50.11189035227329,165.18713167001556,1.3020981326344332,4.639594401921675,978.4349642375616
2021-02-09,Khavda Renewable Energy Park,SIMULATED,SIMULATED_PVLIB,10163.58297852974,10163.58297852974,76226.87,75845.74,7589.1,44016.78,0.1588,0.4011,3.8113,2.0,100.0,873.2758620689656,1.4182000000000003,0.28,39.724794064542685,0.9484632207741006,0.82,0.1588,39.579373904253295,50.420626095746705,165.05370483520232,1.2962947466225105,4.660826420642669,979.4115852539537
2021-02-10,Khavda Renewable Energy Park,SIMULATED,SIMULATED_PVLIB,6147.820922787586,6147.820922787586,46108.66,45878.12,4583.42,26583.84,0.0961,0.2422,2.3054,2.29,100.0,897.2413793103449,0.8695016666666662,0.16708333333333325,43.771254884962445,0.9343006079026315,0.82,0.0961,39.26607745914422,50.73392254085578,164.92167944879202,1.2904962247427927,4.682200394171181,981.3789848379668
2021-02-11,Khavda Renewable Energy Park,SIMULATED,SIMULATED_PVLIB,19694.9063946808,19694.9063946808,147711.8,146973.24,14318.07,83044.81,0.3077,0.7567,7.3856,2.57,100.0,940.5172413793103,3.1138958333333338,0.5708333333333334,47.05004761813623,0.9228248333365232,0.82,0.3077,38.94832949984962,51.05167050015038,164.79108200352255,1.2847069341861999,4.703700022179365,983.5635077862711
2021-02-12,Khavda Renewable Energy Park,SIMULATED,SIMULATED_PVLIB,17945.061219576775,17945.061219576775,134587.96,133915.02,14262.72,82723.78,0.2804,0.7538,6.7294,2.86,100.0,956.7241379310345,5.377905833333333,0.9691666666666666,48.069330569766464,0.9192573430058174,0.82,0.2804,38.62623963795457,51.37376036204543,164.66193568030712,1.2789310853454319,4.725309078373953,985.4197010030591
2021-02-13,Khavda Renewable Energy Park,SIMULATED,SIMULATED_PVLIB,18618.803019513154,18618.803019513154,139641.02,138942.81,14519.15,84211.07,0.2909,0.7673,6.9821,3.14,100.0,959.6551724137931,5.3364025,0.95875,43.347218117633446,0.935784736588283,0.82,0.2909,38.29991829300573,51.70008170699427,164.5342586142716,1.273172738856565,4.747011393218523,987.1068487376733
2021-02-14,Khavda Renewable Energy Park,SIMULATED,SIMULATED_PVLIB,18647.306418658245,18647.306418658245,139854.8,139155.53,14669.44,85082.75,0.2914,0.7753,6.9927,3.43,100.0,949.4827586206897,5.399154583333333,0.9804166666666667,40.57973881996269,0.9454709141301306,0.82,0.2914,37.96947711573387,52.03052288426613,164.40806276134117,1.2674358130149639,4.768790835030058,988.624740570903
2021-02-15,Khavda Renewable Energy Park,SIMULATED,SIMULATED_PVLIB,18192.728933454226,18192.728933454226,136445.47,135763.24,14748.55,85541.59,0.2843,0.7795,6.8223,3.71,100.0,929.8275862068966,3.698699166666666,0.6858333333333333,39.12287776118961,0.9505699278358364,0.82,0.2843,37.635029289874595,52.364970710125405,164.28335336137593,1.261724088749706,4.787454400222612,989.197287096121
2021-02-16,Khavda Renewable Energy Park,SIMULATED,SIMULATED_PVLIB,18998.871814327373,18998.871814327373,142491.54,141779.08,14664.83,85056.01,0.2969,0.775,7.1246,4.0,100.0,913.6206896551724,4.172962500000001,0.7875,40.66455929498446,0.9451740424675544,0.82,0.2969,37.29668966574348,52.70331033425652,164.1601288390293,1.2560412116055653,4.8061647061311215,989.7995194584623
2021-02-17,Khavda Renewable Energy Park,SIMULATED,SIMULATED_PVLIB,19246.27588790809,19246.27588790809,144347.07,143625.33,14420.19,83637.1,0.3007,0.7621,7.2174,4.29,99.0,967.7586206896552,4.95815,0.8833333333333333,45.16956750715957,0.9294065137249415,0.82,0.3007,36.95457475641995,53.04542524358005,164.03838096270738,1.250390691555982,4.824905795574942,991.212749525214
2021-02-18,Khavda Renewable Energy Park,SIMULATED,SIMULATED_PVLIB,18776.426143316716,18776.426143316716,140823.2,140119.08,14406.37,83556.95,0.2934,0.7614,7.0412,4.57,100.0,993.2758620689656,5.761,1.0,45.42409532893535,0.9285156663487263,0.82,0.2934,36.60880263767392,53.39119736232608,163.9180951047956,1.2447759015607436,4.843661789161886,992.2758175453106
2021-02-19,Khavda Renewable Energy Park,SIMULATED,SIMULATED_PVLIB,19105.483273792925,19105.483273792925,143291.12,142574.66,14491.21,84049.02,0.2985,0.7659,7.1646,4.86,100.0,1003.9655172413793,5.823,1.0,43.86164746459341,0.933984233873923,0.82,0.2985,36.25949277507838,53.74050722492162,163.7992504209351,1.2392000754047163,4.862416912991391,993.1481701674145
2021-02-20,Khavda Renewable Energy Park,SIMULATED,SIMULATED_PVLIB,19390.569008919596,19390.569008919596,145429.27,144702.12,14369.73,83344.43,0.303,0.7594,7.2715,5.14,100.0,1000.6896551724138,5.598441666666667,0.9645833333333333,46.0988155498831,0.9261541455754092,0.82,0.303,35.906765789657165,54.093234210342835,163.6818198057706,1.2336663051090746,4.881155530131357,993.8378471109506
2021-02-21,Khavda Renewable Energy Park,SIMULATED,SIMULATED_PVLIB,19269.573078402354,19269.573078402354,144521.8,143799.19,14224.66,82503.03,0.3011,0.7518,7.2261,5.43,100.0,1012.2413793103449,5.871,1.0,48.77021178214667,0.9168042587624867,0.82,0.3011,35.55074319264985,54.44925680735015,163.56576952876003,1.2281775384709224,4.899862173380279,994.680042441949
2021-02-22,Khavda Renewable Energy Park,SIMULATED,SIMULATED_PVLIB,18545.49208277498,18545.49208277498,139091.19,138395.73,14308.25,82987.85,0.2898,0.7562,6.9546,5.71,100.0,1007.7586206896552,5.845,1.0,47.23091594032256,0.9221917942088711,0.82,0.2898,35.19154712718619,54.80845287281381,163.45105854108385,1.2227365773253476,4.918521576468962,995.3113398188291
2021-02-23,Khavda Renewable Energy Park,SIMULATED,SIMULATED_PVLIB,19627.409724962454,19627.409724962454,147205.57,146469.54,14566.01,84482.86,0.3067,0.7698,7.3603,6.0,100.0,1016.0344827586207,5.893,1.0,42.48439514193786,0.9388046170032175,0.82,0.3067,34.829300113894675,55.170699886105325,163.33763754131905,1.2173460764397657,4.937118703877136,996.0670217054121
2021-02-24,Khavda Renewable Energy Park,SIMULATED,SIMULATED_PVLIB,19863.809908710213,19863.809908710213,148978.57,148233.68,14673.38,85105.6,0.3104,0.7755,7.4489,2.0,100.0,1003.7931034482759,5.778335,0.9925,40.50712833849167,0.9457250508152791,0.82,0.3104,34.4641247318377,55.5358752681623,163.22544794621695,1.2120085420061075,4.955638783933407,996.5554969047895
2021-02-25,Khavda Renewable Energy Park,SIMULATED,SIMULATED_PVLIB,19189.092813062784,19189.092813062784,143918.2,143198.61,14623.06,84813.75,0.2998,0.7728,7.1959,2.29,100.0,1004.3103448275863,5.825,1.0,41.433659019892,0.942482193430378,0.82,0.2998,34.09614315206775,55.90385684793225,163.11442092733205,1.2067263286390928,4.974067350456762,997.1646489012903
2021-02-26,Khavda Renewable Energy Park,SIMULATED,SIMULATED_PVLIB,19367.073600996202,19367.073600996202,145253.05,144526.78,14692.11,85214.24,0.3026,0.7765,7.2627,2.57,100.0,989.6551724137931,5.732825,0.99875,40.16218278524201,0.946932360251653,0.82,0.3026,33.72547654029164,56.27452345970836,163.00447665605282,1.20150163534021,4.992390291060889,997.5655916926644
2021-02-27,Khavda Renewable Energy Park,SIMULATED,SIMULATED_PVLIB,18837.367911502002,18837.367911502002,141280.26,140573.86,14731.02,85439.92,0.2943,0.7785,7.064,2.86,100.0,906.0344827586207,4.344133333333334,0.8266666666666667,39.44567547275516,0.9494401358453569,0.82,0.2943,33.35224450504434,56.64775549495566,162.89552399654326,1.1963365030350825,5.010593889659695,997.1266157068579
2021-02-28,Khavda Renewable Energy Park,SIMULATED,SIMULATED_PVLIB,18835.381753159312,18835.381753159312,141265.36,140559.03,14503.18,84118.44,0.2943,0.7665,7.0633,3.14,100.0,1024.655172413793,5.749852499999999,0.9675,43.64122052760165,0.9347557281533942,0.82,0.2943,32.97656488880256,57.02343511119744,162.78746089674462,1.191232817554745,5.028664843704536,999.0223206027828
2021-03-01,Khavda Renewable Energy Park,SIMULATED,SIMULATED_PVLIB,18143.34568867556,18143.34568867556,136075.09,135394.71,14293.87,82904.45,0.2835,0.7554,6.8038,6.86,100.0,1068.448275862069,6.197,1.0,47.495663497561154,0.921265177758536,0.82,0.2835,32.5985541293726,57.4014458706274,162.68017574416604,1.18619232041539,5.046590242946755,1000.0062217342587
2021-03-02,Khavda Renewable Energy Park,SIMULATED,SIMULATED_PVLIB,18330.514562020267,18330.514562020267,137478.86,136791.47,14036.03,81408.97,0.2864,0.7418,6.8739,7.43,100.0,1090.0,6.322,1.0,52.2436901354657,0.9046470845258701,0.82,0.2864,32.21832818056369,57.78167181943631,162.5735497082453,1.1812166262409804,5.064357513247911,1000.6926610087555
2021-03-03,Khavda Renewable Energy Park,SIMULATED,SIMULATED_PVLIB,19276.720601514207,19276.720601514207,144575.4,143852.52,14463.64,83889.11,0.3012,0.7644,7.2288,8.0,100.0,1080.1724137931035,6.265,1.0,44.369480111954175,0.9322068196081604,0.82,0.3012,31.83600368637174,58.16399631362826,162.46745979912794,1.1763072419923328,5.081954347793463,1000.9731558695611
2021-03-04,Khavda Renewable Energy Park,SIMULATED,SIMULATED_PVLIB,17452.320659043104,17452.320659043104,130892.4,130237.94,14456.25,83846.25,0.2727,0.764,6.5446,8.57,100.0,1037.4137931034484,6.017,1.0,44.50543066567052,0.9317309926701531,0.82,0.2727,31.451698961054312,58.54830103894569,162.3617820896983,1.1714655820331126,5.0993686553252555,1000.828129373451
2021-03-05,Khavda Renewable Energy Park,SIMULATED,SIMULATED_PVLIB,18006.60219070284,18006.60219070284,135049.52,134374.27,14219.25,82471.65,0.2814,0.7515,6.7525,9.14,100.0,1059.8275862068965,6.1418775000000005,0.9991666666666666,48.86972632690371,0.916455957855837,0.82,0.2814,31.065534433005922,58.93446556699408,162.25639446565435,1.1666929752304134,5.116588545850398,1001.4051812404341
2021-03-06,Khavda Renewable Energy Park,SIMULATED,SIMULATED_PVLIB,17419.571029780494,17419.571029780494,130646.78,129993.55,14457.19,83851.7,0.2722,0.7641,6.5323,9.71,100.0,1074.1379310344828,6.23,1.0,44.48818952053146,0.9317913366781398,0.82,0.2722,30.677632489450012,59.32236751054999,162.15117842521727,1.1619906642680329,5.133602355042983,1001.8448652940984
2021-03-07,Khavda Renewable Energy Park,SIMULATED,SIMULATED_PVLIB,18369.131054215726,18369.131054215726,137768.48,137079.64,14654.74,84997.49,0.287,0.7745,6.8884,10.29,100.0,1068.6206896551726,6.198,1.0,40.850315816765544,0.9445238946413206,0.82,0.287,30.288116923376833,59.71188307662317,162.04601973293177,1.1573598005378192,5.150398692006641,1002.0086728772984
2021-03-08,Khavda Renewable Energy Park,SIMULATED,SIMULATED_PVLIB,17759.27588155653,17759.27588155653,133194.57,132528.6,14519.19,84211.3,0.2775,0.7673,6.6597,10.86,100.0,1078.9655172413793,6.252785,0.9991666666666666,43.346549636386214,0.9357870762726482,0.82,0.2775,29.897112280118094,60.102887719881906,161.94080798100197,1.1528014386641066,5.166966490410854,1002.3134602693301
2021-03-09,Khavda Renewable Energy Park,SIMULATED,SIMULATED_PVLIB,16464.942979345487,16464.942979345487,123487.07,122869.63,14423.09,83653.92,0.2573,0.7623,6.1744,11.43,99.0,1073.448275862069,5.188333333333333,0.8333333333333333,45.116082583337615,0.9295937109583183,0.82,0.2573,29.504743324484537,60.49525667551546,161.8354352129154,1.1483165332799166,5.183295049284707,1002.3866444293088
2021-03-10,Khavda Renewable Energy Park,SIMULATED,SIMULATED_PVLIB,18003.383124929227,18003.383124929227,135025.37,134350.24,14448.89,83803.56,0.2813,0.7636,6.7513,12.0,100.0,1081.3793103448277,5.947946666666667,0.9483333333333334,44.641048742464875,0.9312563294013729,0.82,0.2813,29.111134699025087,60.88886530097491,161.72979386106726,1.143905938602707,5.199374059888702,1002.5705284936002
2021-03-11,Khavda Renewable Energy Park,SIMULATED,SIMULATED_PVLIB,18819.897532667404,18819.897532667404,141149.23,140443.48,14494.16,84066.13,0.2941,0.766,7.0575,4.0,100.0,1094.4827586206898,6.32684,0.9966666666666667,43.80732027693442,0.9341743790307295,0.82,0.2941,28.71641075946893,61.28358924053107,161.62377427248862,1.139570410324752,5.215193620422869,1002.767301614569
2021-03-12,Khavda Renewable Energy Park,SIMULATED,SIMULATED_PVLIB,18596.953663663855,18596.953663663855,139477.15,138779.76,14376.99,83386.54,0.2906,0.7598,6.9739,4.57,100.0,1069.3103448275863,5.8841475,0.94875,45.964988738121505,0.9266225394165747,0.82,0.2906,28.32069556840952,61.67930443159048,161.51726212340202,1.1353106093207137,5.230744240559477,1002.4673059828634
2021-03-13,Khavda Renewable Energy Park,SIMULATED,SIMULATED_PVLIB,17738.099089230825,17738.099089230825,133035.74,132370.56,14024.76,81343.61,0.2772,0.7412,6.6518,5.14,100.0,1093.2758620689656,5.870709166666667,0.9258333333333333,52.451259351638896,0.9039205922692639,0.82,0.2772,27.924113031189485,62.075886968810515,161.41013607985815,1.131127106753204,5.246016837533011,1002.6935516388863
2021-03-14,Khavda Renewable Energy Park,SIMULATED,SIMULATED_PVLIB,18027.53186985329,18027.53186985329,135206.49,134530.46,14157.68,82114.54,0.2817,0.7482,6.7603,5.71,100.0,1087.9310344827586,4.611558333333333,0.7308333333333333,50.00366757382884,0.9124871634915991,0.82,0.2817,27.52678714051516,62.47321285948484,161.30226591631686,1.127020390019764,5.2610027264073445,1002.5266215662007
2021-03-15,Khavda Renewable Energy Park,SIMULATED,SIMULATED_PVLIB,18775.498854411308,18775.498854411308,140816.24,140112.16,14359.47,83284.93,0.2934,0.7589,7.0408,6.29,100.0,1088.103448275862,6.071707916666666,0.9620833333333333,46.287606256636124,0.9254933781017736,0.82,0.2934,27.128842247181623,62.87115775281838,161.19351117479573,1.1229908685603582,5.275693609636245,1002.3738013800269
2021-03-16,Khavda Renewable Energy Park,SIMULATED,SIMULATED_PVLIB,18344.58206981205,18344.58206981205,137584.37,136896.45,14378.82,83397.16,0.2866,0.7599,6.8792,6.86,100.0,1081.2068965517242,5.1265425,0.8175,45.931378419106395,0.9267401755331276,0.82,0.2866,26.73040326092675,63.26959673907325,161.0837203350609,1.1190388785586614,5.29090446745164,1002.2656045731773
2021-03-17,Khavda Renewable Energy Park,SIMULATED,SIMULATED_PVLIB,17903.80808240845,17903.80808240845,134278.56,133607.17,14332.7,83129.66,0.2797,0.7575,6.7139,7.43,97.0,1117.5862068965519,4.715655000000001,0.7275,46.78072022457281,0.9237674792139952,0.82,0.2797,26.331595740668988,63.66840425933101,160.97273033661634,1.115164686259618,5.306626153996138,1002.7877504368576
2021-03-18,Khavda Renewable Energy Park,SIMULATED,SIMULATED_PVLIB,18399.762274598666,18399.762274598666,137998.22,137308.23,14362.39,83301.86,0.2875,0.7591,6.8999,8.0,100.0,1120.6896551724137,5.603541666666667,0.8620833333333333,46.23394161553681,0.9256812043456212,0.82,0.2875,25.93254589084148,64.06745410915852,160.8603662789526,1.1113684902264116,5.322028051323975,1002.8637542609017
2021-03-19,Khavda Renewable Energy Park,SIMULATED,SIMULATED_PVLIB,18459.280883420037,18459.280883420037,138444.61,137752.39,14097.78,81767.12,0.2884,0.7451,6.9222,8.57,100.0,1123.103448275862,6.090590000000001,0.935,51.106745363906796,0.9086263912263262,0.82,0.2884,25.533380499813703,64.4666195001863,160.7464410784703,1.107650423002669,5.337103363454042,1002.8749732596582
2021-03-20,Khavda Renewable Energy Park,SIMULATED,SIMULATED_PVLIB,17570.608667430668,17570.608667430668,131779.57,131120.67,14184.34,82269.17,0.2745,0.7496,6.589,9.14,100.0,1140.0,6.388845000000001,0.96625,49.51259829814596,0.9142059059564891,0.82,0.2745,25.134226831822332,64.86577316817767,160.630754829348,1.104010552360971,5.351845700336304,1002.9988940258027
2021-03-21,Khavda Renewable Energy Park,SIMULATED,SIMULATED_PVLIB,16996.40976447463,16996.40976447463,127473.07,126835.7,14299.19,82935.3,0.2656,0.7557,6.3737,9.71,100.0,1135.0,6.522655833333333,0.9908333333333333,47.39771181007808,0.9216080086647267,0.82,0.2656,24.73521246793014,65.26478753206986,160.51309365615475,1.100448882156589,5.3662490892909345,1002.8093251849032
2021-03-22,Khavda Renewable Energy Park,SIMULATED,SIMULATED_PVLIB,18308.124005504127,18308.124005504127,137310.93,136624.38,14354.49,83256.04,0.2861,0.7586,6.8655,10.29,100.0,1122.2413793103449,6.04523375,0.92875,46.37935971018776,0.9251722410143428,0.82,0.2861,24.336465114917587,65.66353488508241,160.3932279744879,1.096965353011,5.380307986828446,1002.4717801446338
2021-03-23,Khavda Renewable Energy Park,SIMULATED,SIMULATED_PVLIB,17114.40869154534,17114.40869154534,128358.07,127716.28,14076.94,81646.25,0.2674,0.744,6.4179,10.86,100.0,1164.1379310344828,6.265293333333333,0.9279166666666667,51.49047350290523,0.9072833427398317,0.82,0.2674,23.938112423479197,66.0618875765208,160.27091023193566,1.093559843208105,5.394017288657356,1002.7172258336536
2021-03-24,Khavda Renewable Energy Park,SIMULATED,SIMULATED_PVLIB,17684.555091489816,17684.555091489816,132634.16,131970.99,14025.18,81346.04,0.2763,0.7412,6.6317,11.43,100.0,1172.4137931034484,6.7745,0.99625,52.443562577778984,0.9039475309777736,0.82,0.2763,23.54028182297803,66.45971817702197,160.14587225805212,1.0902321698412443,5.407372337576665,1002.5118909716524
2021-03-25,Khavda Renewable Energy Park,SIMULATED,SIMULATED_PVLIB,16988.648282402406,16988.648282402406,127414.86,126777.79,13854.86,80358.19,0.2654,0.7322,6.3707,12.0,100.0,1189.6551724137933,6.322125000000001,0.91625,55.580059409651234,0.8929697920662207,0.82,0.2654,23.14310028756485,66.85689971243515,160.01782243160358,1.086982089491733,5.420368933336978,1002.3546647160318
2021-03-26,Khavda Renewable Energy Park,SIMULATED,SIMULATED_PVLIB,18336.254383248972,18336.254383248972,137521.91,136834.3,13920.14,80736.81,0.2865,0.7357,6.8761,4.0,100.0,1192.0689655172414,6.914,1.0,54.37784342804762,0.8971775480018334,0.82,0.2865,22.74669393227211,67.25330606772789,159.88644290046864,1.0838092977142693,5.433003348768112,1001.9670973916208
2021-03-27,Khavda Renewable Energy Park,SIMULATED,SIMULATED_PVLIB,18745.969770984688,18745.969770984688,140594.77,139891.8,14112.41,81851.98,0.2929,0.7458,7.0297,4.57,100.0,1195.6896551724137,6.935,1.0,50.83720684147646,0.9095697760548324,0.82,0.2929,22.351187479354934,67.64881252064507,159.75138721716985,1.0807134278383195,5.445272349413791,1001.537244103805
2021-03-28,Khavda Renewable Energy Park,SIMULATED,SIMULATED_PVLIB,19728.683776321002,19728.683776321002,147965.13,147225.3,14263.2,82726.56,0.3083,0.7538,7.3983,5.14,100.0,1207.9310344827586,4.729050000000001,0.675,48.06043759462719,0.9192884684188048,0.82,0.3083,21.95670385912041,68.04329614087959,159.612279004323,1.077694051222012,5.457173204196836,1001.1522604150614
2021-03-29,Khavda Renewable Energy Park,SIMULATED,SIMULATED_PVLIB,19855.946422299,19855.946422299,148919.6,148175.0,14390.83,83466.81,0.3102,0.7606,7.446,5.71,100.0,1212.2413793103449,6.03787125,0.85875,45.71012842871238,0.9275145504995067,0.82,0.3102,21.563364334165286,68.43663566583471,159.4687121896509,1.0747506816501118,5.4687036708531025,1000.6186900686876
2021-03-30,Khavda Renewable Energy Park,SIMULATED,SIMULATED_PVLIB,17672.043764974725,17672.043764974725,132540.33,131877.63,14379.6,83401.68,0.2761,0.76,6.627,6.29,95.0,1185.0,6.1914275000000005,0.9008333333333334,45.91709147335088,0.9267901798432719,0.82,0.2761,21.171289350687232,68.82871064931277,159.32025306305354,1.071882784719022,5.479861950280688,999.6603489283973
2021-03-31,Khavda Renewable Energy Park,SIMULATED,SIMULATED_PVLIB,18095.233990664394,18095.233990664394,135714.25,135035.68,14035.4,81405.32,0.2827,0.7418,6.7857,6.86,100.0,1228.7931034482758,7.127,1.0,52.25533842524629,0.904606315511638,0.82,0.2827,20.780599915447326,69.21940008455267,159.16644377026296,1.0690897899595067,5.490646622305473,999.4791892676735
2021-04-01,Khavda Renewable Energy Park,SIMULATED,SIMULATED_PVLIB,18042.446963612685,18042.446963612685,135318.35,134641.76,13705.98,79494.68,0.2819,0.7244,6.7659,7.43,100.0,1255.1724137931035,7.28,1.0,58.32149340812533,0.8833747730715613,0.82,0.2819,20.39141894491685,69.60858105508315,159.00680633074796,1.0663711013296957,5.501056588647761,999.0399206521846
2021-04-02,Khavda Renewable Energy Park,SIMULATED,SIMULATED_PVLIB,17289.06031001688,17289.06031001688,129667.95,129019.61,13997.03,81182.77,0.2701,0.7397,6.4834,8.0,100.0,1255.0,7.279,1.0,52.96187695972666,0.9021334306409567,0.82,0.2701,20.003872023038213,69.99612797696179,158.8408461331237,1.0637261023845463,5.511091045790796,998.2361632533027
2021-04-03,Khavda Renewable Energy Park,SIMULATED,SIMULATED_PVLIB,17863.948028949988,17863.948028949988,133979.61,133309.71,14043.32,81451.26,0.2791,0.7422,6.699,8.57,100.0,1234.3103448275863,7.159,1.0,52.1095032483811,0.9051167386306661,0.82,0.2791,19.618087359953137,70.38191264004686,158.66805414410123,1.061154155476683,5.520749492741839,997.1392974090014
2021-04-04,Khavda Renewable Energy Park,SIMULATED,SIMULATED_PVLIB,17635.44632161336,17635.44632161336,132265.85,131604.52,14101.22,81787.08,0.2756,0.7453,6.6133,9.14,100.0,1219.8275862068965,7.072052083333334,0.9995833333333334,51.043259387167936,0.9088485921449122,0.82,0.2756,19.234195179766985,70.76580482023301,158.48790765832268,1.0586545973609542,5.530031760381825,996.0630805967958
2021-04-05,Khavda Renewable Energy Park,SIMULATED,SIMULATED_PVLIB,17985.56170990162,17985.56170990162,134891.71,134217.25,14326.05,83091.09,0.281,0.7571,6.7446,9.71,100.0,1228.448275862069,7.125,1.0,46.90306213508147,0.9233392825272149,0.82,0.281,18.852326986970482,71.14767301302952,158.29986976258783,1.0562267346339134,5.538938042072118,995.2062440303976
2021-04-06,Khavda Renewable Energy Park,SIMULATED,SIMULATED_PVLIB,17309.633310274843,17309.633310274843,129822.25,129173.14,14365.29,83318.68,0.2705,0.7592,6.4911,10.29,100.0,1222.5862068965519,7.0880454166666675,0.9995833333333334,46.18050214804795,0.9258682424818322,0.82,0.2705,18.472615057345934,71.52738494265407,158.10338772282284,1.0538698412263012,5.547468911899522,994.1295108963016
2021-04-07,Khavda Renewable Energy Park,SIMULATED,SIMULATED_PVLIB,16676.42061112221,16676.42061112221,125073.15,124447.78,14260.31,82709.8,0.2606,0.7537,6.2537,10.86,100.0,1224.3103448275863,6.9057225,0.9725,48.11374848693376,0.9191018802957318,0.82,0.2606,18.095192226706004,71.904807773294,157.89789046993053,1.0515831581213102,5.555625329100571,993.092323031685
2021-04-08,Khavda Renewable Energy Park,SIMULATED,SIMULATED_PVLIB,15768.031913684361,15768.031913684361,118260.24,117668.94,13780.38,79926.2,0.2464,0.7283,5.913,11.43,100.0,1255.0,7.121288333333333,0.9783333333333334,56.951593913067434,0.888169421304264,0.82,0.2464,17.72019188379572,72.27980811620428,157.68278523965046,1.0493658944269788,5.5634086336572075,992.3461073067341
2021-04-09,Khavda Renewable Energy Park,SIMULATED,SIMULATED_PVLIB,16316.55116386405,16316.55116386405,122374.13,121762.26,13926.62,80774.4,0.2549,0.736,6.1187,12.0,100.0,1261.0344827586207,7.304857500000001,0.99875,54.258483435147255,0.8975953079769846,0.82,0.2549,17.347748070432914,72.65225192956709,157.45745358352542,1.0472172290396957,5.570820537577851,991.2639840561817
2021-04-10,Khavda Renewable Energy Park,SIMULATED,SIMULATED_PVLIB,18050.473128926555,18050.473128926555,135378.55,134701.66,13839.72,80270.38,0.282,0.7314,6.7689,4.0,100.0,1271.3793103448277,7.235737499999999,0.98125,55.85886277000547,0.8919939803049808,0.82,0.282,16.977995665322865,73.02200433467713,157.221247190197,1.0451363126658861,5.57786311324079,990.1863381591821
2021-04-11,Khavda Renewable Energy Park,SIMULATED,SIMULATED_PVLIB,17756.309614882128,17756.309614882128,133172.32,132506.46,14048.56,81481.65,0.2774,0.7425,6.6586,4.57,97.0,1236.7241379310344,6.95482125,0.9695833333333334,52.013101296599686,0.9054541454619011,0.82,0.2774,16.611070660157452,73.38892933984255,156.97348392320725,1.0431222701764316,5.584538778934946,988.5368750205271
2021-04-12,Khavda Renewable Energy Park,SIMULATED,SIMULATED_PVLIB,19632.406975186466,19632.406975186466,147243.05,146506.83,14199.14,82355.01,0.3068,0.7504,7.3622,5.14,100.0,1236.5517241379312,7.1421166666666664,0.9958333333333333,49.24007246878206,0.9151597463592628,0.82,0.3068,16.24711047796717,73.75288952203283,156.71344442747272,1.0411742029545676,5.590850283707079,987.2477112934084
2021-04-13,Khavda Renewable Energy Park,SIMULATED,SIMULATED_PVLIB,18974.745129034938,18974.745129034938,142310.59,141599.04,14139.9,82011.42,0.2965,0.7473,7.1155,5.71,100.0,1265.8620689655172,7.314467499999999,0.99625,50.330959962400044,0.9113416401315999,0.82,0.2965,15.886254260404812,74.11374573959519,156.44036935150712,1.0392911908372062,5.596800694065268,986.2615865842058
2021-04-14,Khavda Renewable Energy Park,SIMULATED,SIMULATED_PVLIB,17929.626101614944,17929.626101614944,134472.2,133799.84,14301.35,82947.83,0.2802,0.7558,6.7236,6.29,100.0,1252.2413793103449,6.4338075,0.8858333333333334,47.357911279310635,0.9217473105224128,0.82,0.2802,15.528643081484063,74.47135691851594,156.15345715660237,1.037472293483836,5.602393383675361,984.7317652311748
2021-04-15,Khavda Renewable Energy Park,SIMULATED,SIMULATED_PVLIB,18671.55443581242,18671.55443581242,140036.66,139336.48,14401.79,83530.38,0.2917,0.7611,7.0018,6.86,100.0,1232.5862068965519,6.02601125,0.8429166666666666,45.50839292892414,0.9282206247487655,0.82,0.2917,15.174420116524402,74.8255798834756,155.8518623385046,1.0357165513972382,5.6076320247439675,983.0917441598416
2021-04-16,Khavda Renewable Energy Park,SIMULATED,SIMULATED_PVLIB,18007.952983011364,18007.952983011364,135059.65,134384.35,14296.05,82917.09,0.2814,0.7556,6.753,7.43,100.0,1199.3103448275863,6.637183333333334,0.9541666666666667,47.455538583024804,0.9214056149594132,0.82,0.2814,14.823730808253941,75.17626919174606,155.53469372994505,1.0340229868494484,5.613627564135028,981.456492260341
2021-04-17,Khavda Renewable Energy Park,SIMULATED,SIMULATED_PVLIB,17849.409848784893,17849.409848784893,133870.57,133201.22,14205.26,82390.51,0.2789,0.7508,6.6935,8.0,100.0,1202.9310344827586,5.482759166666667,0.7858333333333334,49.127453537390835,0.9155539126191321,0.82,0.2789,14.476723009535192,75.52327699046481,155.20101251461983,1.0323906046319589,5.619275775551562,980.2143773968131
2021-04-18,Khavda Renewable Energy Park,SIMULATED,SIMULATED_PVLIB,17956.578791168606,17956.578791168606,134674.34,134000.97,14178.36,82234.49,0.2806,0.7493,6.7337,8.57,100.0,1239.4827586206898,6.47908625,0.90125,49.62274985797508,0.9138203754970873,0.82,0.2806,14.13354706712147,75.86645293287853,154.84982944921683,1.0308183925010435,5.624581161910432,979.320490002086
2021-04-19,Khavda Renewable Energy Park,SIMULATED,SIMULATED_PVLIB,18208.426688147243,18208.426688147243,136563.2,135880.38,14282.77,82840.07,0.2845,0.7549,6.8282,9.14,100.0,1210.5172413793105,3.7562349999999993,0.5349999999999999,47.7000242731788,0.9205499150438742,0.82,0.2845,13.79435586016433,76.20564413983567,154.48010105732328,1.0293053214388306,5.629548498168107,977.6234159914321
2021-04-20,Khavda Renewable Energy Park,SIMULATED,SIMULATED_PVLIB,17590.036387355365,17590.036387355365,131925.27,131265.64,14288.37,82872.55,0.2748,0.7551,6.5963,9.71,100.0,1193.9655172413793,4.264645833333334,0.6158333333333335,47.59692100905956,0.9209107764682916,0.82,0.2748,13.45930489291004,76.54069510708996,154.09072482556041,1.0278503462015964,5.634182823891668,976.0374409768248
2021-04-21,Khavda Renewable Energy Park,SIMULATED,SIMULATED_PVLIB,18186.882883596732,18186.882883596732,136401.62,135719.61,14260.83,82712.81,0.2842,0.7537,6.8201,10.29,100.0,1187.9310344827586,6.551241666666666,0.9508333333333333,48.104120839761976,0.919135577060833,0.82,0.2842,13.128552518694832,76.87144748130517,153.68053367562698,1.026452406439658,5.638489431885822,974.5419718349497
2021-04-22,Khavda Renewable Energy Park,SIMULATED,SIMULATED_PVLIB,16834.73479087086,16834.73479087086,126260.51,125629.21,14195.51,82333.96,0.263,0.7502,6.313,10.86,100.0,1267.5862068965519,7.327493333333334,0.9966666666666667,49.30699419737738,0.9149255203091792,0.82,0.263,12.802260225723273,77.19773977427673,153.24829003995842,1.0251104280127072,5.642473855257305,974.0190300659051
2021-04-23,Khavda Renewable Energy Park,SIMULATED,SIMULATED_PVLIB,17484.207724550724,17484.207724550724,131131.56,130475.9,14327.22,83097.88,0.2732,0.7572,6.5566,11.43,100.0,1260.8620689655172,7.313,1.0,46.88151003893056,0.923414714863743,0.82,0.2732,12.480592794492708,77.51940720550729,152.79267987530943,1.0238233237184349,5.646141857955204,972.455077473529
2021-04-24,Khavda Renewable Energy Park,SIMULATED,SIMULATED_PVLIB,18289.128604233352,18289.128604233352,137168.46,136482.62,13996.26,81178.31,0.2858,0.7397,6.8584,12.0,100.0,1216.3793103448277,4.5152,0.64,52.976128852041285,0.9020835490178555,0.82,0.2858,12.163718198761003,77.836281801239,152.31230741860577,1.0225899930590605,5.649499431285987,970.4211977033395
2021-04-25,Khavda Renewable Energy Park,SIMULATED,SIMULATED_PVLIB,18529.391704250498,18529.391704250498,138970.44,138275.59,13918.28,80726.02,0.2895,0.7356,6.9485,4.0,100.0,1186.7241379310344,5.87636125,0.85375,54.41218618584219,0.8970573483495523,0.82,0.2895,11.851807401068626,78.14819259893137,151.8056920861311,1.0214093218127376,5.652552791559502,968.5349211698374
2021-04-26,Khavda Renewable Energy Park,SIMULATED,SIMULATED_PVLIB,19278.290858522196,19278.290858522196,144587.18,143864.24,14060.46,81550.67,0.3012,0.7431,7.2294,4.57,100.0,1141.7241379310344,5.664569166666667,0.8554166666666667,51.79386562090633,0.9062214703268279,0.82,0.3012,11.545034437790562,78.45496556220944,151.27126934539007,1.0202801829210673,5.655308369131477,966.4445506155482
2021-04-27,Khavda Renewable Energy Park,SIMULATED,SIMULATED_PVLIB,18387.800608539837,18387.800608539837,137908.5,137218.96,14033.35,81393.43,0.2873,0.7417,6.8954,5.14,100.0,1258.6206896551726,6.670375,0.9137500000000001,52.29316816619309,0.9044739114183242,0.82,0.2873,11.243577138146009,78.75642286185399,150.70739695892166,1.019201439699551,5.6577727822443284,966.2275241752618
2021-04-28,Khavda Renewable Energy Park,SIMULATED,SIMULATED_PVLIB,18637.018410995133,18637.018410995133,139777.64,139078.75,14103.31,81799.2,0.2912,0.7454,6.9889,5.71,100.0,1275.0,6.791074999999999,0.9183333333333333,51.0047623348578,0.9089833318279977,0.82,0.2912,10.947618441395733,79.05238155860427,150.11236665108095,1.0181719508209914,5.659952799098921,964.8122545926392
2021-04-29,Khavda Renewable Energy Park,SIMULATED,SIMULATED_PVLIB,18295.76152256748,18295.76152256748,137218.21,136532.12,14196.37,82338.95,0.2859,0.7503,6.8609,6.29,100.0,1237.0689655172414,4.917864583333334,0.6854166666666668,49.291064111250066,0.9149812756106248,0.82,0.2859,10.657347832541461,79.34265216745854,149.48441970912302,1.0171905751122614,5.661855300813172,962.7415882980334
2021-04-30,Khavda Renewable Energy Park,SIMULATED,SIMULATED_PVLIB,18157.07188311333,18157.07188311333,136178.04,135497.15,14223.76,82497.81,0.2837,0.7517,6.8089,6.86,100.0,1215.344827586207,4.781571666666667,0.6783333333333333,48.786733058081026,0.9167464342967164,0.82,0.2837,10.37296225541634,79.62703774458366,148.82176437585525,1.0162561740840008,5.663487258869296,960.8431027531673
2021-05-01,Khavda Renewable Energy Park,SIMULATED,SIMULATED_PVLIB,11870.798402450424,11870.798402450424,89030.99,88585.84,9531.73,55284.03,0.1855,0.5038,4.4515,7.43,100.0,1100.0,1.8395666666666666,0.28833333333333333,48.319305759847595,0.9183824298405334,0.82,0.1855,10.094666112381034,79.90533388761897,148.12259355219192,1.0153676113808279,5.664855732530566,957.8322845673703
2021-05-02,Khavda Renewable Energy Park,SIMULATED,SIMULATED_PVLIB,18130.926559531337,18130.926559531337,135981.95,135302.04,14123.88,81918.5,0.2833,0.7465,6.7991,8.0,100.0,1218.9655172413793,5.440954166666667,0.7695833333333333,50.62602816612939,0.9103089014185471,0.82,0.2833,9.822670427440414,80.17732957255959,147.38510273534115,1.0145237500156248,5.665967880805107,957.55146384457
2021-05-03,Khavda Renewable Energy Park,SIMULATED,SIMULATED_PVLIB,17433.93589245126,17433.93589245126,130754.52,130100.75,14205.11,82389.64,0.2724,0.7507,6.5377,8.57,100.0,1243.103448275862,6.107470833333333,0.8470833333333333,49.13024699252608,0.9155441355261587,0.82,0.2724,9.55719159544168,80.44280840455832,146.6075091821382,1.0137234491650582,5.666830977482192,956.1477089362695
2021-05-04,Khavda Renewable Energy Park,SIMULATED,SIMULATED_PVLIB,18241.307564228555,18241.307564228555,136809.81,136125.76,14289.03,82876.37,0.285,0.7552,6.8405,9.14,100.0,1251.0344827586207,5.2424599999999995,0.7224999999999999,47.58477782922588,0.9209532775977094,0.82,0.285,9.298450166510548,80.70154983348945,145.7880733824585,1.0129655620375098,5.66745241937819,954.5435794517462
2021-05-05,Khavda Renewable Energy Park,SIMULATED,SIMULATED_PVLIB,18328.676447333284,18328.676447333284,137465.07,136777.74,14272.16,82778.53,0.2864,0.7543,6.8733,9.71,100.0,1246.3793103448277,6.975985,0.965,47.89551767873169,0.919865688124439,0.82,0.2864,9.046669882312926,80.95333011768707,144.925123429179,1.0122489353484363,5.667839724228843,952.7832822285756
2021-05-06,Khavda Renewable Energy Park,SIMULATED,SIMULATED_PVLIB,16916.459885493492,16916.459885493492,126873.45,126239.08,14251.72,82659.98,0.2643,0.7532,6.3437,10.29,95.0,1254.6551724137933,7.240615,0.995,48.27195687841889,0.9185481509255339,0.82,0.2643,8.802076938348435,81.19792306165157,144.01708228488081,1.0115724101408694,5.668000519869931,951.1674743292583
2021-05-07,Khavda Renewable Energy Park,SIMULATED,SIMULATED_PVLIB,17306.39395064099,17306.39395064099,129797.95,129148.96,14215.36,82449.09,0.2704,0.7513,6.4899,10.86,100.0,1192.0689655172414,6.320548333333333,0.9141666666666667,48.941406355721995,0.9162050777549731,0.82,0.2704,8.564899302023903,81.4351006979761,143.06249822800777,1.010934823337902,5.667942528677166,948.7166263319821
2021-05-08,Khavda Renewable Energy Park,SIMULATED,SIMULATED_PVLIB,17532.316253104505,17532.316253104505,131492.37,130834.91,14176.31,82222.6,0.2739,0.7492,6.5746,11.43,100.0,1150.0,5.2776375,0.79125,49.66053402726857,0.91368813090456,0.82,0.2739,8.335365928398915,81.66463407160109,142.0600790976547,1.0103350095605446,5.667673550316552,946.5027460185859
2021-05-09,Khavda Renewable Energy Park,SIMULATED,SIMULATED_PVLIB,17143.858449990505,17143.858449990505,128578.94,127936.05,14274.42,82791.64,0.2679,0.7544,6.4289,12.0,100.0,1180.5172413793105,3.882819583333334,0.5670833333333334,47.853798939654375,0.9200117037112097,0.82,0.2679,8.113705742099512,81.88629425790049,141.0087313056593,1.0097718029032285,5.667201444839036,945.1374543500563
2021-05-10,Khavda Renewable Energy Park,SIMULATED,SIMULATED_PVLIB,19456.84408861845,19456.84408861845,145926.33,145196.7,14311.08,83004.26,0.304,0.7563,7.2963,4.0,100.0,1254.4827586206898,5.854148333333333,0.8045833333333333,47.17885257140401,0.922374016000086,0.82,0.304,7.900146292519096,82.0998537074809,139.90760416582611,1.0092440385153536,5.666534117140571,944.2813098297836
2021-05-11,Khavda Renewable Energy Park,SIMULATED,SIMULATED_PVLIB,17847.35539096155,17847.35539096155,133855.17,133185.89,14365.79,83321.58,0.2789,0.7592,6.6928,4.57,100.0,1253.2758620689656,6.439122500000001,0.8858333333333334,46.17139701913698,0.9259001104330206,0.82,0.2789,7.694912015562792,82.30508798443721,138.75613947079228,1.0087505539271473,5.66567950322102,942.5468829511099
2021-05-12,Khavda Renewable Energy Park,SIMULATED,SIMULATED_PVLIB,18669.915372370237,18669.915372370237,140024.37,139324.25,14433.09,83711.92,0.2917,0.7628,7.0012,5.14,100.0,1211.0344827586207,6.105026666666666,0.8691666666666666,44.93197986059653,0.9302380704879122,0.82,0.2917,7.498222075909467,82.50177792409053,137.5541256687701,1.0082901901562793,5.664645558028241,940.3357704725756
2021-05-13,Khavda Renewable Energy Park,SIMULATED,SIMULATED_PVLIB,17625.943111612454,17625.943111612454,132194.57,131533.6,14432.57,83708.91,0.2754,0.7628,6.6097,5.71,100.0,1264.8275862068965,6.785800000000001,0.925,44.941624658792804,0.9302043136942252,0.82,0.2754,7.31028780407091,82.68971219592909,136.30175540584275,1.0078617926987405,5.6634402442279175,939.2550367040817
2021-05-14,Khavda Renewable Energy Park,SIMULATED,SIMULATED_PVLIB,17615.962726303387,17615.962726303387,132119.72,131459.12,14286.38,82861.0,0.2752,0.755,6.606,6.29,100.0,1248.9655172413793,6.332463333333333,0.8741666666666666,47.63366718355204,0.9207821648575678,0.82,0.2752,7.131309757765393,82.8686902422346,134.99968432932383,1.0074642124947648,5.662071521317251,937.3659669626978
2021-05-15,Khavda Renewable Energy Park,SIMULATED,SIMULATED_PVLIB,18696.31813784855,18696.31813784855,140222.39,139521.28,13998.56,81191.65,0.2921,0.7398,7.0111,6.86,100.0,1259.6551724137933,5.1415975,0.70375,52.933866119135686,0.902231468583025,0.82,0.2921,6.96147443618645,83.03852556381355,133.6490879836818,1.0070963069061156,5.660547334853958,935.7970400250201
2021-05-16,Khavda Renewable Energy Park,SIMULATED,SIMULATED_PVLIB,17308.040350601997,17308.040350601997,129810.3,129161.25,13217.64,76662.31,0.2704,0.6986,6.4905,7.43,100.0,1186.2068965517242,2.6459333333333337,0.3845833333333334,57.74115464087172,0.8854059587569489,0.82,0.2704,6.800950703950562,83.19904929604944,132.2517129301316,1.0067569407502892,5.659237819405636,933.3115979066337
2021-05-17,Khavda Renewable Energy Park,SIMULATED,SIMULATED_PVLIB,4697.294883593731,4697.294883593731,35229.71,35053.56,3788.17,21971.39,0.0734,0.2002,1.7615,8.0,100.0,1055.5172413793105,0.7397416666666661,0.12083333333333324,51.38696942495246,0.9076456070126664,0.82,0.0734,6.6498860569143545,83.35011394308565,130.80991839387337,1.0064449875336674,5.658150243953564,930.225640523822
2021-05-18,Khavda Renewable Energy Park,SIMULATED,SIMULATED_PVLIB,1042.5066390267966,1042.5066390267966,7818.8,7779.71,866.8,5027.44,0.0163,0.0458,0.3909,8.57,100.0,702.9310344827586,0.16308000000000014,0.040000000000000036,41.549221069397774,0.9420777262571078,0.82,0.0163,6.508402931585962,83.49159706841404,129.32670556688055,1.0061593310871921,5.656930027225984,924.5543245939944
2021-05-19,Khavda Renewable Energy Park,SIMULATED,SIMULATED_PVLIB,5395.555831323419,5395.555831323419,40466.67,40264.34,4731.74,27444.09,0.0843,0.2501,2.0233,9.14,100.0,1142.9310344827586,0.9225358333333332,0.13916666666666666,50.975601811046765,0.9090853936613363,0.82,0.0843,6.376595245664035,83.62340475433597,127.805732311199,1.0058988676964045,5.655584939542091,928.1804793869095
2021-05-20,Khavda Renewable Energy Park,SIMULATED,SIMULATED_PVLIB,17416.41997724855,17416.41997724855,130623.15,129970.03,14235.46,82565.67,0.2721,0.7524,6.5312,9.71,100.0,1245.5172413793105,5.589569999999999,0.7737499999999999,48.57123566581081,0.9175006751696622,0.82,0.2721,6.254525235270037,83.74547476472996,126.25131098235988,1.0056625085294641,5.654122663750593,927.8717322358364
2021-05-21,Khavda Renewable Energy Park,SIMULATED,SIMULATED_PVLIB,18985.656313303392,18985.656313303392,142392.42,141680.46,14322.32,83069.46,0.2967,0.7569,7.1196,10.29,100.0,1243.2758620689656,5.366185833333334,0.7441666666666666,46.97173712360986,0.9230989200673655,0.82,0.2967,6.142220557658661,83.85777944234134,124.66838671233359,1.0054491819889635,5.652550776642815,926.3536345884536
2021-05-22,Khavda Renewable Energy Park,SIMULATED,SIMULATED_PVLIB,17790.277549229744,17790.277549229744,133427.08,132759.94,14300.76,82944.41,0.278,0.7558,6.6714,10.86,100.0,1218.9655172413793,5.891666666666667,0.8333333333333333,47.368845721970814,0.9217090399731022,0.82,0.278,6.03967159756327,83.96032840243673,123.06249467293412,1.0052578355969097,5.65087673365214,924.5969813179281
2021-05-23,Khavda Renewable Energy Park,SIMULATED,SIMULATED_PVLIB,17123.71539484796,17123.71539484796,128427.87,127785.73,14274.11,82789.84,0.2676,0.7544,6.4214,11.43,100.0,1172.7586206896551,5.9092375,0.86875,47.85953235129755,0.9199916367704586,0.82,0.2676,5.94682905675262,84.05317094324738,121.43969747004127,1.005087437327239,5.649107857403513,922.6053038927046
2021-05-24,Khavda Renewable Energy Park,SIMULATED,SIMULATED_PVLIB,16986.802776550758,16986.802776550758,127401.02,126764.01,14247.28,82634.22,0.2654,0.753,6.3701,12.0,97.0,1249.1379310344828,6.75294375,0.9320833333333334,48.35364124961325,0.9182622556263537,0.82,0.2654,5.8636020411683205,84.13639795883168,119.80650714210032,1.0049369765569323,5.647251328983436,922.0721720686261
2021-05-25,Khavda Renewable Energy Park,SIMULATED,SIMULATED_PVLIB,18125.243367652412,18125.243367652412,135939.33,135259.63,14379.18,83399.24,0.2832,0.7599,6.797,4.0,100.0,1236.896551724138,5.359575833333333,0.7470833333333333,45.92482171779171,0.926763123987729,0.82,0.2832,5.789856922812206,84.2101430771878,118.16979730919309,1.0048054649199503,5.6453141800534015,920.5254324096181
2021-05-26,Khavda Renewable Energy Park,SIMULATED,SIMULATED_PVLIB,18755.857943364652,18755.857943364652,140668.93,139965.59,14396.0,83496.8,0.2931,0.7608,7.0334,4.57,100.0,1227.4137931034484,5.096017499999999,0.7158333333333333,45.61491902815893,0.9278477834014438,0.82,0.2931,5.7254171422067515,84.27458285779325,116.53670897223691,1.0046919371701724,5.643303285099566,919.0366310007894
2021-05-27,Khavda Renewable Energy Park,SIMULATED,SIMULATED_PVLIB,18745.660996415438,18745.660996415438,140592.46,139889.5,14303.06,82957.75,0.2929,0.7559,7.0296,5.14,100.0,1261.3793103448277,5.02975,0.6875,47.326521827471566,0.9218571736038496,0.82,0.2929,5.6700639009212495,84.32993609907875,114.91454974675202,1.0045954518459803,5.641225355173622,918.0836244412977
2021-05-28,Khavda Renewable Energy Park,SIMULATED,SIMULATED_PVLIB,18488.093842584545,18488.093842584545,138660.7,137967.4,14271.24,82773.19,0.2889,0.7542,6.933,5.71,100.0,1241.0344827586207,6.070313333333334,0.8433333333333334,47.91238315730748,0.9198066589494238,0.82,0.2889,5.623537562564962,84.37646243743504,113.31068388670258,1.0045150914045196,5.639086935297691,916.5228021251219
2021-05-29,Khavda Renewable Energy Park,SIMULATED,SIMULATED_PVLIB,18903.502348534847,18903.502348534847,141776.27,141067.39,14303.62,82961.0,0.2954,0.756,7.0888,6.29,100.0,1219.6551724137933,5.143387499999999,0.7270833333333333,47.316248380233745,0.9218931306691819,0.82,0.2954,5.58553956646081,84.41446043353919,111.73241202923612,1.0044499615722366,5.636894407186096,914.9793765175266
2021-05-30,Khavda Renewable Energy Park,SIMULATED,SIMULATED_PVLIB,18648.106648866382,18648.106648866382,139860.8,139161.5,14385.01,83433.06,0.2914,0.7603,6.993,6.86,100.0,1230.8620689655172,3.7717716666666674,0.5283333333333334,45.817347314457265,0.9271392843993995,0.82,0.2914,5.555734823999501,84.4442651760005,110.1868441069874,1.0043991900195137,5.634653996559234,913.8483465065668
2021-05-31,Khavda Renewable Energy Park,SIMULATED,SIMULATED_PVLIB,18759.587943551734,18759.587943551734,140696.91,139993.43,14421.73,83646.03,0.2931,0.7622,7.0348,7.43,100.0,1232.5862068965519,5.98133,0.8366666666666667,45.14124666837293,0.9295056366606947,0.82,0.2931,5.533754746010686,84.46624525398931,108.68077360475974,1.0043619248144549,5.632371782043715,912.6382440849372
2021-06-01,Khavda Renewable Energy Park,SIMULATED,SIMULATED_PVLIB,19099.349891053673,19099.349891053673,143245.12,142528.89,14387.27,83446.17,0.2984,0.7604,7.1623,1.6,100.0,1232.4137931034484,4.988708333333333,0.6979166666666667,45.77577048408439,0.9272848033057046,0.82,0.2984,5.519201117962552,84.48079888203745,107.22056319125687,1.0043373332557177,5.63005370170724,911.4391086789958
2021-06-02,Khavda Renewable Energy Park,SIMULATED,SIMULATED_PVLIB,19873.316759604662,19873.316759604662,149049.88,148304.63,14293.2,82900.56,0.3105,0.7554,7.4525,1.71,100.0,1225.0,5.586306250000001,0.78625,47.50800434347618,0.9212219847978333,0.82,0.3105,5.511650935983866,84.48834906401613,105.81204995326027,1.004324601541193,5.62770555422661,910.1895032486552
2021-06-03,Khavda Renewable Energy Park,SIMULATED,SIMULATED_PVLIB,20000.0,20000.0,150000.0,149250.0,14273.32,82785.26,0.3125,0.7544,7.5,1.83,100.0,1137.2413793103449,4.4468033333333326,0.6741666666666666,47.87421248737588,0.9199402562941844,0.82,0.3125,5.510662098546163,84.48933790145384,104.46047455619276,1.004322935399615,5.625332993860802,908.034397211349
2021-06-04,Khavda Renewable Energy Park,SIMULATED,SIMULATED_PVLIB,18744.856254268012,18744.856254268012,140586.42,139883.49,14292.98,82899.28,0.2929,0.7554,7.0293,1.94,100.0,1044.1379310344828,4.491533333333334,0.7416666666666667,47.51215174935591,0.9212074688772544,0.82,0.2929,5.5157796197648,84.4842203802352,103.17043504058574,1.004331561455617,5.622941520745963,905.8532393076746
2021-06-05,Khavda Renewable Energy Park,SIMULATED,SIMULATED_PVLIB,18631.783549273936,18631.783549273936,139738.38,139039.69,14187.19,82285.7,0.2911,0.7498,6.9869,2.06,100.0,1164.3103448275863,6.066445,0.8983333333333333,49.460186363996364,0.9143893477260128,0.82,0.2911,5.52654195209476,84.47345804790524,101.94586376894989,1.0043497289681673,5.620536468883465,906.2074561091384
2021-06-06,Khavda Renewable Energy Park,SIMULATED,SIMULATED_PVLIB,19861.903163711457,19861.903163711457,148964.27,148219.45,14170.44,82188.55,0.3103,0.7489,7.4482,2.17,100.0,1150.8620689655172,5.904593749999999,0.8845833333333333,49.76859697144315,0.9133099105999489,0.82,0.3103,5.542487021516024,84.45751297848398,100.79002537602344,1.0043767115738447,5.618122994241704,905.0353623835107
2021-06-07,Khavda Renewable Energy Park,SIMULATED,SIMULATED_PVLIB,19085.714562769783,19085.714562769783,143142.86,142427.15,14260.77,82712.47,0.2982,0.7537,7.1571,2.29,100.0,1192.2413793103449,6.24655,0.9033333333333333,48.105316019928814,0.9191313939302491,0.82,0.2982,5.563157728524757,84.43684227147524,99.70553323058272,1.004411808858071,5.615706064128472,904.5449345291686
2021-06-08,Khavda Renewable Energy Park,SIMULATED,SIMULATED_PVLIB,20000.0,20000.0,150000.0,149250.0,14424.44,83661.75,0.3125,0.7623,7.5,2.4,100.0,1106.7241379310344,4.498649166666667,0.7008333333333333,45.091265702746206,0.9296805700403883,0.82,0.3125,5.588106762574014,84.41189323742599,98.69438161442974,1.0044543476629577,5.613290448424895,902.6088196508294
2021-06-09,Khavda Renewable Energy Park,SIMULATED,SIMULATED_PVLIB,19498.104749167163,19498.104749167163,146235.79,145504.61,14460.3,83869.74,0.3047,0.7642,7.3118,0.8,100.0,1139.4827586206898,4.273820000000001,0.6466666666666667,44.43088910906098,0.9319918881182866,0.82,0.3047,5.616900668864858,84.38309933113514,97.75799026385738,1.0045036831216025,5.610880712736755,902.0992289509359
2021-06-10,Khavda Renewable Energy Park,SIMULATED,SIMULATED_PVLIB,20000.0,20000.0,150000.0,149250.0,14409.99,83577.94,0.3125,0.7616,7.5,0.91,100.0,1182.4137931034484,5.05206,0.7366666666666667,45.357439229914306,0.9287489626952999,0.82,0.3125,5.649123151589947,84.35087684841005,96.89725755340771,1.004559199420287,5.6084812134410065,901.7509273738631
2021-06-11,Khavda Renewable Energy Park,SIMULATED,SIMULATED_PVLIB,19522.41872498021,19522.41872498021,146418.14,145686.05,14406.92,83560.14,0.305,0.7614,7.3209,1.03,99.0,1192.7586206896551,4.606235,0.6658333333333333,45.413904522809524,0.9285513341701667,0.82,0.305,5.6843777003063,84.3156222996937,96.11261846623916,1.004620310413499,5.606096093796082,901.0639209110966
2021-06-12,Khavda Renewable Energy Park,SIMULATED,SIMULATED_PVLIB,19986.484355614557,19986.484355614557,149898.63,149149.14,14563.62,84469.0,0.3123,0.7697,7.4949,1.14,100.0,982.7586206896552,3.3748750000000007,0.5920833333333334,42.528399195771954,0.9386506028147982,0.82,0.3123,5.722289681403879,84.27771031859612,95.40410384274401,1.0046864602780712,5.603729279885024,897.8399973058758
2021-06-13,Khavda Renewable Energy Park,SIMULATED,SIMULATED_PVLIB,20000.0,20000.0,150000.0,149250.0,14549.1,84384.78,0.3125,0.7689,7.5,1.26,100.0,937.4137931034483,3.1647870833333345,0.5820833333333335,42.79574986638726,0.9377148754676445,0.82,0.3125,5.762508082932015,84.23749191706798,94.7713980493516,1.0047571244566231,5.6013844747460055,896.5887742230751
2021-06-14,Khavda Renewable Energy Park,SIMULATED,SIMULATED_PVLIB,19372.295865189015,19372.295865189015,145292.22,144565.76,14414.84,83606.07,0.3027,0.7618,7.2646,1.37,100.0,856.2068965517242,2.7230233333333342,0.5483333333333335,42.63829800256526,0.9382659569910216,0.82,0.3027,5.804707063176764,84.19529293682324,94.21389319944615,1.0048318110719467,5.599065149497898,894.9625185459574
2021-06-15,Khavda Renewable Energy Park,SIMULATED,SIMULATED_PVLIB,19140.6088212395,19140.6088212395,143554.57,142836.8,14514.0,84181.2,0.2991,0.7671,7.1777,1.49,100.0,945.1724137931035,3.012815833333334,0.5495833333333334,43.44213686102381,0.9354525209864166,0.82,0.2991,5.848587362290658,84.15141263770934,93.73073907569574,1.00491006283553,5.596774531307381,895.3747854115265
2021-06-16,Khavda Renewable Energy Park,SIMULATED,SIMULATED_PVLIB,16244.049573476836,16244.049573476836,121830.37,121221.22,12147.18,70453.64,0.2538,0.642,6.0915,1.6,100.0,764.4827586206897,2.2853575,0.5154166666666666,41.54796121061694,0.9420821357628407,0.82,0.2538,5.893877595509352,84.10612240449065,93.32088843221823,1.0049914594009701,5.592728597480162,892.4077230379849
2021-06-17,Khavda Renewable Energy Park,SIMULATED,SIMULATED_PVLIB,19508.26061647772,19508.26061647772,146311.95,145580.39,14215.65,82450.77,0.3048,0.7513,7.3156,1.71,100.0,1050.344827586207,4.85837,0.7975,48.93612246562165,0.9162235713703242,0.82,0.3048,5.940335385673521,84.05966461432648,92.98313727391246,1.0050756200025377,5.588718724758782,894.9517330676788
2021-06-18,Khavda Renewable Energy Park,SIMULATED,SIMULATED_PVLIB,17910.46998539918,17910.46998539918,134328.52,133656.88,14326.4,83093.12,0.2799,0.7572,6.7164,1.83,97.0,944.1379310344828,3.6985816666666667,0.6754166666666667,46.896634295897854,0.9233617799643575,0.82,0.2799,5.987748267578624,84.01225173242138,92.7161592904913,1.0051622061684413,5.584747265041398,892.9513516830293
2021-06-19,Khavda Renewable Energy Park,SIMULATED,SIMULATED_PVLIB,7502.922506428013,7502.922506428013,56271.92,55990.56,5450.25,31611.45,0.1172,0.288,2.8136,1.94,100.0,671.3793103448276,1.0189300000000001,0.2616666666666667,39.837673919870284,0.948068141280454,0.82,0.1172,6.035934233169783,83.96406576683022,92.5185338127244,1.005250924175106,5.580816261727535,889.0479548878691
2021-06-20,Khavda Renewable Energy Park,SIMULATED,SIMULATED_PVLIB,7802.355194312617,7802.355194312617,58517.66,58225.07,5877.9,34091.82,0.1219,0.3106,2.9259,2.06,100.0,747.4137931034483,1.0981999999999998,0.2533333333333333,39.67007586327669,0.9486547344785315,0.82,0.1219,6.084741722562214,83.91525827743779,92.38876801039083,1.0053415267774612,5.576927439199957,889.2771672001294
2021-06-21,Khavda Renewable Energy Park,SIMULATED,SIMULATED_PVLIB,20000.0,20000.0,150000.0,149250.0,14624.52,84822.22,0.3125,0.7729,7.5,2.17,100.0,875.5172413793103,2.8098266666666674,0.5533333333333335,41.40676413623612,0.9425763255231736,0.82,0.3125,6.134048928779251,83.86595107122075,92.32531594866549,1.0054338138498817,5.573082199423516,890.1639685858604
2021-06-22,Khavda Renewable Energy Park,SIMULATED,SIMULATED_PVLIB,17151.979314526274,17151.979314526274,128639.84,127996.64,14450.95,83815.51,0.268,0.7637,6.432,2.29,95.0,1028.7931034482758,4.30867125,0.7220833333333333,44.603151426906976,0.9313889700058255,0.82,0.268,6.183762412804356,83.81623758719564,92.3265980392755,1.0055276318065545,5.569281626488028,891.3933569746881
2021-06-23,Khavda Renewable Energy Park,SIMULATED,SIMULATED_PVLIB,18814.27053807805,18814.27053807805,141107.03,140401.49,14331.8,83124.44,0.294,0.7574,7.0554,2.4,100.0,1177.4137931034484,5.30101125,0.77625,46.797221737194285,0.92370972391982,0.82,0.294,6.233815247172487,83.76618475282751,92.39102291219177,1.0056228721008909,5.565526497116089,892.6159360292552
2021-06-24,Khavda Renewable Energy Park,SIMULATED,SIMULATED_PVLIB,17405.66554538809,17405.66554538809,130542.49,129889.78,13415.88,77812.1,0.272,0.709,6.5271,0.8,100.0,906.3793103448276,2.5277408333333335,0.48083333333333345,41.94095003836455,0.9407066748657241,0.82,0.272,6.284164983622048,83.71583501637795,92.51701023500954,1.0057194692885412,5.561817293961791,888.9712964280171
2021-06-25,Khavda Renewable Energy Park,SIMULATED,SIMULATED_PVLIB,19359.576930774812,19359.576930774812,145196.83,144470.85,14543.79,84353.98,0.3025,0.7686,7.2598,0.91,100.0,1063.6206896551726,3.33126,0.54,42.893484204984915,0.9373728052825527,0.82,0.3025,6.334791688538104,83.6652083114619,92.70300970693484,1.0058173990840888,5.558154218892729,890.3898346020319
2021-06-26,Khavda Renewable Energy Park,SIMULATED,SIMULATED_PVLIB,18372.39393149605,18372.39393149605,137792.95,137103.99,13376.22,77582.08,0.2871,0.7069,6.8896,1.03,100.0,886.0344827586207,2.5138275,0.48916666666666664,41.252438683051864,0.9431164646093185,0.82,0.2871,6.385696114037032,83.61430388596297,92.94751099029503,1.0059166765361507,5.5545372054439,887.9342363814682
2021-06-27,Khavda Renewable Energy Park,SIMULATED,SIMULATED_PVLIB,19428.74081237836,19428.74081237836,145715.56,144986.98,14344.0,83195.2,0.3036,0.7581,7.2858,1.14,100.0,1139.655172413793,5.673583333333334,0.8583333333333334,46.57254489345918,0.9244960928728929,0.82,0.3036,6.436897922519194,83.5631020774808,93.2490424481411,1.0060173541649597,5.550965931460451,890.5756912656531
2021-06-28,Khavda Renewable Energy Park,SIMULATED,SIMULATED_PVLIB,19334.677705545022,19334.677705545022,145010.08,144285.03,14323.11,83074.04,0.3021,0.757,7.2505,1.26,100.0,1181.0344827586207,3.610520833333333,0.5270833333333333,46.957225267295655,0.9231497115644652,0.82,0.3021,6.488433914885704,83.5115660851143,93.60616123298536,1.0061195199656991,5.547439832559197,890.7781547501179
2021-06-29,Khavda Renewable Energy Park,SIMULATED,SIMULATED_PVLIB,19430.932672779218,19430.932672779218,145732.0,145003.34,14370.18,83347.04,0.3036,0.7595,7.2866,1.37,100.0,1102.4137931034484,4.113473333333333,0.6433333333333333,46.090494721283775,0.9261832684755068,0.82,0.3036,6.5403563126184,83.4596436873816,94.01744037516312,1.0062232953788381,5.543958115751411,889.6215873992169
2021-06-30,Khavda Renewable Energy Park,SIMULATED,SIMULATED_PVLIB,19840.90610437863,19840.90610437863,148806.8,148062.77,14531.58,84283.16,0.31,0.768,7.4403,1.49,100.0,1065.0,2.7667812499999997,0.44791666666666663,43.1183887171713,0.9365856394899005,0.82,0.31,6.592731266780234,83.40726873321977,94.48145804991191,1.0063288335862943,5.540519770898827,888.993593966748
2021-07-01,Khavda Renewable Energy Park,SIMULATED,SIMULATED_PVLIB,18166.856887379872,18166.856887379872,136251.43,135570.17,13820.38,80158.2,0.2839,0.7304,6.8126,1.6,100.0,1003.2758620689656,2.5943041666666673,0.4458333333333334,40.9413030825308,0.9442054392111422,0.82,0.2839,6.645637751894483,83.35436224810552,94.99679101303707,1.0064363184860015,5.537123577722234,888.1264451079273
2021-07-02,Khavda Renewable Energy Park,SIMULATED,SIMULATED_PVLIB,20000.0,20000.0,150000.0,149250.0,14634.02,84877.32,0.3125,0.7734,7.5,1.71,100.0,1032.2413793103449,2.8113954166666675,0.46958333333333346,41.23189848829418,0.9431883552909703,0.82,0.3125,6.6991668589557065,83.3008331410443,95.56201094244415,1.0065459644247878,5.533768107858009,888.3664961536957
2021-07-03,Khavda Renewable Energy Park,SIMULATED,SIMULATED_PVLIB,18059.8311742101,18059.8311742101,135448.73,134771.49,13093.98,75945.08,0.2822,0.692,6.7724,1.83,100.0,1007.0689655172414,2.47025625,0.4229166666666666,42.285419403418075,0.9395010320880367,0.82,0.2822,6.753421381531155,83.24657861846885,96.17568121687998,1.0066580165243528,5.53045172304952,888.0170775438035
2021-07-04,Khavda Renewable Energy Park,SIMULATED,SIMULATED_PVLIB,19834.28306737866,19834.28306737866,148757.12,148013.33,14515.83,84191.81,0.3099,0.7672,7.4379,1.94,100.0,1018.448275862069,2.9067362500000007,0.49208333333333343,43.40844377383829,0.935570446791566,0.82,0.3099,6.808515501105518,83.19148449889448,96.83635268288344,1.0067727512397369,5.527172571824681,888.1397389519911
2021-07-05,Khavda Renewable Energy Park,SIMULATED,SIMULATED_PVLIB,19902.725298808233,19902.725298808233,149270.44,148524.09,14509.12,84152.9,0.311,0.7668,7.4635,2.06,100.0,976.2068965517242,3.7982583333333335,0.6708333333333334,43.531985281238924,0.9351380515156638,0.82,0.311,6.8645744168652385,83.13542558313476,97.54255854577013,1.0068904768474871,5.523928586630033,887.6778115397328
2021-07-06,Khavda Renewable Energy Park,SIMULATED,SIMULATED_PVLIB,19797.020904864956,19797.020904864956,148477.66,147735.27,14560.68,84451.94,0.3093,0.7695,7.4239,2.17,100.0,888.9655172413793,2.829355,0.5487500000000001,42.582537105190426,0.9384611201318335,0.82,0.3093,6.9217338261097865,83.07826617389021,98.29280924191028,1.007011533669788,5.520717482680126,886.7315968439599
2021-07-07,Khavda Renewable Energy Park,SIMULATED,SIMULATED_PVLIB,20000.0,20000.0,150000.0,149250.0,14544.81,84359.9,0.3125,0.7687,7.5,2.29,100.0,1014.8275862068966,3.5438625000000004,0.6020833333333334,42.87470385635776,0.9374385365027478,0.82,0.3125,6.980139204276256,83.01986079572374,99.08558784778904,1.007136293918964,5.517536759271965,888.3231731669769
2021-07-08,Khavda Renewable Energy Park,SIMULATED,SIMULATED_PVLIB,5832.515437254842,5832.515437254842,43743.87,43525.15,4349.45,25226.81,0.0911,0.2299,2.1872,2.4,100.0,713.6206896551724,0.8071049999999999,0.19499999999999995,37.814008346585,0.9551509707869525,0.82,0.0911,7.039944893509457,82.96005510649054,99.91934604590858,1.0072651611673804,5.5143837035316166,884.9543908663697
2021-07-09,Khavda Renewable Energy Park,SIMULATED,SIMULATED_PVLIB,9556.95368031225,9556.95368031225,71677.15,71318.76,7058.62,40940.0,0.1493,0.3731,3.5839,0.8,100.0,718.6206896551724,1.3146566666666668,0.3154166666666667,38.81588344638047,0.9516444079376684,0.82,0.1493,7.101313071036017,82.89868692896398,100.79250058977675,1.0073985695823289,5.511255395689396,885.2122311685223
2021-07-10,Khavda Renewable Energy Park,SIMULATED,SIMULATED_PVLIB,19287.91297963489,19287.91297963489,144659.35,143936.05,14457.62,83854.2,0.3014,0.7641,7.233,0.91,100.0,970.344827586207,2.89842,0.515,44.48031505169814,0.9318188973190565,0.82,0.3014,7.1644127164775995,82.8355872835224,101.70343041853744,1.0075369831784444,5.508148714251145,888.3992175425898
2021-07-11,Khavda Renewable Energy Park,SIMULATED,SIMULATED_PVLIB,2168.0590268843976,2168.0590268843976,16260.44,16179.14,1641.03,9517.97,0.0339,0.0867,0.813,1.03,100.0,1022.7586206896552,0.3139016666666677,0.052916666666666834,45.97329860269963,0.9265934548905513,0.82,0.0339,7.22941873921549,82.77058126078451,102.65047441903425,1.007680895449343,5.5050603387312504,889.2907194633436
2021-07-12,Khavda Renewable Energy Park,SIMULATED,SIMULATED_PVLIB,205.76533416439867,205.76533416439867,1543.24,1535.52,156.96,910.37,0.0032,0.0083,0.0772,1.14,100.0,579.4827586206897,0.029408750000000122,0.008750000000000036,40.44061452616219,0.9459578491584323,0.82,0.0032,7.296511352187139,82.70348864781286,103.631929403144,1.007830829597316,5.501986748543532,884.4147540345358
2021-07-13,Khavda Renewable Energy Park,SIMULATED,SIMULATED_PVLIB,2764.2135339556476,2764.2135339556476,20731.6,20627.94,2087.83,12109.41,0.0432,0.1103,1.0366,1.26,100.0,888.9655172413793,0.4038866666666657,0.07833333333333314,48.935001556268276,0.9162274945530611,0.82,0.0432,7.365875699757524,82.63412430024248,104.64604753971923,1.0079873394171925,5.498924217702534,888.3915840534771
2021-07-14,Khavda Renewable Energy Park,SIMULATED,SIMULATED_PVLIB,9881.589237928463,9881.589237928463,74111.92,73741.36,7288.5,42273.3,0.1544,0.3852,3.7056,1.37,100.0,906.551724137931,1.4021333333333337,0.2666666666666667,47.47644727324736,0.9213324345436342,0.82,0.1544,7.437701670358393,82.5622983296416,105.6910327872688,1.0081510107188134,5.495868806099745,888.9856844647585
2021-07-15,Khavda Renewable Energy Park,SIMULATED,SIMULATED_PVLIB,4966.265443038062,4966.265443038062,37246.99,37060.76,3623.17,21014.39,0.0776,0.1915,1.8623,1.49,100.0,890.5172413793103,0.6994270833333337,0.13541666666666674,48.38534533274425,0.9181512913353951,0.82,0.0776,7.51218377631325,82.48781622368675,106.76503661785517,1.0083224630522245,5.492816348896115,889.2207929462152
2021-07-16,Khavda Renewable Energy Park,SIMULATED,SIMULATED_PVLIB,15416.373353898576,15416.373353898576,115622.8,115044.69,11355.69,65863.0,0.2409,0.6002,5.7811,1.6,100.0,875.344827586207,2.21484125,0.43625,51.074990279038445,0.9087375340233654,0.82,0.2409,7.589520991874224,82.41047900812578,107.86615377753532,1.0085023515007028,5.490994537812449,889.6902105350058
2021-07-17,Khavda Renewable Energy Park,SIMULATED,SIMULATED_PVLIB,17877.0153223165,17877.0153223165,134077.61,133407.22,13514.1,78381.78,0.2793,0.7142,6.7039,1.71,100.0,917.7586206896552,2.5971804166666668,0.48791666666666667,47.21189583545589,0.9222583645759044,0.82,0.2793,7.669916391298642,82.33008360870136,108.9924189751323,1.008691368169828,5.490398188958639,891.0585221414401
2021-07-18,Khavda Renewable Energy Park,SIMULATED,SIMULATED_PVLIB,4596.8313997185,4596.8313997185,34476.24,34303.86,3483.93,20206.79,0.0718,0.1841,1.7238,1.83,95.0,821.3793103448276,0.649095,0.13624999999999998,38.90735571155764,0.9513242550095482,0.82,0.0718,7.7535764332434525,82.24642356675655,110.141805401743,1.0088902429765987,5.489790182982727,890.8345954232439
2021-07-19,Khavda Renewable Energy Park,SIMULATED,SIMULATED_PVLIB,2875.818384593062,2875.818384593062,21568.64,21460.8,2082.79,12080.18,0.0449,0.1101,1.0784,1.94,100.0,788.9655172413793,0.3851466666666674,0.08416666666666683,36.86008827750979,0.9584896910287157,0.82,0.0449,7.840709783529121,82.15929021647088,111.31222639353837,1.0090997434127262,5.489165433693347,891.3918703639133
2021-07-20,Khavda Renewable Energy Park,SIMULATED,SIMULATED_PVLIB,6616.109981449007,6616.109981449007,49620.82,49372.72,4927.28,28578.22,0.1034,0.2604,2.481,2.06,100.0,764.1379310344828,0.9104066666666668,0.2054166666666667,36.638125484331816,0.9592665608048386,0.82,0.1034,7.93152572567125,82.06847427432875,112.50154183851254,1.0093206733034863,5.4885186156483226,892.0688304512488
2021-07-21,Khavda Renewable Energy Park,SIMULATED,SIMULATED_PVLIB,14019.105031072357,14019.105031072357,105143.29,104617.57,10610.55,61541.19,0.219,0.5608,5.2572,2.17,100.0,838.448275862069,1.9654625000000001,0.4041666666666667,37.33054351840503,0.9568430976855824,0.82,0.219,8.026232359154648,81.97376764084535,113.7075702914006,1.00955387094968,5.487844177178657,893.9364077965638
2021-07-22,Khavda Renewable Energy Park,SIMULATED,SIMULATED_PVLIB,12202.160540810923,12202.160540810923,91516.2,91058.62,8918.33,51726.31,0.1907,0.4713,4.5758,2.29,100.0,753.7931034482759,1.6577166666666665,0.37916666666666665,38.27304376152622,0.9535443468346583,0.82,0.1907,8.125034819885798,81.8749651801142,114.92810583767437,1.00980020715746,5.487136354246473,893.9704976834739
2021-07-23,Khavda Renewable Energy Park,SIMULATED,SIMULATED_PVLIB,5288.682833252117,5288.682833252117,39665.12,39466.79,3911.54,22686.93,0.0826,0.2067,1.9833,2.4,100.0,819.3103448275863,0.7345799999999998,0.1545833333333333,41.059505761278444,0.9437917298355254,0.82,0.0826,8.22813362774589,81.77186637225411,116.16093656279338,1.0100605833790604,5.486389183705886,895.7902259224323
2021-07-24,Khavda Renewable Energy Park,SIMULATED,SIMULATED_PVLIB,58.953761719646025,58.953761719646025,442.15,439.94,45.1,261.58,0.0009,0.0024,0.0221,0.8,100.0,340.6896551724138,0.008233333333333743,0.004166666666666874,33.314971433394824,0.9708975999831181,0.82,0.0009,8.335723059508126,81.66427694049187,117.40386082263205,1.010335929678162,5.485596517821182,891.2627817451554
2021-07-25,Khavda Renewable Energy Park,SIMULATED,SIMULATED_PVLIB,318.61548185573577,318.61548185573577,2389.62,2377.67,233.9,1356.62,0.005,0.0124,0.1195,0.91,100.0,689.8275862068966,0.04334416666666589,0.01083333333333314,37.43702508637128,0.9564704121977006,0.82,0.005,8.447989358820195,81.5520106411798,118.65469915363826,1.0106272019771938,5.48475204354217,896.4537687275981
2021-07-26,Khavda Renewable Energy Park,SIMULATED,SIMULATED_PVLIB,846.5374838839984,846.5374838839984,6349.03,6317.28,616.07,3573.21,0.0132,0.0326,0.3175,1.03,100.0,431.0344827586207,0.1125000000000001,0.04500000000000004,33.39831950805511,0.9706058817218071,0.82,0.0132,8.56510873596541,81.43489126403459,119.91130249353188,1.0109353783562536,5.483849308010715,894.547646299882
2021-07-27,Khavda Renewable Energy Park,SIMULATED,SIMULATED_PVLIB,63.999811237143824,63.999811237143824,480.0,477.6,48.3,280.14,0.001,0.0026,0.024,1.14,100.0,737.9310344827586,0.008916666666665685,0.002083333333333104,36.403493231880695,0.9600877736884176,0.82,0.001,8.687245325356102,81.3127546746439,121.17155951629371,1.0112614547243794,5.482881748215908,899.2878557785243
2021-07-28,Khavda Renewable Energy Park,SIMULATED,SIMULATED_PVLIB,325.39356240338356,325.39356240338356,2440.45,2428.25,237.86,1379.59,0.0051,0.0126,0.122,1.26,100.0,389.3103448275862,0.043278333333333835,0.019166666666666887,32.38555868734776,0.9741505445942829,0.82,0.0051,8.814549452354797,81.1854505476452,122.43340555589214,1.0116064407247953,5.481842719237359,896.3707244514969
2021-07-29,Khavda Renewable Energy Park,SIMULATED,SIMULATED_PVLIB,1873.4002905687278,1873.4002905687278,14050.5,13980.25,1441.79,8362.38,0.0293,0.0762,0.7025,1.37,100.0,753.2758620689656,0.2657808333333327,0.060833333333333184,36.002927444020976,0.9614897539459266,0.82,0.0293,8.94715648881916,81.05284351118084,123.6948336897944,1.0119713566483315,5.480725516095549,901.817330015823
2021-07-30,Khavda Renewable Energy Park,SIMULATED,SIMULATED_PVLIB,5408.732736338422,5408.732736338422,40565.5,40362.67,3831.95,22225.31,0.0845,0.2025,2.0283,1.49,100.0,751.8965517241379,0.7068454166666662,0.16208333333333325,36.181320152798875,0.9608653794652039,0.82,0.0845,9.085186362068441,80.91481363793156,124.95390662864196,1.0123572316350344,5.479523387424441,903.0019271394212
2021-07-31,Khavda Renewable Energy Park,SIMULATED,SIMULATED_PVLIB,1456.0414787220973,1456.0414787220973,10920.31,10865.71,1035.4,6005.32,0.0228,0.0547,0.546,1.6,100.0,655.3448275862069,0.19005000000000016,0.050000000000000044,34.821636805437315,0.9656242711809694,0.82,0.0228,9.228743575784264,80.77125642421574,126.20876756880529,1.012765102905251,5.4782295426529135,903.0870965404265
2021-08-01,Khavda Renewable Energy Park,SIMULATED,SIMULATED_PVLIB,668.2585494499588,668.2585494499588,5011.94,4986.88,497.33,2884.51,0.0104,0.0263,0.2506,1.71,100.0,662.7586206896552,0.09129500000000018,0.02375000000000005,34.84625219576495,0.9655381173148226,0.82,0.0104,9.377917519145925,80.62208248085408,127.45764907544873,1.0131960155012816,5.476837156049419,904.4034746452811
2021-08-02,Khavda Renewable Energy Park,SIMULATED,SIMULATED_PVLIB,4125.628287120351,4125.628287120351,30942.21,30787.5,3017.78,17503.12,0.0645,0.1595,1.5471,1.83,100.0,726.0344827586207,0.5562029166666667,0.13208333333333333,35.95417525186791,0.9616603866184623,0.82,0.0645,9.532782886669892,80.46721711333011,128.69888016727305,1.0136510220962414,5.4753393704872915,906.3861029332684
2021-08-03,Khavda Renewable Energy Park,SIMULATED,SIMULATED_PVLIB,302.5445853585115,302.5445853585115,2269.08,2257.73,241.43,1400.29,0.0047,0.0128,0.1135,1.94,100.0,257.9310344827586,0.043633333333333676,0.029166666666666896,30.509969628773668,0.9807151062992921,0.82,0.0047,9.693400111616612,80.30659988838339,129.93089213691343,1.0141311826128936,5.4737293025822344,902.1558749778503
2021-08-04,Khavda Renewable Energy Park,SIMULATED,SIMULATED_PVLIB,5647.405225521359,5647.405225521359,42355.54,42143.76,4336.13,25149.55,0.0882,0.2292,2.1178,2.06,100.0,814.4827586206897,0.8050483333333334,0.17041666666666666,37.95513447403239,0.9546570293408866,0.82,0.0882,9.859815752294068,80.14018424770593,131.15222339455624,1.0146375634735982,5.472000050341522,909.9346986055957
2021-08-05,Khavda Renewable Energy Park,SIMULATED,SIMULATED_PVLIB,6867.690617660266,6867.690617660266,51507.68,51250.14,5141.41,29820.18,0.1073,0.2717,2.5754,2.17,100.0,823.7931034482759,0.9595816666666664,0.2008333333333333,39.38332814752776,0.9496583514836529,0.82,0.1073,10.032062813479953,79.96793718652005,132.36152324740465,1.0151712364124088,5.470144703752139,911.311617833737
2021-08-06,Khavda Renewable Energy Park,SIMULATED,SIMULATED_PVLIB,1826.8638706337135,1826.8638706337135,13701.48,13632.97,1402.29,8133.28,0.0285,0.0741,0.6851,2.29,100.0,933.6206896551724,0.2639812499999998,0.04874999999999996,41.70641753844606,0.9415275386154388,0.82,0.0285,10.210161036038144,79.78983896396186,133.55755459915565,1.0157332769334486,5.468156357749534,913.8712130836436
2021-08-07,Khavda Renewable Energy Park,SIMULATED,SIMULATED_PVLIB,19851.123884243556,19851.123884243556,148883.43,148139.01,14455.0,83839.0,0.3102,0.764,7.4442,2.4,100.0,1010.5172413793103,3.04772,0.52,44.52848284511923,0.9316503100420827,0.82,0.3102,10.394117284804707,79.60588271519529,134.7391955370819,1.016324762828665,5.466028124906494,916.0489273540371
2021-08-08,Khavda Renewable Energy Park,SIMULATED,SIMULATED_PVLIB,20000.0,20000.0,150000.0,149250.0,14449.24,83805.59,0.3125,0.7636,7.5,0.8,100.0,1038.448275862069,3.5485508333333327,0.5891666666666666,44.63451794635144,0.9312791871877699,0.82,0.3125,10.583926167847252,79.41607383215275,135.9054396768845,1.0169467732430941,5.46375314471871,917.6552886675244
2021-08-09,Khavda Renewable Energy Park,SIMULATED,SIMULATED_PVLIB,16885.18419062725,16885.18419062725,126638.88,126005.69,13498.03,78288.57,0.2638,0.7134,6.3319,0.91,95.0,949.3103448275863,2.551113333333334,0.4633333333333334,42.77269273327995,0.9377955754335202,0.82,0.2638,10.77957095168091,79.22042904831909,137.0553946639916,1.0176003886209615,5.461324587374609,917.8910102459561
2021-08-10,Khavda Renewable Energy Park,SIMULATED,SIMULATED_PVLIB,11658.297760077006,11658.297760077006,87437.23,87000.04,8771.39,50874.06,0.1822,0.4636,4.3719,1.03,100.0,930.344827586207,1.6480283333333334,0.30541666666666667,41.18688507962607,0.9433459022213088,0.82,0.1822,10.981024704413912,79.01897529558609,138.1882780904383,1.0182866914595292,5.458735652507343,918.9472763807697
2021-08-11,Khavda Renewable Energy Park,SIMULATED,SIMULATED_PVLIB,13060.499497568175,13060.499497568175,97953.75,97463.98,9523.29,55235.08,0.2041,0.5033,4.8977,1.14,100.0,819.4827586206897,1.7724729166666668,0.3729166666666667,38.62777895666815,0.9523027736516615,0.82,0.2041,11.188251507045237,78.81174849295476,139.3034106053368,1.019006767457095,5.455979565596734,918.9243069965015
2021-08-12,Khavda Renewable Energy Park,SIMULATED,SIMULATED_PVLIB,6381.546199015082,6381.546199015082,47861.6,47622.29,4475.21,25956.22,0.0997,0.2365,2.3931,1.26,100.0,816.551724137931,0.83472,0.17625000000000002,39.21314029156867,0.9502540089795096,0.82,0.0997,11.401207603468208,78.59879239653179,140.40020678993903,1.0197617066740094,5.4530495744658785,920.1606747463028
2021-08-13,Khavda Renewable Energy Park,SIMULATED,SIMULATED_PVLIB,8315.377841141923,8315.377841141923,62365.33,62053.5,6353.27,36848.97,0.1299,0.3358,3.1183,1.37,100.0,819.1379310344828,1.1857704166666665,0.24958333333333327,39.38553324134058,0.949650633655308,0.82,0.1299,11.619842435332217,78.38015756466778,141.47816508171627,1.0205526045309272,5.4499389469942905,921.4552342261636
2021-08-14,Khavda Renewable Energy Park,SIMULATED,SIMULATED_PVLIB,11565.969263234198,11565.969263234198,86744.77,86311.05,8459.46,49064.87,0.1807,0.4471,4.3372,1.49,100.0,705.8620689655173,1.5625433333333332,0.3816666666666666,36.55063412790608,0.9595727805523288,0.82,0.1807,11.844099578829528,78.15590042117047,142.53685807863695,1.0213805626975243,5.446640969707086,921.3847136055884
2021-08-15,Khavda Renewable Energy Park,SIMULATED,SIMULATED_PVLIB,12550.911649044714,12550.911649044714,94131.84,93661.18,8779.48,50920.98,0.1961,0.464,4.7066,1.6,100.0,782.4137931034483,1.6317891666666664,0.35958333333333325,38.25348389854659,0.9536128063550869,0.82,0.1961,12.073917604459979,77.92608239554002,143.57592420505273,1.022246689944248,5.443148946779371,923.5274593509951
2021-08-16,Khavda Renewable Energy Park,SIMULATED,SIMULATED_PVLIB,18210.496214461426,18210.496214461426,136578.72,135895.83,14588.95,84615.91,0.2845,0.771,6.8289,1.71,97.0,895.5172413793103,2.8112525,0.54125,42.06192487178134,0.9402832629487653,0.82,0.2845,12.309230865632358,77.69076913436764,144.59506126112308,1.0231521029784882,5.441402582139433,926.4244483994989
2021-08-17,Khavda Renewable Energy Park,SIMULATED,SIMULATED_PVLIB,18766.513708198385,18766.513708198385,140748.85,140045.11,14431.48,83702.58,0.2932,0.7627,7.0374,1.83,100.0,1021.2068965517242,3.8524179166666666,0.6504166666666666,44.96167286702944,0.9301341449653969,0.82,0.2932,12.549970228171134,77.45002977182887,145.594022025678,1.0240979273105817,5.44139851003685,929.7985151352653
2021-08-18,Khavda Renewable Energy Park,SIMULATED,SIMULATED_PVLIB,18742.0867798549,18742.0867798549,140565.65,139862.82,14488.18,84031.44,0.2928,0.7657,7.0283,1.94,97.0,1089.8275862068965,3.74255875,0.5920833333333334,43.91757819749997,0.9337884763087501,0.82,0.2928,12.79606375914787,77.20393624085213,146.57261181532374,1.0250852982247833,5.4411848066996145,932.4961710333499
2021-08-19,Khavda Renewable Energy Park,SIMULATED,SIMULATED_PVLIB,19332.505788551818,19332.505788551818,144993.79,144268.82,14556.06,84425.15,0.3021,0.7693,7.2497,2.06,100.0,1075.0,4.603508333333333,0.7383333333333333,42.667512171077064,0.9381637074012302,0.82,0.3021,13.047437360310198,76.9525626396898,147.53068750830255,1.0261153618023289,5.440754843846155,934.2068475076924
2021-08-20,Khavda Renewable Energy Park,SIMULATED,SIMULATED_PVLIB,17479.540359391336,17479.540359391336,131096.55,130441.07,12661.83,73438.61,0.2731,0.6692,6.5548,2.17,100.0,968.1034482758621,2.386375,0.42500000000000004,42.02084676500277,0.9404270363224903,0.82,0.2731,13.304015244472666,76.69598475552733,148.46815713323315,1.0271892755632324,5.44010200402708,934.8279609878085
2021-08-21,Khavda Renewable Energy Park,SIMULATED,SIMULATED_PVLIB,8141.913762894046,8141.913762894046,61064.35,60759.03,6005.15,34829.87,0.1272,0.3174,3.0532,2.29,100.0,886.0344827586207,1.1284387499999995,0.21958333333333324,41.22284631769279,0.9432200378880752,0.82,0.1272,13.56572007300825,76.43427992699175,149.38497907228611,1.0283082078693706,5.439219689823557,935.7269350361122
2021-08-22,Khavda Renewable Energy Park,SIMULATED,SIMULATED_PVLIB,3752.642449690336,3752.642449690336,28144.82,28004.1,2948.11,17099.04,0.0586,0.1558,1.4072,2.4,100.0,790.6896551724138,0.5522308333333337,0.12041666666666673,40.366636869106756,0.9462167709581264,0.82,0.0586,13.832472608790752,76.16752739120925,150.28116031369075,1.0294733352456593,5.438101346189812,936.4559181652526
2021-08-23,Khavda Renewable Energy Park,SIMULATED,SIMULATED_PVLIB,20000.0,20000.0,150000.0,149250.0,14480.53,83987.07,0.3125,0.7653,7.5,0.8,100.0,1067.0689655172414,3.3394812500000004,0.5395833333333334,44.05846413185295,0.9332953755385147,0.82,0.3125,14.104190915712834,75.89580908428717,151.15675378200916,1.0306858374405965,5.4367404968758715,941.5222597139577
2021-08-24,Khavda Renewable Energy Park,SIMULATED,SIMULATED_PVLIB,10306.942625432852,10306.942625432852,77302.07,76915.56,7684.25,44568.65,0.161,0.4061,3.8651,0.91,100.0,887.0689655172414,1.4384562499999998,0.2795833333333333,40.19110834671568,0.9468311207864951,0.82,0.161,14.38078934498283,75.61921065501717,152.01185522567368,1.0319468910043277,5.435130789851004,941.2260308134137
2021-08-25,Khavda Renewable Energy Park,SIMULATED,SIMULATED_PVLIB,8737.44812509131,8737.44812509131,65530.86,65203.21,6363.56,36908.65,0.1365,0.3363,3.2765,1.03,97.0,724.8275862068966,1.1753683333333331,0.2795833333333333,36.54060441147155,0.9596078845598496,0.82,0.1365,14.66217765952858,75.33782234047142,152.84660005260469,1.0332576628487176,5.433266042421238,941.1185540866875
2021-08-26,Khavda Renewable Energy Park,SIMULATED,SIMULATED_PVLIB,6268.697011275413,6268.697011275413,47015.23,46780.15,4691.55,27210.99,0.0979,0.248,2.3508,1.14,100.0,858.448275862069,0.8713250000000002,0.17500000000000004,38.04548165251427,0.9543408142162001,0.82,0.0979,14.948260562994903,75.0517394370051,153.6611602108244,1.0346193051194077,5.431140277699629,944.4553081813339
2021-08-27,Khavda Renewable Energy Park,SIMULATED,SIMULATED_PVLIB,8319.339611395133,8319.339611395133,62395.05,62083.07,6235.2,36164.16,0.13,0.3295,3.1198,1.26,100.0,954.4827586206897,1.1717866666666665,0.21166666666666667,41.25018792851448,0.9431243422501994,0.82,0.13,15.238937707122744,74.76106229287726,154.45574086543343,1.0360329519941045,5.4287477486658515,947.3295888534321
2021-08-28,Khavda Renewable Energy Park,SIMULATED,SIMULATED_PVLIB,19907.842496487207,19907.842496487207,149308.82,148562.28,14418.5,83627.3,0.3111,0.762,7.4654,1.37,100.0,1027.2413793103449,3.1949775000000002,0.53625,45.200682942035414,0.929297609702876,0.82,0.3111,15.534104059398487,74.46589594060151,155.2305767015422,1.0374997181462102,5.426082951549275,949.9074997730198
2021-08-29,Khavda Renewable Energy Park,SIMULATED,SIMULATED_PVLIB,19993.09204049139,19993.09204049139,149948.19,149198.45,14402.74,83535.89,0.3124,0.7612,7.4974,1.49,100.0,984.4827586206897,4.6465125,0.81375,45.490922908946814,0.9282817698186862,0.82,0.3124,15.833650442229683,74.16634955777032,155.9859279210341,1.039020698177665,5.423140632950633,951.1072867175341
2021-08-30,Khavda Renewable Energy Park,SIMULATED,SIMULATED_PVLIB,19447.71036654261,19447.71036654261,145857.83,145128.54,14156.84,82109.67,0.3039,0.7482,7.2929,1.6,100.0,1077.9310344827586,2.7196200000000004,0.43500000000000005,47.1069151574891,0.9226257969487881,0.82,0.3039,16.137464082843934,73.86253591715607,156.72207626896852,1.0405969663259325,5.41991579505017,953.8755839809196
2021-08-31,Khavda Renewable Energy Park,SIMULATED,SIMULATED_PVLIB,10458.742626053683,10458.742626053683,78440.57,78048.37,8136.12,47189.5,0.1634,0.43,3.922,1.71,100.0,908.1034482758621,1.5405975,0.2925,43.2734616696756,0.9360428841561355,0.82,0.1634,16.445429077966807,73.5545709220332,157.43932145460803,1.042229575962012,5.416403701875821,953.5324279641167
2021-09-01,Khavda Renewable Energy Park,SIMULATED,SIMULATED_PVLIB,305.6657322607548,305.6657322607548,2292.49,2281.03,222.43,1290.09,0.0048,0.0118,0.1146,1.83,100.0,490.0,0.04144583333333287,0.01458333333333317,38.93366125615319,0.9512321856034639,0.82,0.0048,16.757426725779226,73.24257327422077,158.13797816193983,1.0439195585729437,5.41259988846522,950.2521119480552
2021-09-02,Khavda Renewable Energy Park,SIMULATED,SIMULATED_PVLIB,218.82668827829838,218.82668827829838,1641.2,1632.99,167.19,969.7,0.0034,0.0088,0.0821,1.94,100.0,388.2758620689655,0.030965000000000086,0.01375000000000004,37.293823901774495,0.9569716163437892,0.82,0.0034,17.07333570988331,72.92666429011669,158.81837369435016,1.045667922051816,5.40850017391996,950.6462636892882
2021-09-03,Khavda Renewable Energy Park,SIMULATED,SIMULATED_PVLIB,8724.193912766239,8724.193912766239,65431.45,65104.29,6420.82,37240.76,0.1363,0.3393,3.2716,2.06,100.0,716.3793103448276,1.2118750000000005,0.29166666666666674,42.407396668276235,0.9390741116610332,0.82,0.1363,17.39303217596806,72.60696782403194,159.48084618917255,1.0474756484145293,5.404100677515161,956.0422251938587
2021-09-04,Khavda Renewable Energy Park,SIMULATED,SIMULATED_PVLIB,5035.790051430985,5035.790051430985,37768.43,37579.59,3903.48,22640.18,0.0787,0.2063,1.8884,2.17,100.0,531.551724137931,0.7180820833333333,0.23291666666666666,35.432847829103274,0.9634850325981386,0.82,0.0787,17.716389815099845,72.28361018490016,160.125743224929,1.0493436915205518,5.399397834256054,955.3975818020666
2021-09-05,Khavda Renewable Energy Park,SIMULATED,SIMULATED_PVLIB,10153.834628817176,10153.834628817176,76153.76,75772.99,7443.68,43173.34,0.1587,0.3934,3.8077,2.29,100.0,804.1379310344828,1.3933699999999998,0.29874999999999996,40.180934124666855,0.946866730563666,0.82,0.1587,18.043280089813138,71.95671991018686,160.75342057445243,1.0512729756152959,5.3943884048979545,960.0753219477826
2021-09-06,Khavda Renewable Energy Park,SIMULATED,SIMULATED_PVLIB,11047.758698600148,11047.758698600148,82858.19,82443.9,8420.83,48840.81,0.1726,0.445,4.1429,2.4,100.0,866.8965517241379,1.59639,0.3175,43.588778303227286,0.9349392759387045,0.82,0.1726,18.373572676653325,71.62642732334668,161.3642406896165,1.0532643952711411,5.38906947702473,962.2598428884565
2021-09-07,Khavda Renewable Energy Park,SIMULATED,SIMULATED_PVLIB,3568.0115697924566,3568.0115697924566,26760.09,26626.29,2715.49,15749.84,0.0558,0.1435,1.338,0.8,100.0,992.7586206896552,0.523018333333332,0.0908333333333331,47.79004501549514,0.920234842445767,0.82,0.0558,18.707136058037335,71.29286394196266,161.95857049271785,1.0553188165146337,5.383438458630868,965.1464407525939
2021-09-08,Khavda Renewable Energy Park,SIMULATED,SIMULATED_PVLIB,731.9030188428796,731.9030188428796,5489.27,5461.82,524.97,3044.83,0.0114,0.0277,0.2745,0.91,100.0,802.7586206896552,0.09893999999999996,0.02124999999999999,42.018880485460954,0.9404339183008866,0.82,0.0114,19.043838076452005,70.956161923548,162.53677828552236,1.0574370781086162,5.377493070543621,964.2957529518326
2021-09-09,Khavda Renewable Energy Park,SIMULATED,SIMULATED_PVLIB,192.73274030740265,192.73274030740265,1445.5,1438.27,140.35,814.03,0.003,0.0074,0.0723,1.03,100.0,673.448275862069,0.0260400000000006,0.006666666666666821,37.779177906698216,0.9552728773265562,0.82,0.003,19.383546282740596,70.6164537172594,163.099229843834,1.0596199918869327,5.371231344291366,964.1167221498811
2021-09-10,Khavda Renewable Energy Park,SIMULATED,SIMULATED_PVLIB,411.89384212618273,411.89384212618273,3089.2,3073.75,308.14,1787.21,0.0064,0.0163,0.1545,1.14,100.0,375.3448275862069,0.05623916666666628,0.025833333333333153,33.2519268554524,0.9711182560059166,0.82,0.0064,19.726128051476778,70.27387194852322,163.6462841631335,1.061868341787712,5.364651627387591,961.9207467209034
2021-09-11,Khavda Renewable Energy Park,SIMULATED,SIMULATED_PVLIB,1468.4739659082006,1468.4739659082006,11013.55,10958.48,1034.54,6000.33,0.0229,0.0547,0.5507,1.26,100.0,857.7586206896552,0.19485416666666783,0.039166666666666905,41.84858161830811,0.9410299643359216,0.82,0.0229,20.07145062712381,69.92854937287619,164.1782894129201,1.0641828824785011,5.357752590536327,968.8247364497881
2021-09-12,Khavda Renewable Energy Park,SIMULATED,SIMULATED_PVLIB,1276.4601868097013,1276.4601868097013,9573.45,9525.58,952.09,5522.12,0.0199,0.0503,0.4787,1.37,100.0,781.7241379310345,0.1794708333333327,0.03958333333333319,42.067381811721575,0.9402641636589745,0.82,0.0199,20.419381344214983,69.58061865578502,164.69557962357226,1.066564339188324,5.350533227151724,969.146442213852
2021-09-13,Khavda Renewable Energy Park,SIMULATED,SIMULATED_PVLIB,493.21052485995546,493.21052485995546,3699.08,3680.58,363.08,2105.86,0.0077,0.0192,0.185,1.49,100.0,915.6896551724138,0.06860041666666795,0.01291666666666691,42.686412618823034,0.9380975558341194,0.82,0.0077,20.769788176148012,69.23021182385199,165.19847243345293,1.0690134100147834,5.34299283792217,971.884692640125
2021-09-14,Khavda Renewable Energy Park,SIMULATED,SIMULATED_PVLIB,1735.4590760493093,1735.4590760493093,13015.94,12950.86,1309.33,7594.11,0.0271,0.0692,0.6508,1.6,97.0,733.2758620689656,0.2480916666666658,0.058333333333333126,43.452103035848936,0.9354176393745287,0.82,0.0271,21.122540569968635,68.87745943003137,165.68726798268506,1.071530770748192,5.335131000589098,970.8739537414866
2021-09-15,Khavda Renewable Energy Park,SIMULATED,SIMULATED_PVLIB,6152.79280449096,6152.79280449096,46145.95,45915.22,4630.46,26856.67,0.0961,0.2447,2.3073,1.71,100.0,722.0689655172414,0.8847150000000001,0.21125000000000005,45.66921723181066,0.9276577396886627,0.82,0.0961,21.47751034351765,68.52248965648235,166.16224894272887,1.074117080894532,5.32694753308437,971.8238208240705
2021-09-16,Khavda Renewable Energy Park,SIMULATED,SIMULATED_PVLIB,19280.51511554087,19280.51511554087,144603.86,143880.84,14058.22,81537.68,0.3013,0.743,7.2302,1.83,100.0,942.7586206896552,4.62046,0.845,51.835083314443295,0.9060772083994485,0.82,0.3013,21.834572378944443,68.16542762105556,166.62368151282578,1.0767729890071978,5.318078402395765,975.3701822264437
2021-09-17,Khavda Renewable Energy Park,SIMULATED,SIMULATED_PVLIB,18770.898439103777,18770.898439103777,140781.74,140077.83,14122.27,81909.17,0.2933,0.7464,7.0391,1.94,100.0,983.1034482758621,4.385788333333334,0.7691666666666668,50.655623772544665,0.9102053167960937,0.82,0.2933,22.19360491951845,67.80639508048155,167.07181723289318,1.0794991356702996,5.308887277339582,976.7575669415162
2021-09-18,Khavda Renewable Energy Park,SIMULATED,SIMULATED_PVLIB,11769.308258298266,11769.308258298266,88269.81,87828.46,8832.16,51226.53,0.1839,0.4668,4.4135,2.06,100.0,776.7241379310345,1.67248125,0.37124999999999997,43.28732761186321,0.9359943533584788,0.82,0.1839,22.554489409052493,67.4455105909475,167.5068953566058,1.0822961532540456,5.299374568038398,975.2079155059822
2021-09-19,Khavda Renewable Energy Park,SIMULATED,SIMULATED_PVLIB,3555.8436216996834,3555.8436216996834,26668.83,26535.49,2534.95,14702.71,0.0556,0.134,1.3334,2.17,100.0,815.6896551724138,0.47901374999999974,0.10124999999999995,42.72322127681901,0.9379687255311334,0.82,0.0556,22.91710991129196,67.08289008870804,167.9291455149263,1.0851646622396545,5.289540895226505,976.4834994097137
2021-09-20,Khavda Renewable Energy Park,SIMULATED,SIMULATED_PVLIB,9053.681285868486,9053.681285868486,67902.61,67563.1,6942.78,40268.12,0.1415,0.3669,3.3951,2.29,100.0,857.7586206896552,1.3080104166666666,0.2629166666666667,41.919150615603364,0.9407829728453883,0.82,0.1415,23.281352210412024,66.71864778958798,168.33879034019378,1.0881052644470164,5.279387127092575,977.7467468681622
2021-09-21,Khavda Renewable Energy Park,SIMULATED,SIMULATED_PVLIB,6425.142826088058,6425.142826088058,48188.57,47947.63,5151.77,29880.27,0.1004,0.2723,2.4094,2.4,100.0,829.8275862068966,0.9646054166666667,0.2004166666666667,40.252145772108385,0.9466174897976206,0.82,0.1004,23.64710273984923,66.35289726015077,168.736047785619,1.0911185339850602,5.268914427652279,978.1410047568919
2021-09-22,Khavda Renewable Energy Park,SIMULATED,SIMULATED_PVLIB,16927.89518808336,16927.89518808336,126959.21,126324.41,11816.43,68535.29,0.2645,0.6245,6.348,0.8,100.0,771.8965517241379,2.212384166666667,0.49416666666666664,40.2404678158344,0.9466583626445796,0.82,0.2645,24.01424753628652,65.98575246371348,169.12113290656384,1.0942050073405112,5.258124308143957,978.1342929371926
2021-09-23,Khavda Renewable Energy Park,SIMULATED,SIMULATED_PVLIB,5570.831831654694,5570.831831654694,41781.24,41572.33,3791.36,21989.89,0.087,0.2004,2.0891,0.91,100.0,717.7586206896552,0.7094445833333334,0.17041666666666666,40.08403396769981,0.9472058811130507,0.82,0.087,24.382671419342913,65.61732858065709,169.49425900106985,1.0973651743097392,5.2470186716201495,978.122001405272
2021-09-24,Khavda Renewable Energy Park,SIMULATED,SIMULATED_PVLIB,4334.34767400442,4334.34767400442,32507.61,32345.07,3218.24,18665.79,0.0677,0.1701,1.6254,1.03,100.0,744.4827586206897,0.6153149999999997,0.14249999999999996,45.85166884698921,0.9270191590355378,0.82,0.0677,24.752257523026373,65.24774247697363,169.8556381180091,1.100599471101164,5.235599843409076,979.0064116815201
2021-09-25,Khavda Renewable Energy Park,SIMULATED,SIMULATED_PVLIB,15604.445856595323,15604.445856595323,117033.34,116448.17,12165.51,70559.96,0.2438,0.643,5.8517,1.14,100.0,788.7931034482759,2.3446875,0.5125,47.96314102530614,0.9196290064114285,0.82,0.2438,25.122887170584747,64.87711282941525,170.205481015656,1.1039082759191896,5.22387058609812,980.0462200817083
2021-09-26,Khavda Renewable Energy Park,SIMULATED,SIMULATED_PVLIB,19344.18712309003,19344.18712309003,145081.4,144355.99,14354.94,83258.65,0.3023,0.7587,7.2541,1.26,100.0,832.4137931034483,3.3514366666666673,0.6941666666666667,46.37116167792093,0.9252009341272768,0.82,0.3023,25.49443996430918,64.50556003569082,170.54399677417257,1.1072919062509483,5.211834103816706,981.0272097751514
2021-09-27,Khavda Renewable Energy Park,SIMULATED,SIMULATED_PVLIB,12405.923830600046,12405.923830600046,93044.43,92579.21,9303.12,53958.1,0.1938,0.4917,4.6522,1.37,99.0,956.2068965517242,1.8070716666666666,0.3258333333333333,50.00724156334178,0.9124746545283038,0.82,0.1938,25.866793938473407,64.1332060615266,170.8713922521522,1.1107506166963093,5.199494042531274,982.8962894494343
2021-09-28,Khavda Renewable Energy Park,SIMULATED,SIMULATED_PVLIB,4969.626364746815,4969.626364746815,37272.2,37085.84,3682.97,21361.23,0.0777,0.1946,1.8636,1.49,100.0,823.6206896551724,0.7105787500000003,0.14875000000000005,48.2407103173302,0.9186575138893442,0.82,0.0777,26.23982567462265,63.76017432537735,171.18787164907724,1.1142845964608599,5.186854491276433,981.7118849240403
2021-09-29,Khavda Renewable Energy Park,SIMULATED,SIMULATED_PVLIB,1767.8767515812197,1767.8767515812197,13259.08,13192.78,1349.28,7825.82,0.0276,0.0713,0.663,1.6,100.0,907.4137931034483,0.2587641666666674,0.0491666666666668,46.65684345720447,0.9242010478997844,0.82,0.0276,26.61341034948544,63.38658965051456,171.49363635236796,1.1178939661777512,5.173919986070041,983.0107526586111
2021-09-30,Khavda Renewable Energy Park,SIMULATED,SIMULATED_PVLIB,128.36265536118114,128.36265536118114,962.72,957.91,93.19,540.5,0.002,0.0049,0.0481,1.71,100.0,316.89655172413796,0.016848333333333722,0.009166666666666878,30.624707293159606,0.9803135244739414,0.82,0.002,26.987421714112635,63.012578285887365,171.7888851504315,1.1215787739578997,5.160695516913841,976.3616607451859
2021-10-01,Khavda Renewable Energy Park,SIMULATED,SIMULATED_PVLIB,5102.602799070792,5102.602799070792,38269.52,38078.17,3821.42,22164.24,0.0797,0.202,1.9135,4.57,100.0,798.9655172413793,0.7124775000000003,0.15375000000000005,39.09951138883498,0.9506517101390776,0.82,0.0797,27.361732010724495,62.638267989275505,172.0738147931852,1.1253389906407052,5.1471865378616535,982.2236124967668
2021-10-02,Khavda Renewable Energy Park,SIMULATED,SIMULATED_PVLIB,18172.291801448748,18172.291801448748,136292.19,135610.73,14515.97,84192.63,0.2839,0.7672,6.8146,4.86,100.0,820.5172413793103,3.2995733333333335,0.6933333333333334,43.40573809292524,0.9355799166747617,0.82,0.2839,27.73621187813832,62.26378812186168,172.34862073754334,1.129174504681591,5.133398977654105,982.6418798968656
2021-10-03,Khavda Renewable Energy Park,SIMULATED,SIMULATED_PVLIB,19409.96972849298,19409.96972849298,145574.77,144846.9,14548.95,84383.91,0.3033,0.7689,7.2787,5.14,100.0,812.4137931034483,3.28073,0.69625,42.79847215478277,0.9377053474582603,0.82,0.3033,28.110730364803054,61.889269635196946,172.6134978807172,1.1330851179082793,5.119339244321969,982.6628467758602
2021-10-04,Khavda Renewable Energy Park,SIMULATED,SIMULATED_PVLIB,20000.0,20000.0,150000.0,149250.0,14697.04,85242.83,0.3125,0.7767,7.5,5.43,100.0,783.2758620689656,2.9964870833333337,0.6595833333333334,40.07146182374,0.94724988361691,0.82,0.3125,28.485155178160554,61.514844821839446,172.86864108146426,1.1370705436755841,5.105014215930045,982.3878835549401
2021-10-05,Khavda Renewable Energy Park,SIMULATED,SIMULATED_PVLIB,18924.790255617198,18924.790255617198,141935.93,141226.25,14495.82,84075.76,0.2957,0.7661,7.0968,5.71,100.0,898.7931034482759,3.9879450000000003,0.765,43.77682979890818,0.9342810957038213,0.82,0.2957,28.859353175882028,61.14064682411797,173.11424527457825,1.1411304078219457,5.0904312159518845,983.7579547117857
2021-10-06,Khavda Renewable Energy Park,SIMULATED,SIMULATED_PVLIB,18117.660654279884,18117.660654279884,135882.45,135203.04,14134.61,81980.74,0.2831,0.747,6.7941,6.0,100.0,968.9655172413793,4.659916666666667,0.8291666666666667,50.42839236729691,0.9110006267144608,0.82,0.2831,29.23319090074922,60.76680909925078,173.3505050498984,1.14526425058581,5.0755979835555785,984.5484306609706
2021-10-07,Khavda Renewable Energy Park,SIMULATED,SIMULATED_PVLIB,18997.73988562391,18997.73988562391,142483.05,141770.63,14132.61,81969.14,0.2968,0.7469,7.1242,2.0,100.0,943.448275862069,3.1646400000000003,0.5783333333333334,50.465344665066795,0.9108712936722663,0.82,0.2968,29.606534862393254,60.393465137606746,173.577613583298,1.1494715262022237,5.060522656005681,984.1703303984722
2021-10-08,Khavda Renewable Energy Park,SIMULATED,SIMULATED_PVLIB,19387.562696314595,19387.562696314595,145406.72,144679.69,14142.12,82024.3,0.3029,0.7474,7.2703,2.29,100.0,989.6551724137931,5.601283333333334,0.9758333333333333,50.290182412765915,0.9114843615553193,0.82,0.3029,29.979251411177565,60.020748588822435,173.79576092229127,1.15375159803898,5.045213773642113,984.5850319733537
2021-10-09,Khavda Renewable Energy Park,SIMULATED,SIMULATED_PVLIB,18175.423369257802,18175.423369257802,136315.68,135634.1,14283.86,82846.39,0.284,0.7549,6.8158,2.57,100.0,993.6206896551724,5.53248,0.96,47.6800338907768,0.9206198813822812,0.82,0.284,30.351206375494115,59.648793624505885,174.0051317782685,1.1581037306905317,5.029680299177894,984.4586062109893
2021-10-10,Khavda Renewable Energy Park,SIMULATED,SIMULATED_PVLIB,19357.11007248684,19357.11007248684,145178.33,144452.44,14394.13,83485.95,0.3025,0.7607,7.2589,2.86,100.0,1001.2068965517242,5.318244166666667,0.9158333333333333,45.649452296496264,0.9277269169622631,0.82,0.3025,30.72226489195419,59.27773510804581,174.20590309075828,1.1625270838253152,5.013931626379975,984.3290232600032
2021-10-11,Khavda Renewable Energy Park,SIMULATED,SIMULATED_PVLIB,18962.398293451562,18962.398293451562,142217.99,141506.9,14380.41,83406.38,0.2963,0.76,7.1109,3.14,100.0,1008.7931034482759,5.570639583333333,0.9520833333333333,45.902108052897745,0.9268426218148579,0.82,0.2963,31.092291808624047,58.90770819137595,174.3982417858299,1.1670207127306342,4.997977553812954,984.1548066086942
2021-10-12,Khavda Renewable Energy Park,SIMULATED,SIMULATED_PVLIB,19876.5896842415,19876.5896842415,149074.42,148329.05,14156.44,82107.35,0.3106,0.7482,7.4537,3.43,100.0,981.3793103448277,5.257985,0.92375,50.02640073805225,0.9124075974168171,0.82,0.3106,31.46115270246984,58.53884729753016,174.58230307352244,1.1715835769762506,4.981828218301654,983.527046591095
2021-10-13,Khavda Renewable Energy Park,SIMULATED,SIMULATED_PVLIB,18560.24463644713,18560.24463644713,139201.83,138505.82,14066.61,81586.34,0.29,0.7434,6.9601,3.71,100.0,1011.7241379310345,5.860665000000001,0.99875,51.68069963913764,0.9066175512630182,0.82,0.29,31.828715165813627,58.17128483418637,174.75822955962803,1.1762145538290518,4.965494006879499,983.5331410186094
2021-10-14,Khavda Renewable Energy Park,SIMULATED,SIMULATED_PVLIB,19564.511190106074,19564.511190106074,146733.83,146000.16,14089.18,81717.24,0.3057,0.7446,7.3367,4.0,100.0,1012.5862068965517,5.873,1.0,51.265082621885895,0.9080722108233994,0.82,0.3057,32.19484987330255,57.80515012669745,174.92615128301372,1.180912450601459,4.948985477058692,983.1524647392309
2021-10-15,Khavda Renewable Energy Park,SIMULATED,SIMULATED_PVLIB,17818.890490244023,17818.890490244023,133641.68,132973.47,14118.38,81886.6,0.2784,0.7462,6.6821,4.29,99.0,1008.448275862069,5.849,1.0,50.72727436316336,0.9099545397289283,0.82,0.2784,32.55943110657746,57.44056889342254,175.08618662174615,1.1856760113986267,4.9323133073245184,982.6728996916183
2021-10-16,Khavda Renewable Energy Park,SIMULATED,SIMULATED_PVLIB,17945.760836466507,17945.760836466507,134593.21,133920.24,14121.07,81902.21,0.2804,0.7463,6.7297,4.57,95.0,1007.0689655172414,5.841,1.0,50.67786189757,0.910127483358505,0.82,0.2804,32.922336708466105,57.077663291533895,175.23844392213107,1.1905039170485054,4.915116296802042,982.0969105961378
2021-10-17,Khavda Renewable Energy Park,SIMULATED,SIMULATED_PVLIB,18865.854137847917,18865.854137847917,141493.91,140786.44,14257.75,82694.95,0.2948,0.7535,7.0747,4.86,100.0,1008.6206896551724,5.85,1.0,48.1608521975489,0.9189370173085789,0.82,0.2948,33.28344763267565,56.71655236732435,175.3830235921996,1.195394779553448,4.89740472030999,981.4261168528154
2021-10-18,Khavda Renewable Energy Park,SIMULATED,SIMULATED_PVLIB,18358.036343561238,18358.036343561238,137685.27,136996.84,14425.18,83666.04,0.2868,0.7624,6.8843,5.14,100.0,999.8275862068966,5.799,1.0,45.07757397700409,0.9297284910804857,0.82,0.2868,33.64264726505489,56.35735273494511,175.52002037546526,1.2003471328221775,4.879561412428747,980.5953673153365
2021-10-19,Khavda Renewable Energy Park,SIMULATED,SIMULATED_PVLIB,19034.32949700152,19034.32949700152,142757.47,142043.68,14533.32,84293.26,0.2974,0.7681,7.1379,5.43,100.0,973.2758620689656,5.53915625,0.98125,43.08630424797862,0.9366979351320748,0.82,0.2974,33.9998206244062,56.0001793755938,175.64952552101875,1.2053594207944536,4.861597619128365,979.519163384406
2021-10-20,Khavda Renewable Energy Park,SIMULATED,SIMULATED_PVLIB,19531.88950917765,19531.88950917765,146489.17,145756.72,14510.2,84159.16,0.3052,0.7669,7.3245,5.71,100.0,948.1034482758621,5.334029999999999,0.97,43.5119688396046,0.935208109061384,0.82,0.3052,34.354853532215934,55.645146467784066,175.77162859985845,1.2104299840023143,4.84352481678467,978.423021441973
2021-10-21,Khavda Renewable Energy Park,SIMULATED,SIMULATED_PVLIB,18662.034784183703,18662.034784183703,139965.26,139265.43,14553.34,84409.37,0.2916,0.7692,6.9983,6.0,100.0,888.6206896551724,4.6063875,0.89375,42.717605868402856,0.93798837946059,0.82,0.2916,34.70763187717195,55.29236812282805,175.88641883605624,1.215557046320264,4.825354753380692,976.8904002424437
2021-10-22,Khavda Renewable Energy Park,SIMULATED,SIMULATED_PVLIB,18836.812431274866,18836.812431274866,141276.09,140569.71,14699.32,85256.06,0.2943,0.7769,7.0638,2.0,100.0,840.8620689655173,3.905664166666666,0.8008333333333333,40.02951917333095,0.9473966828933417,0.82,0.2943,35.05804110318461,54.94195889681539,175.99398589693692,1.2207387039564925,4.807099476986839,975.4619323736233
2021-10-23,Khavda Renewable Energy Park,SIMULATED,SIMULATED_PVLIB,19830.15784133643,19830.15784133643,148726.18,147982.55,14739.72,85490.38,0.3098,0.779,7.4363,2.29,100.0,821.8965517241379,4.0161975000000005,0.8425,39.28543113468357,0.9500009910286075,0.82,0.3098,35.40596595929667,54.59403404070333,176.09442019907465,1.2259729176419694,4.788771347782341,974.3390802537486
2021-10-24,Khavda Renewable Energy Park,SIMULATED,SIMULATED_PVLIB,19016.865083402994,19016.865083402994,142626.49,141913.36,14563.46,84468.07,0.2971,0.7697,7.1313,2.57,100.0,950.1724137931035,5.281375000000001,0.9583333333333334,42.53130156139886,0.938640444535104,0.82,0.2971,35.75129043175123,54.24870956824877,176.18781286074693,1.2312575072501137,4.770383037993272,974.9106727463869
2021-10-25,Khavda Renewable Energy Park,SIMULATED,SIMULATED_PVLIB,18635.816346762065,18635.816346762065,139768.62,139069.78,14212.75,82433.95,0.2912,0.7511,6.9884,2.86,99.0,932.0689655172414,5.392485,0.9975,48.9895671951797,0.916036514816871,0.82,0.2912,36.09389773873854,53.90610226126146,176.27425547365306,1.2365901473090029,4.751947527369316,973.7396412450177
2021-10-26,Khavda Renewable Energy Park,SIMULATED,SIMULATED_PVLIB,19101.838418419822,19101.838418419822,143263.79,142547.47,14351.59,83239.22,0.2985,0.7585,7.1632,3.14,100.0,910.0,5.2604066666666665,0.9966666666666667,46.43274441008313,0.9249853945647091,0.82,0.2985,36.43367032623989,53.56632967376011,176.35383990045443,1.241968362553136,4.733478098313019,972.4956049734474
2021-10-27,Khavda Renewable Energy Park,SIMULATED,SIMULATED_PVLIB,17896.59392107456,17896.59392107456,134224.45,133553.33,14178.34,82234.37,0.2796,0.7493,6.7112,3.43,100.0,923.1034482758621,5.354,1.0,49.62314057638109,0.9138190079826662,0.82,0.2796,36.77048987061328,53.22951012938672,176.42665828338704,1.2473895236268542,4.714988330253813,971.6387226682263
2021-10-28,Khavda Renewable Energy Park,SIMULATED,SIMULATED_PVLIB,17838.298328715115,17838.298328715115,133787.24,133118.3,14276.64,82804.51,0.2787,0.7545,6.6894,3.71,99.0,923.6206896551724,5.357,1.0,47.81294946473902,0.9201546768734135,0.82,0.2787,37.10423728817889,52.89576271182111,176.49280336157642,1.2528508429765384,4.696492093222835,970.6115184120339
2021-10-29,Khavda Renewable Energy Park,SIMULATED,SIMULATED_PVLIB,19020.91894605152,19020.91894605152,142656.89,141943.61,14178.06,82232.75,0.2972,0.7493,7.1328,4.0,100.0,918.1034482758621,5.05653125,0.9495833333333333,49.62833831688225,0.9138008158909121,0.82,0.2972,37.4347927060825,52.5652072939175,176.55236910019107,1.258349370200237,4.678003543943884,969.492629345885
2021-10-30,Khavda Renewable Energy Park,SIMULATED,SIMULATED_PVLIB,18463.5900602764,18463.5900602764,138476.93,137784.55,14226.43,82513.29,0.2885,0.7519,6.9238,4.29,100.0,920.0,3.8219100000000004,0.71625,48.73751356299352,0.9169187025295227,0.82,0.2885,37.76203537412619,52.23796462587381,176.6054515124847,1.2638819864585151,4.659537126099352,968.4415175855452
2021-10-31,Khavda Renewable Energy Park,SIMULATED,SIMULATED_PVLIB,17221.988060942258,17221.988060942258,129164.91,128519.09,14192.81,82318.3,0.2691,0.7501,6.4582,4.57,100.0,917.2413793103449,4.539733333333333,0.8533333333333333,49.35673754591822,0.9147514185892862,0.82,0.2691,38.08584362027598,51.91415637972402,176.65214953609689,1.269445399635932,4.641107567385847,967.3188547219033
2021-11-01,Khavda Renewable Energy Park,SIMULATED,SIMULATED_PVLIB,19462.485798183425,19462.485798183425,145968.64,145238.8,14507.99,84146.34,0.3041,0.7668,7.2984,4.86,100.0,903.6206896551724,5.23881625,0.9995833333333334,43.55266873602115,0.9350656594239259,0.82,0.3041,38.4060950488558,51.5939049511442,176.69256581510854,1.27503614386392,4.6227298582944965,966.054019054491
2021-11-02,Khavda Renewable Energy Park,SIMULATED,SIMULATED_PVLIB,18821.705499585005,18821.705499585005,141162.79,140456.98,14287.2,82865.76,0.2941,0.7551,7.0581,5.14,100.0,892.4137931034483,5.176,1.0,47.61860704429239,0.9208348753449767,0.82,0.2941,38.72266708398216,51.27733291601784,176.7268072894874,1.2806505857395245,4.604419203937671,964.8046093540457
2021-11-03,Khavda Renewable Energy Park,SIMULATED,SIMULATED_PVLIB,18296.88469028758,18296.88469028758,137226.64,136540.51,14351.97,83241.43,0.2859,0.7585,6.8613,5.43,100.0,879.8275862068966,5.0264549999999995,0.985,46.42581328587143,0.92500965349945,0.82,0.2859,39.03543768108342,50.96456231891658,176.75498549144424,1.2862849347376255,4.586190961074011,963.5283612375141
2021-11-04,Khavda Renewable Energy Park,SIMULATED,SIMULATED_PVLIB,17287.139380251498,17287.139380251498,129653.55,129005.28,14285.74,82857.29,0.2701,0.755,6.4827,5.71,97.0,877.9310344827586,5.009255,0.98375,47.64546727480249,0.9207408645381913,0.82,0.2701,39.34428579866378,50.65571420133622,176.77721638389608,1.2919352506747006,4.568060590965101,962.3688139763434
2021-11-05,Khavda Renewable Energy Park,SIMULATED,SIMULATED_PVLIB,12750.941671663752,12750.941671663752,95632.06,95153.9,9606.19,55715.9,0.1992,0.5077,4.7816,6.0,100.0,869.6551724137931,1.8494666666666666,0.3666666666666667,47.68488612809634,0.9206028985516628,0.82,0.1992,39.649091298891754,50.350908701108246,176.79361956138473,1.297597441593366,4.550043654600007,961.1282900265321
2021-11-06,Khavda Renewable Energy Park,SIMULATED,SIMULATED_PVLIB,5421.670301738339,5421.670301738339,40662.53,40459.22,3974.4,23051.52,0.0847,0.21,2.0331,2.0,100.0,862.9310344827586,0.7590916666666669,0.15166666666666673,45.57347822940603,0.9279928261970789,0.82,0.0847,39.9497343460998,50.0502656539002,176.80431666977074,1.3032672522848638,4.532155847128563,959.9019350571219
2021-11-07,Khavda Renewable Energy Park,SIMULATED,SIMULATED_PVLIB,20000.0,20000.0,150000.0,149250.0,14474.13,83949.95,0.3125,0.765,7.5,2.29,100.0,873.448275862069,4.371535833333334,0.8629166666666667,44.17618876244285,0.9328833393314501,0.82,0.3125,40.246094800359245,49.753905199640755,176.80942911761304,1.3089402520637485,4.514413034531285,958.8757975420637
2021-11-08,Khavda Renewable Energy Park,SIMULATED,SIMULATED_PVLIB,17718.82339287464,17718.82339287464,132891.18,132226.72,13037.69,75618.6,0.2769,0.689,6.6446,2.57,100.0,856.2068965517242,2.4643775,0.49624999999999997,42.80197190550208,0.9376930983307428,0.82,0.2769,40.538052200265874,49.461947799734126,176.80907542323416,1.3146118334314463,4.496831245798623,957.5251927240438
2021-11-09,Khavda Renewable Energy Park,SIMULATED,SIMULATED_PVLIB,13933.988716785942,13933.988716785942,104504.92,103982.4,10292.83,59698.41,0.2177,0.544,5.2252,2.86,100.0,847.5862068965517,1.9582066666666673,0.39833333333333343,44.5341743730722,0.9316303896942473,0.82,0.2177,40.82548659174696,49.17451340825304,176.8033687196189,1.3202772279270725,4.479426598172017,956.2785375933247
2021-11-10,Khavda Renewable Energy Park,SIMULATED,SIMULATED_PVLIB,18726.17954938287,18726.17954938287,140446.35,139744.12,14105.55,81812.19,0.2926,0.7455,7.0223,3.14,100.0,842.7586206896552,2.704693333333334,0.5533333333333335,46.6123684051759,0.9243567105818844,0.82,0.2926,41.10827993955254,48.89172006044746,176.79241494973394,1.3259315355817376,4.462215173491498,955.0816642433803
2021-11-11,Khavda Renewable Energy Park,SIMULATED,SIMULATED_PVLIB,19383.484107752465,19383.484107752465,145376.13,144649.25,14222.05,82487.89,0.3029,0.7516,7.2688,3.43,100.0,847.9310344827586,3.586041666666667,0.7291666666666667,48.81829119727215,0.9166359808095474,0.82,0.3029,41.38631754261553,48.61368245738447,176.77631203889405,1.3315697573469247,4.445212890153895,954.0096303435186
2021-11-12,Khavda Renewable Energy Park,SIMULATED,SIMULATED_PVLIB,19463.93583860815,19463.93583860815,145979.52,145249.62,14404.31,83545.0,0.3041,0.7613,7.299,3.71,100.0,843.1034482758621,3.7428875,0.7654166666666667,45.462010620756104,0.9283829628273537,0.82,0.3041,41.65948894980827,48.34051105019173,176.75515004083582,1.337186820095507,4.42843541145775,952.8305535989854
2021-11-13,Khavda Renewable Energy Park,SIMULATED,SIMULATED_PVLIB,19775.573959434536,19775.573959434536,148316.8,147575.22,14412.54,83592.73,0.309,0.7617,7.4158,4.0,100.0,848.2758620689656,4.5550999999999995,0.9258333333333333,45.310497181358116,0.9289132598652465,0.82,0.309,41.92768820836841,48.07231179163159,176.7290120301534,1.3427775896807277,4.411898105809768,951.7809890260711
2021-11-14,Khavda Renewable Energy Park,SIMULATED,SIMULATED_PVLIB,18654.221910886907,18654.221910886907,139906.66,139207.13,14372.71,83361.72,0.2915,0.7596,6.9953,4.29,100.0,848.2758620689656,4.89745,0.9954166666666666,46.04392950564193,0.9263462467302532,0.82,0.2915,42.19081358725391,47.80918641274609,176.69797543466734,1.3483368737452828,4.395616049525301,950.6855434217817
2021-11-15,Khavda Renewable Energy Park,SIMULATED,SIMULATED_PVLIB,18907.35040271473,18907.35040271473,141805.13,141096.1,14573.2,84524.56,0.2954,0.7702,7.0903,4.57,100.0,838.7931034482759,4.865,1.0,42.35198941346525,0.9392680370528717,0.82,0.2954,42.4487670226214,47.5512329773786,176.6621135769925,1.3538594185605735,4.379604053691829,949.4960104622814
2021-11-16,Khavda Renewable Energy Park,SIMULATED,SIMULATED_PVLIB,18983.179015279704,18983.179015279704,142373.84,141661.97,14695.1,85231.58,0.2966,0.7766,7.1187,4.86,100.0,840.5172413793103,4.2006250000000005,0.8616666666666667,40.10716195880601,0.947124933144179,0.82,0.2966,42.70145347361867,47.29854652638133,176.62149724091034,1.3593399034554947,4.360107898903645,947.3953450346061
2021-11-17,Khavda Renewable Energy Park,SIMULATED,SIMULATED_PVLIB,19742.96962816631,19742.96962816631,148072.27,147331.91,14758.83,85601.21,0.3085,0.78,7.4036,5.14,100.0,831.8965517241379,4.441010416666667,0.9204166666666667,38.93362355565732,0.9512323175551993,0.82,0.3085,42.94878029136824,47.05121970863176,176.5761961170963,1.3647729349403896,4.340910721032348,945.1863347025228
2021-11-18,Khavda Renewable Energy Park,SIMULATED,SIMULATED_PVLIB,20000.0,20000.0,150000.0,149250.0,14836.18,86049.84,0.3125,0.7841,7.5,5.43,100.0,752.2413793103449,2.8650366666666667,0.6566666666666666,37.5092157851991,0.9562177447518031,0.82,0.3125,43.19065666925027,46.80934333074973,176.5262799834302,1.3701530420906676,4.322026729601825,942.1606082814473
2021-11-19,Khavda Renewable Energy Park,SIMULATED,SIMULATED_PVLIB,15306.15937365827,15306.15937365827,114796.2,114222.22,11949.02,69304.32,0.2392,0.6315,5.7398,5.71,100.0,682.7586206896552,2.2093499999999997,0.5579166666666666,36.82993824389733,0.9585952161463593,0.82,0.2392,43.426993226908024,46.573006773091976,176.47181949352603,1.3754746745541357,4.3034699898538875,939.2716138906867
2021-11-20,Khavda Renewable Energy Park,SIMULATED,SIMULATED_PVLIB,16906.06395048458,16906.06395048458,126795.48,126161.5,13224.43,76701.69,0.2642,0.6989,6.3398,6.0,100.0,641.8965517241379,2.4478725,0.6575,37.13233180326404,0.9575368386885759,0.82,0.2642,43.65770173473111,46.34229826526889,176.4128865558523,1.3807322036137508,4.2852544350767685,936.7377945416338
2021-11-21,Khavda Renewable Energy Park,SIMULATED,SIMULATED_PVLIB,20000.0,20000.0,150000.0,149250.0,14768.91,85659.68,0.3125,0.7805,7.5,2.0,100.0,749.1379310344828,2.8043354166666665,0.6454166666666666,38.747871620522155,0.9518824493281725,0.82,0.3125,43.88269493379164,46.11730506620836,176.34955436981272,1.3859199255462973,4.267393871732927,935.9608546640604
2021-11-22,Khavda Renewable Energy Park,SIMULATED,SIMULATED_PVLIB,19630.177283149456,19630.177283149456,147226.33,146490.2,14691.71,85211.92,0.3067,0.7765,7.3613,2.29,100.0,773.6206896551724,4.07756125,0.90875,40.16958639490253,0.9469064476178412,0.82,0.3067,44.101886401906064,45.898113598093936,176.28189727507515,1.3910320663129732,4.249901981258028,934.2394181222787
2021-11-23,Khavda Renewable Energy Park,SIMULATED,SIMULATED_PVLIB,19450.705861091476,19450.705861091476,145880.29,145150.89,14525.77,84249.47,0.3039,0.7677,7.294,2.57,97.0,813.2758620689656,4.717,1.0,43.22523583955761,0.9362116745615483,0.82,0.3039,44.31519046493366,45.68480953506634,176.20999059445444,1.3960627876562541,4.23279231845664,932.722768604272
2021-11-24,Khavda Renewable Energy Park,SIMULATED,SIMULATED_PVLIB,18371.39798913005,18371.39798913005,137785.48,137096.55,14723.11,85394.04,0.2871,0.7781,6.8893,2.86,100.0,785.344827586207,4.255129166666666,0.9341666666666667,39.591294973405496,0.9489304675930808,0.82,0.2871,44.52252218416295,45.47747781583705,176.13391062200412,1.4010061954316946,4.216078303730924,930.4440264671837
2021-11-25,Khavda Renewable Energy Park,SIMULATED,SIMULATED_PVLIB,16274.972319919174,16274.972319919174,122062.29,121451.98,12894.84,74790.07,0.2543,0.6815,6.1031,3.14,97.0,740.1724137931035,2.4452212500000003,0.5695833333333334,43.66141900553204,0.9346850334806378,0.82,0.2543,44.72379740983105,45.27620259016895,176.05373488722728,1.4058563500710843,4.199773209800373,927.9951421579276
2021-11-26,Khavda Renewable Energy Park,SIMULATED,SIMULATED_PVLIB,18759.67072497671,18759.67072497671,140697.53,139994.04,14440.57,83755.31,0.2931,0.7632,7.0349,3.43,100.0,731.551724137931,3.613621666666667,0.8516666666666667,44.79422938795115,0.930720197142171,0.82,0.2931,44.91893282702944,45.08106717297056,175.96954273512074,1.4106072774813205,4.183890149092866,926.0084334874587
2021-11-27,Khavda Renewable Energy Park,SIMULATED,SIMULATED_PVLIB,17776.035071172842,17776.035071172842,133320.26,132653.66,14404.58,83546.56,0.2778,0.7613,6.666,3.71,100.0,768.448275862069,4.457,1.0,45.456984434003516,0.9284005544809877,0.82,0.2778,45.107845937846534,44.892154062153466,175.88141618573002,1.4152529789629802,4.16844206667033,924.5911995998812
2021-11-28,Khavda Renewable Energy Park,SIMULATED,SIMULATED_PVLIB,18247.44914950796,18247.44914950796,136855.87,136171.59,14648.45,84961.01,0.2851,0.7742,6.8428,4.0,97.0,763.2758620689656,4.141089583333333,0.9354166666666667,40.96620992807344,0.9441182652517429,0.82,0.2851,45.29045505614555,44.70954494385445,175.78944094400913,1.419787441929829,4.1534417322253505,922.7199503241079
2021-11-29,Khavda Renewable Energy Park,SIMULATED,SIMULATED_PVLIB,9143.945142985967,9143.945142985967,68579.59,68236.69,7130.82,41358.76,0.1429,0.3769,3.429,4.29,100.0,740.344827586207,1.3293508333333333,0.3095833333333333,39.070918418893385,0.9507517855338732,0.82,0.1429,45.46667951603688,44.53332048396312,175.69370741553132,1.424204656496746,4.138901713683151,920.681649482679
2021-11-30,Khavda Renewable Energy Park,SIMULATED,SIMULATED_PVLIB,6845.766641491201,6845.766641491201,51343.25,51086.53,5239.19,30387.3,0.107,0.2769,2.5672,4.57,100.0,734.1379310344828,0.975791666666667,0.22916666666666674,38.8160600133901,0.9516437899531347,0.82,0.107,45.63644023920882,44.36355976079118,175.59431161755947,1.4284986419406083,4.124834319371448,918.8823618458816
2021-12-01,Khavda Renewable Energy Park,SIMULATED,SIMULATED_PVLIB,4568.1017952559005,4568.1017952559005,34260.76,34089.46,3372.78,19562.12,0.0714,0.1783,1.713,4.86,100.0,541.3793103448276,0.6175333333333337,0.19666666666666677,34.13027536926945,0.968044036207557,0.82,0.0714,45.79966053897033,44.20033946102967,175.49135589479374,1.4326634804013312,4.1112515188031,914.9435913409197
2021-12-02,Khavda Renewable Energy Park,SIMULATED,SIMULATED_PVLIB,19286.182144185615,19286.182144185615,144646.37,143923.14,14868.71,86238.52,0.3013,0.7858,7.2323,5.14,100.0,729.6551724137931,4.027453333333334,0.9516666666666667,36.91021852933744,0.958314235147319,0.82,0.3013,45.9562667544421,44.0437332455579,175.38494930896445,1.4366933475584878,4.098164877355114,915.5147596548627
2021-12-03,Khavda Renewable Energy Park,SIMULATED,SIMULATED_PVLIB,18788.012199030196,18788.012199030196,140910.09,140205.54,14881.8,86314.44,0.2936,0.7865,7.0455,5.43,100.0,738.9655172413793,4.286,1.0,36.669052879548936,0.9591583149215788,0.82,0.2936,46.10618828488961,43.89381171511039,175.27520746491246,1.440582528678849,4.085585543034333,914.0394753438654
2021-12-04,Khavda Renewable Energy Park,SIMULATED,SIMULATED_PVLIB,19179.39979343951,19179.39979343951,143845.5,143126.27,14791.91,85793.08,0.2997,0.7818,7.1923,5.71,100.0,736.8965517241379,4.270438333333333,0.9991666666666666,38.324496444473425,0.953364262444343,0.82,0.2997,46.249356930432135,43.750643069567865,175.16225148388276,1.4443254165886632,4.073524294677331,912.4824388435294
2021-12-05,Khavda Renewable Energy Park,SIMULATED,SIMULATED_PVLIB,19710.36435675714,19710.36435675714,147827.73,147088.59,14757.08,85591.06,0.308,0.7799,7.3914,6.0,100.0,756.7241379310345,4.389,1.0,38.96586685314084,0.9511194660140071,0.82,0.308,46.385705932126015,43.614294067873985,175.0462060114312,1.4479165009624073,4.061991617988824,911.2353251558008
2021-12-06,Khavda Renewable Energy Park,SIMULATED,SIMULATED_PVLIB,19466.283127628878,19466.283127628878,145997.12,145267.13,14854.39,86155.46,0.3042,0.7851,7.2999,2.0,100.0,753.7931034482759,4.3647133333333334,0.9983333333333333,37.17390262453209,0.9573913408141377,0.82,0.3042,46.515169378584794,43.484830621415206,174.92719647112847,1.4513503663424159,4.050997750728879,909.7770747230695
2021-12-07,Khavda Renewable Energy Park,SIMULATED,SIMULATED_PVLIB,19474.44776591191,19474.44776591191,146058.36,145328.07,14874.01,86269.26,0.3043,0.7861,7.3029,2.29,100.0,733.6206896551724,4.2372708333333335,0.9958333333333333,36.812480083881894,0.9586563197064134,0.82,0.3043,46.63768247855353,43.36231752144647,174.8053461302643,1.4546217128185013,4.040552652083132,908.1741738991415
2021-12-08,Khavda Renewable Energy Park,SIMULATED,SIMULATED_PVLIB,20000.0,20000.0,150000.0,149250.0,14834.89,86042.36,0.3125,0.784,7.5,2.57,100.0,737.2413793103449,4.261746666666666,0.9966666666666667,37.53301388463953,0.9561344514037616,0.82,0.3125,46.75318269759354,43.24681730240646,174.68077365221643,1.4577254003718936,4.03066589512039,906.9090043956556
2021-12-09,Khavda Renewable Energy Park,SIMULATED,SIMULATED_PVLIB,19874.729011849413,19874.729011849413,149060.47,148315.17,14951.29,86717.48,0.3105,0.7902,7.453,2.86,100.0,754.8275862068966,4.368879166666667,0.9979166666666667,35.38947082384397,0.9636368521165461,0.82,0.3105,46.861611273654006,43.138388726345994,174.55359158551596,1.4606565045711026,4.021346524502058,905.8681892683343
2021-12-10,Khavda Renewable Energy Park,SIMULATED,SIMULATED_PVLIB,20000.0,20000.0,150000.0,149250.0,14987.58,86927.96,0.3125,0.7921,7.5,3.14,100.0,752.2413793103449,4.213930833333333,0.9658333333333333,34.72112211371109,0.9659760726020112,0.82,0.3125,46.9629144718554,43.0370855281446,174.42390587185514,1.4634103662952247,4.012602936265507,904.6535366078346
2021-12-11,Khavda Renewable Energy Park,SIMULATED,SIMULATED_PVLIB,19863.62863629836,19863.62863629836,148977.21,148232.32,14937.57,86637.91,0.3104,0.7895,7.4489,3.43,100.0,766.0344827586207,4.1060725,0.9241666666666667,35.642028875249764,0.9627528989366259,0.82,0.3104,47.05704416745472,42.94295583254528,174.2918161210814,1.4659826235990439,4.004442816987158,903.6946246828028
2021-12-12,Khavda Renewable Energy Park,SIMULATED,SIMULATED_PVLIB,20000.0,20000.0,150000.0,149250.0,14775.57,85698.31,0.3125,0.7809,7.5,3.71,100.0,735.8620689655172,3.5495533333333333,0.8316666666666667,38.6252413266702,0.9523116553566543,0.82,0.3125,47.14395773995997,42.85604226004003,174.15741632713957,1.468369224306839,3.9968731447907664,902.2861097658681
2021-12-13,Khavda Renewable Energy Park,SIMULATED,SIMULATED_PVLIB,19055.714246927266,19055.714246927266,142917.86,142203.27,14871.2,86252.96,0.2977,0.7859,7.1459,4.0,100.0,742.9310344827586,4.186911666666667,0.9716666666666667,36.86431231166709,0.9584749069091651,0.82,0.2977,47.22361754781077,42.77638245218923,174.0207958105691,1.4705664259967168,3.9899002288332643,901.3803227730701
2021-12-14,Khavda Renewable Energy Park,SIMULATED,SIMULATED_PVLIB,19726.494822719513,19726.494822719513,147948.71,147208.97,14966.59,86806.22,0.3082,0.791,7.3974,4.29,100.0,755.0,4.379,1.0,35.10765696256919,0.9646232006310078,0.82,0.3082,47.295990303789125,42.704009696210875,173.88204025891127,1.4725707918714346,3.9835297588841594,900.6008348785479
2021-12-15,Khavda Renewable Energy Park,SIMULATED,SIMULATED_PVLIB,19537.82870896256,19537.82870896256,146533.72,145801.05,14956.98,86750.48,0.3053,0.7905,7.3267,4.57,100.0,757.0689655172414,4.391,1.0,35.2846588030295,0.9640036941893968,0.82,0.3053,47.36104653973291,42.63895346026709,173.74123279814535,1.4743791877254175,3.9777668480209596,899.773037214572
2021-12-16,Khavda Renewable Energy Park,SIMULATED,SIMULATED_PVLIB,18999.705412499894,18999.705412499894,142497.79,141785.3,15045.3,87262.74,0.2969,0.7952,7.1249,4.86,100.0,749.3103448275863,4.327891666666667,0.9958333333333333,33.658329864731094,0.9696958454734411,0.82,0.2969,47.418760195058766,42.581239804941234,173.59845494841056,1.4759887810858532,3.9742723250092107,899.4010274653313
2021-12-17,Khavda Renewable Energy Park,SIMULATED,SIMULATED_PVLIB,19017.811116703804,19017.811116703804,142633.58,141920.41,15270.26,88567.51,0.2972,0.807,7.1317,5.14,100.0,745.1724137931035,3.936621666666667,0.9108333333333334,29.51577330169013,0.9841947934440846,0.82,0.2972,47.469108281151264,42.530891718848736,173.45378731868118,1.4773970413024158,3.9730513730396324,899.6447749631106
2021-12-18,Khavda Renewable Energy Park,SIMULATED,SIMULATED_PVLIB,20000.0,20000.0,150000.0,149250.0,15238.73,88384.63,0.3125,0.8054,7.5,5.43,100.0,753.1034482758621,4.24606,0.9720833333333333,30.09631017318095,0.9821629143938667,0.82,0.3125,47.512070574090295,42.487929425909705,173.30730996514637,1.4786017393195474,3.972451811581899,900.10313846707
2021-12-19,Khavda Renewable Energy Park,SIMULATED,SIMULATED_PVLIB,19478.05390210457,19478.05390210457,146085.4,145354.97,15156.14,87905.61,0.3043,0.801,7.3043,5.71,100.0,744.3103448275863,2.87260375,0.6654166666666667,31.61711707183926,0.9768400902485626,0.82,0.3043,47.54762932431307,42.45237067568693,173.1591024385491,1.4796009468462645,3.9724769029250915,900.4392524281315
2021-12-20,Khavda Renewable Energy Park,SIMULATED,SIMULATED_PVLIB,18750.86396551529,18750.86396551529,140631.48,139928.32,14938.72,86644.58,0.293,0.7895,7.0316,6.0,100.0,746.2068965517242,3.2802633333333335,0.7579166666666667,35.620941077624124,0.9628267062283156,0.82,0.293,47.57576900048851,42.42423099951149,173.00924364550258,1.4803930354415915,3.9731294612394183,900.9744258898918
2021-12-21,Khavda Renewable Energy Park,SIMULATED,SIMULATED_PVLIB,19993.292321449873,19993.292321449873,149949.69,149199.94,14852.7,86145.66,0.3124,0.785,7.4975,2.0,100.0,724.3103448275863,4.018956666666666,0.9566666666666667,37.20493906691667,0.9572827132657916,0.82,0.3124,47.59647609936091,42.40352390063909,172.85781165337426,1.4809766764484968,3.974411867143727,901.3049724302159
2021-12-22,Khavda Renewable Energy Park,SIMULATED,SIMULATED_PVLIB,20000.0,20000.0,150000.0,149250.0,14836.86,86053.79,0.3125,0.7841,7.5,2.29,100.0,696.0344827586207,3.5206004166666665,0.8720833333333333,37.49657142398148,0.9562620000160649,0.82,0.3125,47.6097390454084,42.3902609545916,172.7048835833018,1.4813508424872002,3.9763260744421594,901.6349018867443
2021-12-23,Khavda Renewable Energy Park,SIMULATED,SIMULATED_PVLIB,18714.61963572222,18714.61963572222,140359.65,139657.85,14968.14,86815.21,0.2924,0.7911,7.018,2.57,100.0,637.7586206896552,3.1456912499999996,0.8504166666666666,35.07917947666976,0.9647228718316558,0.82,0.2924,47.61554817783985,42.38445182216015,172.5505357393572,1.4815148104628302,3.978873609190784,901.687556101167
2021-12-24,Khavda Renewable Energy Park,SIMULATED,SIMULATED_PVLIB,18882.596621710043,18882.596621710043,141619.47,140911.37,14773.86,85688.39,0.295,0.7808,7.081,2.86,100.0,678.1034482758621,3.42990375,0.8720833333333333,38.65682673325132,0.9522011064336203,0.82,0.295,47.61389579418701,42.38610420581299,172.39484408592307,1.4814681652219543,3.982055563836424,902.9691640573498
2021-12-25,Khavda Renewable Energy Park,SIMULATED,SIMULATED_PVLIB,19019.92209461194,19019.92209461194,142649.42,141936.17,14660.98,85033.68,0.2972,0.7748,7.1325,3.14,100.0,703.6206896551726,3.883751666666667,0.9516666666666667,40.735383551889775,0.9449261575683858,0.82,0.2972,47.60477622075586,42.39522377924414,172.23788511928956,1.4812108030021593,3.9858725891086872,904.1508656282249
2021-12-26,Khavda Renewable Energy Park,SIMULATED,SIMULATED_PVLIB,5342.082958619965,5342.082958619965,40065.62,39865.29,3847.0,22312.6,0.0835,0.2033,2.0033,3.43,100.0,564.3103448275863,0.7050587500000002,0.2154166666666667,34.40443171322832,0.9670844890037009,0.82,0.0835,47.58818593778832,42.41181406221168,172.07973703404218,1.4807429354358035,3.9903248811638616,903.4756318412374
2021-12-27,Khavda Renewable Energy Park,SIMULATED,SIMULATED_PVLIB,4425.684811487275,4425.684811487275,33192.64,33026.68,3308.6,19189.88,0.0692,0.1749,1.6596,3.71,100.0,517.0689655172414,0.6010495833333335,0.2004166666666667,31.952152781633036,0.9756674652642844,0.82,0.0692,47.56412385490534,42.43587614509466,171.92048101661237,1.4800650967646223,3.995412155379036,903.9517194050612
2021-12-28,Khavda Renewable Energy Park,SIMULATED,SIMULATED_PVLIB,18406.232210646693,18406.232210646693,138046.74,137356.51,13605.11,78909.64,0.2876,0.719,6.9023,4.0,100.0,656.0344827586207,2.4716645833333337,0.6495833333333334,31.966179938825068,0.9756183702141122,0.82,0.2876,47.53259182420081,42.46740817579919,171.7602025036649,1.4791781566435722,4.001133598974588,906.6811347909866
2021-12-29,Khavda Renewable Energy Park,SIMULATED,SIMULATED_PVLIB,19379.98635310378,19379.98635310378,145349.9,144623.15,15218.93,88269.79,0.3028,0.8043,7.2675,4.29,100.0,735.5172413793103,4.2642225,0.9995833333333334,30.46101151558049,0.9808864596954683,0.82,0.3028,47.49359533271435,42.50640466728565,171.59899229872917,1.4780833367458657,4.007487807857601,908.7858803277013
2021-12-30,Khavda Renewable Energy Park,SIMULATED,SIMULATED_PVLIB,18733.438843705222,18733.438843705222,140500.79,139798.29,15201.85,88170.73,0.2927,0.8034,7.025,4.57,97.0,726.0344827586207,2.90559,0.69,30.775423669412007,0.9797860171570579,0.82,0.2927,47.44714410075888,42.55285589924112,171.43694741285003,1.4767822233258452,4.014472732538863,909.9199620967754
2021-12-31,Khavda Renewable Energy Park,SIMULATED,SIMULATED_PVLIB,20000.0,20000.0,150000.0,149250.0,15179.41,88040.58,0.3125,0.8022,7.5,4.86,100.0,715.8620689655172,2.7282100000000002,0.6570833333333334,28.95610438593288,0.9861536346492349,0.82,0.3125,47.393252203532086,42.606747796467914,171.27417140478656,1.4752767649865066,4.022085667723473,911.1164109728654
2022-01-01,Khavda Renewable Energy Park,SIMULATED,SIMULATED_PVLIB,18737.42518696699,18737.42518696699,140530.69,139828.04,14314.41,83023.58,0.2928,0.7565,7.0265,5.14,100.0,716.0344827586207,2.586972916666666,0.6229166666666666,30.505904140810582,0.980729335507163,0.82,0.2928,47.33193749626108,42.66806250373892,171.11077388552553,1.4735692497470356,4.030323305263508,912.5035430625263
2022-01-02,Khavda Renewable Energy Park,SIMULATED,SIMULATED_PVLIB,19994.43931746897,19994.43931746897,149958.29,149208.5,15099.08,87574.66,0.3124,0.798,7.4979,5.43,100.0,726.8965517241379,3.7417,0.8875,32.668008743989105,0.9731619693960382,0.82,0.3124,47.2632205185641,42.7367794814359,170.94686896034477,1.471662266794211,4.039181834295326,914.0843952050419
2022-01-03,Khavda Renewable Energy Park,SIMULATED,SIMULATED_PVLIB,12441.588800438243,12441.588800438243,93311.92,92845.36,9633.28,55873.02,0.1944,0.5091,4.6656,5.71,100.0,665.3448275862069,1.7671004166666666,0.45791666666666664,34.64856885016525,0.9662300090244216,0.82,0.1944,47.187123435116575,42.812876564883425,170.78257270875542,1.4695586688774103,4.048657038030932,914.8846223045815
2022-01-04,Khavda Renewable Energy Park,SIMULATED,SIMULATED_PVLIB,11416.326155536828,11416.326155536828,85622.45,85194.34,8743.43,50711.89,0.1784,0.4621,4.2811,6.0,100.0,620.1724137931035,1.6126550000000004,0.4483333333333335,36.152614926351205,0.9609658477577708,0.82,0.1784,47.10366963847601,42.89633036152399,170.61800018210965,1.467261552797042,4.058744330816519,915.942978830918
2022-01-05,Khavda Renewable Energy Park,SIMULATED,SIMULATED_PVLIB,4397.8771070948205,4397.8771070948205,32984.08,32819.16,3242.31,18805.4,0.0687,0.1714,1.6492,2.0,100.0,358.62068965517244,0.5815333333333332,0.2795833333333333,28.370080578578033,0.9882047179749769,0.82,0.0687,47.01288429415047,42.98711570584953,170.45326261375567,1.4647742653017333,4.069438710666962,914.532279406016
2022-01-06,Khavda Renewable Energy Park,SIMULATED,SIMULATED_PVLIB,15777.623940907744,15777.623940907744,118332.18,117740.52,11454.04,66433.43,0.2465,0.6054,5.9166,2.29,100.0,656.551724137931,2.1182,0.55625,36.877806983414615,0.9584276755580489,0.82,0.2465,46.91479556859475,43.08520443140525,170.28846538006337,1.4621004265327346,4.080734651259186,919.7377347101105
2022-01-07,Khavda Renewable Energy Park,SIMULATED,SIMULATED_PVLIB,14683.314502762489,14683.314502762489,110124.86,109574.24,10681.71,61953.92,0.2294,0.5645,5.5062,2.57,100.0,521.3793103448276,1.9189800000000006,0.6345833333333335,28.830616598355373,0.9865928419057562,0.82,0.2294,46.809435912037586,43.190564087962414,170.12370690087937,1.4592439532450814,4.092625990322289,919.9332211087693
2022-01-08,Khavda Renewable Energy Park,SIMULATED,SIMULATED_PVLIB,19112.50819478961,19112.50819478961,143343.81,142627.09,15011.85,87068.73,0.2986,0.7934,7.1672,2.86,100.0,727.7586206896552,4.04336625,0.9579166666666666,34.27425466355705,0.9675401086775504,0.82,0.2986,46.69684281468349,43.30315718531651,169.95907833121282,1.456209065933295,4.105105866648755,924.1895977947418
2022-01-09,Khavda Renewable Energy Park,SIMULATED,SIMULATED_PVLIB,18508.389197985027,18508.389197985027,138812.92,138118.86,14874.5,86272.1,0.2892,0.7861,6.9406,3.14,100.0,777.4137931034483,4.47330375,0.9920833333333333,36.803591705268886,0.9586874290315589,0.82,0.2892,46.57705883977985,43.42294116022015,169.794663756006,1.4530002750700495,4.11816672292995,926.6696489610546
2022-01-10,Khavda Renewable Energy Park,SIMULATED,SIMULATED_PVLIB,20000.0,20000.0,150000.0,149250.0,15051.04,87296.03,0.3125,0.7955,7.5,3.43,100.0,775.8620689655172,4.49625,0.9991666666666666,33.552665892093685,0.9700656693776721,0.82,0.3125,46.45013114397398,43.54986885602602,169.6305406833742,1.4496223528935985,4.131800355017048,928.6073968637618
2022-01-11,Khavda Renewable Energy Park,SIMULATED,SIMULATED_PVLIB,20000.0,20000.0,150000.0,149250.0,15138.98,87806.08,0.3125,0.8001,7.5,3.71,100.0,776.2068965517242,4.502,1.0,31.933259495939836,0.9757335917642106,0.82,0.3125,46.31611085733827,43.68388914266173,169.4667807182558,1.4460803013145291,4.145997973935006,930.6229273761967
2022-01-12,Khavda Renewable Energy Park,SIMULATED,SIMULATED_PVLIB,19391.169745792395,19391.169745792395,145433.77,144706.6,15126.22,87732.08,0.303,0.7994,7.2717,4.0,100.0,777.5862068965517,4.506241666666666,0.9991666666666666,32.16813940409113,0.974911512085681,0.82,0.303,46.175052570787905,43.824947429212095,169.30345033885555,1.442379322789331,4.160750258434164,932.7042259577172
2022-01-13,Khavda Renewable Energy Park,SIMULATED,SIMULATED_PVLIB,17817.436663900266,17817.436663900266,133630.77,132962.62,15065.06,87377.35,0.2784,0.7962,6.6815,4.29,95.0,786.3793103448276,4.561,1.0,33.2943865156118,0.9709696471953587,0.82,0.2784,46.02701395796567,43.97298604203433,169.14061165860085,1.438524794905055,4.1760473957082,934.9240114406632
2022-01-14,Khavda Renewable Energy Park,SIMULATED,SIMULATED_PVLIB,19995.62151306389,19995.62151306389,149967.16,149217.32,15165.63,87960.65,0.3124,0.8015,7.4984,4.57,100.0,792.5862068965517,4.597,1.0,31.44246845803384,0.9774513603968815,0.82,0.3124,45.87205544287394,44.12794455712606,168.97832301597805,1.4345222463612526,4.191879118180958,937.1631086626963
2022-01-15,Khavda Renewable Energy Park,SIMULATED,SIMULATED_PVLIB,20000.0,20000.0,150000.0,149250.0,15181.8,88054.44,0.3125,0.8024,7.5,4.86,100.0,793.7931034482759,4.604,1.0,31.144727522265136,0.9784934536720721,0.82,0.3125,45.7102398488675,44.2897601511325,168.81663931411833,1.4303773327738216,4.208234742004138,939.3911281860439
2022-01-16,Khavda Renewable Energy Park,SIMULATED,SIMULATED_PVLIB,20000.0,20000.0,150000.0,149250.0,15097.21,87563.82,0.3125,0.7979,7.5,5.14,100.0,794.3103448275863,4.607,1.0,32.70229798566918,0.9730419570501578,0.82,0.3125,45.54163204600627,44.45836795399373,168.65561207816017,1.4260958128812466,4.223190987508489,941.092986216994
2022-01-17,Khavda Renewable Energy Park,SIMULATED,SIMULATED_PVLIB,19702.431386156804,19702.431386156804,147768.24,147029.4,14892.82,86378.36,0.3079,0.7871,7.3884,5.43,100.0,773.6206896551724,3.8008629166666665,0.8470833333333333,36.466137844545656,0.9598685175440902,0.82,0.3079,45.36629863208711,44.63370136791289,168.4952893047166,1.421683526155763,4.23673325443502,942.0304603845448
2022-01-18,Khavda Renewable Energy Park,SIMULATED,SIMULATED_PVLIB,19020.740943343495,19020.740943343495,142655.56,141942.28,14809.63,85895.85,0.2972,0.7827,7.1328,5.71,100.0,788.448275862069,4.573,1.0,37.99817314805287,0.9545063939818149,0.82,0.2972,45.184307655835504,44.815692344164496,168.3357152048602,1.4171463720795896,4.250760944918517,943.4306987672563
2022-01-19,Khavda Renewable Energy Park,SIMULATED,SIMULATED_PVLIB,18823.476715634795,18823.476715634795,141176.08,140470.2,14936.87,86633.85,0.2941,0.7894,7.0588,6.0,100.0,786.8965517241379,4.564,1.0,35.65507360901282,0.9627072423684552,0.82,0.2941,44.995728380702566,45.004271619297434,168.17692996992412,1.4124902910678494,4.2652620283318585,944.6839226254543
2022-01-20,Khavda Renewable Energy Park,SIMULATED,SIMULATED_PVLIB,20000.0,20000.0,150000.0,149250.0,14936.42,86631.24,0.3125,0.7894,7.5,2.0,100.0,764.8275862068966,4.365763333333333,0.9841666666666666,35.66331044511267,0.9626784134421057,0.82,0.3125,44.800631120367065,45.199368879632935,168.0189697487267,1.4077212478010683,4.280224224297717,945.7396361480423
2022-01-21,Khavda Renewable Energy Park,SIMULATED,SIMULATED_PVLIB,20000.0,20000.0,150000.0,149250.0,15066.83,87387.61,0.3125,0.7963,7.5,2.29,100.0,758.1034482758621,4.13318,0.94,33.2617602212491,0.9710838392256281,0.82,0.3125,44.59908721467348,45.40091278532652,167.8618670101937,1.402845218558045,4.295635012267289,947.015764094046
2022-01-22,Khavda Renewable Energy Park,SIMULATED,SIMULATED_PVLIB,19766.99143496755,19766.99143496755,148252.44,147511.18,15190.68,88105.94,0.3089,0.8028,7.4126,2.57,100.0,811.551724137931,4.5069525,0.9575,30.98111857377994,0.9790660849917702,0.82,0.3089,44.39116919134308,45.60883080865692,167.70565140462577,1.3978681834233244,4.3114816253279225,949.035192242592
2022-01-23,Khavda Renewable Energy Park,SIMULATED,SIMULATED_PVLIB,20000.0,20000.0,150000.0,149250.0,15017.8,87103.24,0.3125,0.7937,7.5,2.86,100.0,859.8275862068966,4.987,1.0,34.164654991574395,0.9679237075294896,0.82,0.3125,44.17695109542474,45.82304890457526,167.55035110066888,1.3927961226323187,4.327751030220964,951.0304809366575
2022-01-24,Khavda Renewable Energy Park,SIMULATED,SIMULATED_PVLIB,20000.0,20000.0,150000.0,149250.0,14713.61,85338.94,0.3125,0.7776,7.5,3.14,100.0,858.7931034482759,4.981,1.0,39.76635208639042,0.9483177676976335,0.82,0.3125,43.95650893201914,46.04349106798086,167.39599443728764,1.3876350154825055,4.344429898656505,952.4825174397297
2022-01-25,Khavda Renewable Energy Park,SIMULATED,SIMULATED_PVLIB,20000.0,20000.0,150000.0,149250.0,14706.54,85297.93,0.3125,0.7772,7.5,3.43,100.0,861.3793103448276,4.996,1.0,39.89648162248895,0.9478623143212886,0.82,0.3125,43.729921176387016,46.270078823612984,167.24261170436876,1.3823908405364176,4.361504574179752,954.0089764613725
2022-01-26,Khavda Renewable Energy Park,SIMULATED,SIMULATED_PVLIB,19046.7015216918,19046.7015216918,142850.26,142136.01,14767.83,85653.41,0.2976,0.7805,7.1425,3.71,100.0,862.0689655172414,5.0,1.0,38.76784135481077,0.9518125552581623,0.82,0.2976,43.49726931013469,46.50273068986531,167.09023685298666,1.3770695760385516,4.37896103835486,955.5429757996217
2022-01-27,Khavda Renewable Energy Park,SIMULATED,SIMULATED_PVLIB,20000.0,20000.0,150000.0,149250.0,14764.22,85632.48,0.3125,0.7803,7.5,4.0,100.0,882.0689655172414,5.094683333333333,0.9958333333333333,38.83424106259737,0.9515801562809092,0.82,0.3125,43.25863826497981,46.74136173502019,166.93890893874845,1.371677197824755,4.396784886400014,957.3305763003298
2022-01-28,Khavda Renewable Energy Park,SIMULATED,SIMULATED_PVLIB,19831.14726932841,19831.14726932841,148733.6,147989.93,14757.36,85592.69,0.3099,0.7799,7.4367,4.29,100.0,881.8965517241379,5.115,1.0,38.960590011171625,0.9511379349608993,0.82,0.3099,43.014116545989445,46.985883454010555,166.78867303324682,1.366219669839606,4.414961331189753,958.9070366738981
2022-01-29,Khavda Renewable Energy Park,SIMULATED,SIMULATED_PVLIB,19503.775187292482,19503.775187292482,146278.31,145546.92,14642.14,84924.41,0.3047,0.7738,7.3139,4.57,100.0,876.3793103448276,5.083,1.0,41.082326906570266,0.9437118558270041,0.82,0.3047,42.76379581446777,47.23620418553223,166.63958027335593,1.3607029230844576,4.4334752530759465,960.4436471101922
2022-01-30,Khavda Renewable Energy Park,SIMULATED,SIMULATED_PVLIB,20000.0,20000.0,150000.0,149250.0,14857.91,86175.88,0.3125,0.7852,7.5,4.86,100.0,833.448275862069,4.104871666666666,0.8491666666666666,37.10906138900266,0.9576182851384907,0.82,0.3125,42.507769932679246,47.492230067320754,166.4916868277768,1.355132824138669,4.452311293785495,961.5624536661697
2022-01-31,Khavda Renewable Energy Park,SIMULATED,SIMULATED_PVLIB,19219.296437165056,19219.296437165056,144144.72,143424.0,14879.48,86300.98,0.3003,0.7864,7.2072,5.14,97.0,846.7241379310345,4.880306249999999,0.99375,36.71180520019578,0.9590086817993148,0.82,0.3003,42.24613382319799,47.75386617680201,166.3450518063555,1.3495151418944349,4.471453963657305,963.3575178361436
2022-02-01,Khavda Renewable Energy Park,SIMULATED,SIMULATED_PVLIB,19321.132136065287,19321.132136065287,144908.49,144183.95,14508.71,84150.52,0.3019,0.7668,7.2454,5.43,100.0,849.3103448275863,3.7314450000000003,0.7575000000000001,43.539429516655645,0.9351119966917052,0.82,0.3019,41.97898269318096,48.02101730681904,166.19973450658824,1.343855524502955,4.490887716404707,965.0430036993077
2022-02-02,Khavda Renewable Energy Park,SIMULATED,SIMULATED_PVLIB,19170.94627497293,19170.94627497293,143782.1,143063.19,14931.33,86601.71,0.2995,0.7891,7.1891,5.71,97.0,842.7586206896552,4.028526666666667,0.8241666666666667,35.75709840831628,0.962350155570893,0.82,0.2995,41.706412026793984,48.293587973206016,166.05579158059004,1.3381594941960069,4.510596959489342,966.6347129791848
2022-02-03,Khavda Renewable Energy Park,SIMULATED,SIMULATED_PVLIB,19267.56279078108,19267.56279078108,144506.72,143784.19,14729.01,85428.26,0.3011,0.7784,7.2253,6.0,100.0,913.1034482758621,5.296,1.0,39.48262725550423,0.9493108046057352,0.82,0.3011,41.428518309369935,48.571481690630065,165.91327466352118,1.332432457686901,4.530566005360623,969.1378665631742
2022-02-04,Khavda Renewable Energy Park,SIMULATED,SIMULATED_PVLIB,19008.181453048917,19008.181453048917,142561.36,141848.55,14876.13,86281.55,0.297,0.7862,7.1281,2.0,100.0,913.9655172413793,5.301,1.0,36.773485367515875,0.9587928012136945,0.82,0.297,41.14540003011944,48.85459996988056,165.77222875088796,1.3266797215030883,4.55077900242311,970.8357541226138
2022-02-05,Khavda Renewable Energy Park,SIMULATED,SIMULATED_PVLIB,20000.0,20000.0,150000.0,149250.0,14882.94,86321.05,0.3125,0.7866,7.5,2.29,100.0,900.5172413793103,5.20776625,0.9970833333333333,36.64816285167422,0.9592314300191402,0.82,0.3125,40.85715841890493,49.14284158109507,165.63269130296976,1.3209065008290475,4.571219890354244,972.3721285354337
2022-02-06,Khavda Renewable Energy Park,SIMULATED,SIMULATED_PVLIB,19587.840014228164,19587.840014228164,146908.8,146174.26,14842.27,86085.17,0.3061,0.7844,7.3454,2.57,100.0,892.9310344827586,4.9891033333333334,0.9633333333333334,37.39712173699589,0.9566100739205143,0.82,0.3061,40.56389762994979,49.43610237005021,165.49469190677632,1.3151179167532192,4.59187240187486,973.9808255782384
2022-02-07,Khavda Renewable Energy Park,SIMULATED,SIMULATED_PVLIB,19050.62445978274,19050.62445978274,142879.68,142165.28,14804.51,85866.16,0.2977,0.7824,7.144,2.86,100.0,826.3793103448276,4.515405416666667,0.9420833333333334,38.0923764922289,0.9541766822771989,0.82,0.2977,40.265724455618546,49.734275544381454,165.35825232324498,1.309318984638662,4.612720102606134,974.9001936133229
2022-02-08,Khavda Renewable Energy Park,SIMULATED,SIMULATED_PVLIB,20000.0,20000.0,150000.0,149250.0,14824.27,85980.77,0.3125,0.7835,7.5,3.14,100.0,818.448275862069,4.50371625,0.94875,37.72841972974177,0.9554505309459038,0.82,0.3125,39.96274785322717,50.03725214677283,165.22338679537108,1.3035145999466584,4.633746445155182,976.5049250469182
2022-02-09,Khavda Renewable Energy Park,SIMULATED,SIMULATED_PVLIB,20000.0,20000.0,150000.0,149250.0,14619.96,84795.77,0.3125,0.7727,7.5,3.43,100.0,909.8275862068966,5.277,1.0,41.490867727308405,0.9422819629544206,0.82,0.3125,39.655078505493556,50.344921494506444,165.0901025405002,1.2977095260130576,4.654934819480572,979.2691436752481
2022-02-10,Khavda Renewable Energy Park,SIMULATED,SIMULATED_PVLIB,20000.0,20000.0,150000.0,149250.0,14729.64,85431.91,0.3125,0.7785,7.5,3.71,100.0,950.344827586207,5.512,1.0,39.47102394491043,0.9493514161928135,0.82,0.3125,39.34282846615496,50.65717153384504,164.95840029766464,1.2919083846410928,4.67626859556087,981.4317009549668
2022-02-11,Khavda Renewable Energy Park,SIMULATED,SIMULATED_PVLIB,19572.910064341395,19572.910064341395,146796.83,146062.85,14688.05,85190.69,0.3058,0.7763,7.3398,4.0,100.0,961.3793103448277,5.576,1.0,40.237049537385786,0.9466703266191497,0.82,0.3058,39.02611083880907,50.97388916119093,164.82827478375714,1.2861156483720055,4.69773116257254,983.2406006523511
2022-02-12,Khavda Renewable Energy Park,SIMULATED,SIMULATED_PVLIB,19681.90140216825,19681.90140216825,147614.26,146876.19,14346.06,83207.15,0.3075,0.7582,7.3807,4.29,100.0,964.6551724137931,5.595,1.0,46.53461271108081,0.9246288555112172,0.82,0.3075,38.70503945724609,51.29496054275391,164.69971492665263,1.2803356337718166,4.719305967036937,984.94791009262
2022-02-13,Khavda Renewable Energy Park,SIMULATED,SIMULATED_PVLIB,19323.770867247156,19323.770867247156,144928.28,144203.64,14694.29,85226.88,0.3019,0.7766,7.2464,4.57,100.0,962.5862068965517,5.583,1.0,40.121964987130106,0.9470731225450446,0.82,0.3019,38.3797285852538,51.6202714147462,164.57270381147077,1.2745724960158216,4.740976548500936,986.5795727493053
2022-02-14,Khavda Renewable Energy Park,SIMULATED,SIMULATED_PVLIB,19296.010337216117,19296.010337216117,144720.08,143996.48,14633.54,84874.53,0.3015,0.7734,7.236,4.86,100.0,948.2758620689656,5.495416666666666,0.9991666666666666,41.24073303533143,0.94315743437634,0.82,0.3015,38.05029264637853,51.94970735362147,164.4472183562675,1.2688302248786065,4.762726571963787,988.0525274051868
2022-02-15,Khavda Renewable Energy Park,SIMULATED,SIMULATED_PVLIB,18233.199841709917,18233.199841709917,136749.0,136065.26,14426.82,83675.56,0.2849,0.7625,6.8374,5.14,100.0,957.9310344827586,5.556,1.0,45.04738735534633,0.9298341442562879,0.82,0.2849,37.71684595088578,52.28315404911422,164.3232288028396,1.2631126414765503,4.78136351027704,988.9713508814884
2022-02-16,Khavda Renewable Energy Park,SIMULATED,SIMULATED_PVLIB,19027.544045073944,19027.544045073944,142706.58,141993.05,14433.56,83714.65,0.2973,0.7628,7.1353,5.43,100.0,970.1724137931035,5.624655416666667,0.9995833333333334,44.92343213883551,0.9302679875140757,0.82,0.2973,37.37950239496629,52.62049760503371,164.20069817064768,1.2574233953134006,4.800049506528013,989.910123705838
2022-02-17,Khavda Renewable Energy Park,SIMULATED,SIMULATED_PVLIB,18759.4773576431,18759.4773576431,140696.08,139992.6,14417.21,83619.82,0.2931,0.762,7.0348,5.71,100.0,966.0344827586207,5.5889925,0.9975,45.22450190461501,0.9292142433338475,0.82,0.2931,37.03837519208924,52.96162480791076,164.07958188851126,1.2517659626293882,4.818768850381288,990.644562836108
2022-02-18,Khavda Renewable Energy Park,SIMULATED,SIMULATED_PVLIB,18065.200077013746,18065.200077013746,135489.0,134811.56,14518.43,84206.89,0.2823,0.7673,6.7744,6.0,100.0,975.8620689655173,5.66,1.0,43.36039197392243,0.9357386280912715,0.82,0.2823,36.69357678223479,53.30642321776521,163.959827836032,1.246143648306701,4.837506069446687,991.5279245633113
2022-02-19,Khavda Renewable Energy Park,SIMULATED,SIMULATED_PVLIB,19497.53669083933,19497.53669083933,146231.53,145500.37,14464.84,83896.07,0.3046,0.7645,7.3116,2.0,100.0,991.2068965517242,5.732232083333333,0.9970833333333333,44.34739377544996,0.9322841217859251,0.82,0.3046,36.345219041714266,53.654780958285734,163.84137701520888,1.2405595928983768,4.856245921784938,992.4591795904477
2022-02-20,Khavda Renewable Energy Park,SIMULATED,SIMULATED_PVLIB,19540.093112768594,19540.093112768594,146550.7,145817.95,14551.27,84397.37,0.3053,0.769,7.3275,2.29,100.0,996.0344827586207,5.777,1.0,42.755737607596124,0.9378549183734136,0.82,0.3053,35.99341379507343,54.00658620492657,163.72416492495802,1.2350167841968986,4.874973367407576,993.2484932198826
2022-02-21,Khavda Renewable Energy Park,SIMULATED,SIMULATED_PVLIB,20000.0,20000.0,150000.0,149250.0,14808.9,85891.62,0.3125,0.7827,7.5,2.57,100.0,995.8620689655173,5.776,1.0,38.011524800181526,0.9544596631993647,0.82,0.3125,35.638273497802956,54.361726502197044,163.60812356060342,1.229518070737901,4.893673529455694,993.9584746593171
2022-02-22,Khavda Renewable Energy Park,SIMULATED,SIMULATED_PVLIB,20000.0,20000.0,150000.0,149250.0,14855.44,86161.55,0.3125,0.7851,7.5,2.86,100.0,990.5172413793103,5.72345625,0.99625,37.154530489646596,0.9574591432862369,0.82,0.3125,35.27991191883124,54.72008808116876,163.49318381560215,1.224066174339673,4.912331657911787,994.585139402255
2022-02-23,Khavda Renewable Energy Park,SIMULATED,SIMULATED_PVLIB,19457.03174611516,19457.03174611516,145927.74,145198.1,14577.67,84550.49,0.304,0.7704,7.2964,3.14,100.0,1010.1724137931035,5.8565587500000005,0.9995833333333334,42.26956980967215,0.9395565056661475,0.82,0.304,34.91844469935872,55.08155530064128,163.37927795305336,1.2186636998636973,4.9309331045234766,995.4799298334136
2022-02-24,Khavda Renewable Energy Park,SIMULATED,SIMULATED_PVLIB,19080.858364659816,19080.858364659816,143106.44,142390.91,14236.79,82573.38,0.2981,0.7524,7.1553,3.43,100.0,1024.4827586206898,5.942,1.0,48.54675664013846,0.9175863517595154,0.82,0.2981,34.5539897012204,55.4460102987796,163.2663418181612,1.2133131411788913,4.949463314431035,996.2855848398307
2022-02-25,Khavda Renewable Energy Park,SIMULATED,SIMULATED_PVLIB,19234.78591204457,19234.78591204457,144260.89,143539.59,14482.45,83998.21,0.3005,0.7654,7.213,3.71,100.0,1030.344827586207,5.976,1.0,44.02297400131362,0.9334195909954023,0.82,0.3005,34.18666706079516,55.81333293920484,163.1543164022812,1.2080168825287059,4.967907839294713,996.9639316331888
2022-02-26,Khavda Renewable Energy Park,SIMULATED,SIMULATED_PVLIB,19149.42659054598,19149.42659054598,143620.7,142902.6,14568.96,84499.97,0.2992,0.77,7.181,4.0,100.0,1023.6206896551724,5.937,1.0,42.429914101823634,0.9389953006436172,0.82,0.2992,33.81659885766786,56.18340114233214,163.04314845033218,1.2027771945654595,4.986252376667937,997.4647378364429
2022-02-27,Khavda Renewable Energy Park,SIMULATED,SIMULATED_PVLIB,17677.917032577734,17677.917032577734,132584.38,131921.46,14586.79,84603.38,0.2762,0.7709,6.6292,4.29,95.0,1030.0,5.974,1.0,42.10156947164437,0.9401445068492447,0.82,0.2762,33.44390840411851,56.55609159588149,162.93278991671798,1.197596225815761,5.004482833331099,998.0871596412259
2022-02-28,Khavda Renewable Energy Park,SIMULATED,SIMULATED_PVLIB,18851.54735661353,18851.54735661353,141386.61,140679.68,14405.67,83552.89,0.2946,0.7613,7.0693,4.57,100.0,1032.2413793103449,5.987,1.0,45.43697592710106,0.9284705842551463,0.82,0.2946,33.06871935003049,56.93128064996951,162.82319629429276,1.1924759928484174,5.022585397806315,998.6276327121484
2022-03-01,Khavda Renewable Energy Park,SIMULATED,SIMULATED_PVLIB,17382.665470805772,17382.665470805772,130369.99,129718.14,14296.21,82918.02,0.2716,0.7556,6.5185,9.71,100.0,1036.7241379310344,6.013,1.0,47.45264298710147,0.9214157495451448,0.82,0.2716,32.69115494360701,57.30884505639299,162.71432413272873,1.1874183739312516,5.040546598773486,999.1592974211005
2022-03-02,Khavda Renewable Energy Park,SIMULATED,SIMULATED_PVLIB,17109.93915413492,17109.93915413492,128324.54,127682.92,14384.1,83427.78,0.2673,0.7602,6.4162,10.29,100.0,1012.9310344827586,5.762395833333334,0.9808333333333333,45.83413448940061,0.9270805292870978,0.82,0.2673,32.31133775841559,57.68866224158441,162.6061282120736,1.1824251098846585,5.058353329948113,999.3232490135944
2022-03-03,Khavda Renewable Energy Park,SIMULATED,SIMULATED_PVLIB,17892.13303716073,17892.13303716073,134191.0,133520.05,14350.2,83231.16,0.2796,0.7584,6.7096,10.86,100.0,1049.1379310344828,6.085,1.0,46.45848740325221,0.9248952940886173,0.82,0.2796,31.92938996093993,58.07061003906007,162.49855885346096,1.177497812223521,5.075992838907206,1000.1518976800096
2022-03-04,Khavda Renewable Energy Park,SIMULATED,SIMULATED_PVLIB,17092.409231177782,17092.409231177782,128193.07,127552.1,14274.54,82792.33,0.2671,0.7544,6.4097,11.43,97.0,1058.103448275862,6.137,1.0,47.85163470224509,0.9200192785421422,0.82,0.2671,31.545433911160053,58.45456608883995,162.3915596803605,1.1726379750422136,5.093452695667574,1000.6221406434609
2022-03-05,Khavda Renewable Energy Park,SIMULATED,SIMULATED_PVLIB,16292.380249810269,16292.380249810269,122192.85,121581.89,14201.04,82366.03,0.2546,0.7505,6.1096,12.0,100.0,1078.7931034482758,4.828318333333334,0.7716666666666667,49.2052391652867,0.9152816629214966,0.82,0.2546,31.159592751344604,58.840407248655396,162.2850659311972,1.1678469858498544,5.110720764282625,1001.1890090988811
2022-03-06,Khavda Renewable Energy Park,SIMULATED,SIMULATED_PVLIB,13443.447520148833,13443.447520148833,100825.86,100321.73,10203.12,59178.1,0.2101,0.5392,5.0413,4.0,100.0,923.9655172413793,1.9314729166666664,0.3604166666666666,43.201895405105745,0.9362933660821299,0.82,0.2101,30.77199072071962,59.22800927928038,162.1790032816739,1.16312613223748,5.127785193655804,999.6583637089616
2022-03-07,Khavda Renewable Energy Park,SIMULATED,SIMULATED_PVLIB,19226.00742085727,19226.00742085727,144195.06,143474.08,14344.48,83197.98,0.3004,0.7581,7.2098,4.57,99.0,1048.448275862069,3.9019749999999997,0.6416666666666666,46.56364823568004,0.9245272311751198,0.82,0.3004,30.382753140405534,59.61724685959447,162.07328709717376,1.1584766041937835,5.144634429597678,1001.35573174222
2022-03-08,Khavda Renewable Energy Park,SIMULATED,SIMULATED_PVLIB,19212.33592192868,19212.33592192868,144092.52,143372.06,14250.06,82650.35,0.3002,0.7531,7.2046,5.14,100.0,1080.0,5.2461,0.8375,48.30244237019005,0.9184414517043348,0.82,0.3002,29.99200617978898,60.00799382021102,161.9678220499619,1.1538994939014509,5.1612572397272976,1001.9204616863608
2022-03-09,Khavda Renewable Energy Park,SIMULATED,SIMULATED_PVLIB,19075.539159944645,19075.539159944645,143066.54,142351.21,14248.18,82639.44,0.2981,0.753,7.1533,5.71,100.0,1068.2758620689656,6.196,1.0,48.33712602443087,0.918320058914492,0.82,0.2981,29.599876549832878,60.40012345016712,161.86250202943802,1.1493957950081988,5.177642741392839,1001.933019137414
2022-03-10,Khavda Renewable Energy Park,SIMULATED,SIMULATED_PVLIB,18095.556542131453,18095.556542131453,135716.67,135038.09,14000.76,81204.41,0.2827,0.7399,6.7858,6.29,100.0,1062.5862068965519,6.0551475,0.9825,52.89317889788116,0.902373873857416,0.82,0.2827,29.206491210052327,60.79350878994767,161.75721019580988,1.1449664024330577,5.193780427089504,1001.9698984027204
2022-03-11,Khavda Renewable Energy Park,SIMULATED,SIMULATED_PVLIB,17566.450195654896,17566.450195654896,131748.38,131089.64,14046.84,81471.67,0.2745,0.7424,6.5874,6.86,100.0,1085.344827586207,6.295,1.0,52.04468482756209,0.9053436031035327,0.82,0.2745,28.81197710496555,61.18802289503445,161.651818996972,1.140612112834639,5.209660186485888,1002.2926635618267
2022-03-12,Khavda Renewable Energy Park,SIMULATED,SIMULATED_PVLIB,17264.457770004137,17264.457770004137,129483.43,128836.01,13993.37,81161.55,0.2698,0.7396,6.4742,7.43,100.0,1097.5862068965519,6.366,1.0,53.02939980038452,0.9018971006986541,0.82,0.2698,28.41646092969397,61.58353907030603,161.5461899339915,1.13633362566956,5.225272325196469,1002.4441043521574
2022-03-13,Khavda Renewable Energy Park,SIMULATED,SIMULATED_PVLIB,17937.47691773538,17937.47691773538,134531.08,133858.42,14008.74,81250.69,0.2803,0.7404,6.7266,8.0,100.0,1110.1724137931035,6.439,1.0,52.74630855902166,0.9028879200434242,0.82,0.2803,28.020068926505147,61.97993107349485,161.440172938351,1.1321315447952072,5.240607580323783,1002.5506395764437
2022-03-14,Khavda Renewable Energy Park,SIMULATED,SIMULATED_PVLIB,17512.03183411035,17512.03183411035,131340.24,130683.54,14172.99,82203.34,0.2736,0.749,6.567,8.57,97.0,1114.1379310344828,6.171209999999999,0.955,49.72167217311548,0.9134741473940958,0.82,0.2736,27.62292669877946,62.37707330122054,161.33360534539884,1.1280063804137483,5.255657133665332,1002.5065489091462
2022-03-15,Khavda Renewable Energy Park,SIMULATED,SIMULATED_PVLIB,17975.548802015182,17975.548802015182,134816.62,134142.54,14255.65,82682.77,0.2809,0.7534,6.7408,9.14,97.0,1132.5862068965519,5.413950833333334,0.8241666666666667,48.19953202887135,0.9188016378989503,0.82,0.2809,27.225159009915245,62.774840990084755,161.22631049801873,1.1239585509892964,5.270412624444981,1002.5817604808872
2022-03-16,Khavda Renewable Energy Park,SIMULATED,SIMULATED_PVLIB,18391.43675874246,18391.43675874246,137935.78,137246.1,14314.92,83026.54,0.2874,0.7565,6.8968,9.71,100.0,1142.0689655172414,5.88708,0.88875,47.108112696323225,0.9226216055628687,0.82,0.2874,26.826889530077295,63.173110469922705,161.11809617550625,1.1199883847805447,5.28568894548624,1002.679748226832
2022-03-17,Khavda Renewable Energy Park,SIMULATED,SIMULATED_PVLIB,17623.207856725625,17623.207856725625,132174.06,131513.19,14316.67,83036.69,0.2754,0.7566,6.6087,10.29,100.0,1145.1724137931035,6.642,1.0,47.07593119737808,0.9227342408091768,0.82,0.2754,26.428240567932285,63.571759432067715,161.0087530965393,1.1160961214084737,5.3014770858667,1002.8268583604995
2022-03-18,Khavda Renewable Energy Park,SIMULATED,SIMULATED_PVLIB,16973.775062651104,16973.775062651104,127303.31,126666.79,14358.37,83278.55,0.2652,0.7588,6.3652,10.86,100.0,1144.655172413793,6.639,1.0,46.30801475503687,0.9254219483573709,0.82,0.2652,26.02933291632469,63.97066708367531,160.89805386890407,1.1122819146844225,5.316946776035712,1002.8751876655505
2022-03-19,Khavda Renewable Energy Park,SIMULATED,SIMULATED_PVLIB,17462.86548497573,17462.86548497573,130971.49,130316.63,14450.8,83814.64,0.2729,0.7637,6.5486,11.43,100.0,1154.4827586206898,6.696,1.0,44.605939458428274,0.931379211895501,0.82,0.2729,25.630285984182862,64.36971401581714,160.7857527848771,1.108545838121004,5.332091536780828,1002.9879715092246
2022-03-20,Khavda Renewable Energy Park,SIMULATED,SIMULATED_PVLIB,17542.11401969271,17542.11401969271,131565.86,130908.03,14377.07,83387.01,0.2741,0.7598,6.5783,12.0,100.0,1170.5172413793105,6.789,1.0,45.96354020002088,0.9266276092999269,0.82,0.2741,25.23121832031093,64.76878167968907,160.67158672577148,1.104887893685466,5.346905339211467,1003.1164952695955
2022-03-21,Khavda Renewable Energy Park,SIMULATED,SIMULATED_PVLIB,18820.260353344842,18820.260353344842,141151.95,140446.19,14318.17,83045.39,0.2941,0.7567,7.0576,4.0,100.0,1176.5517241379312,6.824,1.0,47.048160024204876,0.9228314399152829,0.82,0.2941,24.832248468237168,65.16775153176283,160.5552772091537,1.1013080227382348,5.361382559993309,1003.0707667340051
2022-03-22,Khavda Renewable Energy Park,SIMULATED,SIMULATED_PVLIB,18561.021498889786,18561.021498889786,139207.66,138511.62,14368.49,83337.24,0.29,0.7594,6.9604,4.57,100.0,1155.6896551724137,6.62759125,0.98875,46.12162690381156,0.9260743058366595,0.82,0.29,24.433495929635583,65.56650407036442,160.4365332862708,1.0978061168180275,5.375517934809535,1002.6527856074559
2022-03-23,Khavda Renewable Energy Park,SIMULATED,SIMULATED_PVLIB,19015.70162825102,19015.70162825102,142617.76,141904.67,14442.83,83768.41,0.2971,0.7633,7.1309,5.14,100.0,1158.2758620689656,6.718,1.0,44.75266121189958,0.9308656857583515,0.82,0.2971,24.035081951520866,65.96491804847913,160.3150547507389,1.0943820257623507,5.3893065245328815,1002.4521213239348
2022-03-24,Khavda Renewable Energy Park,SIMULATED,SIMULATED_PVLIB,18461.939681277832,18461.939681277832,138464.55,137772.23,14432.44,83708.15,0.2885,0.7628,6.9232,5.71,100.0,1178.103448275862,6.667869166666667,0.9758333333333333,44.943906532342154,0.9301963271368024,0.82,0.2885,23.63712991719511,66.36287008280489,160.19053508490447,1.09103556161702,5.402743703686454,1002.3961095872993
2022-03-25,Khavda Renewable Energy Park,SIMULATED,SIMULATED_PVLIB,17919.600715666133,17919.600715666133,134397.01,133725.02,14147.38,82054.8,0.28,0.7477,6.7199,6.29,100.0,1170.6896551724137,6.583470833333333,0.9695833333333334,50.19337164152279,0.9118231992546703,0.82,0.28,23.239765282125887,66.76023471787411,160.06266361398605,1.08776649840399,5.415825171775466,1001.9638937387979
2022-03-26,Khavda Renewable Energy Park,SIMULATED,SIMULATED_PVLIB,18244.703511087853,18244.703511087853,136835.28,136151.1,14087.71,81708.72,0.2851,0.7445,6.8418,6.86,100.0,1181.5517241379312,6.853,1.0,51.29201972737218,0.9079779309541973,0.82,0.2851,22.843115140970085,67.15688485902992,159.93112655087907,1.0845745690241229,5.428546980970581,1001.6887335576307
2022-03-27,Khavda Renewable Energy Park,SIMULATED,SIMULATED_PVLIB,17850.037222900282,17850.037222900282,133875.28,133205.9,14168.5,82177.3,0.2789,0.7488,6.6938,7.43,100.0,1186.7241379310344,6.883,1.0,49.80441239501218,0.9131845566174573,0.82,0.2789,22.447307599780913,67.55269240021909,159.79560676187702,1.0814594610994666,5.440905570164317,1001.2902200595995
2022-03-28,Khavda Renewable Energy Park,SIMULATED,SIMULATED_PVLIB,18275.439700311697,18275.439700311697,137065.8,136380.47,14315.4,83029.32,0.2856,0.7566,6.8533,8.0,100.0,1209.3103448275863,7.014,1.0,47.09922314690706,0.9226527189858253,0.82,0.2856,22.05247113589799,67.94752886410201,159.6557822740898,1.0784208133560975,5.452897796145459,1001.0392738331107
2022-03-29,Khavda Renewable Energy Park,SIMULATED,SIMULATED_PVLIB,18283.25260588197,18283.25260588197,137124.39,136438.77,14398.55,83511.59,0.2857,0.761,6.8562,8.57,100.0,1215.344827586207,7.049,1.0,45.568013991194476,0.9280119510308193,0.82,0.2857,21.658734096723705,68.3412659032763,159.51132373615826,1.0754582136534958,5.464520955171578,1000.5385289615069
2022-03-30,Khavda Renewable Energy Park,SIMULATED,SIMULATED_PVLIB,17103.922408390004,17103.922408390004,128279.42,127638.02,14149.27,82065.77,0.2672,0.7478,6.414,9.14,100.0,1206.2068965517242,6.996,1.0,50.158477130885615,0.9119453300419004,0.82,0.2672,21.26622445536833,68.73377554463167,159.3618911125601,1.072571199322075,5.47577279061511,999.8046363221522
2022-03-31,Khavda Renewable Energy Park,SIMULATED,SIMULATED_PVLIB,17144.00955618313,17144.00955618313,128580.07,127937.17,13986.25,81120.25,0.2679,0.7392,6.429,9.71,100.0,1208.448275862069,7.009,1.0,53.160406701629526,0.9014385765442967,0.82,0.2679,20.87506987124887,69.12493012875113,159.2071300325897,1.0697592598289547,5.4866514860661475,999.1491249991367
2022-04-01,Khavda Renewable Energy Park,SIMULATED,SIMULATED_PVLIB,17797.56601645005,17797.56601645005,133481.75,132814.34,13805.48,80071.78,0.2781,0.7296,6.6741,10.29,100.0,1241.2068965517242,7.199,1.0,56.48930857660811,0.8897874199818716,0.82,0.2781,20.485398022620146,69.51460197737985,159.04666810851154,1.0670218411855281,5.497155646946663,998.7967637722969
2022-04-02,Khavda Renewable Energy Park,SIMULATED,SIMULATED_PVLIB,16677.847819007122,16677.847819007122,125083.86,124458.44,14072.02,81617.72,0.2606,0.7437,6.2542,10.86,100.0,1229.3103448275863,7.118116666666666,0.9983333333333333,51.580979363102216,0.9069665722291422,0.82,0.2606,20.097337076852867,69.90266292314713,158.88011146250528,1.0643583508884742,5.507284277601451,997.8678659517734
2022-04-03,Khavda Renewable Energy Park,SIMULATED,SIMULATED_PVLIB,15619.178957594519,15619.178957594519,117143.84,116558.12,14092.15,81734.47,0.244,0.7448,5.8572,11.43,97.0,1229.3103448275863,6.785383333333333,0.9516666666666667,51.21038719378823,0.9082636448217412,0.82,0.244,19.71101611546321,70.28898388453679,158.7070415974664,1.0617681620507073,5.517036761932536,997.0254951260571
2022-04-04,Khavda Renewable Energy Park,SIMULATED,SIMULATED_PVLIB,16195.76466523558,16195.76466523558,121468.23,120860.89,14150.53,82073.07,0.2531,0.7479,6.0734,12.0,100.0,1228.103448275862,5.7874375,0.8125,50.135370276958625,0.9120262040306448,0.82,0.2531,19.32656537776677,70.67343462223323,158.52701265485643,1.0592506159183397,5.526412852653565,996.1170037288116
2022-04-05,Khavda Renewable Energy Park,SIMULATED,SIMULATED_PVLIB,8704.119290783789,8704.119290783789,65280.89,64954.49,6576.08,38141.26,0.136,0.3475,3.264,4.0,100.0,1226.5517241379312,1.2716274999999997,0.17874999999999996,48.83189198641687,0.916588378047541,0.82,0.136,18.944116291261622,71.05588370873838,158.33954914206083,1.0568050227909291,5.535412669383921,995.1533574040848
2022-04-06,Khavda Renewable Energy Park,SIMULATED,SIMULATED_PVLIB,17477.523097836147,17477.523097836147,131081.42,130426.01,13282.85,77040.53,0.2731,0.702,6.5541,4.57,100.0,1192.0689655172414,2.5697033333333326,0.3716666666666666,48.951707224525165,0.916169024714162,0.82,0.2731,18.563801371635535,71.43619862836447,158.14414405690923,1.0544306620958614,5.5440367012850436,993.7538459154292
2022-04-07,Khavda Renewable Energy Park,SIMULATED,SIMULATED_PVLIB,18234.562462608985,18234.562462608985,136759.22,136075.42,14004.02,81223.32,0.2849,0.7401,6.838,5.14,100.0,1145.344827586207,2.712558333333334,0.40833333333333344,49.27371785541672,0.9150419875060415,0.82,0.2849,18.185754093012918,71.81424590698708,157.9402572809406,1.0521267823618101,5.552285809811429,992.1617540954759
2022-04-08,Khavda Renewable Energy Park,SIMULATED,SIMULATED_PVLIB,19038.394258440745,19038.394258440745,142787.96,142074.02,14142.9,82028.82,0.2975,0.7475,7.1394,5.71,100.0,1227.2413793103449,3.4670591666666675,0.4870833333333334,50.27573467667,0.911534928631655,0.82,0.2975,17.81010878598113,72.18989121401887,157.7273139418735,1.0498926014574606,5.560161229334543,992.0278212987153
2022-04-09,Khavda Renewable Energy Park,SIMULATED,SIMULATED_PVLIB,16943.692221508587,16943.692221508587,127077.69,126442.3,14269.02,82760.32,0.2647,0.7541,6.3539,6.29,100.0,1251.0344827586207,3.6128833333333334,0.4979166666666667,47.95334758160958,0.9196632834643664,0.82,0.2647,17.437000563141098,72.5629994368589,157.50470240817867,1.0477273070628352,5.567664565800699,991.166302688249
2022-04-10,Khavda Renewable Energy Park,SIMULATED,SIMULATED_PVLIB,18456.667272222025,18456.667272222025,138425.0,137732.88,14215.69,82451.0,0.2884,0.7513,6.9212,6.86,100.0,1263.448275862069,5.508213333333334,0.7516666666666667,48.93541622366331,0.9162260432171784,0.82,0.2884,17.0665652675343,72.9334347324657,157.27177160271958,1.0456300573183734,5.574797793733652,990.1255372124951
2022-04-11,Khavda Renewable Energy Park,SIMULATED,SIMULATED_PVLIB,14503.621621386876,14503.621621386876,108777.16,108233.27,10864.51,63014.16,0.2266,0.5742,5.4389,7.43,100.0,1240.6896551724137,2.08684,0.29000000000000004,47.06873671765585,0.9227594214882046,0.82,0.2266,16.698939452134567,73.30106054786543,157.02782754299847,1.0435999816740773,5.581563251427606,988.6280444483882
2022-04-12,Khavda Renewable Energy Park,SIMULATED,SIMULATED_PVLIB,17583.191989829298,17583.191989829298,131873.94,131214.57,14359.86,83287.19,0.2747,0.7589,6.5937,8.0,100.0,1262.5862068965519,5.8156825,0.7941666666666667,46.28052450678227,0.9255181642262621,0.82,0.2747,16.3342604068622,73.6657395931378,156.77212907119178,1.0416361819977549,5.587963633948544,987.6099421384599
2022-04-13,Khavda Renewable Energy Park,SIMULATED,SIMULATED_PVLIB,17870.289335467027,17870.289335467027,134027.17,133357.03,14352.21,83242.82,0.2792,0.7585,6.7014,8.57,100.0,1265.5172413793105,7.333883333333333,0.9991666666666666,46.42137420156315,0.925025190294529,0.82,0.2792,15.972666198266396,74.0273338017336,156.50388296853203,1.0397377337199836,5.594001985321177,986.3273875732614
2022-04-14,Khavda Renewable Energy Park,SIMULATED,SIMULATED_PVLIB,17526.949963060903,17526.949963060903,131452.12,130794.86,14327.2,83097.76,0.2739,0.7572,6.5726,9.14,100.0,1262.7586206896551,7.275173333333333,0.9933333333333333,46.8819188436447,0.9234132840472435,0.82,0.2739,15.614295670552352,74.38570432944765,156.2222388304508,1.037903686749989,5.599681691590922,984.9371479418286
2022-04-15,Khavda Renewable Energy Park,SIMULATED,SIMULATED_PVLIB,17352.509998474587,17352.509998474587,130143.82,129493.1,14336.63,83152.45,0.2711,0.7577,6.5072,9.71,100.0,1268.448275862069,7.344738333333333,0.9983333333333333,46.70831799032938,0.9240208870338472,0.82,0.2711,15.259288431993468,74.74071156800653,155.92628434383005,1.0361330663215287,5.605006473813102,983.6061167885744
2022-04-16,Khavda Renewable Energy Park,SIMULATED,SIMULATED_PVLIB,17553.92301268432,17553.92301268432,131654.42,130996.15,14344.21,83196.42,0.2743,0.7581,6.5827,10.29,100.0,1264.6551724137933,7.335,1.0,46.56869816839375,0.9245095564106218,0.82,0.2743,14.90778498483084,75.09221501516916,155.6150419037076,1.034424874544079,5.61108728948802,982.3282669414898
2022-04-17,Khavda Renewable Energy Park,SIMULATED,SIMULATED_PVLIB,18363.47860869149,18363.47860869149,137726.09,137037.46,14340.01,83172.06,0.2869,0.7579,6.8863,10.86,100.0,1265.344827586207,7.149409166666667,0.9741666666666666,46.646043422657726,0.924238848020698,0.82,0.2869,14.559927234766334,75.44007276523367,155.2874674098772,1.0327780936407662,5.616820087792969,981.063561700123
2022-04-18,Khavda Renewable Energy Park,SIMULATED,SIMULATED_PVLIB,18374.07744429649,18374.07744429649,137805.58,137116.55,14272.55,82780.79,0.2871,0.7543,6.8903,11.43,100.0,1248.448275862069,5.925551666666666,0.8183333333333334,47.88824044093164,0.9198911584567393,0.82,0.2871,14.215859485565204,75.7841405144348,154.94245169323744,1.0311916910386856,5.622209459143863,979.5549747717548
2022-04-19,Khavda Renewable Energy Park,SIMULATED,SIMULATED_PVLIB,17139.80054609743,17139.80054609743,128548.5,127905.76,14282.84,82840.47,0.2678,0.7549,6.4274,12.0,100.0,1238.9655172413793,5.167931666666667,0.7191666666666667,47.69886371406932,0.9205539770007574,0.82,0.2678,13.875729743895292,76.12427025610471,154.57882421619433,1.0296646251580395,5.627260218720686,978.0967604164496
2022-04-20,Khavda Renewable Energy Park,SIMULATED,SIMULATED_PVLIB,16112.690978836983,16112.690978836983,120845.18,120240.95,11525.29,66846.68,0.2518,0.6091,6.0423,4.0,100.0,1065.5172413793105,2.1964750000000004,0.3554166666666667,44.99386025643204,0.9300214891024878,0.82,0.2518,13.539690907697235,76.46030909230277,154.1953580575214,1.0281958498559098,5.631977373520951,974.6833065124921
2022-04-21,Khavda Renewable Energy Park,SIMULATED,SIMULATED_PVLIB,18735.042018832526,18735.042018832526,140512.82,139810.26,14236.57,82572.11,0.2927,0.7524,7.0256,4.57,100.0,1212.7586206896551,5.507035833333333,0.7829166666666667,48.550924015968434,0.9175717659441105,0.82,0.2927,13.207901404092723,76.79209859590728,153.7907750393133,1.0267843158636376,5.636366108097808,974.99220492062
2022-04-22,Khavda Renewable Energy Park,SIMULATED,SIMULATED_PVLIB,19504.840705471244,19504.840705471244,146286.31,145554.88,14180.67,82247.89,0.3048,0.7495,7.3143,5.14,100.0,1269.8275862068965,5.0879875,0.6908333333333333,49.58018030920378,0.9139693689177868,0.82,0.3048,12.880525115143612,77.11947488485639,153.3637501549964,1.0254289690546525,5.640431790383675,974.2132140368458
2022-04-23,Khavda Renewable Energy Park,SIMULATED,SIMULATED_PVLIB,18309.401429606743,18309.401429606743,137320.51,136633.91,14136.37,81990.95,0.2861,0.7471,6.866,5.71,100.0,1277.5862068965519,6.4714,0.8733333333333333,50.396075746757774,0.9111137348863478,0.82,0.2861,12.557730770009627,77.44226922999037,152.91291512542625,1.0241287468404559,5.644179989582458,972.8265119389945
2022-04-24,Khavda Renewable Energy Park,SIMULATED,SIMULATED_PVLIB,18404.1296264136,18404.1296264136,138030.97,137340.82,14200.3,82361.74,0.2876,0.7505,6.9015,6.29,100.0,1253.103448275862,5.66904,0.78,49.21872371667422,0.9152344669916402,0.82,0.2876,12.23969117841834,77.76030882158166,152.4368612484725,1.022882574551558,5.647616494334364,971.0336617450575
2022-04-25,Khavda Renewable Energy Park,SIMULATED,SIMULATED_PVLIB,18512.85563386936,18512.85563386936,138846.42,138152.19,14271.85,82776.73,0.2893,0.7543,6.9423,6.86,100.0,1282.2413793103449,7.433901250000001,0.9995833333333334,47.90113759411315,0.919846018420604,0.82,0.2893,11.926582622333356,78.07341737766664,151.9341417632083,1.0216893630897201,5.650747322830979,969.8419345058046
2022-04-26,Khavda Renewable Energy Park,SIMULATED,SIMULATED_PVLIB,19844.745450299477,19844.745450299477,148835.59,148091.41,14206.98,82400.48,0.3101,0.7508,7.4418,7.43,100.0,1269.4827586206898,7.359932083333334,0.9995833333333334,49.095764808464445,0.9156648231703745,0.82,0.3101,11.618584531895209,78.38141546810479,151.4032738216655,1.0205480081670335,5.653578722714074,968.1344046458752
2022-04-27,Khavda Renewable Energy Park,SIMULATED,SIMULATED_PVLIB,18366.405797492116,18366.405797492116,137748.04,137059.3,14131.12,81960.5,0.287,0.7468,6.8874,8.0,100.0,1285.6896551724137,7.457,1.0,50.49266823736347,0.9107756611692279,0.82,0.287,11.31587943156606,78.68412056843394,150.84274011024502,1.0194573908572557,5.656117162404465,966.7427300649257
2022-04-28,Khavda Renewable Energy Park,SIMULATED,SIMULATED_PVLIB,17412.981587986356,17412.981587986356,130597.36,129944.37,14125.29,81926.68,0.2721,0.7465,6.5299,8.57,100.0,1293.9655172413793,7.505,1.0,50.59998749130999,0.9104000437804151,0.82,0.2721,11.018653107151948,78.98134689284805,150.25099046388624,1.0184163790927705,5.658369316152001,965.2365738921281
2022-04-29,Khavda Renewable Energy Park,SIMULATED,SIMULATED_PVLIB,18404.914770030537,18404.914770030537,138036.86,137346.68,14289.67,82880.09,0.2876,0.7552,6.9018,9.14,100.0,1264.4827586206898,7.334,1.0,47.573076816638604,0.9209942311417649,0.82,0.2876,10.727094952334,79.272905047666,149.62644423943965,1.0174238298233753,5.660342044609214,963.2684063439654
2022-04-30,Khavda Renewable Energy Park,SIMULATED,SIMULATED_PVLIB,17519.57171254539,17519.57171254539,131396.79,130739.81,14240.88,82597.1,0.2737,0.7526,6.5698,9.71,100.0,1267.2413793103449,7.35,1.0,48.47153147434408,0.9178496398397957,0.82,0.2737,10.441398435371113,79.55860156462889,148.967494283544,1.016478591540808,5.66204237284524,961.6598457368716
2022-05-01,Khavda Renewable Energy Park,SIMULATED,SIMULATED_PVLIB,17356.957370709588,17356.957370709588,130177.18,129526.29,14253.86,82672.39,0.2712,0.7533,6.5089,10.29,100.0,1274.4827586206898,7.1825600000000005,0.9716666666666667,48.23246607050088,0.9186863687532469,0.82,0.2712,10.161761545455775,79.83823845454422,148.27251338148335,1.0155795066720308,5.663477469051689,960.0876188798192
2022-05-02,Khavda Renewable Energy Park,SIMULATED,SIMULATED_PVLIB,18007.208154647586,18007.208154647586,135054.06,134378.79,14274.88,82794.3,0.2814,0.7544,6.7527,10.86,100.0,1268.9655172413793,7.283333333333334,0.9895833333333334,47.845325679197,0.9200413601228105,0.82,0.2814,9.888387067103196,80.1116129328968,147.53986376460819,1.0147254134199901,5.664654626733846,958.3516336058174
2022-05-03,Khavda Renewable Energy Park,SIMULATED,SIMULATED_PVLIB,17563.159231507656,17563.159231507656,131723.69,131065.07,14381.24,83411.19,0.2744,0.7601,6.5862,11.43,100.0,1265.6896551724137,7.01983125,0.95625,45.886718976332546,0.926896483582836,0.82,0.2744,9.621482591912283,80.37851740808772,146.76791020940777,1.0139151469185301,5.665581251324245,956.6293986999682
2022-05-04,Khavda Renewable Energy Park,SIMULATED,SIMULATED_PVLIB,17427.188494645678,17427.188494645678,130703.91,130050.39,14256.82,82689.56,0.2723,0.7535,6.5352,12.0,100.0,1292.4137931034484,7.077473333333334,0.9441666666666667,48.17805806111484,0.918876796786098,0.82,0.2723,9.361260280933223,80.63873971906678,145.9550371983645,1.0131475399208254,5.666264849852068,955.2478483792231
2022-05-05,Khavda Renewable Energy Park,SIMULATED,SIMULATED_PVLIB,18704.125113220263,18704.125113220263,140280.94,139579.54,14137.62,81998.2,0.2923,0.7472,7.014,4.0,100.0,1282.7586206896551,6.1907,0.8320833333333333,50.37301873203306,0.9111944344378843,0.82,0.2923,9.107936435763847,80.89206356423615,145.09967042866197,1.0124214233411466,5.666713021623941,953.4314180556164
2022-05-06,Khavda Renewable Energy Park,SIMULATED,SIMULATED_PVLIB,18876.48410582426,18876.48410582426,141573.63,140865.76,14215.81,82451.7,0.2949,0.7513,7.0787,4.57,100.0,1281.7241379310344,7.049910000000001,0.9483333333333334,48.93311121023804,0.9162341107641668,0.82,0.2949,8.861730902927619,81.13826909707238,144.20030256954948,1.011735626823086,5.666933448808618,951.708962615729
2022-05-07,Khavda Renewable Energy Park,SIMULATED,SIMULATED_PVLIB,18896.87543684818,18896.87543684818,141726.57,141017.94,14279.42,82820.64,0.2953,0.7547,7.0863,5.14,100.0,1274.3103448275863,6.658059166666667,0.9008333333333334,47.761867557190534,0.9203334635498331,0.82,0.2953,8.62286629470293,81.37713370529707,143.2555228178182,1.0110889793676778,5.666933886721654,949.9066403639537
2022-05-08,Khavda Renewable Energy Park,SIMULATED,SIMULATED_PVLIB,17400.152170284782,17400.152170284782,130501.14,129848.63,14223.25,82494.85,0.2719,0.7517,6.5251,5.71,100.0,1292.4137931034484,6.930676666666667,0.9245833333333333,48.79617550676131,0.9167133857263354,0.82,0.2719,8.39156702874773,81.60843297125227,142.26404978466422,1.0104803101015274,5.66672215329903,948.3998314998883
2022-05-09,Khavda Renewable Energy Park,SIMULATED,SIMULATED_PVLIB,18739.402427073215,18739.402427073215,140545.52,139842.79,14231.26,82541.31,0.2928,0.7521,7.0273,6.29,100.0,1295.0,7.176134583333334,0.9554166666666667,48.64870298730031,0.917229539544449,0.82,0.2928,8.168058241475137,81.83194175852486,141.22476754768098,1.0099084493813117,5.666306116483907,946.7097702510629
2022-05-10,Khavda Renewable Energy Park,SIMULATED,SIMULATED_PVLIB,17664.35564689922,17664.35564689922,132482.67,131820.26,14184.94,82272.65,0.276,0.7497,6.6241,6.86,100.0,1291.7241379310344,7.310943333333333,0.9758333333333333,49.50170674287989,0.9142440263999204,0.82,0.276,7.952564622206069,82.04743537779393,140.13676494635467,1.009372230365463,5.665693678674969,944.9513276686572
2022-05-11,Khavda Renewable Energy Park,SIMULATED,SIMULATED_PVLIB,17240.008708305046,17240.008708305046,129300.07,128653.57,14130.68,81957.94,0.2694,0.7468,6.465,7.43,100.0,1278.448275862069,6.8557854166666665,0.9245833333333333,50.50087319583206,0.9107469438145878,0.82,0.2694,7.745309110309606,82.2546908896904,138.9993781036137,1.0088704908962969,5.664892759269499,943.0778156594995
2022-05-12,Khavda Renewable Energy Park,SIMULATED,SIMULATED_PVLIB,18058.757517340393,18058.757517340393,135440.68,134763.48,14274.27,82790.77,0.2822,0.7544,6.772,8.0,100.0,1285.0,7.4126295833333335,0.9945833333333334,47.85655248636305,0.9200020662977293,0.82,0.2822,7.546511287225627,82.45348871277437,137.81223594886723,1.0084020752992897,5.663911277894356,941.4403085387437
2022-05-13,Khavda Renewable Energy Park,SIMULATED,SIMULATED_PVLIB,18011.27618335153,18011.27618335153,135084.57,134409.15,14264.68,82735.14,0.2814,0.7539,6.7542,8.57,100.0,1281.3793103448277,7.419613333333333,0.9983333333333333,48.03321710589617,0.9193837401293634,0.82,0.2814,7.356385313947044,82.64361468605296,136.57530875814763,1.0079658358151793,5.662757140212821,939.689177585113
2022-05-14,Khavda Renewable Energy Park,SIMULATED,SIMULATED_PVLIB,17534.806438185966,17534.806438185966,131511.05,130853.49,14307.54,82983.73,0.274,0.7562,6.5756,9.14,100.0,1293.2758620689656,7.501,1.0,47.24389434604644,0.9221463697888375,0.82,0.274,7.17513743125977,82.82486256874023,135.28896053009413,1.007560633788205,5.661438225520689,938.1269702118748
2022-05-15,Khavda Renewable Energy Park,SIMULATED,SIMULATED_PVLIB,18269.721122643576,18269.721122643576,137022.91,136337.8,14332.12,83126.3,0.2855,0.7575,6.8511,9.71,100.0,1286.896551724138,7.2027600000000005,0.965,46.79125432158595,0.9237306098744491,0.82,0.2855,7.00296320702904,82.99703679297096,133.95400652331654,1.0071853410432698,5.659962373303986,936.3595640079413
2022-05-16,Khavda Renewable Energy Park,SIMULATED,SIMULATED_PVLIB,17056.538837716125,17056.538837716125,127924.04,127284.42,14380.38,83406.2,0.2665,0.76,6.3962,10.29,100.0,1282.9310344827586,7.239472916666666,0.9729166666666667,45.9026236015748,0.9268408173944882,0.82,0.2665,6.840044699025341,83.15995530097466,132.57177620067415,1.0068388417334233,5.658699575807217,934.6888837873648
2022-05-17,Khavda Renewable Energy Park,SIMULATED,SIMULATED_PVLIB,17412.15113463345,17412.15113463345,130591.13,129938.17,14354.66,83257.03,0.2721,0.7586,6.5296,10.86,100.0,1287.7586206896551,7.409870416666667,0.9920833333333333,46.37632669082252,0.9251828565821212,0.82,0.2721,6.686547478656564,83.31345252134344,131.1441787410473,1.0065200343882883,5.657656929309665,933.1905163531669
2022-05-18,Khavda Renewable Energy Park,SIMULATED,SIMULATED_PVLIB,17126.560358935174,17126.560358935174,128449.2,127806.95,14287.51,82867.56,0.2676,0.7551,6.4225,11.43,100.0,1286.2068965517242,7.447566666666666,0.9983333333333333,47.6127427538273,0.9208554003616045,0.82,0.2676,6.542617213599982,83.45738278640002,129.67376450256563,1.0062278334043113,5.656479648241502,931.630127279818
2022-05-19,Khavda Renewable Energy Park,SIMULATED,SIMULATED_PVLIB,17267.876468093793,17267.876468093793,129509.07,128861.52,14264.48,82733.98,0.2698,0.7539,6.4755,12.0,100.0,1275.344827586207,6.9963291666666665,0.9458333333333333,48.03690048801336,0.9193708482919533,0.82,0.2698,6.408375473927833,83.59162452607217,128.16377364393094,1.0059611692373385,5.655175270242949,929.9749843061716
2022-05-20,Khavda Renewable Energy Park,SIMULATED,SIMULATED_PVLIB,19217.479991523833,19217.479991523833,144131.1,143410.44,14411.17,83584.79,0.3003,0.7616,7.2066,4.0,100.0,1284.4827586206898,6.996791666666667,0.9391666666666667,45.33558544378059,0.9288254509467679,0.82,0.3003,6.283914685104904,83.7160853148951,126.61816397309747,1.0057189871196879,5.653751246974678,928.5699433330772
2022-05-21,Khavda Renewable Energy Park,SIMULATED,SIMULATED_PVLIB,18556.69006789066,18556.69006789066,139175.18,138479.3,14556.22,84426.08,0.2899,0.7693,6.9588,4.57,100.0,1254.1379310344828,6.36475,0.875,42.664534745665776,0.9381741283901698,0.82,0.2899,6.16929255302162,83.83070744697838,125.04161329960493,1.0055002448362707,5.652214955670785,926.719947770642
2022-05-22,Khavda Renewable Energy Park,SIMULATED,SIMULATED_PVLIB,18847.009054705377,18847.009054705377,141352.57,140645.81,14553.17,84408.39,0.2945,0.7691,7.0676,5.14,97.0,1243.103448275862,5.9212125,0.82125,42.72083090505252,0.9379770918323161,0.82,0.2945,6.064526584522511,83.93547341547749,123.43949493335634,1.005303910490449,5.650573710971356,925.1151179147927
2022-05-23,Khavda Renewable Energy Park,SIMULATED,SIMULATED_PVLIB,18871.658451913,18871.658451913,141537.44,140829.75,14502.28,84113.22,0.2949,0.7665,7.0769,5.71,100.0,1268.2758620689656,6.335355,0.86125,43.65780542158399,0.934697681024456,0.82,0.2949,5.969589373270097,84.0304106267299,121.81782679251478,1.0051289610883494,5.648834771562251,923.9548830873608
2022-05-24,Khavda Renewable Energy Park,SIMULATED,SIMULATED_PVLIB,17520.89639295919,17520.89639295919,131406.72,130749.69,14388.64,83454.11,0.2738,0.7604,6.5703,6.29,100.0,1283.448275862069,6.702701666666666,0.9004166666666666,45.75045662013949,0.9273734018295118,0.82,0.2738,5.884405149297635,84.11559485070237,120.1831949958663,1.004974382341904,5.647005338970408,922.699613117716
2022-05-25,Khavda Renewable Energy Park,SIMULATED,SIMULATED_PVLIB,16785.94014326638,16785.94014326638,125894.55,125265.08,14328.98,83108.08,0.2623,0.7573,6.2947,6.86,97.0,1224.1379310344828,5.742125,0.80875,46.84916589826788,0.9235279193560624,0.82,0.2623,5.808847841040603,84.1911521589594,118.54265330785108,1.0048391696414072,5.6450925488271135,920.5956152020876
2022-05-26,Khavda Renewable Energy Park,SIMULATED,SIMULATED_PVLIB,18495.22395828156,18495.22395828156,138714.18,138020.61,14508.93,84151.79,0.289,0.7668,6.9357,7.43,100.0,1138.448275862069,4.71014,0.7133333333333334,43.53536844308004,0.9351262104492198,0.82,0.289,5.742740692795849,84.25725930720415,116.90360142072552,1.004722329880879,5.643103456678996,918.2077260376508
2022-05-27,Khavda Renewable Energy Park,SIMULATED,SIMULATED_PVLIB,18284.280205639538,18284.280205639538,137132.1,136446.44,14523.49,84236.24,0.2857,0.7676,6.8566,8.0,100.0,1251.5517241379312,6.45143625,0.88875,43.26737031462014,0.9360642038988295,0.82,0.2857,5.685857353907352,84.31414264609265,115.27364739750521,1.004622883749222,5.641045020893848,918.1745007252596
2022-05-28,Khavda Renewable Energy Park,SIMULATED,SIMULATED_PVLIB,18255.19871089592,18255.19871089592,136913.99,136229.42,14539.4,84328.52,0.2852,0.7684,6.8457,8.57,100.0,1217.9310344827586,5.609993333333334,0.7941666666666667,42.97432825267751,0.9370898511156287,0.82,0.2852,5.637924291909613,84.36207570809039,113.66046137403828,1.004539868154315,5.638924084854264,916.4508150543969
2022-05-29,Khavda Renewable Energy Park,SIMULATED,SIMULATED_PVLIB,18141.458910663907,18141.458910663907,136060.94,135380.64,14506.75,84139.15,0.2835,0.7667,6.803,9.14,100.0,1239.8275862068965,6.2501774999999995,0.8691666666666666,43.57553728435824,0.9349856195047461,0.82,0.2835,5.598624334396973,84.40137566560303,112.0716281983577,1.0044723385189132,5.636747360159748,915.4065996465758
2022-05-30,Khavda Renewable Energy Park,SIMULATED,SIMULATED_PVLIB,17615.36806098994,17615.36806098994,132115.26,131454.68,14503.22,84118.68,0.2752,0.7665,6.6058,9.71,97.0,1253.448275862069,6.682341666666667,0.9191666666666667,43.6406078180776,0.9347578726367284,0.82,0.2752,5.567601146212823,84.43239885378718,110.51450614467979,1.0044193708198383,5.6345214116842035,914.2960779011505
2022-05-31,Khavda Renewable Energy Park,SIMULATED,SIMULATED_PVLIB,18417.277391561962,18417.277391561962,138129.58,137438.93,14490.44,84044.55,0.2878,0.7658,6.9065,10.29,100.0,1252.9310344827586,6.834007916666667,0.9404166666666667,43.87588688626699,0.9339343958980655,0.82,0.2878,5.544464414572062,84.45553558542794,108.99609820229449,1.0043800632807374,5.632252645078638,913.05189456082
2022-06-01,Khavda Renewable Energy Park,SIMULATED,SIMULATED_PVLIB,18832.608168815033,18832.608168815033,141244.56,140538.34,14456.4,83847.12,0.2943,0.764,7.0622,2.17,100.0,1266.3793103448277,7.002233333333334,0.9533333333333334,44.50269947261157,0.9317405518458595,0.82,0.2943,5.5287955397500355,84.47120446024996,107.52294125392507,1.00435353773619,5.629947296600147,912.0044410609802
2022-06-02,Khavda Renewable Energy Park,SIMULATED,SIMULATED_PVLIB,18753.977847918937,18753.977847918937,140654.83,139951.56,14440.16,83752.93,0.293,0.7632,7.0327,2.29,100.0,1269.4827586206898,6.841454166666668,0.9291666666666667,44.80183380403549,0.9306935816858758,0.82,0.293,5.52015363907482,84.47984636092518,106.10101681238575,1.0043389407329806,5.627611424831538,910.8702204344262
2022-06-03,Khavda Renewable Energy Park,SIMULATED,SIMULATED_PVLIB,18790.189905756823,18790.189905756823,140926.42,140221.79,14449.65,83807.97,0.2936,0.7637,7.0463,2.4,100.0,1279.8275862068965,6.952876666666667,0.9366666666666666,44.62710171877777,0.9313051439842778,0.82,0.2936,5.518081697328583,84.48191830267142,104.7356848634222,1.0043354444794212,5.625250903559347,909.8563639572235
2022-06-04,Khavda Renewable Energy Park,SIMULATED,SIMULATED_PVLIB,18884.084397170358,18884.084397170358,141630.63,140922.48,14421.32,83643.66,0.2951,0.7622,7.0815,0.8,95.0,1278.9655172413793,6.923466666666667,0.9333333333333333,45.14878929336817,0.9294792374732114,0.82,0.2951,5.522112760837075,84.47788723916292,103.43164051216917,1.0043422478402844,5.622871414509642,908.7479377862205
2022-06-05,Khavda Renewable Energy Park,SIMULATED,SIMULATED_PVLIB,20000.0,20000.0,150000.0,149250.0,14426.14,83671.61,0.3125,0.7624,7.5,0.91,100.0,1272.9310344827586,6.9830875,0.9458333333333333,45.059989307701144,0.929790037423046,0.82,0.3125,5.5317760739606,84.4682239260394,102.19289249597455,1.0043585775387318,5.620478438880273,907.6166895570632
2022-06-06,Khavda Renewable Energy Park,SIMULATED,SIMULATED_PVLIB,19372.85651495525,19372.85651495525,145296.42,144569.94,14395.7,83495.06,0.3027,0.7608,7.2648,1.03,100.0,1261.3793103448277,6.828266666666667,0.9333333333333333,45.62060700178526,0.9278278754937516,0.82,0.3027,5.546603083512707,84.45339691648729,101.02276239729548,1.004383689722997,5.618077246633777,906.4596033274178
2022-06-07,Khavda Renewable Energy Park,SIMULATED,SIMULATED_PVLIB,17595.245892867915,17595.245892867915,131964.34,131304.52,14400.91,83525.28,0.2749,0.7611,6.5982,1.14,97.0,1258.103448275862,6.223732916666666,0.8529166666666667,45.52450539843146,0.9281642311054898,0.82,0.2749,5.566133190514705,84.4338668094853,99.92390280097754,1.004416871921892,5.615672883393312,905.4391847224692
2022-06-08,Khavda Renewable Energy Park,SIMULATED,SIMULATED_PVLIB,18680.40064171153,18680.40064171153,140103.0,139402.48,14473.1,83943.98,0.2919,0.7649,7.0052,1.26,100.0,1202.9310344827586,5.4943875,0.7875,44.19531510387359,0.9328163971364425,0.82,0.2919,5.589919104727002,84.410080895273,98.89833100963824,1.004457445311364,5.613270155450713,903.8516319836453
2022-06-09,Khavda Renewable Energy Park,SIMULATED,SIMULATED_PVLIB,19165.025648418316,19165.025648418316,143737.69,143019.0,14467.4,83910.92,0.2995,0.7646,7.1869,1.37,100.0,1237.0689655172414,6.182458333333333,0.8616666666666667,44.30024838838292,0.9324491306406598,0.82,0.2995,5.617531615360406,84.3824683846396,97.94747353428511,1.0045047670771419,5.610873614291461,903.3515406150937
2022-06-10,Khavda Renewable Energy Park,SIMULATED,SIMULATED_PVLIB,19224.23414963729,19224.23414963729,144181.76,143460.85,14406.89,83559.96,0.3004,0.7614,7.2091,1.49,100.0,1182.9310344827586,4.654045,0.6783333333333333,45.41450471137123,0.9285492335102007,0.82,0.3004,5.6485635727496515,84.35143642725035,97.07221695966632,1.0045582325577913,5.608487542695317,901.8598858982639
2022-06-11,Khavda Renewable Energy Park,SIMULATED,SIMULATED_PVLIB,19193.426879887953,19193.426879887953,143950.7,143230.95,14335.19,83144.1,0.2999,0.7576,7.1975,1.6,100.0,1164.8275862068965,4.872765,0.72125,46.73482562714855,0.9239281103049801,0.82,0.2999,5.682632904142665,84.31736709585734,96.27296323285339,1.0046172768328057,5.606115944592589,900.8332422786367
2022-06-12,Khavda Renewable Energy Park,SIMULATED,SIMULATED_PVLIB,19406.06136877234,19406.06136877234,145545.46,144817.73,14316.5,83035.7,0.3032,0.7566,7.2773,1.71,100.0,1068.2758620689656,4.357853333333333,0.7033333333333334,47.078933251232144,0.9227237336206875,0.82,0.3032,5.7193845822940546,84.28061541770595,95.54969007698065,1.0046813755245179,5.6037625401667865,898.9314809507555
2022-06-13,Khavda Renewable Energy Park,SIMULATED,SIMULATED_PVLIB,19125.526550917257,19125.526550917257,143441.45,142724.24,14275.83,82799.81,0.2988,0.7545,7.1721,1.83,100.0,1006.0344827586207,3.3405375,0.5725,47.82788829057975,0.9201023909829709,0.82,0.2988,5.7584915944774195,84.24150840552258,94.90201752189205,1.0047500447624764,5.601430766513218,897.4757492622256
2022-06-14,Khavda Renewable Energy Park,SIMULATED,SIMULATED_PVLIB,19786.975029781202,19786.975029781202,148402.31,147660.3,14201.41,82368.18,0.3092,0.7506,7.4201,1.94,100.0,1044.4827586206898,3.5010191666666666,0.5779166666666666,49.198263864632324,0.9153060764737868,0.82,0.3092,5.799655114615874,84.20034488538413,94.32927852529349,1.0048228405097246,5.599123782522596,897.2439642221061
2022-06-15,Khavda Renewable Energy Park,SIMULATED,SIMULATED_PVLIB,18975.133472678757,18975.133472678757,142313.5,141601.93,14354.98,83258.88,0.2965,0.7587,7.1157,2.06,100.0,1159.6551724137933,5.33596,0.7933333333333333,46.37035226366767,0.9252037670771631,0.82,0.2965,5.842604117712341,84.15739588228766,93.83058748080384,1.0048993575193188,5.596844476213375,897.955921043638
2022-06-16,Khavda Renewable Energy Park,SIMULATED,SIMULATED_PVLIB,12793.262345223155,12793.262345223155,95949.47,95469.72,9745.2,56522.16,0.1999,0.515,4.7975,2.17,100.0,1052.4137931034484,1.851546666666666,0.30333333333333323,44.17850247426382,0.9328752413400766,0.82,0.1999,5.887094616151373,84.11290538384863,93.40489847915734,1.0049792281016463,5.592808478494839,895.8413334990248
2022-06-17,Khavda Renewable Energy Park,SIMULATED,SIMULATED_PVLIB,19710.77483322512,19710.77483322512,147830.81,147091.66,14435.88,83728.1,0.308,0.7629,7.3915,2.29,100.0,1054.4827586206898,3.6288266666666673,0.5933333333333335,44.88069443692809,0.9304175694707517,0.82,0.308,5.9329085858321235,84.06709141416788,93.05104761982182,1.005062120702266,5.588806849518783,895.0534831275709
2022-06-18,Khavda Renewable Energy Park,SIMULATED,SIMULATED_PVLIB,18425.93905888192,18425.93905888192,138194.54,137503.57,14366.64,83326.51,0.2879,0.7593,6.9097,2.4,100.0,1095.1724137931035,4.210846666666667,0.6629166666666666,46.15562036943032,0.9259553287069938,0.82,0.2879,5.9798525800845255,84.02014741991547,92.76777933115676,1.0051477381758345,5.584841673811386,894.7647521901653
2022-06-19,Khavda Renewable Energy Park,SIMULATED,SIMULATED_PVLIB,19951.83069284282,19951.83069284282,149638.73,148890.54,14431.64,83703.51,0.3117,0.7627,7.4819,0.8,100.0,1021.8965517241379,3.9834379166666665,0.6720833333333334,44.95874972796739,0.9301443759521142,0.82,0.3117,6.027756120162465,83.97224387983754,92.55376196814393,1.0052358158169998,5.58091480810384,893.188348333092
2022-06-20,Khavda Renewable Energy Park,SIMULATED,SIMULATED_PVLIB,19881.552191257048,19881.552191257048,149111.64,148366.08,14521.03,84221.97,0.3106,0.7674,7.4556,0.91,100.0,1080.344827586207,3.811816666666667,0.6083333333333334,43.3125838045045,0.9359059566842343,0.82,0.3106,6.0764700608295925,83.92352993917041,92.407599840903,1.0053261194324492,5.5770278944723035,893.201851017339
2022-06-21,Khavda Renewable Energy Park,SIMULATED,SIMULATED_PVLIB,19615.694564317248,19615.694564317248,147117.71,146382.12,14451.45,83818.41,0.3065,0.7638,7.3559,1.03,100.0,1158.448275862069,4.890872083333334,0.7279166666666668,44.59390406416931,0.9314213357754074,0.82,0.3065,6.125865232115046,83.87413476788495,92.32784663769382,1.005418443964133,5.573182369851876,893.4928906214213
2022-06-22,Khavda Renewable Energy Park,SIMULATED,SIMULATED_PVLIB,20000.0,20000.0,150000.0,149250.0,14215.99,82452.74,0.3125,0.7513,7.5,1.14,100.0,1152.2413793103449,6.095452916666667,0.9120833333333334,48.92990059454048,0.9162453479191084,0.82,0.3125,6.175831557874332,83.82416844212567,92.31302118720168,1.005512613030556,5.5693794695413015,892.8439515959556
2022-06-23,Khavda Renewable Energy Park,SIMULATED,SIMULATED_PVLIB,18578.41939180458,18578.41939180458,139338.15,138641.46,13918.06,80724.75,0.2903,0.7356,6.9669,1.26,100.0,1162.2413793103449,5.940506249999999,0.88125,54.416209085445175,0.8970432682009419,0.82,0.2903,6.2262776790282,83.7737223209718,92.36162344314187,1.0056084794580666,5.565620224243833,892.4322749648816
2022-06-24,Khavda Renewable Energy Park,SIMULATED,SIMULATED_PVLIB,20000.0,20000.0,150000.0,149250.0,14049.44,81486.75,0.3125,0.7425,7.5,1.37,100.0,1191.3793103448277,5.0443,0.73,51.99686935909514,0.905510957243167,0.82,0.3125,6.277130934462832,83.72286906553717,92.47214799966304,1.0057059265494646,5.561905452303883,892.2921701587284
2022-06-25,Khavda Renewable Energy Park,SIMULATED,SIMULATED_PVLIB,19269.95690322423,19269.95690322423,144524.68,143802.06,14296.21,82918.02,0.3011,0.7556,7.2262,1.49,100.0,1196.7241379310344,4.67649875,0.6737500000000001,47.4526123082769,0.9214158569210309,0.82,0.3011,6.328337489850838,83.67166251014916,92.64309377154547,1.005804869703454,5.5582357496640915,891.9207831284775
2022-06-26,Khavda Renewable Energy Park,SIMULATED,SIMULATED_PVLIB,18536.625327292364,18536.625327292364,139024.69,138329.57,14219.78,82474.72,0.2896,0.7515,6.9512,1.6,100.0,1190.6896551724137,4.9234025,0.7129166666666666,48.859981346651736,0.916490065286719,0.82,0.2896,6.379862441568434,83.62013755843157,92.87297009505187,1.0059052580488297,5.554611479731863,891.4633823697527
2022-06-27,Khavda Renewable Energy Park,SIMULATED,SIMULATED_PVLIB,7298.675211575092,7298.675211575092,54740.06,54466.36,5379.43,31200.69,0.114,0.2843,2.737,1.71,100.0,832.7586206896552,1.0283875000000005,0.21291666666666675,45.816365111059724,0.927142722111291,0.82,0.114,6.431689793583544,83.56831020641646,93.16030024242446,1.0060070758784831,5.551032764549964,886.9318240266198
2022-06-28,Khavda Renewable Energy Park,SIMULATED,SIMULATED_PVLIB,10433.734588719173,10433.734588719173,78253.01,77861.74,7972.61,46241.14,0.163,0.4214,3.9127,1.83,100.0,944.8275862068966,1.5229833333333336,0.2779166666666667,45.6172796067383,0.9278395213764159,0.82,0.163,6.483822238600382,83.51617776139962,93.50362313935335,1.0061103437251535,5.547499478292794,887.9515524002711
2022-06-29,Khavda Renewable Energy Park,SIMULATED,SIMULATED_PVLIB,2242.6291895397253,2242.6291895397253,16819.72,16735.62,1698.55,9851.59,0.035,0.0898,0.841,1.94,100.0,882.7586206896552,0.32,0.0625,41.91592848969565,0.9407942502860652,0.82,0.035,6.536280731118836,83.46371926888116,93.90149350558715,1.0062151190283595,5.544011243409312,886.9784577439556
2022-06-30,Khavda Renewable Energy Park,SIMULATED,SIMULATED_PVLIB,262.86692542267843,262.86692542267843,1971.5,1961.64,192.54,1116.73,0.0041,0.0102,0.0986,2.06,100.0,940.344827586207,0.036360000000000836,0.006666666666666821,42.55755600724404,0.9385485539746459,0.82,0.0041,6.589103860122279,83.41089613987772,94.3524803295395,1.0063214963841083,5.5405674294599985,887.4529824553971
2022-07-01,Khavda Renewable Energy Park,SIMULATED,SIMULATED_PVLIB,2415.403293929364,2415.403293929364,18115.52,18024.94,1762.94,10225.05,0.0377,0.0932,0.9058,2.17,100.0,1042.2413793103449,0.33499375000000137,0.05541666666666689,44.21255825196461,0.9327560461181239,0.82,0.0377,6.642347119778805,83.3576528802212,94.855163558649,1.0064296075577683,5.537167153470402,888.4923480018672
2022-07-02,Khavda Renewable Energy Park,SIMULATED,SIMULATED_PVLIB,113.38257777421234,113.38257777421234,850.37,846.12,85.83,497.81,0.0018,0.0045,0.0425,2.29,100.0,468.44827586206895,0.01584916666666613,0.005833333333333135,36.458200421533334,0.9598962985246333,0.82,0.0018,6.6960821906048125,83.30391780939519,95.40812910519912,1.006539621485091,5.5338092803386605,881.6638268885599
2022-07-03,Khavda Renewable Energy Park,SIMULATED,SIMULATED_PVLIB,5679.63157535315,5679.63157535315,42597.24,42384.25,4102.84,23796.47,0.0887,0.2168,2.1299,2.4,100.0,863.448275862069,0.784586666666667,0.15666666666666673,45.89887179813384,0.9268539487065316,0.82,0.0887,6.75039633702103,83.24960366297897,96.00996251997447,1.0066517444903875,5.5304924218132046,886.2263405976686
2022-07-04,Khavda Renewable Energy Park,SIMULATED,SIMULATED_PVLIB,418.1501181462049,418.1501181462049,3136.13,3120.45,295.72,1715.18,0.0065,0.0156,0.1568,0.8,100.0,729.1379310344828,0.05638666666666609,0.013333333333333197,45.12484460643774,0.9295630438774679,0.82,0.0065,6.805391970051204,83.1946080299488,96.65924188390562,1.0067662208482098,5.527214933227236,884.634273425589
2022-07-05,Khavda Renewable Energy Park,SIMULATED,SIMULATED_PVLIB,1893.647412830463,1893.647412830463,14202.36,14131.35,1330.02,7714.12,0.0296,0.0703,0.7101,0.91,100.0,691.7241379310344,0.2524216666666673,0.06291666666666684,43.88605776274924,0.9338987978303777,0.82,0.0296,6.8611863646729745,83.13881363532703,97.35453039886539,1.0068833336994103,5.523974907928087,884.2208702386135
2022-07-06,Khavda Renewable Energy Park,SIMULATED,SIMULATED_PVLIB,1751.5364460916967,1751.5364460916967,13136.52,13070.84,1264.61,7334.74,0.0274,0.0668,0.6568,1.03,100.0,569.6551724137931,0.23678666666666737,0.07166666666666688,40.25594859914835,0.9466041799029807,0.82,0.0274,6.917911518822706,83.0820884811773,98.09436864671505,1.007003406328577,5.520770169365381,882.8592312317857
2022-07-07,Khavda Renewable Energy Park,SIMULATED,SIMULATED_PVLIB,2231.480159282898,2231.480159282898,16736.1,16652.42,1574.23,9130.53,0.0349,0.0832,0.8368,1.14,100.0,896.2068965517242,0.30321666666666564,0.058333333333333126,47.800463580832314,0.9201983774670869,0.82,0.0349,6.975714065925658,83.02428593407434,98.87726598900235,1.0071268036500152,5.517598261838426,886.7941189638225
2022-07-08,Khavda Renewable Energy Park,SIMULATED,SIMULATED_PVLIB,0.0,0.0,0.0,0.0,0.0,0.0,0.0,0.0,0.0,1.26,100.0,224.48275862068965,0.0,0.0,31.084916645072667,0.9787027917422456,0.82,0.0,7.034755077081854,82.96524492291815,99.70169071752093,1.0072539335759418,5.514456442025641,879.0793917595447
2022-07-09,Khavda Renewable Energy Park,SIMULATED,SIMULATED_PVLIB,2758.1258308646384,2758.1258308646384,20685.94,20582.51,2049.58,11887.56,0.0431,0.1083,1.0343,1.37,100.0,706.8965517241379,0.3792500000000001,0.09250000000000003,37.0366634143147,0.9578716780498986,0.82,0.0431,7.095209523346014,82.90479047665399,100.56605982260322,1.0073852477750465,5.511341674486752,884.92226244649
2022-07-10,Khavda Renewable Energy Park,SIMULATED,SIMULATED_PVLIB,700.6962408205055,700.6962408205055,5255.22,5228.94,546.51,3169.76,0.0109,0.0289,0.2628,1.49,97.0,662.0689655172414,0.10079999999999997,0.026249999999999996,36.15534177468895,0.9609563037885887,0.82,0.0109,7.157265226255888,82.84273477374411,101.46873095233752,1.0075212414212502,5.508250633728019,884.6303093306999
2022-07-11,Khavda Renewable Energy Park,SIMULATED,SIMULATED_PVLIB,1241.7856179058747,1241.7856179058747,9313.39,9266.82,912.84,5294.47,0.0194,0.0482,0.4657,1.6,100.0,645.3448275862069,0.16843500000000014,0.04500000000000004,36.266141334780244,0.9605685053282691,0.82,0.0194,7.221121316848738,82.77887868315126,102.40799972160687,1.0076624519277477,5.5051797128574,884.7065042771696
2022-07-12,Khavda Renewable Energy Park,SIMULATED,SIMULATED_PVLIB,1400.2311981090932,1400.2311981090932,10501.73,10449.22,1052.23,6102.93,0.0219,0.0556,0.5251,1.71,100.0,188.6206896551724,0.1896266666666667,0.17333333333333334,29.71091387251056,0.9835118014462131,0.82,0.0219,7.286986428888099,82.7130135711119,103.38210377219241,1.0078094571166745,5.502125035911284,879.6676249508132
2022-07-13,Khavda Renewable Energy Park,SIMULATED,SIMULATED_PVLIB,13266.194467386502,13266.194467386502,99496.46,98998.98,9858.79,57180.98,0.2073,0.521,4.9748,1.83,100.0,912.7586206896552,1.8749583333333335,0.35416666666666674,44.43854644477689,0.9319650874432809,0.82,0.2073,7.355076881630467,82.64492311836953,104.38923147943467,1.0079628733689503,5.499082470332718,888.4953826090496
2022-07-14,Khavda Renewable Energy Park,SIMULATED,SIMULATED_PVLIB,3582.081223077901,3582.081223077901,26865.61,26731.28,2535.47,14705.73,0.056,0.134,1.3433,1.94,99.0,946.2068965517242,0.48934666666666765,0.08916666666666684,48.328160945802004,0.918351436689693,0.82,0.056,7.425614936286863,82.57438506371314,105.42753026682664,1.008123353942949,5.496047638391194,889.2699592991675
2022-07-15,Khavda Renewable Energy Park,SIMULATED,SIMULATED_PVLIB,2738.2371620976073,2738.2371620976073,20536.78,20434.1,2039.89,11831.36,0.0428,0.1078,1.0268,2.06,100.0,850.1724137931035,0.38420708333333425,0.07791666666666686,41.844786260012185,0.9410432480899573,0.82,0.0428,7.498826948610414,82.50117305138959,106.49510965722345,1.0082915870555822,5.493015930183673,888.5628271381954
2022-07-16,Khavda Renewable Energy Park,SIMULATED,SIMULATED_PVLIB,9260.740408056738,9260.740408056738,69455.55,69108.27,6787.57,39367.91,0.1447,0.3587,3.4728,2.17,100.0,924.1379310344828,1.2797000000000003,0.23875000000000002,42.11459970426079,0.9400989010350872,0.82,0.1447,7.574941147849188,82.42505885215081,107.59003775883963,1.0084682930653013,5.49121462254241,890.0706988986899
2022-07-17,Khavda Renewable Energy Park,SIMULATED,SIMULATED_PVLIB,15918.300345605336,15918.300345605336,119387.25,118790.31,11908.79,69070.98,0.2487,0.6294,5.9694,2.29,100.0,885.1724137931035,2.243985833333334,0.4370833333333334,41.96517957954071,0.9406218714716075,0.82,0.2487,7.6541849645831235,82.34581503541688,108.71033449054801,1.0086542204861495,5.490638168760762,890.4802609011697
2022-07-18,Khavda Renewable Energy Park,SIMULATED,SIMULATED_PVLIB,8021.8940141722,8021.8940141722,60164.21,59863.39,5952.98,34527.28,0.1253,0.3146,3.0082,2.4,100.0,994.1379310344828,1.1363824999999996,0.19708333333333328,45.4315773573738,0.9284894792491917,0.82,0.1253,7.736782171246077,82.26321782875392,109.85396720870722,1.008850141340966,5.490049170049771,892.655501864969
2022-07-19,Khavda Renewable Energy Park,SIMULATED,SIMULATED_PVLIB,14193.386985163166,14193.386985163166,106450.4,105918.15,10384.56,60230.45,0.2218,0.5488,5.3225,0.8,100.0,1007.7586206896552,1.9726875000000001,0.3375,44.133151766494755,0.9330339688172684,0.82,0.2218,7.822950301840848,82.17704969815915,111.0188530011892,1.0090568468850842,5.4894423865054565,893.746149336505
2022-07-20,Khavda Renewable Energy Park,SIMULATED,SIMULATED_PVLIB,11324.585768063329,11324.585768063329,84934.39,84509.72,8186.56,47482.05,0.1769,0.4327,4.2467,0.91,100.0,1071.3793103448277,1.5457325000000002,0.24875000000000003,42.50954525537786,0.9387165916061775,0.82,0.1769,7.912898750760263,82.08710124923974,112.2028680141305,1.0092751446590564,5.488812468498117,895.4532328655223
2022-07-21,Khavda Renewable Energy Park,SIMULATED,SIMULATED_PVLIB,11177.231697539297,11177.231697539297,83829.24,83410.09,7921.25,45943.25,0.1746,0.4186,4.1915,1.03,100.0,1052.5862068965519,1.4906375000000007,0.24416666666666675,41.60985598658365,0.9418655040469572,0.82,0.1746,8.006827653952584,81.99317234604742,113.40386084262173,1.0095058571907412,5.488153965901102,896.2247680625635
2022-07-22,Khavda Renewable Energy Park,SIMULATED,SIMULATED_PVLIB,6040.574190552884,6040.574190552884,45304.31,45077.79,4226.81,24515.5,0.0944,0.2234,2.2652,1.14,100.0,995.5172413793103,0.7987366666666665,0.1383333333333333,42.73071360105381,0.9379425023963117,0.82,0.0944,8.104927370376203,81.8950726296238,114.61966630887605,1.0097498219955958,5.487461329036943,896.5764269919018
2022-07-23,Khavda Renewable Energy Park,SIMULATED,SIMULATED_PVLIB,279.91379501856477,279.91379501856477,2099.35,2088.85,203.89,1182.56,0.0044,0.0108,0.105,1.26,100.0,832.4137931034483,0.03822166666666782,0.007916666666666905,40.57649836748138,0.9454822557138152,0.82,0.0044,8.207378279805098,81.7926217201949,115.84811760714808,1.0100078922430245,5.486728905440748,895.7133697843041
2022-07-24,Khavda Renewable Energy Park,SIMULATED,SIMULATED_PVLIB,0.0,0.0,0.0,0.0,0.0,0.0,0.0,0.0,0.0,1.37,100.0,390.51724137931035,0.0,0.0,32.467159035928695,0.9738649433742496,0.82,0.0,8.314350670663913,81.68564932933609,117.0870569648601,1.0102809375488668,5.485950935937818,891.6110140118451
2022-07-25,Khavda Renewable Energy Park,SIMULATED,SIMULATED_PVLIB,0.0,0.0,0.0,0.0,0.0,0.0,0.0,0.0,0.0,1.49,100.0,466.2068965517241,0.0,0.0,33.59149412347418,0.9699297705678404,0.82,0.0,8.426004623292783,81.57399537670722,118.33434584281724,1.0105698446454319,5.4851215516468494,893.5948297319453
2022-07-26,Khavda Renewable Energy Park,SIMULATED,SIMULATED_PVLIB,9.054279871970989,9.054279871970989,67.91,67.57,6.7,38.86,0.0001,0.0004,0.0034,1.6,100.0,510.3448275862069,0.0012333333333338547,0.0004166666666668428,35.72453632868188,0.9624641228496135,0.82,0.0001,8.542489826898901,81.4575101731011,119.58787540064657,1.0108755177434194,5.484234773110276,895.2321943642203
2022-07-27,Khavda Renewable Energy Park,SIMULATED,SIMULATED_PVLIB,6540.0137048763045,6540.0137048763045,49050.1,48804.85,4697.85,27247.53,0.1022,0.2483,2.4525,1.71,100.0,888.7931034482759,0.8827937500000002,0.17125,41.226269185958095,0.9432080578491466,0.82,0.1022,8.663945297129828,81.33605470287017,120.84557712886675,1.011198878458156,5.483284512374781,900.8065015455448
2022-07-28,Khavda Renewable Energy Park,SIMULATED,SIMULATED_PVLIB,15681.833246709166,15681.833246709166,117613.75,117025.68,11302.27,65553.17,0.245,0.5973,5.8807,1.83,100.0,1064.4827586206898,2.1428925,0.3470833333333333,43.620026167314236,0.9348299084144002,0.82,0.245,8.790499000814904,81.2095009991851,122.10543318286517,1.0115408652671594,5.482264578232307,904.0264145919435
2022-07-29,Khavda Renewable Energy Park,SIMULATED,SIMULATED_PVLIB,10804.394611340142,10804.394611340142,81032.96,80627.8,7948.13,46099.15,0.1688,0.4201,4.0516,1.94,100.0,994.4827586206897,1.49968,0.26,42.32448719048132,0.9393642948333154,0.82,0.1688,8.922267452095056,81.07773254790494,123.3654860893152,1.0119024326233972,5.481168683817033,904.3876780211459
2022-07-30,Khavda Renewable Energy Park,SIMULATED,SIMULATED_PVLIB,10498.830984620881,10498.830984620881,78741.23,78347.52,7579.89,43963.36,0.164,0.4006,3.9371,2.06,100.0,828.6206896551724,1.4137650000000002,0.2941666666666667,39.204888427960405,0.9502828905021385,0.82,0.164,9.05935539855291,80.94064460144709,124.62384756011198,1.0122845500198272,5.479990454654165,903.6435067692988
2022-07-31,Khavda Renewable Energy Park,SIMULATED,SIMULATED_PVLIB,12025.149570063693,12025.149570063693,90188.62,89737.68,8793.66,51003.23,0.1879,0.4647,4.5094,2.17,100.0,810.1724137931035,1.6329025000000001,0.34750000000000003,37.99947061936111,0.9545018528322361,0.82,0.1879,9.201855692726312,80.79814430727369,125.87870607049967,1.0126882012769631,5.478723435416044,904.641511259416
2022-08-01,Khavda Renewable Energy Park,SIMULATED,SIMULATED_PVLIB,7035.608985935384,7035.608985935384,52767.07,52503.23,5045.13,29261.75,0.1099,0.2666,2.6384,2.29,100.0,712.5862068965517,0.9333691666666667,0.22583333333333333,36.986873801705144,0.958045941694032,0.82,0.1099,9.349849386341432,80.65015061365857,127.12833279057764,1.0131143841982244,5.47736109446387,904.7268775830645
2022-08-02,Khavda Renewable Energy Park,SIMULATED,SIMULATED_PVLIB,7515.162945767728,7515.162945767728,56363.72,56081.9,5541.5,32140.7,0.1174,0.2929,2.8182,2.4,100.0,795.8620689655172,1.0347533333333336,0.22416666666666674,39.51426308867238,0.9492000791896467,0.82,0.1174,9.503406047635522,80.49659395236448,128.37108561877068,1.0135641106539595,5.475896825797092,906.9430292306814
2022-08-03,Khavda Renewable Energy Park,SIMULATED,SIMULATED_PVLIB,12830.930391988844,12830.930391988844,96231.98,95750.82,9490.7,55046.06,0.2005,0.5016,4.8116,0.8,100.0,865.5172413793103,1.7988333333333328,0.3583333333333333,43.53271216564059,0.935135507420258,0.82,0.2005,9.662584282870796,80.3374157171292,129.6054114183164,1.0140384071102553,5.4743239483236446,909.0106763625479
2022-08-04,Khavda Renewable Energy Park,SIMULATED,SIMULATED_PVLIB,14.902265379302083,14.902265379302083,111.77,111.21,10.81,62.7,0.0002,0.0006,0.0056,0.91,100.0,854.1379310344828,0.0020641666666675394,0.0004166666666668428,45.53812489230913,0.928116562876918,0.82,0.0002,9.827432434218906,80.1725675657811,130.82984665833845,1.0145383155968002,5.4726357025076675,910.1386738385472
2022-08-05,Khavda Renewable Energy Park,SIMULATED,SIMULATED_PVLIB,10.049386607504951,10.049386607504951,75.37,74.99,8.16,47.33,0.0002,0.0004,0.0038,1.03,99.0,632.4137931034483,0.0015283333333339796,0.0004166666666668428,40.23489155491138,0.9466778795578101,0.82,0.0002,9.997989333583902,80.0020106664161,132.04301687997747,1.0150648948200605,5.470825246297613,908.810946168029
2022-08-06,Khavda Renewable Energy Park,SIMULATED,SIMULATED_PVLIB,15.637971657414,15.637971657414,117.28,116.69,11.35,65.83,0.0002,0.0006,0.0059,1.14,100.0,286.0344827586207,0.002073749999999956,0.0012499999999999734,33.479602429224464,0.9703213914977143,0.82,0.0002,10.174284953837216,79.82571504616278,133.24363561195486,1.0156192209630586,5.468885653284065,906.0293688903989
2022-08-07,Khavda Renewable Energy Park,SIMULATED,SIMULATED_PVLIB,1158.2815653901578,1158.2815653901578,8687.11,8643.67,985.76,5717.41,0.0181,0.0521,0.4344,1.26,97.0,819.1379310344828,0.188060416666666,0.03958333333333319,45.2696845778228,0.9290561039776202,0.82,0.0181,10.356340866536016,79.64365913346398,134.43050378383987,1.0162023878604924,5.466809915075118,913.5522228504706
2022-08-08,Khavda Renewable Energy Park,SIMULATED,SIMULATED_PVLIB,29.089378118401775,29.089378118401775,218.17,217.08,22.58,130.96,0.0005,0.0012,0.0109,1.37,100.0,907.9310344827586,0.004388333333332266,0.0008333333333331305,50.17102923178315,0.911901397688759,0.82,0.0005,10.544170580575297,79.4558294194247,135.60251087638835,1.0168155067333966,5.464590946697569,915.8741394238506
2022-08-09,Khavda Renewable Energy Park,SIMULATED,SIMULATED_PVLIB,4134.641617976152,4134.641617976152,31009.81,30854.76,3005.97,17434.63,0.0646,0.1589,1.5505,1.49,100.0,950.8620689655173,0.5859687499999997,0.10624999999999996,50.93206189099769,0.9092377833815081,0.82,0.0646,10.737779970705347,79.26222002929465,136.75863830622438,1.0174597061474007,5.462221590775839,917.6598077686294
2022-08-10,Khavda Renewable Energy Park,SIMULATED,SIMULATED_PVLIB,1736.8502979985738,1736.8502979985738,13026.38,12961.25,1263.23,7326.73,0.0271,0.0668,0.6513,1.6,100.0,853.6206896551724,0.24136124999999978,0.04874999999999996,45.67274270938114,0.927645400517166,0.82,0.0271,10.937167912901842,79.06283208709816,137.8979641097314,1.0181361326482319,5.459694617611728,917.802950124346
2022-08-11,Khavda Renewable Energy Park,SIMULATED,SIMULATED_PVLIB,25.39553594044894,25.39553594044894,190.47,189.52,19.43,112.69,0.0004,0.001,0.0095,1.71,100.0,497.4137931034483,0.003606249999999923,0.0012499999999999734,37.804981698672485,0.9551825640546463,0.82,0.0004,11.142326950575978,78.85767304942402,139.019666765549,1.0188459515744006,5.457002724384141,914.9105535101514
2022-08-12,Khavda Renewable Energy Park,SIMULATED,SIMULATED_PVLIB,45.88299731693721,45.88299731693721,344.12,342.4,34.67,201.09,0.0007,0.0018,0.0172,1.83,100.0,902.4137931034483,0.006542499999999861,0.0012499999999999734,42.369568953838254,0.9392065086615661,0.82,0.0007,11.3532435625891,78.6467564374109,140.1230260477745,1.0195903465588683,5.454138542945414,920.9286293864379
2022-08-13,Khavda Renewable Energy Park,SIMULATED,SIMULATED_PVLIB,2768.915037820102,2768.915037820102,20766.86,20663.03,1968.9,11419.62,0.0433,0.1041,1.0383,1.94,100.0,1032.7586206896551,0.37187916666666565,0.06208333333333316,42.599327298724845,0.9384023544544631,0.82,0.0433,11.569897650366357,78.43010234963364,141.20742035767205,1.0203705161529957,5.451094666098809,923.7238873095584
2022-08-14,Khavda Renewable Energy Park,SIMULATED,SIMULATED_PVLIB,3643.127514559729,3643.127514559729,27323.46,27186.84,2739.97,15891.83,0.0569,0.1448,1.3662,2.06,100.0,731.2068965517242,0.5053858333333336,0.11916666666666675,36.16340690632126,0.9609280758278755,0.82,0.0569,11.792261272536066,78.20773872746393,142.27232176912412,1.0211876672790268,5.447863694054331,921.4530262958996
2022-08-15,Khavda Renewable Energy Park,SIMULATED,SIMULATED_PVLIB,1322.6057844816814,1322.6057844816814,9919.54,9869.94,919.55,5333.39,0.0207,0.0486,0.496,2.17,100.0,782.9310344827586,0.17217958333333405,0.03791666666666682,40.260352925575766,0.9465887647604848,0.82,0.0207,12.020297106251064,77.97970289374894,143.317290986761,1.022043006894711,5.444438292085858,923.3098487156664
2022-08-16,Khavda Renewable Energy Park,SIMULATED,SIMULATED_PVLIB,0.0,0.0,0.0,0.0,0.0,0.0,0.0,0.0,0.0,2.29,100.0,454.82758620689657,0.0,0.0,36.07360410476181,0.9612423856333336,0.82,0.0,12.253957309743456,77.74604269025654,144.3419736108462,1.022937734266422,5.4427577040299004,921.0442995703476
2022-08-17,Khavda Renewable Energy Park,SIMULATED,SIMULATED_PVLIB,0.0,0.0,0.0,0.0,0.0,0.0,0.0,0.0,0.0,2.4,100.0,193.10344827586206,0.0,0.0,29.25878621682818,0.9850942482411014,0.82,0.0,12.493183235846985,77.50681676415302,145.3460974938941,1.0238730357813395,5.442818177479405,919.8856354931783
2022-08-18,Khavda Renewable Energy Park,SIMULATED,SIMULATED_PVLIB,117.10590028090512,117.10590028090512,878.29,873.9,81.73,474.03,0.0018,0.0043,0.0439,0.8,100.0,562.7586206896552,0.014959999999999439,0.004583333333333162,34.048018638911074,0.9683319347638113,0.82,0.0018,12.737905996470715,77.26209400352928,146.32946988972446,1.0248500827409797,5.442667476014006,926.113511743023
2022-08-19,Khavda Renewable Energy Park,SIMULATED,SIMULATED_PVLIB,3551.3173125126687,3551.3173125126687,26634.88,26501.71,2591.59,15031.22,0.0555,0.137,1.3317,0.91,100.0,954.4827586206897,0.4844000000000001,0.08750000000000002,39.7810832481255,0.9482662086315607,0.82,0.0555,12.988047552536443,77.01195244746356,147.29197314202946,1.0258700312906932,5.442298896871597,932.5903669854006
2022-08-20,Khavda Renewable Energy Park,SIMULATED,SIMULATED_PVLIB,9892.963505523927,9892.963505523927,74197.23,73826.24,7874.9,45674.42,0.1546,0.4162,3.7099,1.03,95.0,941.0344827586207,1.4759341666666672,0.27041666666666675,40.519202377012576,0.945682791680456,0.82,0.1546,13.24352195722517,76.75647804277483,148.23355864800408,1.0269340232672488,5.441705910477701,934.3109549463259
2022-08-21,Khavda Renewable Energy Park,SIMULATED,SIMULATED_PVLIB,884.6869058352394,884.6869058352394,6635.15,6601.97,651.79,3780.38,0.0138,0.0344,0.3318,1.14,100.0,520.8620689655172,0.11958124999999957,0.03958333333333319,34.69326973651027,0.9660735559222141,0.82,0.0138,13.504236537154625,76.49576346284537,149.15423976604785,1.02804318718457,5.440882158434686,931.2555159531255
2022-08-22,Khavda Renewable Energy Park,SIMULATED,SIMULATED_PVLIB,1093.9278787637852,1093.9278787637852,8204.46,8163.44,805.08,4669.46,0.0171,0.0425,0.4102,1.26,100.0,785.0,0.149869583333334,0.032916666666666816,38.67888068597122,0.9521239175991008,0.82,0.0171,13.770092943438101,76.2299070565619,150.05408465301207,1.0291986390748518,5.4398214524457265,936.200154822116
2022-08-23,Khavda Renewable Energy Park,SIMULATED,SIMULATED_PVLIB,851.4379873225321,851.4379873225321,6385.78,6353.85,653.43,3789.89,0.0133,0.0345,0.3193,1.37,100.0,498.9655172413793,0.11937750000000003,0.04125000000000001,33.52607450202242,0.9701587392429215,0.82,0.0133,14.04098805288534,75.95901194711466,150.93320965356907,1.030401483063577,5.438517774918302,934.6856326892903
2022-08-24,Khavda Renewable Energy Park,SIMULATED,SIMULATED_PVLIB,1248.0970026112807,1248.0970026112807,9360.73,9313.93,926.8,5375.44,0.0195,0.049,0.468,1.49,100.0,405.1724137931035,0.16841666666666716,0.07166666666666688,32.03683724584748,0.9753710696395338,0.82,0.0195,14.316814683682992,75.68318531631701,151.79177343575435,1.0316528114603636,5.436965282581345,935.4052022985315
2022-08-25,Khavda Renewable Energy Park,SIMULATED,SIMULATED_PVLIB,9628.613450279434,9628.613450279434,72214.6,71853.53,7265.08,42137.46,0.1504,0.384,3.6107,1.6,100.0,965.0,1.3642687500000001,0.24375000000000002,41.03995217145007,0.9438601673999247,0.82,0.1504,14.597462107925864,75.40253789207414,152.62997188854433,1.0329537041940233,5.435158314135542,943.760790451764
2022-08-26,Khavda Renewable Energy Park,SIMULATED,SIMULATED_PVLIB,20000.0,20000.0,150000.0,149250.0,14446.62,83790.4,0.3125,0.7635,7.5,1.71,100.0,1045.8620689655172,4.726425,0.7791666666666667,44.682915399748566,0.9311097961008801,0.82,0.3125,14.882816428721824,75.11718357127818,153.4480336174903,1.0343052278025167,5.433091400555888,946.4865732864112
2022-08-27,Khavda Renewable Energy Park,SIMULATED,SIMULATED_PVLIB,19549.357511041468,19549.357511041468,146620.18,145887.08,14440.72,83756.18,0.3055,0.7632,7.331,1.83,100.0,1063.7931034482758,4.838308333333333,0.7841666666666667,44.79142088948785,0.9307300268867925,0.82,0.3055,15.172760920340068,74.82723907965993,154.2462158607425,1.0357084343823273,5.4307592754768494,948.4534604208349
2022-08-28,Khavda Renewable Energy Park,SIMULATED,SIMULATED_PVLIB,13633.166916818716,13633.166916818716,102248.75,101737.51,10179.12,59038.9,0.213,0.538,5.1124,1.94,100.0,828.6206896551724,1.9063799999999997,0.3966666666666666,40.318463986679305,0.9463853760466224,0.82,0.213,15.467176391070126,74.53282360892987,155.024800505779,1.0371643607830785,5.428156883864179,947.4327763176811
2022-08-29,Khavda Renewable Energy Park,SIMULATED,SIMULATED_PVLIB,9771.30179072336,9771.30179072336,73284.76,72918.34,7490.07,43442.41,0.1527,0.3959,3.6642,2.06,97.0,934.3103448275863,1.4270033333333332,0.2633333333333333,44.91103618603979,0.9303113733488607,0.82,0.1527,15.765941565940182,74.23405843405982,155.78408977621189,1.0386740280634397,5.425279388875016,950.3793223144332
2022-08-30,Khavda Renewable Energy Park,SIMULATED,SIMULATED_PVLIB,19170.81164384966,19170.81164384966,143781.09,143062.18,14130.9,81959.22,0.2995,0.7468,7.1891,2.17,100.0,999.1379310344828,3.5687541666666673,0.6158333333333335,50.496800184235724,0.910761199355175,0.82,0.2995,16.06893345616885,73.93106654383115,156.52440143772935,1.040238441065202,5.422122177793771,952.821110037547
2022-08-31,Khavda Renewable Energy Park,SIMULATED,SIMULATED_PVLIB,19495.425396934428,19495.425396934428,146215.69,145484.61,14220.15,82476.87,0.3046,0.7515,7.3108,2.29,100.0,1053.2758620689656,3.9301233333333334,0.6433333333333333,48.85332616263432,0.9165133584307799,0.82,0.3046,16.376027737563746,73.62397226243625,157.24606361342774,1.0418585882286087,5.418680866282452,955.1101147886047
2022-09-01,Khavda Renewable Energy Park,SIMULATED,SIMULATED_PVLIB,8994.307603586629,8994.307603586629,67457.31,67120.02,6896.59,40000.22,0.1405,0.3645,3.3729,2.4,100.0,945.1724137931035,1.31568,0.24,45.2636552452292,0.9290772066416978,0.82,0.1405,16.687099201316443,73.31290079868356,157.94940950923376,1.0435354420164353,5.414951298705911,955.4700713703387
2022-09-02,Khavda Renewable Energy Park,SIMULATED,SIMULATED_PVLIB,8123.462507045703,8123.462507045703,60925.97,60621.34,6136.33,35590.71,0.1269,0.3243,3.0463,0.8,100.0,967.2413793103449,1.1804375000000003,0.2104166666666667,47.466063408862894,0.9213687780689799,0.82,0.1269,17.002022301390156,72.99797769860984,158.63477244559806,1.045269960156439,5.410929543310636,957.32425543948
2022-09-03,Khavda Renewable Energy Park,SIMULATED,SIMULATED_PVLIB,20000.0,20000.0,150000.0,149250.0,14422.38,83649.8,0.3125,0.7622,7.5,0.91,100.0,1021.8965517241379,3.7117837499999995,0.62625,45.12916939110405,0.9295479071311359,0.82,0.3125,17.320671751150044,72.67932824884996,159.30248152507693,1.0470630875330518,5.406611883381851,959.5284745670749
2022-09-04,Khavda Renewable Energy Park,SIMULATED,SIMULATED_PVLIB,19824.531060449754,19824.531060449754,148683.98,147940.56,14722.83,85392.41,0.3098,0.7781,7.4342,1.03,100.0,936.551724137931,2.928753333333333,0.5391666666666666,39.59658139147027,0.9489119651298541,0.82,0.3098,17.64292310201479,72.35707689798521,159.95285826595023,1.0489157584036124,5.401994806437465,960.0601998201562
2022-09-05,Khavda Renewable Energy Park,SIMULATED,SIMULATED_PVLIB,19157.172862894895,19157.172862894895,143678.8,142960.41,14691.94,85213.25,0.2993,0.7765,7.1839,1.14,100.0,890.5172413793103,3.2711666666666672,0.6333333333333334,40.16525071719589,0.9469216224898144,0.82,0.2993,17.96865330995041,72.03134669004959,160.58621451070883,1.0508288989841084,5.397074991242542,961.0181772102012
2022-09-06,Khavda Renewable Energy Park,SIMULATED,SIMULATED_PVLIB,19985.177893486496,19985.177893486496,149888.83,149139.39,14499.41,84096.58,0.3123,0.7663,7.4944,1.26,100.0,843.448275862069,3.37548,0.69,43.710669247054206,0.9345126576353102,0.82,0.3123,18.29774136013711,71.70225863986289,161.2028518166245,1.0528034308457166,5.391849290049995,961.928686024321
2022-09-07,Khavda Renewable Energy Park,SIMULATED,SIMULATED_PVLIB,19572.344461768676,19572.344461768676,146792.58,146058.62,14208.13,82407.15,0.3058,0.7509,7.3396,1.37,100.0,963.6206896551724,4.797225000000001,0.8583333333333334,49.07464912835232,0.9157387280507668,0.82,0.3058,18.63006895786333,71.36993104213667,161.80306219724548,1.0548402752506083,5.386314705431102,964.7613047818763
2022-09-08,Khavda Renewable Energy Park,SIMULATED,SIMULATED_PVLIB,18113.00273785839,18113.00273785839,135847.52,135168.28,13989.41,81138.58,0.283,0.7393,6.7924,1.49,100.0,1078.9655172413793,5.658275,0.9041666666666667,53.10225999335566,0.9016420900232552,0.82,0.283,18.965521089537674,71.03447891046233,162.3871297706861,1.0569403572768412,5.380468368757044,967.4996887402432
2022-09-09,Khavda Renewable Energy Park,SIMULATED,SIMULATED_PVLIB,19075.18769150229,19075.18769150229,143063.91,142348.59,13976.11,81061.44,0.298,0.7386,7.1532,1.6,100.0,1069.8275862068965,3.9712,0.64,53.347138742984164,0.9007850143995554,0.82,0.298,19.303986085661023,70.69601391433898,162.95533278798973,1.0591046072637804,5.374307535087549,968.741374699857
2022-09-10,Khavda Renewable Energy Park,SIMULATED,SIMULATED_PVLIB,19063.725108947427,19063.725108947427,142977.94,142263.05,13776.22,79902.08,0.2979,0.7281,7.1489,1.71,100.0,1016.7241379310345,3.0050129166666677,0.5095833333333335,57.02810252096036,0.8879016411766387,0.82,0.2979,19.645354893543512,70.35464510645649,163.507945577624,1.0613339571976372,5.367829608267817,969.4282620924242
2022-09-11,Khavda Renewable Energy Park,SIMULATED,SIMULATED_PVLIB,27.184178581811356,27.184178581811356,203.88,202.86,19.88,115.3,0.0004,0.0011,0.0102,1.83,100.0,512.0689655172414,0.003712499999999921,0.0012499999999999734,39.566709414195586,0.9490165170503154,0.82,0.0004,19.989519587842295,70.0104804121577,164.04524029552044,1.0636293314543048,5.361032198911992,964.7858547665605
2022-09-12,Khavda Renewable Energy Park,SIMULATED,SIMULATED_PVLIB,324.6694211305204,324.6694211305204,2435.02,2422.84,235.88,1368.1,0.0051,0.0125,0.1218,1.94,100.0,742.5862068965517,0.04486458333333414,0.010416666666666852,44.4620096137527,0.9318829663518655,0.82,0.0051,20.33637153145446,69.66362846854554,164.56748853916974,1.0659916339393603,5.353913202275647,968.7115094095194
2022-09-13,Khavda Renewable Energy Park,SIMULATED,SIMULATED_PVLIB,6260.490884869011,6260.490884869011,46953.68,46718.91,4844.18,28096.24,0.0978,0.256,2.3477,2.06,100.0,856.2068965517242,0.9249175000000002,0.18625000000000003,45.48779948079547,0.9282927018172158,0.82,0.0978,20.68579977204432,69.31420022795568,165.07496277022426,1.0684217353028216,5.346470873677184,971.2252522205264
2022-09-14,Khavda Renewable Energy Park,SIMULATED,SIMULATED_PVLIB,3138.7154421810533,3138.7154421810533,23540.37,23422.67,2306.15,13375.67,0.049,0.1219,1.177,2.17,100.0,734.4827586206897,0.43487499999999985,0.1020833333333333,42.166414208087495,0.9399175502716938,0.82,0.049,21.037690094950406,68.9623099050496,165.56793739491877,1.0709204633899259,5.338703882800561,970.9389811126389
2022-09-15,Khavda Renewable Energy Park,SIMULATED,SIMULATED_PVLIB,5910.356357982021,5910.356357982021,44327.67,44106.03,4431.07,25700.21,0.0923,0.2342,2.2164,2.29,100.0,1020.0,0.8405650000000001,0.14208333333333334,43.76005565762469,0.9343398051983136,0.82,0.0923,21.391924808953718,68.60807519104628,166.04668921870143,1.0734885980875544,5.3306113405121165,975.3775264913127
2022-09-16,Khavda Renewable Energy Park,SIMULATED,SIMULATED_PVLIB,19172.56408141816,19172.56408141816,143794.23,143075.26,14469.68,83924.14,0.2996,0.7647,7.1897,2.4,100.0,936.2068965517242,2.7104749999999997,0.49916666666666665,40.37268571744674,0.9461955999889364,0.82,0.2996,21.748383050888634,68.25161694911137,166.51149708835942,1.0761268696928772,5.321828706788772,975.3714518957755
2022-09-17,Khavda Renewable Energy Park,SIMULATED,SIMULATED_PVLIB,20000.0,20000.0,150000.0,149250.0,14569.42,84502.64,0.3125,0.77,7.5,0.8,100.0,951.8965517241379,3.30569875,0.59875,42.421566341654916,0.9390245178042078,0.82,0.3125,22.106941305643574,67.89305869435643,166.96264085278494,1.078835959034647,5.312719468797551,976.4834359021868
2022-09-18,Khavda Renewable Energy Park,SIMULATED,SIMULATED_PVLIB,20000.0,20000.0,150000.0,149250.0,14316.42,83035.24,0.3125,0.7566,7.5,0.91,100.0,959.1379310344828,3.7828399999999993,0.6799999999999999,47.08052313393733,0.9227181690312194,0.82,0.3125,22.467473935854585,67.53252606414542,167.40039989503828,1.0816164979936898,5.303284059836028,977.4487762812605
2022-09-19,Khavda Renewable Energy Park,SIMULATED,SIMULATED_PVLIB,20000.0,20000.0,150000.0,149250.0,14360.71,83292.12,0.3125,0.759,7.5,1.03,100.0,986.2068965517242,4.938266666666666,0.8633333333333333,46.26484645854629,0.925573037395088,0.82,0.3125,22.82985363243084,67.17014636756916,167.82505164698136,1.0844690697502084,5.293523337328749,978.5980236774012
2022-09-20,Khavda Renewable Energy Park,SIMULATED,SIMULATED_PVLIB,20000.0,20000.0,150000.0,149250.0,14429.49,83691.04,0.3125,0.7626,7.5,1.14,100.0,961.2068965517242,4.569177083333334,0.8195833333333333,44.99828829411345,0.9300059909706029,0.82,0.3125,23.193951764594345,66.80604823540565,168.23687038118464,1.087394208518893,5.283438577565219,979.0886197467382
2022-09-21,Khavda Renewable Energy Park,SIMULATED,SIMULATED_PVLIB,19536.389275995414,19536.389275995414,146522.92,145790.31,14409.97,83577.83,0.3053,0.7616,7.3261,1.26,100.0,991.2068965517242,4.8746729166666665,0.8479166666666667,45.357804828811084,0.9287476830991612,0.82,0.3053,23.55963862009544,66.44036137990456,168.63612643575334,1.0903923985983999,5.273031473747753,980.1740294033824
2022-09-22,Khavda Renewable Energy Park,SIMULATED,SIMULATED_PVLIB,19915.950087192203,19915.950087192203,149369.63,148622.78,14505.05,84129.29,0.3112,0.7666,7.4685,1.37,100.0,1031.2068965517242,3.6882833333333336,0.6166666666666667,43.60688634898243,0.9348758977785615,0.82,0.3112,23.92678354123251,66.07321645876749,169.02308592390182,1.0934640726685607,5.262304137600511,981.326822881188
2022-09-23,Khavda Renewable Energy Park,SIMULATED,SIMULATED_PVLIB,13499.562032208873,13499.562032208873,101246.72,100740.49,9723.78,56397.92,0.2109,0.5139,5.0623,1.49,100.0,988.7931034482759,1.8304208333333336,0.3191666666666667,41.694880730503336,0.9415679174432383,0.82,0.2109,24.295255002674736,65.70474499732526,169.3980108378504,1.0966096096165756,5.251259102814132,981.4643489744933
2022-09-24,Khavda Renewable Energy Park,SIMULATED,SIMULATED_PVLIB,14567.932691452314,14567.932691452314,109259.5,108713.2,10708.27,62107.97,0.2276,0.5659,5.463,1.6,100.0,787.2413793103449,1.99382,0.43666666666666665,38.73699073888609,0.9519205324138986,0.82,0.2276,24.66492069760413,65.33507930239587,169.76115936225335,1.0998293324104789,5.239899327334471,979.6877741096973
2022-09-25,Khavda Renewable Energy Park,SIMULATED,SIMULATED_PVLIB,19947.848335300892,19947.848335300892,149608.86,148860.82,14675.66,85118.83,0.3117,0.7756,7.4804,1.71,100.0,787.2413793103449,2.9032150000000003,0.6358333333333335,40.46515315915825,0.9458719639429461,0.82,0.3117,25.03564766662224,64.96435233337776,170.11278613570505,1.1031235063404687,5.228228192723403,980.2211168933038
2022-09-26,Khavda Renewable Energy Park,SIMULATED,SIMULATED_PVLIB,19984.568237797117,19984.568237797117,149884.26,149134.84,14421.15,83642.67,0.3123,0.7622,7.4942,1.83,100.0,952.5862068965517,4.57884375,0.82875,45.15187255919066,0.9294684460428327,0.82,0.3123,25.40730243882051,64.59269756117949,170.45314221579167,1.1064923374037983,5.216249501913083,982.6402010431284
2022-09-27,Khavda Renewable Energy Park,SIMULATED,SIMULATED_PVLIB,19338.911863988367,19338.911863988367,145041.84,144316.63,14342.28,83185.22,0.3022,0.758,7.2521,1.94,100.0,1030.8620689655172,4.98000875,0.8329166666666666,46.60425731407611,0.9243850994007337,0.82,0.3022,25.779751125979203,64.2202488740208,170.7824745320288,1.1099359703023537,5.203967478312539,983.9888075879842
2022-09-28,Khavda Renewable Energy Park,SIMULATED,SIMULATED_PVLIB,19057.3489433806,19057.3489433806,142930.12,142215.47,14440.73,83756.23,0.2978,0.7632,7.1465,2.06,100.0,975.344827586207,4.471387083333334,0.7904166666666668,44.791237025296226,0.9307306704114632,0.82,0.2978,26.152859448347996,63.847140551652004,171.1010247681112,1.1134544857926905,5.191386767618463,983.719727918352
2022-09-29,Khavda Renewable Energy Park,SIMULATED,SIMULATED_PVLIB,19363.97265485716,19363.97265485716,145229.79,144503.64,14549.73,84388.43,0.3026,0.769,7.2615,2.17,100.0,867.2413793103449,3.2653083333333335,0.6491666666666667,42.784050699846425,0.9377558225505375,0.82,0.3026,26.526492755630123,63.47350724436988,171.4090277228836,1.1170478979196006,5.178512439315498,982.7840917576416
2022-09-30,Khavda Renewable Energy Park,SIMULATED,SIMULATED_PVLIB,19132.221507597686,19132.221507597686,143491.66,142774.2,14379.58,83401.56,0.2989,0.76,7.1746,2.29,97.0,1036.0344827586207,5.9539175,0.9908333333333333,45.91728381553511,0.9267895066456271,0.82,0.2989,26.900516163477292,63.09948383652271,171.70670931853408,1.1207161523180686,5.165349981453842,985.0407884170279
2022-10-01,Khavda Renewable Energy Park,SIMULATED,SIMULATED_PVLIB,18728.997507727698,18728.997507727698,140467.48,139765.14,14462.39,83881.86,0.2926,0.7643,7.0234,6.0,100.0,993.1034482758621,5.3424,0.9275,44.392495127346194,0.9321262670542884,0.82,0.2926,27.274794910587943,62.72520508941206,171.99428452907478,1.1244591268019135,5.151905282423985,984.7675358491384
2022-10-02,Khavda Renewable Energy Park,SIMULATED,SIMULATED_PVLIB,19471.332931005327,19471.332931005327,146035.0,145304.83,14421.71,83645.92,0.3042,0.7622,7.3018,2.0,99.0,1009.1379310344828,5.37256625,0.9179166666666667,45.14162712834269,0.9295043050508006,0.82,0.3042,27.649194969134534,62.350805030865466,172.27195552075545,1.1282766348880338,5.138184596823413,985.1348019319987
2022-10-03,Khavda Renewable Energy Park,SIMULATED,SIMULATED_PVLIB,18708.117766262818,18708.117766262818,140310.88,139609.33,14341.58,83181.16,0.2923,0.758,7.0155,2.29,95.0,945.6896551724138,5.071339583333334,0.9245833333333333,46.61715087118136,0.9243399719508653,0.82,0.2923,28.023583854738,61.976416145262,172.53991029877295,1.132168432068065,5.124194497147063,984.5214880102824
2022-10-04,Khavda Renewable Energy Park,SIMULATED,SIMULATED_PVLIB,19001.081026139174,19001.081026139174,142508.11,141795.57,14318.44,83046.95,0.2969,0.7567,7.1254,2.57,100.0,997.5862068965517,5.4967,0.95,47.043258640137466,0.9228485947595189,0.82,0.2969,28.39783151631024,61.60216848368976,172.7983221302576,1.1361342238681231,5.1099418170737785,985.2097237337445
2022-10-05,Khavda Renewable Energy Park,SIMULATED,SIMULATED_PVLIB,19616.51698383686,19616.51698383686,147123.88,146388.26,14333.77,83135.87,0.3065,0.7575,7.3562,2.86,100.0,973.6206896551724,5.2375925,0.9275,46.76096945773476,0.9238366068979283,0.82,0.3065,28.771811147832388,61.22818885216761,173.047349841989,1.1401736741398747,5.0954335950084655,984.960640587579
2022-10-06,Khavda Renewable Energy Park,SIMULATED,SIMULATED_PVLIB,19417.745661452354,19417.745661452354,145633.09,144904.92,14389.69,83460.2,0.3034,0.7605,7.2817,3.14,100.0,962.5862068965517,5.145665,0.9216666666666666,45.73121036721295,0.9274407637147547,0.82,0.3034,29.14539972983267,60.85460027016733,173.28713903967343,1.1442864113881823,5.0806770294377115,984.8146489218078
2022-10-07,Khavda Renewable Energy Park,SIMULATED,SIMULATED_PVLIB,5256.64978587551,5256.64978587551,39424.87,39227.75,4103.42,23799.84,0.0821,0.2169,1.9712,3.43,100.0,555.1724137931035,0.770116666666667,0.23916666666666675,40.88485679690722,0.9444030012108248,0.82,0.0821,29.51847810881835,60.48152189118165,173.5178241074898,1.1484720306145124,5.065679458724866,979.9786568005577
2022-10-08,Khavda Renewable Energy Park,SIMULATED,SIMULATED_PVLIB,19032.421205318726,19032.421205318726,142743.16,142029.44,13753.97,79773.03,0.2974,0.7269,7.1372,3.71,100.0,966.551724137931,2.667521666666667,0.47583333333333344,49.606644969484464,0.9138767426068044,0.82,0.2974,29.89093048554878,60.10906951445122,173.73953073967573,1.1527300885268608,5.050448375335053,984.6847954905587
2022-10-09,Khavda Renewable Energy Park,SIMULATED,SIMULATED_PVLIB,18355.560189767697,18355.560189767697,137666.7,136978.37,14091.67,81731.69,0.2868,0.7448,6.8833,4.0,100.0,1004.6551724137931,5.118048333333333,0.8783333333333333,51.219251264975505,0.9082326205725857,0.82,0.2868,30.262643332294346,59.737356667705654,173.95237869877587,1.1570600914592155,5.034991476233792,984.972778390045
2022-10-10,Khavda Renewable Energy Park,SIMULATED,SIMULATED_PVLIB,17479.392936430817,17479.392936430817,131095.45,130439.97,13949.53,80907.27,0.2731,0.7372,6.5548,4.29,100.0,1012.5862068965517,5.873,1.0,53.83662835232189,0.8990718007668734,0.82,0.2731,30.633503957230552,59.36649604276945,174.1564844158804,1.1614614777022318,5.019316739038059,984.8615908867373
2022-10-11,Khavda Renewable Energy Park,SIMULATED,SIMULATED_PVLIB,17711.914123452443,17711.914123452443,132839.36,132175.16,13909.55,80675.39,0.2767,0.7351,6.642,4.57,100.0,1015.0,5.87964125,0.99875,54.5728722941127,0.8964949469706056,0.82,0.2767,31.003399072295764,58.996600927704236,174.35196315228177,1.1659335979759218,5.003432503751752,984.6407689108198
2022-10-12,Khavda Renewable Energy Park,SIMULATED,SIMULATED_PVLIB,17729.270001521058,17729.270001521058,132969.53,132304.68,13954.62,80936.8,0.277,0.7375,6.6485,4.86,100.0,1007.2413793103449,5.81279,0.995,53.74292871309095,0.8993997495041817,0.82,0.277,31.372213714368797,58.6277862856312,174.5389305634037,1.1704756983115796,4.9873475382945225,984.2566512026901
2022-10-13,Khavda Renewable Energy Park,SIMULATED,SIMULATED_PVLIB,18471.71650853521,18471.71650853521,138537.87,137845.18,14114.01,81861.26,0.2886,0.7459,6.9269,5.14,100.0,1001.2068965517242,5.7755454166666675,0.9945833333333334,50.80786380591648,0.9096724766792923,0.82,0.2886,31.739830709290374,58.26016929070963,174.71750358896293,1.175086908223887,4.971071074136848,983.8494976512051
2022-10-14,Khavda Renewable Energy Park,SIMULATED,SIMULATED_PVLIB,18096.78365151533,18096.78365151533,135725.88,135047.25,14006.07,81235.21,0.2828,0.7402,6.7863,5.43,100.0,999.8275862068966,5.799,1.0,52.795392718784306,0.902716125484255,0.82,0.2828,32.10613063738884,57.89386936261116,174.88780077488127,1.179766234460806,4.95461281196644,983.4546445112234
2022-10-15,Khavda Renewable Energy Park,SIMULATED,SIMULATED_PVLIB,18168.11018823773,18168.11018823773,136260.83,135579.53,14130.81,81958.7,0.2839,0.7468,6.813,5.71,100.0,1002.4137931034483,5.717099999999999,0.9833333333333333,50.49844415676786,0.9107554454513125,0.82,0.2839,32.47099210304581,57.52900789695419,175.0499421126067,1.1845125585377352,4.937982907586839,983.0650997663929
2022-10-16,Khavda Renewable Energy Park,SIMULATED,SIMULATED_PVLIB,18521.547751846767,18521.547751846767,138911.61,138217.05,14042.42,81446.04,0.2894,0.7421,6.9456,6.0,100.0,996.551724137931,4.424108333333334,0.7654166666666667,52.12615690045391,0.9050584508484113,0.82,0.2894,32.834292089827635,57.165707910172365,175.20404857264145,1.1893246356476415,4.920819902117776,982.4471400410088
2022-10-17,Khavda Renewable Energy Park,SIMULATED,SIMULATED_PVLIB,19182.417900079407,19182.417900079407,143868.13,143148.79,14065.78,81581.52,0.2997,0.7434,7.1934,2.0,100.0,999.8275862068966,5.799,1.0,51.695933075368984,0.9065642342362086,0.82,0.2997,33.19590627318545,56.80409372681455,175.35024154287112,1.194201093374321,4.903134169329838,981.8063170533279
2022-10-18,Khavda Renewable Energy Park,SIMULATED,SIMULATED_PVLIB,19273.067069951467,19273.067069951467,144548.0,143825.26,14183.61,82264.94,0.3011,0.7496,7.2274,2.29,100.0,994.8275862068966,5.77,1.0,49.52614410766462,0.9141584956231739,0.82,0.3011,33.555709266456326,56.444290733543674,175.4886423459136,1.1991404298306783,4.885308956586288,981.028933021805
2022-10-19,Khavda Renewable Energy Park,SIMULATED,SIMULATED_PVLIB,19309.490834767654,19309.490834767654,144821.18,144097.07,14212.48,82432.38,0.3017,0.7511,7.2411,2.57,100.0,981.551724137931,5.693,1.0,48.99454600257876,0.9160190889909743,0.82,0.3017,33.91357481452103,56.08642518547897,175.61937204350681,1.2041410113380286,4.8673560545931895,980.1163498237884
2022-10-20,Khavda Renewable Energy Park,SIMULATED,SIMULATED_PVLIB,19405.661307728853,19405.661307728853,145542.46,144814.75,14238.22,82581.68,0.3032,0.7525,7.2771,2.86,100.0,976.3793103448277,5.327939166666667,0.9408333333333333,48.52051589926673,0.9176781943525665,0.82,0.3032,34.26937594476341,55.73062405523659,175.7425515618097,1.2092010697192268,4.849287620492036,979.2618250633839
2022-10-21,Khavda Renewable Energy Park,SIMULATED,SIMULATED_PVLIB,17801.338878608633,17801.338878608633,133510.04,132842.49,14242.44,82606.15,0.2781,0.7527,6.6755,3.14,100.0,936.3793103448276,4.45342,0.8200000000000001,48.44281702259137,0.9179501404209303,0.82,0.2781,34.62298508218189,55.37701491781811,175.85830210728773,1.2143186992540427,4.831116165564288,977.9640695559981
2022-10-22,Khavda Renewable Energy Park,SIMULATED,SIMULATED_PVLIB,18793.27606608548,18793.27606608548,140949.57,140244.82,14283.03,82841.57,0.2936,0.7549,7.0475,3.43,100.0,954.8275862068966,5.50108,0.9933333333333333,47.69523165362867,0.9205666892122997,0.82,0.2936,34.97427416641711,55.02572583358289,175.9667457585947,1.2194918538161736,4.812854542004351,977.3170514703206
2022-10-23,Khavda Renewable Energy Park,SIMULATED,SIMULATED_PVLIB,17415.177681868612,17415.177681868612,130613.83,129960.76,14048.68,81482.34,0.2721,0.7425,6.5307,3.71,100.0,952.9310344827586,5.527,1.0,52.01083226201822,0.9054620870829362,0.82,0.2721,35.323114827758566,54.676885172241434,176.0680060702431,1.224718345079195,4.7945159248189615,976.3996135854701
2022-10-24,Khavda Renewable Energy Park,SIMULATED,SIMULATED_PVLIB,18925.417493166773,18925.417493166773,141940.63,141230.93,14295.42,82913.44,0.2957,0.7555,7.097,4.0,100.0,948.9655172413793,5.504,1.0,47.46712724484088,0.921365054643057,0.82,0.2957,35.66937862873189,54.33062137126811,176.16220854412154,1.2299958420230541,4.77611378815336,975.4274868850644
2022-10-25,Khavda Renewable Energy Park,SIMULATED,SIMULATED_PVLIB,19186.071253470516,19186.071253470516,143895.53,143176.05,14553.32,84409.26,0.2998,0.7691,7.1948,4.29,100.0,942.9310344827586,5.4644425000000005,0.9991666666666666,42.7180598824785,0.9379867904113253,0.82,0.2998,36.01293727859763,53.98706272140237,176.249480791093,1.235321870439672,4.757661882324714,974.402423940504
2022-10-26,Khavda Renewable Energy Park,SIMULATED,SIMULATED_PVLIB,19667.447030138545,19667.447030138545,147505.85,146768.32,14506.05,84135.09,0.3073,0.7667,7.3753,4.57,100.0,900.0,5.111249999999999,0.9791666666666666,43.58851334471478,0.9349402032934983,0.82,0.3073,36.35366267894464,53.64633732105536,176.32995218992232,1.2406938101635292,4.739174221809063,972.9183511635903
2022-10-27,Khavda Renewable Energy Park,SIMULATED,SIMULATED_PVLIB,19509.956724411226,19509.956724411226,146324.68,145593.06,14373.69,83367.4,0.3048,0.7597,7.3162,4.86,100.0,916.2068965517242,5.285215833333334,0.9945833333333334,46.02587786669338,0.9264094274665732,0.82,0.3048,36.691426749847885,53.308573250152115,176.40375290497195,1.2461088889244194,4.72066508856529,972.1018471169135
2022-10-28,Khavda Renewable Energy Park,SIMULATED,SIMULATED_PVLIB,18685.003611643002,18685.003611643002,140137.53,139436.84,14212.86,82434.59,0.292,0.7512,7.0069,5.14,100.0,881.0344827586207,4.509575000000001,0.8825000000000001,48.98745352482321,0.9160439126631188,0.82,0.292,37.02610118782812,52.97389881217188,176.47101222640663,1.2515641749169228,4.702149040695173,970.6605118188402
2022-10-29,Khavda Renewable Energy Park,SIMULATED,SIMULATED_PVLIB,18289.14995989052,18289.14995989052,137168.62,136482.78,14252.61,82665.14,0.2858,0.7533,6.8584,5.43,100.0,898.448275862069,5.11763625,0.9820833333333333,48.25548609037514,0.918605798683687,0.82,0.2858,37.35755745851595,52.64244254148405,176.53185641820346,1.2570565730317167,4.683640904616469,969.8139215690461
2022-10-30,Khavda Renewable Energy Park,SIMULATED,SIMULATED_PVLIB,18813.909191489784,18813.909191489784,141104.32,140398.8,14277.43,82809.09,0.294,0.7546,7.0552,5.71,100.0,894.6551724137931,5.189,1.0,47.79851053260656,0.9202052131358771,0.82,0.294,37.685667281996366,52.314332718003634,176.58640641571367,1.2625828295917902,4.665155730796521,968.6998781876252
2022-10-31,Khavda Renewable Energy Park,SIMULATED,SIMULATED_PVLIB,18099.40722845422,18099.40722845422,135745.55,135066.82,14202.41,82373.98,0.2828,0.7506,6.7873,6.0,100.0,894.6551724137931,5.189,1.0,49.17994667670126,0.9153701866315456,0.82,0.2828,38.01030362520933,51.98969637479067,176.63477578453762,1.2681395468157048,4.646708710001141,967.6132423548237
2022-11-01,Khavda Renewable Energy Park,SIMULATED,SIMULATED_PVLIB,19229.157032696407,19229.157032696407,144218.68,143497.59,14244.42,82617.64,0.3005,0.7528,7.2109,2.0,100.0,888.9655172413793,5.156,1.0,48.40640625034346,0.9180775781237979,0.82,0.3005,38.33134193950848,51.66865806049152,176.67706930829945,1.2737232034426544,4.628315067684157,966.4450577520269
2022-11-02,Khavda Renewable Energy Park,SIMULATED,SIMULATED_PVLIB,19783.89134632515,19783.89134632515,148379.19,147637.29,14275.26,82796.51,0.3091,0.7545,7.419,2.29,100.0,847.5862068965517,3.9614766666666665,0.8058333333333333,47.83833581408021,0.9200658246507193,0.82,0.3091,38.648661262432675,51.351338737567325,176.71338240418515,1.2793301752700579,4.609989964391833,964.846096795334
2022-11-03,Khavda Renewable Energy Park,SIMULATED,SIMULATED_PVLIB,18969.001790472194,18969.001790472194,142267.51,141556.17,14374.05,83369.49,0.2964,0.7597,7.1134,2.57,100.0,883.448275862069,5.124,1.0,46.01927074052987,0.9264325524081455,0.82,0.2964,38.962144890208094,51.037855109791906,176.74380143001417,1.2849567500867245,4.591748425176812,964.1410803785814
2022-11-04,Khavda Renewable Energy Park,SIMULATED,SIMULATED_PVLIB,19747.268163583423,19747.268163583423,148104.51,147363.99,14408.42,83568.84,0.3086,0.7615,7.4052,2.86,100.0,885.6896551724138,5.137,1.0,45.38635518228857,0.92864775686199,0.82,0.3086,39.27168051699914,50.72831948300086,176.7684047859459,1.290599134291654,4.573605307808393,963.0337731720425
2022-11-05,Khavda Renewable Energy Park,SIMULATED,SIMULATED_PVLIB,19507.251627886806,19507.251627886806,146304.39,145572.87,14329.12,83108.9,0.3048,0.7573,7.3152,3.14,100.0,881.0344827586207,3.6493916666666673,0.7141666666666667,46.846614021062344,0.9235368509262818,0.82,0.3048,39.57715988066111,50.42284011933889,176.78726462756174,1.296253450912165,4.555575308868769,961.8392858378257
2022-11-06,Khavda Renewable Energy Park,SIMULATED,SIMULATED_PVLIB,10152.692826983346,10152.692826983346,76145.2,75764.47,7936.17,46029.79,0.1586,0.4194,3.8073,3.43,99.0,851.2068965517242,1.5222416666666663,0.30833333333333324,46.70027842274891,0.9240490255203788,0.82,0.1586,39.878478010952385,50.121521989047615,176.8004489076211,1.3019157298687867,4.537673002181241,960.3457141833471
2022-11-07,Khavda Renewable Energy Park,SIMULATED,SIMULATED_PVLIB,17010.398632022803,17010.398632022803,127577.99,126940.1,12460.57,72271.31,0.2658,0.6585,6.3789,3.71,100.0,804.8275862068966,2.363175,0.50625,43.69563964919834,0.9345652612278058,0.82,0.2658,40.17553220310131,49.82446779689869,176.8080234607678,1.3075818920570745,4.519912901397721,958.6561627356512
2022-11-08,Khavda Renewable Energy Park,SIMULATED,SIMULATED_PVLIB,19575.48614562387,19575.48614562387,146816.15,146082.07,14498.6,84091.88,0.3059,0.7663,7.3408,4.0,100.0,810.1724137931035,4.495376666666666,0.9566666666666667,43.725575456656586,0.9344604859017019,0.82,0.3059,40.46822089910452,49.53177910089548,176.81005386139407,1.313247730251716,4.5023095333059535,957.5724048338391
2022-11-09,Khavda Renewable Energy Park,SIMULATED,SIMULATED_PVLIB,19051.553376191514,19051.553376191514,142886.65,142172.22,14405.22,83550.28,0.2977,0.7613,7.1443,4.29,100.0,832.4137931034483,4.828,1.0,45.44516306396059,0.9284419292761379,0.82,0.2977,40.756442715635906,49.243557284364094,176.80660686830265,1.3189088913744795,4.484877503155287,956.6887367641303
2022-11-10,Khavda Renewable Energy Park,SIMULATED,SIMULATED_PVLIB,18552.285366215543,18552.285366215543,139142.14,138446.43,14443.05,83769.69,0.2899,0.7633,6.9571,4.57,100.0,828.9655172413793,4.808,1.0,44.74864464926808,0.9308797437275618,0.82,0.2899,41.04009582369556,48.95990417630444,176.79775138871287,1.3245608645429747,4.467631535011956,955.5086147981973
2022-11-11,Khavda Renewable Energy Park,SIMULATED,SIMULATED_PVLIB,18519.850989081457,18519.850989081457,138898.88,138204.39,14504.24,84124.59,0.2894,0.7666,6.9449,4.86,100.0,833.6206896551724,4.375675,0.905,43.621857552624405,0.9348234985658146,0.82,0.2894,41.319077739269936,48.680922260730064,176.78355896201742,1.3301989768263505,4.450586481046254,954.430039049772
2022-11-12,Khavda Renewable Energy Park,SIMULATED,SIMULATED_PVLIB,18460.66556991955,18460.66556991955,138454.99,137762.72,14359.25,83283.65,0.2884,0.7589,6.9227,5.14,100.0,833.2758620689656,4.833,1.0,46.29169005244912,0.925479084816428,0.82,0.2884,41.59328541508412,48.40671458491588,176.7641038522213,1.335818395285402,4.433757307109004,953.3018025181774
2022-11-13,Khavda Renewable Energy Park,SIMULATED,SIMULATED_PVLIB,18838.60600866068,18838.60600866068,141289.55,140583.1,14228.81,82527.1,0.2944,0.752,7.0645,5.43,100.0,820.5172413793103,4.759,1.0,48.69371885875843,0.9170719839943455,0.82,0.2944,41.86261545777579,48.13738454222421,176.7394628680554,1.3414141322516704,4.417159067778561,952.0393521430134
2022-11-14,Khavda Renewable Energy Park,SIMULATED,SIMULATED_PVLIB,18318.946273779093,18318.946273779093,137392.1,136705.14,14520.43,84218.49,0.2862,0.7674,6.8696,5.71,100.0,806.3793103448276,4.4665349999999995,0.955,43.32361192342816,0.9358673582680015,0.82,0.2862,42.12696435771172,47.87303564228828,176.7097150630509,1.3469810517329894,4.400806879664337,950.7742076932994
2022-11-15,Khavda Renewable Energy Park,SIMULATED,SIMULATED_PVLIB,19004.92982233286,19004.92982233286,142536.97,141824.29,14486.64,84022.51,0.297,0.7656,7.1268,6.0,100.0,778.1034482758621,4.317436666666667,0.9566666666666667,43.94596918501054,0.9336891078524631,0.82,0.297,42.38622871623185,47.61377128376815,176.67494149442882,1.3525138766701814,4.3847158942158835,949.3592465410572
2022-11-16,Khavda Renewable Energy Park,SIMULATED,SIMULATED_PVLIB,18275.988986744287,18275.988986744287,137069.92,136384.57,14496.5,84079.7,0.2856,0.7661,6.8535,2.0,97.0,794.8275862068966,4.608079166666667,0.9995833333333334,43.76437854699893,0.9343246750855038,0.82,0.2856,42.640305484170376,47.359694515829624,176.63522516471699,1.3580071973641379,4.365131821671887,947.4286081528464
2022-11-17,Khavda Renewable Energy Park,SIMULATED,SIMULATED_PVLIB,19267.694210300488,19267.694210300488,144507.71,143785.17,14402.27,83533.17,0.3011,0.7612,7.2254,2.29,100.0,798.7931034482759,4.621417500000001,0.9975,45.4995487851245,0.9282515792520643,0.82,0.3011,42.88909218423037,47.11090781576963,176.5906512425911,1.3634554805096872,4.345839205352128,945.3602452105113
2022-11-18,Khavda Renewable Energy Park,SIMULATED,SIMULATED_PVLIB,19534.08810800154,19534.08810800154,146505.66,145773.13,14506.84,84139.67,0.3052,0.7667,7.3253,2.57,100.0,787.2413793103449,4.5184375,0.9895833333333334,43.573874086932165,0.9349914406957374,0.82,0.3052,43.132487079341054,46.867512920658946,176.54130752573656,1.3688530779737653,4.3268531161167765,943.1243371882673
2022-11-19,Khavda Renewable Energy Park,SIMULATED,SIMULATED_PVLIB,20000.0,20000.0,150000.0,149250.0,14380.13,83404.75,0.3125,0.76,7.5,2.86,100.0,792.2413793103449,4.2235708333333335,0.9191666666666667,45.90718712115864,0.9268248450759448,0.82,0.3125,43.37038931842117,46.62961068157883,176.4872850937951,1.3741942359333987,4.308188547562951,941.0989533650845
2022-11-20,Khavda Renewable Energy Park,SIMULATED,SIMULATED_PVLIB,18568.712319134454,18568.712319134454,139265.34,138569.01,14516.72,84196.98,0.2901,0.7672,6.9633,3.14,100.0,781.3793103448276,4.5301116666666665,0.9995833333333334,43.39194961412021,0.9356281763505793,0.82,0.2901,43.602699171154306,46.397300828845694,176.4286790534968,1.379473106888378,4.289860385522942,938.9069725435982
2022-11-21,Khavda Renewable Energy Park,SIMULATED,SIMULATED_PVLIB,20000.0,20000.0,150000.0,149250.0,14478.66,83976.23,0.3125,0.7652,7.5,3.43,100.0,789.3103448275863,4.578,1.0,44.09284171306877,0.9331750540042593,0.82,0.3125,43.82931842029312,46.17068157970688,176.36558925594727,1.3846837663030573,4.271883363919379,936.9567483587067
2022-11-22,Khavda Renewable Energy Park,SIMULATED,SIMULATED_PVLIB,19252.833022431852,19252.833022431852,144396.25,143674.27,14450.31,83811.8,0.3008,0.7637,7.2198,3.71,100.0,776.8965517241379,4.506,1.0,44.61487560850414,0.9313479353702355,0.82,0.3008,44.050150793762846,45.949849206237154,176.29812086008656,1.3898202314070163,4.254272016575428,934.7923925490605
2022-11-23,Khavda Renewable Energy Park,SIMULATED,SIMULATED_PVLIB,18446.056506209115,18446.056506209115,138345.42,137653.69,14503.63,84121.05,0.2882,0.7665,6.9173,4.0,95.0,785.6896551724138,4.5171262500000005,0.99125,43.63303719886669,0.9347843698039666,0.82,0.2882,44.26510215795316,45.73489784204684,176.22638449112947,1.3948764756098608,4.237040648593368,932.9029990771648
2022-11-24,Khavda Renewable Energy Park,SIMULATED,SIMULATED_PVLIB,19114.38344921947,19114.38344921947,143357.88,142641.09,14445.63,83784.65,0.2987,0.7635,7.1679,4.29,100.0,802.5862068965517,3.10139375,0.66625,44.70098745479574,0.931046543908215,0.82,0.2987,44.47408025433031,45.52591974566969,176.15049576520948,1.3998464328490192,4.22020334651261,931.1375490758622
2022-11-25,Khavda Renewable Energy Park,SIMULATED,SIMULATED_PVLIB,11070.781039618436,11070.781039618436,83030.86,82615.71,8310.67,48201.89,0.173,0.4392,4.1515,4.57,100.0,735.8620689655172,1.5649333333333333,0.3666666666666667,41.783975288347634,0.9412560864907833,0.82,0.173,44.67699407896742,45.32300592103258,176.0705739637766,1.4047239934357945,4.203774019832703,928.4242410661559
2022-11-26,Khavda Renewable Energy Park,SIMULATED,SIMULATED_PVLIB,18991.925977265328,18991.925977265328,142439.44,141727.24,14557.68,84434.54,0.2967,0.7694,7.122,4.86,100.0,797.4137931034483,4.625,1.0,42.63774610421925,0.9382678886352327,0.82,0.2967,44.87375334299228,45.12624665700772,175.9867399115949,1.409503001475376,4.1877664370735594,927.2471232760261
2022-11-27,Khavda Renewable Energy Park,SIMULATED,SIMULATED_PVLIB,19665.52895743239,19665.52895743239,147491.47,146754.01,14420.65,83639.77,0.3073,0.7621,7.3746,5.14,100.0,782.0689655172414,4.536,1.0,45.16105193620059,0.9294363182232979,0.82,0.3073,45.064268523450835,44.935731476549165,175.899113362633,1.414177266604022,4.172194212206805,925.2057137266484
2022-11-28,Khavda Renewable Energy Park,SIMULATED,SIMULATED_PVLIB,18690.89025610045,18690.89025610045,140181.68,139480.77,14546.24,84368.19,0.292,0.7688,7.0091,5.43,100.0,781.2068965517242,4.531,1.0,42.84837769796775,0.9375306780571129,0.82,0.292,45.2484517173757,44.7515482826243,175.80781040884915,1.418740596368379,4.157070721733643,923.3725755904045
2022-11-29,Khavda Renewable Energy Park,SIMULATED,SIMULATED_PVLIB,19489.048701001677,19489.048701001677,146167.87,145437.03,14512.1,84170.18,0.3045,0.767,7.3084,5.71,100.0,775.344827586207,2.713190000000001,0.6033333333333335,39.85136388395213,0.9480202264061676,0.82,0.3045,45.42621805025065,44.57378194974935,175.71294144844558,1.4231868442828524,4.142408972375908,921.521861169125
2022-11-30,Khavda Renewable Energy Park,SIMULATED,SIMULATED_PVLIB,18753.062119736755,18753.062119736755,140647.97,139944.73,14767.75,85652.95,0.293,0.7805,7.0324,6.0,100.0,772.4137931034483,4.48,1.0,38.76938554183136,0.9518071506035902,0.82,0.293,45.59748709714644,44.40251290285356,175.61461000533723,1.4275099605826167,4.128221465599666,919.7487141800287
2022-12-01,Khavda Renewable Energy Park,SIMULATED,SIMULATED_PVLIB,19798.18540611813,19798.18540611813,148486.39,147743.96,14691.88,85212.9,0.3093,0.7765,7.4243,2.0,100.0,779.3103448275863,4.52,1.0,40.16645617676994,0.9469174033813053,0.82,0.3093,45.76218382044156,44.23781617955844,175.51291245900507,1.4317040327817088,4.114520102523618,918.1360826533424
2022-12-02,Khavda Renewable Energy Park,SIMULATED,SIMULATED_PVLIB,18921.73210903491,18921.73210903491,141912.99,141203.43,14524.16,84240.13,0.2957,0.7676,7.0956,2.29,100.0,762.2413793103449,4.421,1.0,43.2549400891035,0.9361077096881377,0.82,0.2957,45.92023882454777,44.07976117545223,175.40793849956594,1.4357633099095017,4.101316147843883,916.2902892057374
2022-12-03,Khavda Renewable Energy Park,SIMULATED,SIMULATED_PVLIB,19889.94521984458,19889.94521984458,149174.59,148428.72,14620.13,84796.75,0.3108,0.7727,7.4587,2.57,100.0,751.8965517241379,4.270145833333333,0.9791666666666666,41.487699778820186,0.9422930507741294,0.82,0.3108,46.071588022914256,43.928411977085744,175.29977208884793,1.4396822116977925,4.088620245790224,914.5727600248085
2022-12-04,Khavda Renewable Energy Park,SIMULATED,SIMULATED_PVLIB,20000.0,20000.0,150000.0,149250.0,14732.34,85447.57,0.3125,0.7786,7.5,2.86,100.0,760.8620689655172,4.413,1.0,39.4213229233105,0.9495253697684133,0.82,0.3125,46.21617194427691,43.78382805572309,175.18849273118826,1.443455327712751,4.076442469164666,913.1328181536767
2022-12-05,Khavda Renewable Energy Park,SIMULATED,SIMULATED_PVLIB,19691.771506143814,19691.771506143814,147688.29,146949.85,14792.94,85799.05,0.3077,0.7818,7.3844,3.14,100.0,761.2068965517242,4.415,1.0,38.30545174144059,0.9534309189049579,0.82,0.3077,46.35393488468878,43.64606511531122,175.07417692038325,1.447077411354738,4.064792383733283,911.6451898624659
2022-12-06,Khavda Renewable Energy Park,SIMULATED,SIMULATED_PVLIB,19661.17161413475,19661.17161413475,147458.79,146721.5,14867.09,86229.12,0.3072,0.7857,7.3729,3.43,100.0,756.7241379310345,4.389,1.0,36.94006205050417,0.9582097828232354,0.82,0.3072,46.484824056385214,43.515175943614786,174.9568995995794,1.4505433725638002,4.053679114686693,910.1560681836319
2022-12-07,Khavda Renewable Energy Park,SIMULATED,SIMULATED_PVLIB,19114.38309642221,19114.38309642221,143357.87,142641.08,14909.44,86474.75,0.2987,0.788,7.1679,3.71,100.0,756.7241379310345,4.389,1.0,36.160167528317075,0.9609394136508902,0.82,0.2987,46.60878885330915,43.39121114669085,174.8367354825608,1.4538482724925312,4.043111404362523,908.77619601874
2022-12-08,Khavda Renewable Energy Park,SIMULATED,SIMULATED_PVLIB,19373.136804543443,19373.136804543443,145298.53,144572.04,14750.91,85555.28,0.3027,0.7796,7.2649,4.0,100.0,756.0344827586207,4.385,1.0,39.07944589430321,0.9507219393699388,0.82,0.3027,46.725780329934175,43.274219670065825,174.71376005109005,1.4569873229584165,4.033097652300401,907.4466394109156
2022-12-09,Khavda Renewable Energy Park,SIMULATED,SIMULATED_PVLIB,18352.22741842446,18352.22741842446,137641.71,136953.5,14617.35,84780.63,0.2868,0.7725,6.8821,4.29,100.0,745.8620689655172,4.326,1.0,41.53881099536127,0.9421141615162356,0.82,0.2868,46.83575092440056,43.16424907559944,174.5880501611473,1.4599558918179403,4.023645934433883,906.066000179292
2022-12-10,Khavda Renewable Energy Park,SIMULATED,SIMULATED_PVLIB,18841.138480736205,18841.138480736205,141308.54,140602.0,14736.04,85469.03,0.2944,0.7788,7.0654,4.57,100.0,750.344827586207,4.352,1.0,39.353320483134254,0.9497633783090301,0.82,0.2944,46.938654380334405,43.061345619665595,174.45968427556238,1.4627495133117685,4.014764005074953,904.9184914321694
2022-12-11,Khavda Renewable Energy Park,SIMULATED,SIMULATED_PVLIB,19664.07748542204,19664.07748542204,147480.58,146743.18,14902.01,86431.66,0.3073,0.7876,7.374,4.86,100.0,744.8275862068966,4.32,1.0,36.296878195996044,0.9604609263140138,0.82,0.3073,47.034445791134935,42.965554208865065,174.32874241516288,1.4653639014855253,4.00645928820655,903.716820763065
2022-12-12,Khavda Renewable Energy Park,SIMULATED,SIMULATED_PVLIB,20000.0,20000.0,150000.0,149250.0,14976.18,86861.84,0.3125,0.7915,7.5,5.14,100.0,740.6896551724138,4.296,1.0,34.93110849229873,0.9652411202769544,0.82,0.3125,47.123081721175176,42.876918278824824,174.19530598996323,1.4677949655041842,3.9987388620067392,902.5956475160111
2022-12-13,Khavda Renewable Energy Park,SIMULATED,SIMULATED_PVLIB,20000.0,20000.0,150000.0,149250.0,14966.81,86807.5,0.3125,0.791,7.5,5.43,100.0,732.5862068965517,4.249,1.0,35.10361126959249,0.9646373605564262,0.82,0.3125,47.20452040204553,42.79547959795447,174.05945762720478,1.4700388268074271,3.9916094367046533,901.4936946959847
2022-12-14,Khavda Renewable Energy Park,SIMULATED,SIMULATED_PVLIB,19101.19596195573,19101.19596195573,143258.97,142542.68,14969.85,86825.13,0.2985,0.7912,7.1629,5.71,100.0,725.344827586207,4.178953333333333,0.9933333333333333,35.04762211827481,0.9648333225860382,0.82,0.2985,47.278721984885465,42.721278015114535,173.9212811588543,1.4720918375558527,3.9850773274249036,900.468744006432
2022-12-15,Khavda Renewable Energy Park,SIMULATED,SIMULATED_PVLIB,20000.0,20000.0,150000.0,149250.0,14850.06,86130.35,0.3125,0.7848,7.5,6.0,100.0,728.448275862069,3.2655729166666667,0.7729166666666667,37.253617231859025,0.9571123396884934,0.82,0.3125,47.34564878732131,42.65435121267869,173.78086184042252,1.4739505985969275,3.9791484275325235,899.6330160910143
2022-12-16,Khavda Renewable Energy Park,SIMULATED,SIMULATED_PVLIB,19936.269186234134,19936.269186234134,149522.02,148774.41,14660.4,85030.32,0.3115,0.7748,7.4761,2.0,100.0,714.4827586206897,3.2823933333333337,0.7920833333333334,40.74610545201213,0.9448886309179575,0.82,0.3115,47.40526547428422,42.59473452571578,173.63828685821,1.4756119751391663,3.9754845307186555,899.1675784483441
2022-12-17,Khavda Renewable Energy Park,SIMULATED,SIMULATED_PVLIB,19621.33351876225,19621.33351876225,147160.0,146424.2,14643.26,84930.91,0.3066,0.7739,7.358,2.29,100.0,615.0,3.0468125,0.8541666666666666,41.06172792156521,0.9437839522745217,0.82,0.3066,47.45753920863031,42.54246079136969,173.49364606987,1.477073110990956,3.974091724778212,898.2734312788764
2022-12-18,Khavda Renewable Energy Park,SIMULATED,SIMULATED_PVLIB,18221.131709473793,18221.131709473793,136658.49,135975.2,13402.36,77733.69,0.2847,0.7083,6.8329,2.57,100.0,704.3103448275863,2.5224874999999995,0.6174999999999999,41.65265939659935,0.9417156921119023,0.82,0.2847,47.502439905191245,42.497560094808755,173.34703289684705,1.4783314450018359,3.973318679870754,899.6632958833316
2022-12-19,Khavda Renewable Energy Park,SIMULATED,SIMULATED_PVLIB,8006.156909399291,8006.156909399291,60046.18,59745.95,5971.72,34635.98,0.1251,0.3156,3.0023,2.86,100.0,688.448275862069,1.1147125,0.2791666666666667,39.422829195380885,0.9495200978161669,0.82,0.1251,47.53994068772705,42.46005931227295,173.19854525725202,1.4793847324556073,3.9731695417533874,899.8948590740147
2022-12-20,Khavda Renewable Energy Park,SIMULATED,SIMULATED_PVLIB,7487.160410346009,7487.160410346009,56153.7,55872.93,5592.96,32439.17,0.117,0.2956,2.8077,3.14,100.0,445.51724137931035,1.0217566666666666,0.39541666666666664,33.5139398049874,0.9702012106825441,0.82,0.117,47.57001844144705,42.42998155855295,173.0482864265424,1.480231068347845,3.9736478722932347,897.5408910492288
2022-12-21,Khavda Renewable Energy Park,SIMULATED,SIMULATED_PVLIB,19612.62723654013,19612.62723654013,147094.7,146359.23,14925.62,86568.6,0.3064,0.7888,7.3547,3.43,100.0,727.0689655172414,4.217,1.0,35.862160906393015,0.9619824368276244,0.82,0.3064,47.592654134043734,42.407345865956266,172.89636561954103,1.4808689031952271,3.9747566165038895,901.4034641970504
2022-12-22,Khavda Renewable Energy Park,SIMULATED,SIMULATED_PVLIB,19057.40977197576,19057.40977197576,142930.57,142215.92,14996.96,86982.37,0.2978,0.7926,7.1465,3.71,100.0,749.4827586206897,4.347,1.0,34.548533548011434,0.96658013258196,0.82,0.2978,47.607832570513544,42.392167429486456,172.7428980225351,1.4812970417205114,3.9764981210813195,902.3053305292325
2022-12-23,Khavda Renewable Energy Park,SIMULATED,SIMULATED_PVLIB,18768.548421473683,18768.548421473683,140764.11,140060.29,14881.41,86312.18,0.2933,0.7865,7.0382,4.0,100.0,745.344827586207,4.323,1.0,36.67635592516413,0.9591327542619256,0.82,0.2933,47.615541554108965,42.384458445891035,172.5880039355077,1.4815146234728185,3.978874207136815,902.9704776321951
2022-12-24,Khavda Renewable Energy Park,SIMULATED,SIMULATED_PVLIB,19966.173841673466,19966.173841673466,149746.3,148997.57,15001.91,87011.08,0.312,0.7929,7.4873,4.29,99.0,743.7931034482759,3.97607,0.9216666666666666,34.45733395790901,0.9668993311473185,0.82,0.312,47.61577085411421,42.38422914588579,172.4318069126315,1.4815210967231656,3.98188626097431,903.7401155812377
2022-12-25,Khavda Renewable Energy Park,SIMULATED,SIMULATED_PVLIB,19627.019822169503,19627.019822169503,147202.65,146466.64,15055.26,87320.51,0.3067,0.7957,7.3601,4.57,100.0,750.6896551724138,3.6773158333333336,0.8445833333333334,33.47479927762386,0.9703382025283165,0.82,0.3067,47.60851162004109,42.39148837995891,172.27443108509988,1.4813162038798595,3.9855352849704286,904.6827762322428
2022-12-26,Khavda Renewable Energy Park,SIMULATED,SIMULATED_PVLIB,19437.324890539618,19437.324890539618,145779.94,145051.04,15100.43,87582.49,0.3037,0.7981,7.289,4.86,100.0,735.6896551724138,4.267,1.0,32.64312475801984,0.9732490633469306,0.82,0.3037,47.59375670062569,42.40624329937431,172.1159982215056,1.4808999915133638,3.9898218669310914,905.4428657015336
2022-12-27,Khavda Renewable Energy Park,SIMULATED,SIMULATED_PVLIB,19145.21139447876,19145.21139447876,143589.09,142871.14,15100.8,87584.64,0.2991,0.7981,7.1795,5.14,97.0,736.2068965517242,4.27,1.0,32.63629974453657,0.973272950894122,0.82,0.2991,47.57150182636897,42.42849817363103,171.9566251887029,1.4802728437483477,3.994746071601121,906.458244237612
2022-12-28,Khavda Renewable Energy Park,SIMULATED,SIMULATED_PVLIB,19821.33552267119,19821.33552267119,148660.02,147916.72,14860.38,86190.2,0.3097,0.7854,7.433,5.43,100.0,727.9310344827586,4.222,1.0,37.063617931513875,0.9577773372397015,0.82,0.3097,47.54174713194451,42.45825286805549,171.796422240075,1.479435523948196,4.0003073018268855,907.4437671330385
2022-12-29,Khavda Renewable Energy Park,SIMULATED,SIMULATED_PVLIB,19551.352659256947,19551.352659256947,146635.14,145901.96,14971.99,86837.54,0.3055,0.7913,7.3318,5.71,100.0,666.7241379310345,3.21444375,0.83125,35.00820924930864,0.9649712676274198,0.82,0.3055,47.50449833582594,42.49550166417406,171.63549223796144,1.4783892051267715,4.0065041913381805,907.8819437587946
2022-12-30,Khavda Renewable Energy Park,SIMULATED,SIMULATED_PVLIB,19045.230214141637,19045.230214141637,142839.23,142125.03,15003.19,87018.5,0.2976,0.7929,7.142,6.0,100.0,732.4137931034483,4.248,1.0,34.4337678421544,0.9669818125524596,0.82,0.2976,47.4597671442243,42.5402328557757,171.4739305699693,1.4771354767877978,4.013334568443265,909.8781230600672
2022-12-31,Khavda Renewable Energy Park,SIMULATED,SIMULATED_PVLIB,20000.0,20000.0,150000.0,149250.0,15116.66,87676.63,0.3125,0.7989,7.5,2.0,100.0,751.2068965517242,4.357,1.0,32.34428607583787,0.9742949987345675,0.82,0.3125,47.407570874835315,42.592429125164685,171.31182550911694,1.4756763282467682,4.02079549101022,911.3960828657497
2023-01-01,Khavda Renewable Energy Park,SIMULATED,SIMULATED_PVLIB,20000.0,20000.0,150000.0,149250.0,14823.92,85978.74,0.3125,0.7835,7.5,2.29,100.0,745.0,4.0617399999999995,0.94,37.7349623111728,0.9554276319108952,0.82,0.3125,47.34793162747839,42.65206837252161,171.1492588484466,1.4740141179750355,4.028883323000454,912.6913037161592
2023-01-02,Khavda Renewable Energy Park,SIMULATED,SIMULATED_PVLIB,13844.943998881992,13844.943998881992,103837.08,103317.89,10479.23,60779.53,0.2163,0.5538,5.1919,2.57,97.0,734.3103448275863,1.9626891666666673,0.46083333333333343,40.332669385597356,0.9463356571504092,0.82,0.2163,47.280875387553785,42.719124612446215,170.986306782072,1.4721515401233345,4.037593817492383,914.0030026185143
2023-01-03,Khavda Renewable Energy Park,SIMULATED,SIMULATED_PVLIB,20000.0,20000.0,150000.0,149250.0,15100.22,87581.28,0.3125,0.7981,7.5,2.86,100.0,746.551724137931,3.352141666666667,0.7741666666666667,32.647016875401256,0.9732354409360956,0.82,0.3125,47.206431298061496,42.793568701938504,170.82304098193083,1.470091595032777,4.046922184774629,915.6510665824817
2023-01-04,Khavda Renewable Energy Park,SIMULATED,SIMULATED_PVLIB,20000.0,20000.0,150000.0,149250.0,15265.07,88537.41,0.3125,0.8068,7.5,3.14,100.0,774.8275862068966,4.494,1.0,29.611237230185033,0.9838606696943524,0.82,0.3125,47.12463113913265,42.87536886086735,170.6595297408012,1.4678375649213313,4.056863141930006,917.5534653497078
2023-01-05,Khavda Renewable Energy Park,SIMULATED,SIMULATED_PVLIB,20000.0,20000.0,150000.0,149250.0,15311.95,88809.31,0.3125,0.8092,7.5,3.43,100.0,777.0689655172414,4.159585416666666,0.9229166666666666,28.747914141103728,0.9868823005061369,0.82,0.3125,47.03550895282286,42.96449104717714,170.4958389645982,1.4653929930720693,4.067410949494073,919.2161620242597
2023-01-06,Khavda Renewable Energy Park,SIMULATED,SIMULATED_PVLIB,20000.0,20000.0,150000.0,149250.0,15256.5,88487.7,0.3125,0.8063,7.5,3.71,100.0,750.1724137931035,4.351,1.0,29.769139396962622,0.9833080121106308,0.82,0.3125,46.939100751041714,43.060899248958286,170.33203287850938,1.4627616648614004,4.078559440763591,920.6013871513708
2023-01-07,Khavda Renewable Energy Park,SIMULATED,SIMULATED_PVLIB,20000.0,20000.0,150000.0,149250.0,15073.75,87427.75,0.3125,0.7967,7.5,4.0,100.0,734.8275862068966,4.2211558333333326,0.9904166666666666,33.13446463571195,0.9715293737750081,0.82,0.3125,46.835444299830165,43.164555700169835,170.16817437766406,1.4599475904958936,4.090302044361555,922.1841817909196
2023-01-08,Khavda Renewable Energy Park,SIMULATED,SIMULATED_PVLIB,19981.271129462642,19981.271129462642,149859.53,149110.23,14921.77,86546.27,0.3122,0.7886,7.493,4.29,100.0,736.2068965517242,4.252208333333333,0.9958333333333333,35.933074471260625,0.9617342393505878,0.82,0.3122,46.724578998023084,43.275421001976916,170.00432511199028,1.4569549899785594,4.102631798469014,924.0235557645678
2023-01-09,Khavda Renewable Energy Park,SIMULATED,SIMULATED_PVLIB,18738.644038701415,18738.644038701415,140539.83,139837.13,14739.74,85490.49,0.2928,0.779,7.027,4.57,100.0,752.0689655172414,4.362,1.0,39.28517940918967,0.9500018720678362,0.82,0.2928,46.606545871466494,43.393454128533506,169.840545385856,1.4537882808628595,4.115541354903341,926.0916240263327
2023-01-10,Khavda Renewable Energy Park,SIMULATED,SIMULATED_PVLIB,19759.203110931914,19759.203110931914,148194.02,147453.05,14765.58,85640.36,0.3087,0.7804,7.4097,4.86,100.0,753.1034482758621,4.368,1.0,38.80922709632003,0.9516677051628799,0.82,0.3087,46.481387673397876,43.518612326602124,169.6768940236774,1.4504520684852207,4.1290229739993105,928.0434155533654
2023-01-11,Khavda Renewable Energy Park,SIMULATED,SIMULATED_PVLIB,18890.723573719577,18890.723573719577,141680.43,140972.03,15069.71,87404.32,0.2952,0.7964,7.084,5.14,100.0,723.7931034482759,4.0878025000000004,0.97375,33.20881472578078,0.9712691484597673,0.82,0.2952,46.349149058969076,43.650850941030924,169.51342833600484,1.4469511377548265,4.143068513279753,929.6954308993546
2023-01-12,Khavda Renewable Energy Park,SIMULATED,SIMULATED_PVLIB,19169.011349123575,19169.011349123575,143767.59,143048.75,15073.36,87425.49,0.2995,0.7966,7.1884,5.43,100.0,780.0,4.522115,0.9995833333333334,33.14150156910348,0.9715047445081378,0.82,0.2995,46.20987678324895,43.79012321675105,169.35020434695116,1.4432904451165225,4.157669414536032,932.4027566401836
2023-01-13,Khavda Renewable Energy Park,SIMULATED,SIMULATED_PVLIB,20000.0,20000.0,150000.0,149250.0,14856.77,86169.27,0.3125,0.7852,7.5,5.71,100.0,809.1379310344828,4.301916666666666,0.9166666666666666,37.13004991523611,0.9575448252966736,0.82,0.3125,46.06361988807759,43.93638011192241,169.18727736767414,1.439475109786043,4.172816692461741,934.8449360658893
2023-01-14,Khavda Renewable Energy Park,SIMULATED,SIMULATED_PVLIB,20000.0,20000.0,150000.0,149250.0,15112.24,87650.99,0.3125,0.7987,7.5,6.0,100.0,811.3793103448276,4.2177525000000005,0.89625,32.425672234986564,0.9740101471775471,0.82,0.3125,45.91042989229368,44.08957010770632,169.0247029117304,1.4355104046789326,4.1885009236009525,937.0220243481084
2023-01-15,Khavda Renewable Energy Park,SIMULATED,SIMULATED_PVLIB,20000.0,20000.0,150000.0,149250.0,15033.44,87193.95,0.3125,0.7945,7.5,2.0,100.0,827.7586206896552,4.801,1.0,33.87676673978189,0.9689313164107634,0.82,0.3125,45.750361061534235,44.249638938465765,168.8625378344741,1.4314017490104323,4.204712228978807,939.412571276865
2023-01-16,Khavda Renewable Energy Park,SIMULATED,SIMULATED_PVLIB,19963.013549263967,19963.013549263967,149722.6,148973.99,14952.52,86724.62,0.3119,0.7902,7.4861,2.29,100.0,818.7931034482759,4.719318749999999,0.99375,35.36676857895385,0.9637163099736615,0.82,0.3119,45.58347082268846,44.41652917731154,168.70084159640328,1.4271547041270431,4.219528267940509,940.988327694261
2023-01-17,Khavda Renewable Energy Park,SIMULATED,SIMULATED_PVLIB,18563.96402632073,18563.96402632073,139229.73,138533.58,15081.04,87470.03,0.2901,0.797,6.9615,2.57,95.0,814.3103448275863,3.5501216666666666,0.7516666666666667,33.000224757302156,0.9719992133494425,0.82,0.2901,45.4098202737087,44.5901797262913,168.5396775079505,1.4227749711262718,4.232934980899657,942.1007213129866
2023-01-18,Khavda Renewable Energy Park,SIMULATED,SIMULATED_PVLIB,19909.094625334288,19909.094625334288,149318.21,148571.62,14985.7,86917.06,0.3111,0.792,7.4659,2.86,100.0,808.448275862069,3.1377225,0.6691666666666667,34.75587935686745,0.965854422250964,0.82,0.3111,45.22947454587516,44.77052545412484,168.37911381904246,1.4182683840769363,4.246831819699676,943.2443275635992
2023-01-19,Khavda Renewable Energy Park,SIMULATED,SIMULATED_PVLIB,12929.702549063735,12929.702549063735,96972.77,96487.91,9661.0,56033.8,0.202,0.5106,4.8486,3.14,100.0,806.2068965517242,1.7788283333333332,0.3804166666666666,35.67974539730204,0.9626208911094428,0.82,0.202,45.04250269268388,44.95749730731612,168.21922432718952,1.4136408910698257,4.261206796117161,944.4757477525958
2023-01-20,Khavda Renewable Energy Park,SIMULATED,SIMULATED_PVLIB,20000.0,20000.0,150000.0,149250.0,15115.04,87667.23,0.3125,0.7988,7.5,3.43,100.0,809.4827586206897,4.4876375,0.9558333333333333,32.374102575577716,0.974190640985478,0.82,0.3125,44.848976926254124,45.151023073745876,168.06008813856897,1.4088985195802133,4.2760474869606035,945.8151820791637
2023-01-21,Khavda Renewable Energy Park,SIMULATED,SIMULATED_PVLIB,20000.0,20000.0,150000.0,149250.0,15088.63,87514.05,0.3125,0.7974,7.5,3.71,100.0,822.0689655172414,4.768,1.0,32.860389914125996,0.9724886353005591,0.82,0.3125,44.648971405782426,45.351028594217574,167.90178829444676,1.404047332313794,4.291341149194643,947.3050015614693
2023-01-22,Khavda Renewable Energy Park,SIMULATED,SIMULATED_PVLIB,19732.449601141623,19732.449601141623,147993.37,147253.4,15084.63,87490.85,0.3083,0.7972,7.3997,4.0,100.0,829.8275862068966,4.813,1.0,32.934002806696924,0.9722309901765608,0.82,0.3083,44.44256114434907,45.55743885565093,167.74440935765392,1.3990933880045682,4.307074823097306,948.7775482292282
2023-01-23,Khavda Renewable Energy Park,SIMULATED,SIMULATED_PVLIB,20000.0,20000.0,150000.0,149250.0,15170.9,87991.22,0.3125,0.8018,7.5,4.29,100.0,828.6206896551724,4.806,1.0,31.345297084943983,0.977791460202696,0.82,0.3125,44.229821655494355,45.770178344505645,167.58803444880232,1.3940427217859888,4.3232353703436415,950.1822531826666
2023-01-24,Khavda Renewable Energy Park,SIMULATED,SIMULATED_PVLIB,19227.6048725538,19227.6048725538,144207.04,143486.0,15073.52,87426.42,0.3004,0.7966,7.2104,4.57,100.0,836.8965517241379,4.854,1.0,33.13866325758315,0.971514678598459,0.82,0.3004,44.010829589800124,45.989170410199876,167.43274243689257,1.38890134972992,4.339809427271599,951.7330334275129
2023-01-25,Khavda Renewable Energy Park,SIMULATED,SIMULATED_PVLIB,19865.502674067146,19865.502674067146,148991.27,148246.31,14955.05,86739.29,0.3104,0.7904,7.4496,4.86,100.0,857.5862068965517,4.223755,0.8491666666666666,35.320231746237845,0.9638791888881676,0.82,0.3104,43.78566403916207,46.21433596083793,167.27860580834658,1.3836752882944783,4.35678330306191,953.4620298622178
2023-01-26,Khavda Renewable Energy Park,SIMULATED,SIMULATED_PVLIB,19924.152943393656,19924.152943393656,149431.15,148683.99,15246.2,88427.96,0.3113,0.8058,7.4716,5.14,100.0,873.6206896551724,4.75242375,0.9379166666666666,29.95873598806562,0.9826444240417703,0.82,0.3113,43.55440779444118,46.44559220555882,167.12568939180346,1.3783705710817558,4.374142884989979,955.1670968070964
2023-01-27,Khavda Renewable Energy Park,SIMULATED,SIMULATED_PVLIB,19437.353827941286,19437.353827941286,145780.15,145051.25,15263.36,88527.49,0.3037,0.8067,7.289,5.43,100.0,858.9655172413793,4.982,1.0,29.642690731498078,0.9837505824397568,0.82,0.3037,43.317147919735156,46.682852080264844,166.97404975341465,1.3729932485806011,4.391873604414005,956.5410300134428
2023-01-28,Khavda Renewable Energy Park,SIMULATED,SIMULATED_PVLIB,19442.18373566502,19442.18373566502,145816.38,145087.3,15075.61,87438.54,0.3038,0.7968,7.2908,5.71,100.0,851.0344827586207,4.75707,0.96375,33.100089249162416,0.9716496876279316,0.82,0.3038,43.073975459042515,46.926024540957485,166.82373501236998,1.3675493680810376,4.409960477308332,958.019649119143
2023-01-29,Khavda Renewable Energy Park,SIMULATED,SIMULATED_PVLIB,18344.970324117963,18344.970324117963,137587.28,136899.34,14995.61,86974.54,0.2866,0.7925,6.8794,6.0,95.0,866.551724137931,4.998775833333333,0.9945833333333334,34.57332918126028,0.966493347865589,0.82,0.2866,42.824984578224836,47.175015421775164,166.6747849495074,1.3620449421274707,4.428388191812958,959.7964259473035
2023-01-30,Khavda Renewable Energy Park,SIMULATED,SIMULATED_PVLIB,19726.639449355807,19726.639449355807,147949.8,147210.05,14731.72,85443.98,0.3082,0.7786,7.3975,2.0,100.0,872.9310344827586,5.063,1.0,39.43277218430747,0.9494852973549238,0.82,0.3082,42.57027163689025,47.42972836310975,166.52723139949455,1.3564859174060862,4.447141200138467,961.4873050211208
2023-01-31,Khavda Renewable Energy Park,SIMULATED,SIMULATED_PVLIB,20000.0,20000.0,150000.0,149250.0,15039.21,87227.42,0.3125,0.7948,7.5,2.29,100.0,881.0344827586207,5.11,1.0,33.77046653894081,0.9693033671137071,0.82,0.3125,42.309934515071646,47.690065484928354,166.38109895952675,1.3508781512204664,4.466203787660013,963.2170586609493
2023-02-01,Khavda Renewable Energy Park,SIMULATED,SIMULATED_PVLIB,20000.0,20000.0,150000.0,149250.0,15052.62,87305.2,0.3125,0.7955,7.5,2.57,100.0,894.4827586206897,5.188,1.0,33.52350286338672,0.9701677399781465,0.82,0.3125,42.044072225655235,47.955927774344765,166.2364059030093,1.3452273957435399,4.485560117226533,965.0256410885025
2023-02-02,Khavda Renewable Energy Park,SIMULATED,SIMULATED_PVLIB,19551.192244834347,19551.192244834347,146633.94,145900.77,14717.84,85363.47,0.3055,0.7778,7.3317,2.86,100.0,908.6206896551724,5.27,1.0,39.688408330788306,0.948590570842241,0.82,0.3055,41.772784663834805,48.227215336165195,166.0931651122106,1.3395392863932756,4.505194261537887,966.8560790191468
2023-02-03,Khavda Renewable Energy Park,SIMULATED,SIMULATED_PVLIB,18105.26096006288,18105.26096006288,135789.46,135110.51,14480.73,83988.23,0.2829,0.7653,6.7895,3.14,100.0,908.9655172413793,5.272,1.0,44.05474745814992,0.9333083838964753,0.82,0.2829,41.49617237515362,48.50382762484638,165.95138482482264,1.3338193316237656,4.525090233530376,968.5363040823705
2023-02-04,Khavda Renewable Energy Park,SIMULATED,SIMULATED_PVLIB,18778.431651216193,18778.431651216193,140838.24,140134.05,14504.83,84128.01,0.2934,0.7666,7.0419,3.43,100.0,900.6896551724138,5.224,1.0,43.610967088532135,0.9348616151901376,0.82,0.2934,41.214336336198286,48.785663663801714,165.81106909501852,1.3280729039643506,4.545232015247741,970.1244458613163
2023-02-05,Khavda Renewable Energy Park,SIMULATED,SIMULATED_PVLIB,19552.152920108754,19552.152920108754,146641.15,145907.94,14858.2,86177.56,0.3055,0.7853,7.3321,3.71,100.0,821.2068965517242,3.8223075,0.8025,37.10370552412293,0.9576370306655697,0.82,0.3055,40.92737780442157,49.07262219557843,165.6722179414985,1.3223052333927763,4.56560358066261,970.8850867743644
2023-02-06,Khavda Renewable Energy Park,SIMULATED,SIMULATED_PVLIB,19108.77986949995,19108.77986949995,143315.85,142599.27,14753.09,85567.92,0.2986,0.7797,7.1658,4.0,100.0,881.7241379310345,5.0479441666666665,0.9870833333333333,39.03919695453318,0.9508628106591339,0.82,0.2986,40.63539825790244,49.36460174209756,165.53482727111896,1.3165214032909183,4.586188910977005,973.2893569044381
2023-02-07,Khavda Renewable Energy Park,SIMULATED,SIMULATED_PVLIB,19745.14334651341,19745.14334651341,148088.58,147348.14,14379.27,83399.77,0.3085,0.76,7.4044,4.29,100.0,912.2413793103449,4.5414416666666675,0.8583333333333334,45.92304584916144,0.9267693395279349,0.82,0.3085,40.33849941340357,49.66150058659643,165.3988886727193,1.3107263485505658,4.606972003599879,975.3438859161306
2023-02-08,Khavda Renewable Energy Park,SIMULATED,SIMULATED_PVLIB,19058.21476576446,19058.21476576446,142936.61,142221.93,14569.69,84504.2,0.2978,0.77,7.1468,4.57,100.0,916.8965517241379,5.318,1.0,42.41649494098351,0.9390422677065577,0.82,0.2978,40.03678330711237,49.96321669288763,165.26438929991605,1.3049248553458241,4.627936876290149,977.094740202424
2023-02-09,Khavda Renewable Energy Park,SIMULATED,SIMULATED_PVLIB,20000.0,20000.0,150000.0,149250.0,14834.64,86040.91,0.3125,0.784,7.5,4.86,100.0,924.8275862068966,5.364,1.0,37.53754413134569,0.9561185955402901,0.82,0.3125,39.73035246192697,50.26964753807303,165.1313120211296,1.299121562866506,4.649067564831304,978.8807910701942
2023-02-10,Khavda Renewable Energy Park,SIMULATED,SIMULATED_PVLIB,19521.95752585226,19521.95752585226,146414.68,145682.61,14912.22,86490.88,0.305,0.7881,7.3207,5.14,100.0,920.0,5.304873333333333,0.9941666666666666,36.108837734648745,0.9611190679287294,0.82,0.305,39.41931015146537,50.58068984853463,164.99963601696322,1.2933209669995602,4.670348113782942,980.5118895013572
2023-02-11,Khavda Renewable Energy Park,SIMULATED,SIMULATED_PVLIB,18991.418553803473,18991.418553803473,142435.64,141723.46,14561.46,84456.47,0.2967,0.7696,7.1218,5.43,100.0,920.0,5.280416666666667,0.9895833333333334,42.56804519056641,0.9385118418330176,0.82,0.2967,39.10376073967362,50.89623926032638,164.86933784131452,1.2875274253546238,4.691762562330095,982.1916546311129
2023-02-12,Khavda Renewable Energy Park,SIMULATED,SIMULATED_PVLIB,18960.845607207306,18960.845607207306,142206.34,141495.31,14637.35,84896.63,0.2963,0.7736,7.1103,5.71,100.0,953.1034482758621,5.528,1.0,41.17052373056201,0.943403166943033,0.82,0.2963,38.783810056128196,51.216189943871804,164.74039287115386,1.2817451627460317,4.713294928617669,984.248917674282
2023-02-13,Khavda Renewable Energy Park,SIMULATED,SIMULATED_PVLIB,18865.40001042238,18865.40001042238,141490.5,140783.05,14567.37,84490.75,0.2948,0.7699,7.0745,6.0,100.0,976.3793103448277,5.663,1.0,42.45934606818173,0.938892288761364,0.82,0.2948,38.45956579653625,51.54043420346375,164.6127770183591,1.2759782768588628,4.734929193566153,986.1785900011171
2023-02-14,Khavda Renewable Energy Park,SIMULATED,SIMULATED_PVLIB,20000.0,20000.0,150000.0,149250.0,14427.37,83678.75,0.3125,0.7625,7.5,2.0,100.0,970.1724137931035,5.5003925,0.9775,45.03729673284607,0.9298694614350388,0.82,0.3125,38.13113795038067,51.86886204961933,164.48646853792184,1.2702307440709428,4.756649284187337,987.7482024013093
2023-02-15,Khavda Renewable Energy Park,SIMULATED,SIMULATED_PVLIB,18086.34554203529,18086.34554203529,135647.59,134969.35,14441.42,83760.24,0.2826,0.7632,6.7824,2.29,100.0,892.5862068965517,3.9927612499999996,0.77125,44.77859293036075,0.9307749247437374,0.82,0.2826,37.79863916405889,52.20136083594111,164.36144974254046,1.2645064238043369,4.775263268298175,987.6467082719108
2023-02-16,Khavda Renewable Energy Park,SIMULATED,SIMULATED_PVLIB,18332.083433276635,18332.083433276635,137490.63,136803.18,14531.53,84282.87,0.2864,0.768,6.8745,2.57,100.0,931.551724137931,3.7866024999999994,0.7008333333333333,43.1192309117481,0.9365826918088817,0.82,0.2864,37.46218481494928,52.53781518505072,164.2377082650446,1.258809057758719,4.793932531789973,988.900443210357
2023-02-17,Khavda Renewable Energy Park,SIMULATED,SIMULATED_PVLIB,18944.25834879992,18944.25834879992,142081.94,141371.53,14391.11,83468.44,0.296,0.7606,7.1041,2.86,100.0,992.9310344827586,5.759,1.0,45.70509704644842,0.9275321603374305,0.82,0.296,37.12189254709691,52.87810745290309,164.11523744863734,1.253142260473155,4.812640945206867,990.4047313487024
2023-02-18,Khavda Renewable Energy Park,SIMULATED,SIMULATED_PVLIB,18899.794161282196,18899.794161282196,141748.46,141039.72,14158.87,82121.45,0.2953,0.7483,7.0874,3.14,100.0,1001.8965517241379,5.811,1.0,49.981766127380624,0.9125638185541678,0.82,0.2953,36.77788125222645,53.22211874777355,163.99403552858394,1.247509501987299,4.8313724768351305,991.2810913669975
2023-02-19,Khavda Renewable Energy Park,SIMULATED,SIMULATED_PVLIB,19593.532543655714,19593.532543655714,146951.49,146216.73,14429.69,83692.2,0.3061,0.7626,7.3476,3.43,100.0,1019.3103448275863,4.621213333333333,0.7816666666666667,44.99464281883686,0.930018750134071,0.82,0.3061,36.4302698609372,53.5697301390628,163.8741036293909,1.2419140894612748,4.850111294389012,992.2402247195007
2023-02-20,Khavda Renewable Energy Park,SIMULATED,SIMULATED_PVLIB,19784.216407830736,19784.216407830736,148381.62,147639.71,14707.16,85301.53,0.3091,0.7773,7.4191,3.71,100.0,1011.7241379310345,3.9437850000000005,0.6720833333333334,39.88503120911203,0.9479023907681079,0.82,0.3091,36.079176552502375,53.920823447497625,163.75544298104865,1.2363591575980633,4.868841832158268,992.8883687082501
2023-02-21,Khavda Renewable Energy Park,SIMULATED,SIMULATED_PVLIB,19241.347454826875,19241.347454826875,144310.11,143588.56,14719.46,85372.87,0.3006,0.7779,7.2155,4.0,100.0,987.0689655172414,3.2036145833333336,0.5595833333333334,39.65853552474877,0.9486951256633793,0.82,0.3006,35.72471882495501,54.27528117504499,163.63805202096,1.2308476738021465,4.887548793942355,993.3164272161667
2023-02-22,Khavda Renewable Energy Park,SIMULATED,SIMULATED_PVLIB,11221.750833984092,11221.750833984092,84163.13,83742.31,8258.44,47898.95,0.1753,0.4365,4.2082,4.29,100.0,983.6206896551724,1.5451041666666663,0.27083333333333326,40.0445108142771,0.9473442121500302,0.82,0.1753,35.36701436926006,54.63298563073994,163.5219239020878,1.2253824555380162,4.906217099490817,993.9707330262563
2023-02-23,Khavda Renewable Energy Park,SIMULATED,SIMULATED_PVLIB,19820.372543838876,19820.372543838876,148652.79,147909.53,14625.36,84827.09,0.3097,0.773,7.4326,4.57,100.0,1009.3103448275863,4.453918333333333,0.7608333333333334,41.39131094556693,0.9426304116905158,0.82,0.3097,35.00618219613651,54.99381780386349,163.40704462077906,1.2199661901600247,4.9248318165503955,994.9422719868533
2023-02-24,Khavda Renewable Energy Park,SIMULATED,SIMULATED_PVLIB,19218.965024140758,19218.965024140758,144142.24,143421.53,14583.26,84582.91,0.3003,0.7707,7.2071,4.86,100.0,1013.9655172413793,3.9035137500000006,0.6637500000000001,42.16662979876688,0.939916795704316,0.82,0.3003,34.64234335305383,55.35765664694617,163.29339167733917,1.2146014470870228,4.943378125511719,995.6415838769426
2023-02-25,Khavda Renewable Energy Park,SIMULATED,SIMULATED_PVLIB,19593.984810434587,19593.984810434587,146954.89,146220.12,14574.06,84529.55,0.3062,0.7702,7.3477,5.14,100.0,994.8275862068966,3.0196333333333336,0.5233333333333334,42.336145638324254,0.9393234902658651,0.82,0.3062,34.27562090252826,55.72437909747174,163.1809330733172,1.2092906783938244,4.961841337344409,996.0345325330053
2023-02-26,Khavda Renewable Energy Park,SIMULATED,SIMULATED_PVLIB,18861.66608011289,18861.66608011289,141462.5,140755.19,14360.67,83291.89,0.2947,0.759,7.0731,5.43,100.0,1019.1379310344828,5.566191666666666,0.9416666666666667,46.265655034770795,0.9255702073783022,0.82,0.2947,33.90613930793613,56.09386069206387,163.0696266138243,1.2040362112437366,4.980206951505452,996.9068308283777
2023-02-27,Khavda Renewable Energy Park,SIMULATED,SIMULATED_PVLIB,18206.53353058466,18206.53353058466,136549.0,135866.26,14257.77,82695.07,0.2845,0.7535,6.8274,5.71,100.0,1017.7586206896552,5.898080833333333,0.9991666666666666,48.16056704310978,0.9189380153491158,0.82,0.2845,33.53402365347042,56.46597634652958,162.9594195515349,1.1988402391133584,4.99846072239222,997.4470307538099
2023-02-28,Khavda Renewable Energy Park,SIMULATED,SIMULATED_PVLIB,19030.311251968622,19030.311251968622,142727.33,142013.69,14395.03,83491.17,0.2973,0.7608,7.1364,6.0,100.0,1022.7586206896552,5.932,1.0,45.632933769157546,0.9277847318079486,0.82,0.2973,33.15939903597651,56.84060096402349,162.85024868589835,1.1937048166422815,5.0165887110545135,998.0290263325517
2023-03-01,Khavda Renewable Energy Park,SIMULATED,SIMULATED_PVLIB,19026.412313009347,19026.412313009347,142698.09,141984.6,14339.67,83170.09,0.2973,0.7579,7.1349,4.0,100.0,1036.7241379310344,6.0079891666666665,0.9991666666666666,46.65227988487456,0.9242170204029391,0.82,0.2973,32.78239021868287,57.21760978131713,162.7420408208959,1.188631858945774,5.034577316980723,998.6814823579555
2023-03-02,Khavda Renewable Energy Park,SIMULATED,SIMULATED_PVLIB,18618.08431287367,18618.08431287367,139635.63,138937.45,14162.22,82140.88,0.2909,0.7485,6.9818,4.57,100.0,1027.0689655172414,5.195000416666667,0.8720833333333333,49.91996167617243,0.9127801341333965,0.82,0.2909,32.40312144126278,57.59687855873722,162.6347134005481,1.1836231435037161,5.052413297998145,999.0212029480048
2023-03-03,Khavda Renewable Energy Park,SIMULATED,SIMULATED_PVLIB,19297.04063667087,19297.04063667087,144727.8,144004.16,14142.76,82028.01,0.3015,0.7475,7.2364,5.14,100.0,1029.4827586206898,5.543078333333334,0.9283333333333333,50.27844982733433,0.9115254256043298,0.82,0.3015,32.021716278290825,57.978283721709175,162.52817506755105,1.1786803129366372,5.070083785929414,999.4646713120608
2023-03-04,Khavda Renewable Energy Park,SIMULATED,SIMULATED_PVLIB,17055.256666283367,17055.256666283367,127914.42,127274.85,14173.32,82205.26,0.2665,0.7491,6.3957,5.71,100.0,1001.551724137931,4.925547916666667,0.8479166666666667,49.715656772027394,0.9134952012979041,0.82,0.2665,31.638297523986637,58.36170247601336,162.4223259324566,1.1738048782833648,5.087576299617538,999.5137264548241
2023-03-05,Khavda Renewable Energy Park,SIMULATED,SIMULATED_PVLIB,17642.962118394047,17642.962118394047,132322.22,131660.61,14273.59,82786.82,0.2757,0.7544,6.6161,6.29,100.0,962.0689655172414,5.00805,0.8975,47.869245569645926,0.9199576405062393,0.82,0.2757,31.252987113780442,58.74701288621956,162.3170575045176,1.1689982228454914,5.104878754769453,999.38710117517
2023-03-06,Khavda Renewable Energy Park,SIMULATED,SIMULATED_PVLIB,17547.172974735466,17547.172974735466,131603.8,130945.78,14180.72,82248.18,0.2742,0.7495,6.5802,6.86,100.0,1006.7241379310345,5.135887083333334,0.8795833333333334,49.57941114086384,0.9139720610069766,0.82,0.2742,30.86590608263235,59.13409391736765,162.21225226605884,1.1642616065187792,5.121979470792591,1000.2041723906983
2023-03-07,Khavda Renewable Energy Park,SIMULATED,SIMULATED_PVLIB,18000.09411332471,18000.09411332471,135000.71,134325.71,14270.82,82770.76,0.2813,0.7542,6.75,7.43,100.0,1051.0344827586207,5.78866,0.9495833333333333,47.92014868763397,0.9197794795932811,0.82,0.2813,30.47717453917989,59.52282546082011,162.10778304401572,1.1595961702881066,5.138867176081829,1000.9742912462027
2023-03-08,Khavda Renewable Energy Park,SIMULATED,SIMULATED_PVLIB,17668.05739733308,17668.05739733308,132510.43,131847.88,14048.28,81480.02,0.2761,0.7425,6.6255,8.0,100.0,1052.5862068965519,5.21214375,0.85375,52.018128927840635,0.9054365487525577,0.82,0.2761,30.08691169066565,59.91308830933435,162.00351238215922,1.155002941256656,5.155531009720396,1001.199568786621
2023-03-09,Khavda Renewable Energy Park,SIMULATED,SIMULATED_PVLIB,16875.159959091805,16875.159959091805,126563.7,125930.88,14033.14,81392.21,0.2637,0.7417,6.3282,8.57,100.0,1092.5862068965519,6.337,1.0,52.296995955752834,0.9044605141548651,0.82,0.2637,29.695236001042183,60.30476399895782,161.89929221054217,1.1504828390610253,5.171960514939448,1001.829970668857
2023-03-10,Khavda Renewable Energy Park,SIMULATED,SIMULATED_PVLIB,16762.15123602645,16762.15123602645,125716.13,125087.55,13800.41,80042.38,0.2619,0.7294,6.2858,9.14,100.0,1096.0344827586207,5.68156875,0.89375,56.582693418919014,0.8894605730337835,0.82,0.2619,29.30226553919652,60.69773446080348,161.7949640796171,1.1460366840959855,5.188145621684506,1001.9861082751763
2023-03-11,Khavda Renewable Energy Park,SIMULATED,SIMULATED_PVLIB,16825.431178417988,16825.431178417988,126190.73,125559.78,13886.81,80543.5,0.2629,0.7339,6.3095,9.71,100.0,1102.2413793103449,4.3898600000000005,0.6866666666666668,54.99156472281973,0.895029523470131,0.82,0.2629,28.90811848078603,61.09188151921397,161.69036007121395,1.1416652068575095,5.204076621433611,1002.1274081584442
2023-03-12,Khavda Renewable Energy Park,SIMULATED,SIMULATED_PVLIB,2831.0391079771557,2831.0391079771557,21232.79,21126.63,2133.46,12374.07,0.0442,0.1128,1.0616,10.29,100.0,907.9310344827586,0.41469749999999994,0.07874999999999999,50.187477529483346,0.9118438286468082,0.82,0.0442,28.512913645856713,61.48708635414329,161.5853043909068,1.137369056918079,5.219744141878385,999.8723089723047
2023-03-13,Khavda Renewable Energy Park,SIMULATED,SIMULATED_PVLIB,18223.027378211515,18223.027378211515,136672.71,135989.35,14078.75,81656.75,0.2847,0.7441,6.8336,10.86,100.0,1094.1379310344828,4.8626225,0.76625,51.45706796035941,0.907400262138742,0.82,0.2847,28.11677098426526,61.88322901573474,161.4796154761441,1.1331488105798735,5.235139126679347,1002.0247891687442
2023-03-14,Khavda Renewable Energy Park,SIMULATED,SIMULATED_PVLIB,6851.170063720601,6851.170063720601,51383.78,51126.86,5685.41,32975.38,0.107,0.3005,2.5692,11.43,100.0,995.1724137931035,1.0966799999999997,0.18999999999999995,48.18309176052427,0.918859178838165,0.82,0.107,27.71981198676818,62.28018801323182,161.37310841327803,1.1290049770850066,5.250252821284424,1000.7878547765195
2023-03-15,Khavda Renewable Energy Park,SIMULATED,SIMULATED_PVLIB,9287.51076720576,9287.51076720576,69656.33,69308.05,7745.9,44926.22,0.1451,0.4094,3.4828,12.0,100.0,674.6551724137931,1.4478099999999998,0.37,39.782542180920444,0.9482611023667784,0.82,0.1451,27.32216000852045,62.67783999147955,161.265597337798,1.124938003385002,5.265076765160838,996.9059224711613
2023-03-16,Khavda Renewable Energy Park,SIMULATED,SIMULATED_PVLIB,18311.172746737764,18311.172746737764,137333.8,136647.13,14340.83,83176.81,0.2861,0.7579,6.8667,4.0,100.0,1045.344827586207,4.3148349999999995,0.7116666666666667,46.630991781704424,0.9242915287640345,0.82,0.2861,26.923940394201672,63.07605960579833,161.15689739021968,1.1209482765207082,5.280425462565462,1001.247074448485
2023-03-17,Khavda Renewable Energy Park,SIMULATED,SIMULATED_PVLIB,17839.294057821946,17839.294057821946,133794.71,133125.74,14394.35,83487.23,0.2787,0.7607,6.6897,4.57,100.0,1000.0,5.258666666666667,0.9066666666666666,45.6452991666296,0.9277414529167964,0.82,0.2787,26.525280218812483,63.47471978118752,161.04682572259503,1.1170361221077432,5.296289473816917,1000.8398589507516
2023-03-18,Khavda Renewable Energy Park,SIMULATED,SIMULATED_PVLIB,18625.834491054266,18625.834491054266,139693.76,138995.29,14304.2,82964.36,0.291,0.756,6.9847,5.14,100.0,1042.7586206896551,5.19372,0.85875,47.30552808672907,0.9219306516964483,0.82,0.291,26.12630755413487,63.87369244586513,160.9352011730366,1.1132017986186393,5.3118380934578875,1001.4080603123306
2023-03-19,Khavda Renewable Energy Park,SIMULATED,SIMULATED_PVLIB,17971.10887782081,17971.10887782081,134783.32,134109.4,14263.32,82727.26,0.2808,0.7538,6.7392,5.71,100.0,1077.2413793103449,5.52948,0.885,48.05823133583585,0.9192961903245745,0.82,0.2808,25.727150443742474,64.27284955625753,160.821842577609,1.1094454898061608,5.327064240350018,1001.8226168872454
2023-03-20,Khavda Renewable Energy Park,SIMULATED,SIMULATED_PVLIB,18304.716090221973,18304.716090221973,137285.37,136598.94,14215.31,82448.8,0.286,0.7513,6.8643,6.29,100.0,1040.5172413793105,4.262218750000001,0.70625,48.94232131852702,0.9162018753851554,0.82,0.286,25.32793602813443,64.67206397186557,160.70656606360058,1.105767299646947,5.341961312208943,1001.3462827710844
2023-03-21,Khavda Renewable Energy Park,SIMULATED,SIMULATED_PVLIB,17550.300418555023,17550.300418555023,131627.25,130969.11,14367.9,83333.82,0.2742,0.7593,6.5814,6.86,100.0,1008.7931034482759,4.085948333333333,0.6983333333333333,46.13253292944891,0.9260361347469288,0.82,0.2742,24.928790256193167,65.07120974380683,160.58918190154293,1.1021672534336324,5.356523198482712,1000.871412100635
2023-03-22,Khavda Renewable Energy Park,SIMULATED,SIMULATED_PVLIB,18061.61240161291,18061.61240161291,135462.09,134784.78,14494.88,84070.3,0.2822,0.7661,6.7731,7.43,100.0,964.3103448275863,3.32084375,0.59375,43.7940860192647,0.9342206989325735,0.82,0.2822,24.5298383099056,65.4701616900944,160.46949138176115,1.0986453052931335,5.370744255983306,1000.1899568894288
2023-03-23,Khavda Renewable Energy Park,SIMULATED,SIMULATED_PVLIB,18456.836484441345,18456.836484441345,138426.27,137734.14,14498.72,84092.58,0.2884,0.7663,6.9213,8.0,100.0,1037.2413793103449,4.183626666666667,0.6954166666666668,43.7234682883741,0.9344678609906907,0.82,0.2884,24.13120545813375,65.86879454186625,160.34728388660392,1.0952013487521666,5.384619265081305,1000.8264395689082
2023-03-24,Khavda Renewable Energy Park,SIMULATED,SIMULATED_PVLIB,18747.694038144215,18747.694038144215,140607.71,139904.67,14723.56,85396.65,0.2929,0.7781,7.0304,8.57,100.0,995.1724137931035,4.67532,0.81,39.5829714956442,0.9489595997652452,0.82,0.2929,23.733017838990023,66.26698216100998,160.222334104516,1.0918352256382968,5.398143392898947,1000.0590124602234
2023-03-25,Khavda Renewable Energy Park,SIMULATED,SIMULATED_PVLIB,18295.361857512453,18295.361857512453,137215.21,136529.13,14436.73,83733.03,0.2859,0.763,6.8608,9.14,100.0,1070.1724137931035,6.0569975,0.9758333333333333,44.864965002234285,0.93047262249218,0.82,0.2859,23.335402791089024,66.66459720891098,160.0943993027406,1.0885467303523952,5.411312181076052,1000.6056954883464
2023-03-26,Khavda Renewable Energy Park,SIMULATED,SIMULATED_PVLIB,16462.50857742119,16462.50857742119,123468.81,122851.47,14208.62,82410.0,0.2572,0.7509,6.1734,9.71,97.0,1175.0,6.8093208333333335,0.9991666666666666,49.06548699982764,0.9157707955006033,0.82,0.2572,22.938488673417297,67.0615113265827,159.96321678070717,1.0853356096418665,5.424121558423845,1001.4449614370587
2023-03-27,Khavda Renewable Energy Park,SIMULATED,SIMULATED_PVLIB,17985.70681353858,17985.70681353858,134892.8,134218.34,14189.37,82298.35,0.281,0.7499,6.7446,10.29,100.0,1183.448275862069,6.8497,0.9979166666666667,49.42010663040647,0.9145296267935773,0.82,0.281,22.54240439457152,67.45759560542848,159.82850172838766,1.082201560253013,5.436567865547416,1001.0990017022318
2023-03-28,Khavda Renewable Energy Park,SIMULATED,SIMULATED_PVLIB,17167.34419201634,17167.34419201634,128755.08,128111.3,14323.92,83078.74,0.2682,0.757,6.4378,10.86,100.0,1169.8275862068965,6.77651875,0.99875,46.9423452182818,0.9232017917360137,0.82,0.2682,22.147278927290557,67.85272107270944,159.6899457296911,1.0791442269180145,5.448647877430379,1000.4384350285197
2023-03-29,Khavda Renewable Energy Park,SIMULATED,SIMULATED_PVLIB,18192.552376086223,18192.552376086223,136444.14,135761.92,14632.69,84869.6,0.2843,0.7733,6.8222,11.43,100.0,922.4137931034483,3.2099999999999995,0.6,41.25639843878246,0.9431026054642614,0.82,0.2843,21.753240976170275,68.24675902382972,159.54721586657092,1.0761632019253866,5.46035881648845,996.9840439021862
2023-03-30,Khavda Renewable Energy Park,SIMULATED,SIMULATED_PVLIB,17527.15400902041,17527.15400902041,131453.66,130796.39,14463.04,83885.63,0.2739,0.7644,6.5727,12.0,100.0,1125.344827586207,5.322224583333334,0.8154166666666667,44.38042566417141,0.9321685101754,0.82,0.2739,21.360418812833515,68.63958118716648,159.39995417847342,1.073258026173224,5.471698356320865,998.7485870611822
2023-03-31,Khavda Renewable Energy Park,SIMULATED,SIMULATED_PVLIB,18580.554293709392,18580.554293709392,139354.16,138657.39,14655.25,85000.45,0.2903,0.7745,6.9677,4.0,100.0,982.0689655172414,5.0504533333333335,0.8866666666666667,40.84097767512173,0.9445565781370739,0.82,0.2903,20.968940220386386,69.03105977961361,159.2477771246173,1.0704281910798978,5.482664619564542,996.4037499495116
2023-04-01,Khavda Renewable Energy Park,SIMULATED,SIMULATED_PVLIB,18812.09010811091,18812.09010811091,141090.68,140385.23,14447.42,83795.04,0.2939,0.7636,7.0545,4.57,100.0,1184.1379310344828,6.679130000000001,0.9725,44.66812223321443,0.9311615721837495,0.82,0.2939,20.578932497993577,69.42106750200642,159.09027469613568,1.067673140878362,5.493256172514105,998.0492429525366
2023-04-02,Khavda Renewable Energy Park,SIMULATED,SIMULATED_PVLIB,19036.253378773716,19036.253378773716,142771.9,142058.04,14410.18,83579.04,0.2974,0.7616,7.1386,5.14,100.0,1188.6206896551726,6.56079,0.9516666666666667,45.353897291148144,0.9287613594809815,0.82,0.2974,20.190522490459628,69.80947750954037,158.92700900988552,1.0649922749874428,5.503472018285053,997.3271588531264
2023-04-03,Khavda Renewable Energy Park,SIMULATED,SIMULATED_PVLIB,19222.941622033613,19222.941622033613,144172.06,143451.2,14532.91,84290.88,0.3004,0.7681,7.2086,5.71,100.0,1145.6896551724137,4.928375,0.7416666666666667,43.093840135004484,0.9366715595274843,0.82,0.3004,19.803836626782214,70.19616337321779,158.75751228865488,1.0623849503294889,5.513311589309139,995.9969478173621
2023-04-04,Khavda Renewable Energy Park,SIMULATED,SIMULATED_PVLIB,18478.60366674524,18478.60366674524,138589.53,137896.58,14374.62,83372.8,0.2887,0.7597,6.9295,6.29,100.0,1181.896551724138,6.1894937500000005,0.9029166666666667,46.00865702042462,0.9264697004285138,0.82,0.2887,19.41900096409256,70.58099903590744,158.5812843401443,1.0598504835665936,5.522774739358903,995.5414810325112
2023-04-05,Khavda Renewable Energy Park,SIMULATED,SIMULATED_PVLIB,19222.958562824562,19222.958562824562,144172.19,143451.33,14323.55,83076.59,0.3004,0.757,7.2086,6.86,100.0,1224.1379310344828,6.750916666666666,0.9508333333333333,46.94916045141434,0.9231779384200498,0.82,0.3004,19.03614127715116,70.96385872284884,158.39778983448878,1.0573881535107037,5.531861733583209,995.1054155130979
2023-04-06,Khavda Renewable Energy Park,SIMULATED,SIMULATED_PVLIB,18565.830824731584,18565.830824731584,139243.73,138547.51,14131.8,81964.44,0.2901,0.7469,6.9622,7.43,100.0,1230.6896551724137,6.3409233333333335,0.8883333333333333,50.48017417136903,0.9108193904002084,0.82,0.2901,18.65538327684243,71.34461672315757,158.2064558450154,1.0549972041833562,5.54057323364141,994.2009581564132
2023-04-07,Khavda Renewable Energy Park,SIMULATED,SIMULATED_PVLIB,17773.736728934953,17773.736728934953,133303.03,132636.51,14133.19,81972.5,0.2777,0.7469,6.6652,8.0,100.0,1195.6896551724137,6.7269499999999995,0.97,50.454672127522514,0.9109086475536712,0.82,0.2777,18.276853034425983,71.72314696557402,158.00667015834074,1.0526768488643687,5.548910275777838,992.7603638992356
2023-04-08,Khavda Renewable Energy Park,SIMULATED,SIMULATED_PVLIB,18331.890050132602,18331.890050132602,137489.18,136801.73,14234.85,82562.13,0.2864,0.7523,6.8745,8.57,100.0,1114.655172413793,5.27166875,0.8154166666666667,48.58263512270946,0.9174607770705169,0.82,0.2864,17.900677614628137,72.09932238537186,157.79778073738976,1.0504262749523603,5.556874242810853,990.7320892257803
2023-04-09,Khavda Renewable Energy Park,SIMULATED,SIMULATED_PVLIB,18852.853733980577,18852.853733980577,141396.4,140689.42,14237.02,82574.72,0.2946,0.7524,7.0698,9.14,100.0,1187.7586206896551,6.343620833333334,0.9208333333333334,48.542646513898916,0.9176007372013538,0.82,0.2946,17.52698583001927,72.47301416998073,157.57909642600237,1.048244648947262,5.5644668342304335,990.4614633016807
2023-04-10,Khavda Renewable Energy Park,SIMULATED,SIMULATED_PVLIB,9166.164628716806,9166.164628716806,68746.23,68402.5,6960.51,40370.96,0.1432,0.3679,3.4373,9.71,100.0,1214.8275862068965,1.3446116666666665,0.1908333333333333,48.56809036274463,0.9175116837303938,0.82,0.1432,17.155908971148364,72.84409102885164,157.34988874103828,1.0461311206510966,5.571690040059527,989.6052159425328
2023-04-11,Khavda Renewable Energy Park,SIMULATED,SIMULATED_PVLIB,16984.559763588742,16984.559763588742,127384.2,126747.28,14268.77,82758.87,0.2654,0.7541,6.3692,10.29,100.0,1219.3103448275863,6.182106666666667,0.8741666666666666,47.9579042861535,0.9196473349984627,0.82,0.2654,16.787581377157068,73.21241862284293,157.10939439014533,1.044084825908569,5.578546122886445,988.4390686840277
2023-04-12,Khavda Renewable Energy Park,SIMULATED,SIMULATED_PVLIB,13205.069412492458,13205.069412492458,99038.02,98542.83,11060.86,64152.99,0.2063,0.5846,4.9519,10.86,100.0,1187.2413793103449,2.137529166666667,0.3104166666666667,48.66897176871795,0.9171585988094871,0.82,0.2063,16.42214075417074,73.57785924582926,156.8568180316754,1.042104887582386,5.5850376102412564,986.8006249676723
2023-04-13,Khavda Renewable Energy Park,SIMULATED,SIMULATED_PVLIB,16405.214953584084,16405.214953584084,123039.11,122423.91,12872.19,74658.7,0.2563,0.6803,6.152,11.43,100.0,1057.9310344827586,2.4646266666666663,0.4016666666666666,46.22954107274974,0.9256966062453759,0.82,0.2563,16.059728185021527,73.94027181497847,156.59133472026326,1.040190414736135,5.591167297770008,983.9803338040267
2023-04-14,Khavda Renewable Energy Park,SIMULATED,SIMULATED_PVLIB,16833.560717722157,16833.560717722157,126251.71,125620.45,14341.59,83181.22,0.263,0.758,6.3126,12.0,100.0,1180.1724137931035,6.189020833333333,0.9041666666666667,46.616883286543384,0.9243409084970982,0.82,0.263,15.700487810343546,74.29951218965645,156.31209141705722,1.0383405002262542,5.596938262196945,984.0643698668321
2023-04-15,Khavda Renewable Energy Park,SIMULATED,SIMULATED_PVLIB,18076.04077954445,18076.04077954445,135570.31,134892.46,14233.34,82553.37,0.2824,0.7522,6.7785,4.0,100.0,1213.9655172413793,6.888445000000001,0.9783333333333334,48.610421581208456,0.9173635244657704,0.82,0.2824,15.344566218379171,74.65543378162083,156.01820708866944,1.036554217189516,5.602353881209282,983.0721457411304
2023-04-16,Khavda Renewable Energy Park,SIMULATED,SIMULATED_PVLIB,18545.307916550588,18545.307916550588,139089.81,138394.36,14316.25,83034.25,0.2898,0.7566,6.9545,4.57,100.0,1237.0689655172414,5.9163854166666665,0.8245833333333333,47.08367146598802,0.9227071498690419,0.82,0.2898,14.992111688577324,75.00788831142268,155.70877121033368,1.0348306153737896,5.608524695905953,982.1185880067303
2023-04-17,Khavda Renewable Energy Park,SIMULATED,SIMULATED_PVLIB,18801.76621000156,18801.76621000156,141013.25,140308.18,14209.54,82415.33,0.2938,0.751,7.0507,5.14,100.0,1237.0689655172414,5.270635416666667,0.7345833333333334,49.0485903458805,0.9158299337894182,0.82,0.2938,14.643273541510297,75.3567264584897,155.3828408857313,1.0331687186017595,5.614346423726692,980.8545359589065
2023-04-18,Khavda Renewable Energy Park,SIMULATED,SIMULATED_PVLIB,18386.055092337116,18386.055092337116,137895.41,137205.93,14199.44,82356.75,0.2873,0.7504,6.8948,5.71,100.0,1163.9655172413793,4.4303437500000005,0.65625,49.23466530179712,0.91517867144371,0.82,0.2873,14.298201870447315,75.70179812955269,155.03943706325822,1.0315675245048497,5.619823416863624,978.6959308373156
2023-04-19,Khavda Renewable Energy Park,SIMULATED,SIMULATED_PVLIB,14546.415220268713,14546.415220268713,109098.11,108552.62,11492.18,66654.64,0.2273,0.6074,5.4549,6.29,100.0,1175.1724137931035,2.2038399999999996,0.32333333333333325,46.642668039516536,0.9242506618616921,0.82,0.2273,13.95704781082702,76.04295218917298,154.67754031827337,1.0300260068753504,5.624960345994007,977.4878871181309
2023-04-20,Khavda Renewable Energy Park,SIMULATED,SIMULATED_PVLIB,17909.112152761798,17909.112152761798,134318.34,133646.75,14389.84,83461.07,0.2798,0.7605,6.7159,6.86,99.0,1163.9655172413793,2.9676270833333342,0.43958333333333344,45.72849759081131,0.9274502584321604,0.82,0.2798,13.619964285956073,76.38003571404393,154.29608637612114,1.0285431199156694,5.629762169923049,975.9820975427842
2023-04-21,Khavda Renewable Energy Park,SIMULATED,SIMULATED_PVLIB,17962.423379437936,17962.423379437936,134718.18,134044.59,14393.35,83481.43,0.2807,0.7607,6.7359,7.43,100.0,1201.0344827586207,5.5698975,0.7995833333333333,45.66385845396658,0.927676495411117,0.82,0.2807,13.287106948899194,76.7128930511008,153.89396145901424,1.0271178028327286,5.63423410234276,975.0080739499745
2023-04-22,Khavda Renewable Energy Park,SIMULATED,SIMULATED_PVLIB,17674.681052940046,17674.681052940046,132560.11,131897.31,14324.15,83080.07,0.2762,0.757,6.628,8.0,100.0,1200.6896551724137,5.875875000000001,0.84375,46.938058680944806,0.9232167946166931,0.82,0.2762,12.958634986506539,77.04136501349346,153.4699975096745,1.0257489832885442,5.638381585282935,973.5639166692498
2023-04-23,Khavda Renewable Energy Park,SIMULATED,SIMULATED_PVLIB,19253.830339926466,19253.830339926466,144403.73,143681.71,14307.83,82985.41,0.3008,0.7562,7.2202,8.57,100.0,1165.1724137931035,6.169490833333333,0.9129166666666666,47.238664931595636,0.9221646727394153,0.82,0.3008,12.634711564239367,77.36528843576063,153.0229676899778,1.0244355789792858,5.642210274104814,971.6775577630144
2023-04-24,Khavda Renewable Energy Park,SIMULATED,SIMULATED_PVLIB,8500.205672604365,8500.205672604365,63751.54,63432.78,6731.37,39041.95,0.1328,0.3558,3.1876,9.14,100.0,1156.2068965517242,1.330023333333333,0.19833333333333325,54.41712979248882,0.8970400457262891,0.82,0.1328,12.315503907233861,77.68449609276614,152.55158282596585,1.0231764976432838,5.645726032327628,970.0735844131545
2023-04-25,Khavda Renewable Energy Park,SIMULATED,SIMULATED_PVLIB,11109.94335382107,11109.94335382107,83324.58,82907.96,8701.27,50467.37,0.1736,0.4599,4.1662,9.71,100.0,1164.8275862068965,1.689,0.25,49.827285354834046,0.9131045012580808,0.82,0.1736,12.001183190100619,77.99881680989938,152.05448941372538,1.021970636449815,5.648934930321334,968.6487176316571
2023-04-26,Khavda Renewable Energy Park,SIMULATED,SIMULATED_PVLIB,16845.293691643335,16845.293691643335,126339.7,125708.0,14261.23,82715.13,0.2632,0.7537,6.317,10.29,97.0,1130.344827586207,4.029208333333334,0.6145833333333335,48.0968303689033,0.9191610937088385,0.82,0.2632,11.691924427962746,78.30807557203725,151.53026959057917,1.0208168816270418,5.6518432423898375,966.6939243947259
2023-04-27,Khavda Renewable Energy Park,SIMULATED,SIMULATED_PVLIB,17461.57978890331,17461.57978890331,130961.85,130307.04,14299.43,82936.69,0.2728,0.7557,6.5481,10.86,100.0,1175.5172413793105,3.2300275,0.47375,47.393230791202825,0.9216236922307901,0.82,0.2728,11.38790647309412,78.61209352690588,150.9774430090538,1.019714108702947,5.654457439818245,965.648643177393
2023-04-28,Khavda Renewable Energy Park,SIMULATED,SIMULATED_PVLIB,16591.210487352033,16591.210487352033,124434.08,123811.91,13895.51,80593.96,0.2592,0.7344,6.2217,11.43,100.0,937.9310344827586,2.647466666666667,0.4866666666666667,44.92139278087023,0.9302751252669542,0.82,0.2592,11.089312112716499,78.9106878872835,150.39447021328328,1.0186611832719261,5.656784180417283,961.2702127606764
2023-04-29,Khavda Renewable Energy Park,SIMULATED,SIMULATED_PVLIB,15898.363360234396,15898.363360234396,119237.73,118641.54,14248.28,82640.02,0.2484,0.753,5.9619,12.0,100.0,1066.5517241379312,3.8868700000000005,0.6283333333333334,48.3352356240394,0.9183266753158621,0.82,0.2484,10.796328203899222,79.20367179610078,149.7797572120582,1.017656962009022,5.658830296350909,961.1607753062656
2023-04-30,Khavda Renewable Energy Park,SIMULATED,SIMULATED_PVLIB,17937.77828545792,17937.77828545792,134533.34,133860.67,14148.98,82064.08,0.2803,0.7478,6.7267,4.0,100.0,1162.7586206896551,6.13142,0.9091666666666667,50.16375680402413,0.9119268511859155,0.82,0.2803,10.509145825803117,79.49085417419688,149.13166093527275,1.01670029385517,5.660602780753598,960.6536442004931
2023-05-01,Khavda Renewable Energy Park,SIMULATED,SIMULATED_PVLIB,17559.117080338045,17559.117080338045,131693.38,131034.91,14124.45,81921.81,0.2744,0.7465,6.5847,4.57,100.0,1175.344827586207,6.308565416666667,0.9254166666666667,50.61545015956041,0.9103459244415386,0.82,0.2744,10.227960449401351,79.77203955059865,148.4484956914651,1.015790021377981,5.662108773124583,959.150880553028
2023-05-02,Khavda Renewable Energy Park,SIMULATED,SIMULATED_PVLIB,17441.252505831126,17441.252505831126,130809.39,130155.34,14313.57,83018.71,0.2725,0.7565,6.5405,5.14,100.0,1121.896551724138,5.66922375,0.87125,47.13286777509897,0.9225349627871536,0.82,0.2725,9.95297212695317,80.04702787304683,147.72854102212256,1.0149249823209332,5.6633555434335525,956.8602160999465
2023-05-03,Khavda Renewable Energy Park,SIMULATED,SIMULATED_PVLIB,17789.36356507284,17789.36356507284,133420.23,132753.13,14205.84,82393.87,0.278,0.7508,6.671,5.71,100.0,1155.8620689655172,5.8241,0.86875,49.11666962684013,0.9155916563060595,0.82,0.278,9.684385679873685,80.31561432012631,146.97005173947423,1.014104011282929,5.66435047533522,955.5805296308538
2023-05-04,Khavda Renewable Energy Park,SIMULATED,SIMULATED_PVLIB,18027.484481034568,18027.484481034568,135206.13,134530.1,14137.4,81996.92,0.2817,0.7472,6.7603,6.29,95.0,1157.2413793103449,6.2253799999999995,0.9275,50.37699960183332,0.9111805013935834,0.82,0.2817,9.42241085026673,80.57758914973327,146.1712715694394,1.0133259414477138,5.665101049041284,953.9081949157242
2023-05-05,Khavda Renewable Energy Park,SIMULATED,SIMULATED_PVLIB,18179.9611969195,18179.9611969195,136349.71,135667.96,14187.8,82289.24,0.2841,0.7498,6.8175,6.86,100.0,1115.1724137931035,5.694535,0.8804166666666666,49.448972207564054,0.9144285972735258,0.82,0.2841,9.167262434426576,80.83273756557342,145.3304520808815,1.0125896064572566,5.665614823262939,951.7177474010795
2023-05-06,Khavda Renewable Energy Park,SIMULATED,SIMULATED_PVLIB,18918.89915122383,18918.89915122383,141891.74,141182.28,14282.82,82840.36,0.2956,0.7549,7.0946,7.43,100.0,1096.7241379310344,4.662082916666667,0.7329166666666667,47.69916641031844,0.9205529175638855,0.82,0.2956,8.919160431013012,81.08083956898699,144.44587863130835,1.0118938425494777,5.665899415460022,949.7964039621379
2023-05-07,Khavda Renewable Energy Park,SIMULATED,SIMULATED_PVLIB,18306.28382987955,18306.28382987955,137297.13,136610.64,14268.65,82758.17,0.286,0.7541,6.8649,8.0,100.0,1219.4827586206898,6.8431275000000005,0.9675,47.960185094231505,0.9196393521701898,0.82,0.286,8.678330157500241,81.32166984249976,143.51590455775056,1.0112374908473898,5.665962481153757,949.523008016593
2023-05-08,Khavda Renewable Energy Park,SIMULATED,SIMULATED_PVLIB,17785.663369310314,17785.663369310314,133392.48,132725.52,14224.29,82500.88,0.2779,0.7518,6.6696,8.57,97.0,1251.3793103448277,6.834616666666666,0.9416666666666667,48.776933332952765,0.9167807333346654,0.82,0.2779,8.445002147136265,81.55499785286374,142.5389937050739,1.010619399347288,5.665811695287649,948.181403871924
2023-05-09,Khavda Renewable Energy Park,SIMULATED,SIMULATED_PVLIB,17177.27627068982,17177.27627068982,128829.57,128185.42,14105.44,81811.55,0.2684,0.7455,6.4415,9.14,100.0,1307.5862068965519,7.57452,0.99875,50.965565040602286,0.909120522357892,0.82,0.2684,8.219411507345654,81.78058849265435,141.51377037039492,1.0100384239273315,5.665454740119341,947.1221638446543
2023-05-10,Khavda Renewable Energy Park,SIMULATED,SIMULATED_PVLIB,17711.21283240666,17711.21283240666,132834.1,132169.93,14020.01,81316.06,0.2767,0.741,6.6417,9.71,100.0,1290.8620689655172,7.38405375,0.98625,52.53885516126829,0.9036140069355609,0.82,0.2767,8.001796444905466,81.99820355509453,140.43907503492835,1.0094934279196404,5.664899302689348,945.2081752254801
2023-05-11,Khavda Renewable Energy Park,SIMULATED,SIMULATED_PVLIB,17689.809312056095,17689.809312056095,132673.57,132010.2,14007.54,81243.73,0.2764,0.7403,6.6337,10.29,100.0,1300.0,7.54,1.0,52.76842500941842,0.9028105124670355,0.82,0.2764,7.792395846948011,82.20760415305199,139.31402411066824,1.0089832803458858,5.664153081261586,943.5981943471288
2023-05-12,Khavda Renewable Energy Park,SIMULATED,SIMULATED_PVLIB,17042.6182654653,17042.6182654653,127819.64,127180.54,14122.8,81912.24,0.2663,0.7464,6.391,10.86,100.0,1295.6896551724137,7.515,1.0,50.645892176659444,0.9102393773816919,0.82,0.2663,7.591446041574059,82.40855395842594,138.13807209773387,1.008506853454077,5.663223796582839,941.8335801994538
2023-05-13,Khavda Renewable Energy Park,SIMULATED,SIMULATED_PVLIB,16780.484886119575,16780.484886119575,125853.64,125224.37,14238.03,82580.57,0.2622,0.7525,6.2927,11.43,95.0,1284.8275862068965,7.452,1.0,48.5239833683289,0.9176660582108489,0.82,0.2622,7.39917699916036,82.60082300083964,136.9110747239381,1.0080630203656578,5.662119202653944,939.9968470835674
2023-05-14,Khavda Renewable Energy Park,SIMULATED,SIMULATED_PVLIB,17661.59833580591,17661.59833580591,132461.99,131799.68,14326.0,83090.8,0.276,0.7571,6.6231,12.0,100.0,1273.103448275862,7.020953333333334,0.9508333333333333,46.90411486526182,0.9233355979715836,0.82,0.276,7.215808262746833,82.78419173725317,135.63335128110884,1.0076506535063166,5.660847092572896,938.1563728165168
2023-05-15,Khavda Renewable Energy Park,SIMULATED,SIMULATED_PVLIB,18723.045159956822,18723.045159956822,140422.84,139720.73,14395.19,83492.1,0.2925,0.7608,7.0211,4.0,100.0,1214.8275862068965,5.516430833333334,0.7829166666666667,45.630000759980334,0.9277949973400689,0.82,0.2925,7.041544825662797,82.9584551743372,134.30574407736526,1.0072686241584359,5.65941529720415,935.7787988324586
2023-05-16,Khavda Renewable Energy Park,SIMULATED,SIMULATED_PVLIB,18326.809710886602,18326.809710886602,137451.07,136763.81,14427.17,83677.59,0.2864,0.7625,6.8726,4.57,100.0,1208.448275862069,6.024819583333334,0.8595833333333334,45.04100845240224,0.9298564704165921,0.82,0.2864,6.87657311564611,83.12342688435389,132.92967270404665,1.0069158032244294,5.6581938802552,934.0768848283781
2023-05-17,Khavda Renewable Energy Park,SIMULATED,SIMULATED_PVLIB,18136.56043356185,18136.56043356185,136024.2,135344.08,14390.83,83466.81,0.2834,0.7606,6.8012,5.14,100.0,1239.8275862068965,6.5018625,0.9041666666666667,45.71029352363597,0.9275139726672741,0.82,0.2834,6.721057212721377,83.27894278727862,131.50718072892772,1.0065910631476251,5.657190100906776,932.8860488879699
2023-05-18,Khavda Renewable Energy Park,SIMULATED,SIMULATED_PVLIB,18728.18132284801,18728.18132284801,140461.36,139759.05,14381.9,83415.02,0.2926,0.7601,7.0231,5.71,100.0,1205.1724137931035,5.947325,0.8508333333333333,45.87456289938282,0.9269390298521601,0.82,0.2926,6.575135345094154,83.42486465490585,130.04097250827084,1.0062932807246658,5.656049417316565,930.934144654527
2023-05-19,Khavda Renewable Energy Park,SIMULATED,SIMULATED_PVLIB,18542.45354778845,18542.45354778845,139068.4,138373.06,14223.74,82497.69,0.2897,0.7517,6.9534,6.29,100.0,1229.6551724137933,6.436629999999999,0.9025,48.787069617010026,0.9167452563404649,0.82,0.2897,6.438916620616027,83.56108337938397,128.53443730506586,1.006021340372584,5.654779662438245,929.688840113872
2023-05-20,Khavda Renewable Energy Park,SIMULATED,SIMULATED_PVLIB,17921.403798567342,17921.403798567342,134410.53,133738.48,14307.55,82983.79,0.28,0.7562,6.7205,6.86,100.0,1254.1379310344828,5.676750833333334,0.7804166666666668,47.243837500556666,0.9221465687480517,0.82,0.28,6.3124778618524715,83.68752213814753,126.9916575522575,1.0057741372769118,5.653388610647808,928.4592256914657
2023-05-21,Khavda Renewable Energy Park,SIMULATED,SIMULATED_PVLIB,18332.98477235088,18332.98477235088,137497.39,136809.9,14364.89,83316.36,0.2865,0.7592,6.8749,7.43,100.0,1228.448275862069,5.735625,0.8049999999999999,46.1879018470413,0.9258423435353554,0.82,0.2865,6.195860442209195,83.8041395577908,125.41739816725146,1.0055505799645628,5.651883957586495,926.6593664153798
2023-05-22,Khavda Renewable Energy Park,SIMULATED,SIMULATED_PVLIB,18517.557734989772,18517.557734989772,138881.68,138187.27,14365.4,83319.32,0.2893,0.7592,6.9441,8.0,100.0,1229.3103448275863,4.560229166666667,0.6395833333333334,46.17853833082325,0.9258751158421186,0.82,0.2893,6.089067163067199,83.9109328369328,123.81707480237509,1.0053495921535767,5.650273304962464,925.1894503761655
2023-05-23,Khavda Renewable Energy Park,SIMULATED,SIMULATED_PVLIB,18445.567553557084,18445.567553557084,138341.76,137650.05,14378.77,83396.87,0.2882,0.7599,6.9171,8.57,100.0,1242.4137931034484,4.822015,0.6691666666666667,45.93221084648526,0.9267372620373016,0.82,0.2882,5.992059376380055,84.00794062361994,122.19670045661485,1.0051701140340508,5.648564149300702,923.8834794758691
2023-05-24,Khavda Renewable Energy Park,SIMULATED,SIMULATED_PVLIB,18936.48282277777,18936.48282277777,142023.62,141313.5,14456.72,83848.98,0.2959,0.764,7.1012,9.14,100.0,1233.9655172413793,4.529784583333333,0.6329166666666666,44.49677119913365,0.9317613008030322,0.82,0.2959,5.904754637107828,84.09524536289217,120.56281118175008,1.0050111032522628,5.646763872850118,922.3472458421096
2023-05-25,Khavda Renewable Energy Park,SIMULATED,SIMULATED_PVLIB,18755.231848500494,18755.231848500494,140664.24,139960.92,14523.42,84235.84,0.2931,0.7676,7.0332,9.71,100.0,1243.103448275862,6.7323375,0.93375,43.26858313675975,0.9360599590213409,0.82,0.2931,5.827025140713474,84.17297485928653,118.92237229950928,1.0048715358024443,5.644879735297487,921.0406358627808
2023-05-26,Khavda Renewable Energy Park,SIMULATED,SIMULATED_PVLIB,17441.260118256912,17441.260118256912,130809.45,130155.4,14549.7,84388.26,0.2725,0.769,6.5405,10.29,100.0,1218.2758620689656,6.1915825,0.87625,42.784566487309846,0.9377540172944155,0.82,0.2725,5.75869714236174,84.24130285763826,117.28266698940018,1.0047504069508377,5.6429188654613425,919.3613801435798
2023-05-27,Khavda Renewable Energy Park,SIMULATED,SIMULATED_PVLIB,18693.124533848106,18693.124533848106,140198.43,139497.44,14490.67,84045.89,0.2921,0.7658,7.0099,10.86,100.0,1238.2758620689656,6.2244,0.8666666666666667,43.871677014835214,0.9339491304480767,0.82,0.2921,5.699551486247358,84.30044851375264,115.65117038844824,1.0046467322578865,5.640888252526406,918.2337028021993
2023-05-28,Khavda Renewable Energy Park,SIMULATED,SIMULATED_PVLIB,17279.131059519666,17279.131059519666,129593.48,128945.51,14391.11,83468.44,0.27,0.7606,6.4797,11.43,100.0,1229.8275862068965,5.73314875,0.80375,45.70507595837925,0.9275322341456727,0.82,0.27,5.6493253513063735,84.35067464869363,114.03541410778854,1.0045595488129746,5.63879473606119,916.8008226580275
2023-05-29,Khavda Renewable Energy Park,SIMULATED,SIMULATED_PVLIB,17935.69317081277,17935.69317081277,134517.7,133845.11,14345.75,83205.35,0.2802,0.7582,6.7259,12.0,100.0,1117.5862068965519,4.858799166666667,0.7495833333333333,46.54030002355927,0.9246089499175425,0.82,0.2802,5.607715260116379,84.39228473988362,112.4428476152973,1.004487916790455,5.636644994101227,914.1816799125154
2023-05-30,Khavda Renewable Energy Park,SIMULATED,SIMULATED_PVLIB,18873.091271111272,18873.091271111272,141548.18,140840.44,14242.27,82605.17,0.2949,0.7527,7.0774,4.0,100.0,1129.8275862068965,3.787087916666666,0.5779166666666666,48.44589952825463,0.9179393516511087,0.82,0.2949,5.5743812438999925,84.42561875610001,110.88070347198709,1.0044309212753049,5.634445529637326,913.0510263156203
2023-05-31,Khavda Renewable Energy Park,SIMULATED,SIMULATED_PVLIB,18622.622325498185,18622.622325498185,139669.67,138971.32,14343.6,83192.88,0.291,0.7581,6.9835,4.57,100.0,1145.8620689655172,5.081420833333333,0.7645833333333333,46.580026688217714,0.924469906591238,0.82,0.291,5.548951936789393,84.4510480632106,109.35587266055632,1.0043876742063753,5.632202656508651,911.9966418993315
2023-06-01,Khavda Renewable Energy Park,SIMULATED,SIMULATED_PVLIB,18688.852427394075,18688.852427394075,140166.39,139465.56,14493.72,84063.58,0.292,0.766,7.0083,1.03,100.0,1094.1379310344828,4.674886666666667,0.7366666666666667,43.81543797394862,0.9341459670911798,0.82,0.292,5.531030266019613,84.46896973398039,107.87479573247214,1.0043573161882906,5.629922486335996,910.1817315987375
2023-06-02,Khavda Renewable Energy Park,SIMULATED,SIMULATED_PVLIB,19473.683381948278,19473.683381948278,146052.63,145322.37,14373.86,83368.39,0.3043,0.7597,7.3026,1.14,100.0,1213.9655172413793,6.04645875,0.85875,46.02270396327644,0.9264205361285325,0.82,0.3043,5.520199417615743,84.47980058238426,106.44337528340787,1.0043390179960872,5.627610917647452,910.4101129302323
2023-06-03,Khavda Renewable Energy Park,SIMULATED,SIMULATED_PVLIB,18558.390808538228,18558.390808538228,139187.93,138491.99,14313.13,83016.15,0.29,0.7565,6.9594,1.26,100.0,1235.6896551724137,6.5339149999999995,0.9116666666666666,47.14112543240222,0.9225060609865923,0.82,0.29,5.516028804688119,84.48397119531188,105.0669146190495,1.0043319816880563,5.625273627745093,909.5247844355717
2023-06-04,Khavda Renewable Energy Park,SIMULATED,SIMULATED_PVLIB,19985.16256991502,19985.16256991502,149888.72,149139.28,14294.66,82909.03,0.3123,0.7555,7.4944,1.37,100.0,1244.8275862068965,6.663458333333333,0.9229166666666666,47.48113632091754,0.9213160228767886,0.82,0.3123,5.518079806727073,84.48192019327293,103.75008482082865,1.0043354412897767,5.622916067546324,908.5283047687824
2023-06-05,Khavda Renewable Energy Park,SIMULATED,SIMULATED_PVLIB,19646.577909209132,19646.577909209132,147349.33,146612.58,14275.22,82796.28,0.307,0.7545,7.3675,1.49,97.0,1242.7586206896551,6.52324,0.905,47.839227620349476,0.9200627033287768,0.82,0.307,5.525911078001528,84.47408892199847,102.49691769906826,1.0043486630168927,5.620543459600723,907.4378055387699
2023-06-06,Khavda Renewable Energy Park,SIMULATED,SIMULATED_PVLIB,18965.98765358094,18965.98765358094,142244.91,141533.69,14334.47,83139.93,0.2963,0.7576,7.1122,1.6,100.0,1237.9310344827586,6.746208333333333,0.9395833333333333,46.748077072181516,0.9238817302473648,0.82,0.2963,5.539083218932774,84.46091678106723,101.31081768393472,1.0043709449361953,5.618160799926516,906.3531712810768
2023-06-07,Khavda Renewable Energy Park,SIMULATED,SIMULATED_PVLIB,19258.944191393002,19258.944191393002,144442.08,143719.87,14239.1,82586.78,0.3009,0.7525,7.2221,1.71,99.0,1239.8275862068965,6.6217125,0.9208333333333334,48.504261827355734,0.9177350836042549,0.82,0.3009,5.55716267103827,84.44283732896173,100.19458414770077,1.0044016160074187,5.6157728640265026,905.386371608438
2023-06-08,Khavda Renewable Energy Park,SIMULATED,SIMULATED_PVLIB,18904.57162994428,18904.57162994428,141784.29,141075.37,14289.91,82881.48,0.2954,0.7552,7.0892,1.83,100.0,1198.6206896551726,5.732503333333334,0.8245833333333333,47.568687824778394,0.9210095926132756,0.82,0.2954,5.579724810542871,84.42027518945713,99.15043806092638,1.0044400345712619,5.613384216634104,903.9547317425422
2023-06-09,Khavda Renewable Energy Park,SIMULATED,SIMULATED_PVLIB,18928.235968330388,18928.235968330388,141961.77,141251.96,14282.03,82835.77,0.2958,0.7548,7.0981,1.94,100.0,1211.3793103448277,6.1243300000000005,0.8716666666666667,47.71381243121793,0.9205016564907372,0.82,0.2958,5.606356320098982,84.39364367990102,98.18005138717103,1.0044855864648348,5.6109992239828435,903.19592676967
2023-06-10,Khavda Renewable Energy Park,SIMULATED,SIMULATED_PVLIB,19429.70096026072,19429.70096026072,145722.76,144994.15,14073.77,81627.87,0.3036,0.7438,7.2861,2.06,100.0,1223.2758620689656,6.82598125,0.9620833333333333,51.54886843844784,0.9070789604654326,0.82,0.3036,5.6366570532275375,84.36334294677246,97.28458084155375,1.0045376831319162,5.60862206617696,902.4686533477209
2023-06-11,Khavda Renewable Energy Park,SIMULATED,SIMULATED_PVLIB,18631.181902899465,18631.181902899465,139733.86,139035.19,13841.06,80278.15,0.2911,0.7315,6.9867,2.17,100.0,1165.5172413793105,6.2360999999999995,0.9225,55.83407666104084,0.892080731686357,0.82,0.2911,5.670241649688492,84.32975835031151,96.46470801328883,1.0045957601480189,5.606256746903906,900.9680084439285
2023-06-12,Khavda Renewable Energy Park,SIMULATED,SIMULATED_PVLIB,11189.697097206667,11189.697097206667,83922.73,83503.12,7900.57,45823.31,0.1748,0.4175,4.1961,2.29,100.0,951.2068965517242,1.50798,0.2733333333333333,45.39888338097763,0.9286039081665783,0.82,0.1748,5.7067411220238995,84.2932588779761,95.72068600180341,1.0046592765103877,5.603907098195879,897.6770252922593
2023-06-13,Khavda Renewable Energy Park,SIMULATED,SIMULATED_PVLIB,1958.1020888247378,1958.1020888247378,14685.77,14612.34,1477.77,8571.07,0.0306,0.0781,0.7343,2.4,100.0,611.551724137931,0.2734145833333328,0.07708333333333317,37.008252439408636,0.9579711164620698,0.82,0.0306,5.745804557947594,84.2541954420524,95.0523906582265,1.0047277149162435,5.601576778784648,892.9618629338011
2023-06-14,Khavda Renewable Energy Park,SIMULATED,SIMULATED_PVLIB,9025.326626022925,9025.326626022925,67689.95,67351.5,6412.31,37191.4,0.141,0.3389,3.3845,0.8,100.0,991.8965517241379,1.2033358333333337,0.20916666666666672,40.861260152834,0.944485589465081,0.82,0.141,5.787100942505859,84.21289905749414,94.45937375809496,1.0048005830103666,5.599269266182464,896.7234320887537
2023-06-15,Khavda Renewable Energy Park,SIMULATED,SIMULATED_PVLIB,1415.774114671069,1415.774114671069,10618.31,10565.22,1034.21,5998.42,0.0221,0.0547,0.5309,0.91,100.0,535.8620689655172,0.18906999999999954,0.060833333333333184,33.71115234966667,0.9695109667761667,0.82,0.0221,5.8303210020839344,84.16967899791607,93.94091568746637,1.0048774153975792,5.596987843834044,890.7347405132837
2023-06-16,Khavda Renewable Energy Park,SIMULATED,SIMULATED_PVLIB,6.1400218219638205,6.1400218219638205,46.05,45.82,4.4,25.52,0.0001,0.0002,0.0023,1.03,100.0,81.55172413793103,0.000788333333333404,0.0016666666666668162,28.164055580409446,0.9889258054685669,0.82,0.0001,5.875178930517819,84.12482106948218,93.49607565189422,1.004957776125605,5.592948583810509,884.5444022004998
2023-06-17,Khavda Renewable Energy Park,SIMULATED,SIMULATED_PVLIB,0.0,0.0,0.0,0.0,0.0,0.0,0.0,0.0,0.0,1.14,97.0,585.8620689655172,0.0,0.0,35.74585509620767,0.9623895071632732,0.82,0.0,5.921413851138183,84.07858614886182,93.12373765006265,1.0050412613113342,5.588943026885644,889.6275666951661
2023-06-18,Khavda Renewable Energy Park,SIMULATED,SIMULATED_PVLIB,1139.3136646435912,1139.3136646435912,8544.85,8502.13,882.98,5121.28,0.0178,0.0467,0.4272,1.26,95.0,966.0344827586207,0.16575541666666582,0.029583333333333184,40.95017467145412,0.9441743886499105,0.82,0.0178,5.968790918324572,84.03120908167543,92.82265078629075,1.0051275016525234,5.584973729377126,893.3038183183415
2023-06-19,Khavda Renewable Energy Park,SIMULATED,SIMULATED_PVLIB,10094.11454643481,10094.11454643481,75705.86,75327.33,7455.3,43240.74,0.1577,0.394,3.7853,1.37,100.0,1075.1724137931035,1.4134933333333335,0.22666666666666668,43.61614466509156,0.9348434936721796,0.82,0.1577,6.017101966997828,83.98289803300217,92.59146335021609,1.0052161645607287,5.581042991107274,893.8530619898094
2023-06-20,Khavda Renewable Energy Park,SIMULATED,SIMULATED_PVLIB,18887.508301749218,18887.508301749218,141656.31,140948.03,14275.77,82799.47,0.2951,0.7545,7.0828,1.49,100.0,1044.8275862068965,2.7068,0.44666666666666666,43.633413350783115,0.9347830532722591,0.82,0.2951,6.066165687658341,83.93383431234166,92.4287510372684,1.0053069557673675,5.577152845578654,892.8162015667714
2023-06-21,Khavda Renewable Energy Park,SIMULATED,SIMULATED_PVLIB,19188.441198129825,19188.441198129825,143913.31,143193.74,13880.19,80505.1,0.2998,0.7336,7.1957,1.6,100.0,1021.551724137931,2.6341562500000006,0.44458333333333344,43.872904756595624,0.9339448333519154,0.82,0.2998,6.115827358707193,83.8841726412928,92.33304016301338,1.005399620354666,5.573305053924202,891.9097562721971
2023-06-22,Khavda Renewable Energy Park,SIMULATED,SIMULATED_PVLIB,19914.225726251847,19914.225726251847,149356.69,148609.91,14426.96,83676.37,0.3112,0.7625,7.4678,1.71,100.0,1062.9310344827586,3.2520375000000006,0.5275000000000001,45.04482378214881,0.9298431167624792,0.82,0.3112,6.165958229629254,83.83404177037075,92.30282650590436,1.0054939432878667,5.569501102115826,891.8082643500996
2023-06-23,Khavda Renewable Energy Park,SIMULATED,SIMULATED_PVLIB,6613.219323781862,6613.219323781862,49599.14,49351.14,4804.57,27866.51,0.1033,0.2539,2.48,1.83,100.0,1009.4827586206897,0.9124041666666663,0.15583333333333327,44.04868871157809,0.9333295895094766,0.82,0.1033,6.216454717641071,83.78354528235893,92.33659000830721,1.0055897496742447,5.565742199947016,890.6439950810243
2023-06-24,Khavda Renewable Energy Park,SIMULATED,SIMULATED_PVLIB,17985.58623075239,17985.58623075239,134891.9,134217.44,12728.02,73822.52,0.281,0.6727,6.7446,1.94,100.0,1031.0344827586207,2.4293750000000003,0.40625,45.39697027637335,0.9286106040326932,0.82,0.281,6.267237568751042,83.73276243124896,92.43280563370848,1.0056869049799684,5.562029280275096,890.4058836695193
2023-06-25,Khavda Renewable Energy Park,SIMULATED,SIMULATED_PVLIB,12662.30201492304,12662.30201492304,94967.27,94492.43,8993.9,52164.62,0.1978,0.4753,4.7484,2.06,100.0,1081.2068965517242,1.7271379166666672,0.27541666666666675,47.00809657107203,0.9229716620012479,0.82,0.1978,6.318251098170862,83.68174890182914,92.58995109055257,1.0057853153931635,5.55836299729235,890.5506906900356
2023-06-26,Khavda Renewable Energy Park,SIMULATED,SIMULATED_PVLIB,1637.6467347336009,1637.6467347336009,12282.35,12220.94,1293.71,7503.52,0.0256,0.0684,0.6141,2.17,95.0,807.4137931034483,0.24390624999999913,0.05208333333333315,42.11029099894032,0.9401139815037088,0.82,0.0256,6.369462581037993,83.630537418962,92.80651221644064,1.0058849284580633,5.554743723012842,886.9489640705428
2023-06-27,Khavda Renewable Energy Park,SIMULATED,SIMULATED_PVLIB,11053.068125601514,11053.068125601514,82898.01,82483.52,8120.52,47099.02,0.1727,0.4292,4.1449,2.29,100.0,1006.2068965517242,1.5586983333333335,0.26708333333333334,46.886222731317396,0.9233982204403891,0.82,0.1727,6.420861799376311,83.57913820062369,93.08098621882533,1.0059857339933314,5.5511715418916765,888.9293483121459
2023-06-28,Khavda Renewable Energy Park,SIMULATED,SIMULATED_PVLIB,1937.6366458822688,1937.6366458822688,14532.27,14459.61,1468.64,8518.11,0.0303,0.0776,0.7266,2.4,100.0,874.6551724137931,0.2790150000000003,0.05500000000000005,44.15830209822156,0.9329459426562245,0.82,0.0303,6.47246070754008,83.52753929245992,93.41188223941867,1.006087765228244,5.547646244010519,887.0880393244001
2023-06-29,Khavda Renewable Energy Park,SIMULATED,SIMULATED_PVLIB,2404.4568089278423,2404.4568089278423,18033.43,17943.26,1812.68,10513.54,0.0376,0.0958,0.9017,0.8,97.0,1013.1034482758621,0.3452149999999998,0.05874999999999997,44.80626044134137,0.9306780884553052,0.82,0.0376,6.524293072861525,83.47570692713848,93.79771898229575,1.0061910998803139,5.544167318627778,888.4556707267014
2023-06-30,Khavda Renewable Energy Park,SIMULATED,SIMULATED_PVLIB,239.54985999724835,239.54985999724835,1796.62,1787.64,178.72,1036.58,0.0037,0.0094,0.0898,0.91,100.0,654.6551724137931,0.033223750000000135,0.008750000000000036,38.31050570308247,0.9534132300392113,0.82,0.0037,6.576413929359546,83.42358607064045,94.23702059216453,1.0062958608467483,5.5407339502200195,884.0503266357941
2023-07-01,Khavda Renewable Energy Park,SIMULATED,SIMULATED_PVLIB,12625.695711236842,12625.695711236842,94692.72,94219.26,8831.35,51221.83,0.1973,0.4667,4.7346,1.03,100.0,1061.0344827586207,1.6872216666666666,0.27416666666666667,45.64810313322201,0.9277316390337229,0.82,0.1973,6.628898713110672,83.37110128688933,94.72831348145667,1.0064022162283341,5.5373450188367395,888.6482721562613
2023-07-02,Khavda Renewable Energy Park,SIMULATED,SIMULATED_PVLIB,18983.827754558486,18983.827754558486,142378.71,141666.82,14216.2,82453.96,0.2966,0.7513,7.1189,1.14,97.0,1053.9655172413793,3.0794237499999997,0.5037499999999999,48.92605448273366,0.9162588093104322,0.82,0.2966,6.6818420627028985,83.3181579372971,95.2701265963662,1.0065103786263738,5.533999105145854,888.4495884743094
2023-07-03,Khavda Renewable Energy Park,SIMULATED,SIMULATED_PVLIB,18117.201778912884,18117.201778912884,135879.01,135199.61,14112.51,81852.56,0.2831,0.7459,6.794,1.26,95.0,1136.5517241379312,3.515733333333334,0.5333333333333334,50.83549090537016,0.9095757818312045,0.82,0.2831,6.735356418986697,83.2646435810133,95.86099504410743,1.0066206039653989,5.530694498522731,889.3458249849746
2023-07-04,Khavda Renewable Energy Park,SIMULATED,SIMULATED_PVLIB,20000.0,20000.0,150000.0,149250.0,14247.31,82634.4,0.3125,0.753,7.5,1.37,100.0,1103.9655172413793,3.4816312499999995,0.54375,48.35302513395555,0.9182644120311556,0.82,0.3125,6.789570547842061,83.21042945215794,96.4994636756694,1.0067331900916654,5.527429206559117,888.9375368793452
2023-07-05,Khavda Renewable Energy Park,SIMULATED,SIMULATED_PVLIB,10628.48502247921,10628.48502247921,79713.64,79315.07,8377.37,48588.75,0.1661,0.4427,3.9857,1.49,100.0,1055.6896551724137,1.6072874999999998,0.26249999999999996,46.769117259544615,0.9238080895915939,0.82,0.1661,6.844628013594033,83.15537198640597,97.18408565027511,1.0068484752124944,5.524200965573029,888.3891832572276
2023-07-06,Khavda Renewable Energy Park,SIMULATED,SIMULATED_PVLIB,10724.959823483465,10724.959823483465,80437.2,80035.01,8420.94,48841.45,0.1676,0.4451,4.0219,1.6,100.0,937.2413793103449,1.6308000000000002,0.30000000000000004,49.221780005900115,0.9152237699793496,0.82,0.1676,6.9006854530334465,83.09931454696655,97.9134128901843,1.0069668358681052,5.52100725412329,887.0620180725667
2023-07-07,Khavda Renewable Energy Park,SIMULATED,SIMULATED_PVLIB,654.9747773465868,654.9747773465868,4912.31,4887.75,472.48,2740.38,0.0102,0.025,0.2456,1.71,100.0,662.9310344827586,0.08971666666666575,0.023333333333333095,44.024884296408175,0.9334129049625713,0.82,0.0102,6.957910487326913,83.04208951267309,98.68597960526444,1.0070886840772895,5.517845311854054,883.9517770867748
2023-07-08,Khavda Renewable Energy Park,SIMULATED,SIMULATED_PVLIB,0.0,0.0,0.0,0.0,0.0,0.0,0.0,0.0,0.0,1.83,100.0,486.89655172413796,0.0,0.0,38.42817238269288,0.9530013966605749,0.82,0.0,7.0164792846992725,82.98352071530073,99.5002838894244,1.0072144636485156,5.514712163719845,882.0340523590751
2023-07-09,Khavda Renewable Energy Park,SIMULATED,SIMULATED_PVLIB,0.0,0.0,0.0,0.0,0.0,0.0,0.0,0.0,0.0,1.94,100.0,596.7241379310345,0.0,0.0,39.19777644336361,0.9503077824482273,0.82,0.0,7.0765740150593786,82.92342598494062,100.35477326861849,1.0073446461382922,5.511604646466393,883.5049660455226
2023-07-10,Khavda Renewable Energy Park,SIMULATED,SIMULATED_PVLIB,4007.6798488177733,4007.6798488177733,30057.6,29907.31,3093.48,17942.18,0.0626,0.1635,1.5029,2.06,100.0,916.0344827586207,0.5866437500000002,0.11041666666666672,43.67685181471696,0.9346310186484906,0.82,0.0626,7.138380612340029,82.86161938765997,101.24783755779822,1.0074797273488172,5.508519431593455,887.4691528426525
2023-07-11,Khavda Renewable Energy Park,SIMULATED,SIMULATED_PVLIB,19344.472610604644,19344.472610604644,145083.54,144358.12,14364.36,83313.29,0.3023,0.7592,7.2542,2.17,100.0,1092.7586206896551,4.536951666666667,0.7158333333333333,46.197633663195475,0.9258082821788158,0.82,0.3023,7.2020871641838085,82.79791283581619,102.17780860049379,1.0076202251018782,5.50545304004326,889.8024547278467
2023-07-12,Khavda Renewable Energy Park,SIMULATED,SIMULATED_PVLIB,11490.787007212513,11490.787007212513,86180.9,85750.0,8052.58,46704.96,0.1795,0.4256,4.309,2.29,100.0,1019.3103448275863,1.5346566666666663,0.2595833333333333,44.994924887735294,0.9300177628929265,0.82,0.1795,7.2678830188594645,82.73211698114054,103.14296382939585,1.0077666785631236,5.502401846864064,889.2439373626632
2023-07-13,Khavda Renewable Energy Park,SIMULATED,SIMULATED_PVLIB,255.3054804828111,255.3054804828111,1914.79,1905.22,185.31,1074.8,0.004,0.0098,0.0957,2.4,100.0,973.6206896551724,0.035293749999999874,0.006249999999999978,44.827668189753055,0.9306031613358643,0.82,0.004,7.335958456586042,82.66404154341396,104.14153038491776,1.007919648863905,5.499362077511437,889.0476217435746
2023-07-14,Khavda Renewable Energy Park,SIMULATED,SIMULATED_PVLIB,17853.341695510408,17853.341695510408,133900.06,133230.56,12998.54,75391.53,0.279,0.687,6.695,0.8,100.0,1070.0,2.4849858333333334,0.40041666666666664,45.821473695998975,0.9271248420640036,0.82,0.279,7.406504669540624,82.59349533045938,105.17168805247599,1.0080797205165855,5.496329799071447,890.5512417160318
2023-07-15,Khavda Renewable Energy Park,SIMULATED,SIMULATED_PVLIB,7394.034372649626,7394.034372649626,55455.26,55177.98,5489.35,31838.23,0.1155,0.2901,2.7728,0.91,100.0,922.2413793103449,1.0341399999999996,0.19333333333333325,41.90691867416463,0.9408257846404238,0.82,0.1155,7.479713824359038,82.52028617564096,106.2315709811964,1.0082475031504026,5.493300909480954,889.2306707976519
2023-07-16,Khavda Renewable Energy Park,SIMULATED,SIMULATED_PVLIB,17021.111715636973,17021.111715636973,127658.34,127020.05,12634.03,73277.37,0.266,0.6677,6.3829,1.03,100.0,951.2068965517242,2.3907000000000007,0.43333333333333346,43.09573793157396,0.9366649172394912,0.82,0.266,7.555779052786775,82.44422094721322,107.31926896504558,1.0084236332255143,5.491503237251952,890.2040924468588
2023-07-17,Khavda Renewable Energy Park,SIMULATED,SIMULATED_PVLIB,13269.984694389663,13269.984694389663,99524.89,99027.27,10409.29,60373.88,0.2073,0.5501,4.9762,1.14,100.0,978.6206896551724,1.9866,0.35,45.36969270374719,0.9287060755368848,0.82,0.2073,7.634894242820494,82.3651057571795,108.43282904673526,1.0086087754169906,5.4909317765117605,891.3838959707247
2023-07-18,Khavda Renewable Energy Park,SIMULATED,SIMULATED_PVLIB,419.0870647527631,419.0870647527631,3143.15,3127.43,305.74,1773.29,0.0065,0.0162,0.1572,1.26,100.0,793.2758620689656,0.05751249999999979,0.012499999999999956,41.50862524284892,0.9422198116500288,0.82,0.0065,7.717253552727797,82.2827464472722,109.57025778357638,1.0088036234511224,5.490349622374328,890.1055754680986
2023-07-19,Khavda Renewable Energy Park,SIMULATED,SIMULATED_PVLIB,176.70825313684296,176.70825313684296,1325.31,1318.68,126.84,735.67,0.0028,0.0067,0.0663,1.37,100.0,904.6551724137931,0.0240487499999991,0.004583333333333162,43.61358713476278,0.9348524450283302,0.82,0.0028,7.803050597665504,82.1969494023345,110.72952437495604,1.0090089002191602,5.489751974053684,892.3348489578543
2023-07-20,Khavda Renewable Energy Park,SIMULATED,SIMULATED_PVLIB,52.65611828729825,52.65611828729825,394.92,392.95,40.73,236.23,0.0008,0.0022,0.0197,1.49,100.0,797.5862068965517,0.007710000000000692,0.0016666666666668162,43.21878803906287,0.93623424186328,0.82,0.0008,7.8924773710673435,82.10752262893266,111.90856475245818,1.0092253572462015,5.489133840578269,892.0371148672343
2023-07-21,Khavda Renewable Energy Park,SIMULATED,SIMULATED_PVLIB,1011.9038101316344,1011.9038101316344,7589.28,7551.33,761.62,4417.4,0.0158,0.0403,0.3795,1.6,100.0,821.3793103448276,0.14490500000000098,0.03041666666666687,44.54581330497264,0.9315896534325958,0.82,0.0158,7.985723015371178,82.01427698462882,113.10528679728804,1.0094537737238982,5.488490047919951,893.3021413352717
2023-07-22,Khavda Renewable Energy Park,SIMULATED,SIMULATED_PVLIB,1125.2512441281708,1125.2512441281708,8439.38,8397.18,860.99,4993.74,0.0176,0.0455,0.422,1.71,100.0,799.1379310344828,0.16415625000000095,0.035416666666666874,45.105852304982214,0.9296295169325622,0.82,0.0176,8.082972591570424,81.91702740842958,114.31757676345853,1.0096949554187868,5.487815247025608,894.0569676239354
2023-07-23,Khavda Renewable Energy Park,SIMULATED,SIMULATED_PVLIB,8.85752168394054,8.85752168394054,66.43,66.1,6.75,39.15,0.0001,0.0004,0.0033,1.83,100.0,520.1724137931035,0.0012570833333338648,0.0004166666666668428,38.99661720801415,0.9510118397719505,0.82,0.0001,8.18440598161061,81.81559401838939,115.5433068432149,1.0099497337583425,5.487103920808753,891.832821905133
2023-07-24,Khavda Renewable Energy Park,SIMULATED,SIMULATED_PVLIB,954.7899099447428,954.7899099447428,7160.92,7125.12,705.71,4093.12,0.0149,0.0373,0.358,1.94,100.0,904.6551724137931,0.13554749999999904,0.025833333333333153,47.06139087112654,0.9227851319510572,0.82,0.0149,8.290196994563104,81.7098030054369,116.78034369338906,1.0102189652674374,5.486350388998031,897.4050120975182
2023-07-25,Khavda Renewable Energy Park,SIMULATED,SIMULATED_PVLIB,4131.518891844167,4131.518891844167,30986.39,30831.46,3367.45,19531.21,0.0646,0.178,1.5493,2.06,97.0,922.5862068965517,0.6398904166666662,0.11958333333333326,44.21568900403925,0.9327450884858626,0.82,0.0646,8.400512729144396,81.5994872708556,118.02655734772782,1.0105035315019444,5.485548809910423,898.7093093055157
2023-07-26,Khavda Renewable Energy Park,SIMULATED,SIMULATED_PVLIB,9368.376586282066,9368.376586282066,70262.82,69911.51,6825.91,39590.28,0.1464,0.3608,3.5131,2.17,100.0,972.5862068965517,1.3044812499999998,0.23124999999999996,45.72877781136653,0.9274492776602171,0.82,0.1464,8.515513156906579,81.48448684309342,119.27982983448157,1.010804339414894,5.484693179582522,900.4127737308064
2023-07-27,Khavda Renewable Energy Park,SIMULATED,SIMULATED_PVLIB,4171.844464619752,4171.844464619752,31288.83,31132.39,3030.75,17578.35,0.0652,0.1602,1.5644,2.29,100.0,1057.5862068965519,0.5750625,0.09375,43.823071098428066,0.9341192511555018,0.82,0.0652,8.63535081699257,81.36464918300743,120.53806311350428,1.0111223218924745,5.483777329969231,902.5482956566768
2023-07-28,Khavda Renewable Energy Park,SIMULATED,SIMULATED_PVLIB,7143.686396095215,7143.686396095215,53577.65,53309.76,5353.64,31051.11,0.1116,0.2829,2.6789,2.4,100.0,952.5862068965517,1.0037083333333339,0.18166666666666675,40.60425814980428,0.945385096475685,0.82,0.1116,8.760170475355253,81.23982952464475,121.79918689098963,1.0114584380678004,5.482794928747364,902.4793052738423
2023-07-29,Khavda Renewable Energy Park,SIMULATED,SIMULATED_PVLIB,16408.937251296196,16408.937251296196,123067.03,122451.69,12973.22,75244.68,0.2564,0.6856,6.1534,0.8,100.0,959.1379310344828,2.42685875,0.43625,40.00532944602932,0.9474813469388974,0.82,0.2564,8.89010868154287,81.10989131845713,123.06116779443403,1.0118136731966738,5.481739482118796,903.7359191310796
2023-07-30,Khavda Renewable Energy Park,SIMULATED,SIMULATED_PVLIB,18999.477721705345,18999.477721705345,142496.08,141783.6,14348.39,83220.66,0.2969,0.7583,7.1248,0.91,100.0,837.2413793103449,2.67687,0.55125,39.27342927370609,0.9500429975420287,0.82,0.2969,9.025293313669223,80.97470668633078,124.32202132445292,1.0121890382949164,5.480604339331222,903.5058220913761
2023-07-31,Khavda Renewable Energy Park,SIMULATED,SIMULATED_PVLIB,16599.882853818108,16599.882853818108,124499.12,123876.62,11741.25,68099.25,0.2594,0.6205,6.225,1.03,100.0,850.8620689655173,2.1899062499999995,0.44375,39.20290398408173,0.9502898360557139,0.82,0.2594,9.16584328238416,80.83415671761584,125.57982650207083,1.012585569992364,5.479382695996583,904.8788767156373
2023-08-01,Khavda Renewable Energy Park,SIMULATED,SIMULATED_PVLIB,10366.422532612944,10366.422532612944,77748.17,77359.43,8304.33,48165.11,0.162,0.4389,3.8874,1.14,100.0,810.5172413793103,1.5434949999999996,0.32833333333333325,38.25665335584141,0.9536017132545551,0.82,0.162,9.311868424258535,80.68813157574147,126.83274105054403,1.0130043307162169,5.4780675954984295,905.6343534662794
2023-08-02,Khavda Renewable Energy Park,SIMULATED,SIMULATED_PVLIB,17345.50821218907,17345.50821218907,130091.31,129440.85,12886.21,74740.02,0.271,0.681,6.5046,1.26,100.0,926.3793103448276,2.4021787500000005,0.4470833333333334,39.05826992759571,0.950796055253415,0.82,0.271,9.463469354581974,80.53653064541803,128.07901370105162,1.0134464085706008,5.476651932569772,908.2320801270671
2023-08-03,Khavda Renewable Energy Park,SIMULATED,SIMULATED_PVLIB,4309.042276502315,4309.042276502315,32317.82,32156.23,3287.93,19069.99,0.0673,0.1738,1.6159,1.37,100.0,876.7241379310345,0.6123187500000004,0.12041666666666673,38.79192499360994,0.9517282625223652,0.82,0.0673,9.620736836051165,80.37926316394883,129.31699132499074,1.0139129155563902,5.47512846773738,908.9025510212399
2023-08-04,Khavda Renewable Energy Park,SIMULATED,SIMULATED_PVLIB,11017.694721915912,11017.694721915912,82632.71,82219.55,7927.31,45978.4,0.1722,0.419,4.1316,1.49,100.0,911.3793103448276,1.4888900000000003,0.28166666666666673,41.087818677221506,0.9436926346297247,0.82,0.1722,9.783750374291259,80.21624962570874,130.5451211989125,1.014404983054963,5.473489859483977,910.5699891998086
2023-08-05,Khavda Renewable Energy Park,SIMULATED,SIMULATED_PVLIB,12326.503125876901,12326.503125876901,92448.77,91986.53,9281.61,53833.34,0.1926,0.4905,4.6224,1.6,100.0,973.7931034482759,1.7485266666666666,0.3095833333333333,41.90114820236545,0.9408459812917209,0.82,0.1926,9.952576175238818,80.04742382476118,131.76195132202952,1.0149237546593703,5.471728713498489,912.5704305528723
2023-08-06,Khavda Renewable Energy Park,SIMULATED,SIMULATED_PVLIB,8356.827620703576,8356.827620703576,62676.21,62362.83,6098.34,35370.37,0.1306,0.3223,3.1338,1.71,100.0,960.1724137931035,1.137004166666667,0.20416666666666672,39.10207551405793,0.9506427357007973,0.82,0.1306,10.127265071203325,79.87273492879667,132.9661321085855,1.015470377942724,5.469837638728296,913.6866227482022
2023-08-07,Khavda Renewable Energy Park,SIMULATED,SIMULATED_PVLIB,20000.0,20000.0,150000.0,149250.0,14828.47,86005.13,0.3125,0.7837,7.5,1.83,100.0,912.0689655172414,2.7816583333333336,0.5258333333333334,37.65113687910432,0.9557210209231348,0.82,0.3125,10.3078511523631,79.6921488476369,134.15642090092643,1.0160459974208165,5.467809295726988,914.40350502682
2023-08-08,Khavda Renewable Energy Park,SIMULATED,SIMULATED_PVLIB,15673.92252112446,15673.92252112446,117554.42,116966.65,10997.72,63786.78,0.2449,0.5812,5.8777,1.94,100.0,962.0689655172414,2.05065,0.36750000000000005,39.126362586862726,0.9505577309459805,0.82,0.2449,10.49435152876545,79.50564847123455,135.33168809547368,1.0166517503026506,5.465636427117863,916.272155283629
2023-08-09,Khavda Renewable Energy Park,SIMULATED,SIMULATED_PVLIB,5328.740445273716,5328.740445273716,39965.55,39765.72,3973.71,23047.52,0.0833,0.21,1.9983,2.06,100.0,904.3103448275863,0.74085625,0.14125,39.094287009352115,0.9506699954672676,0.82,0.0833,10.686767163211627,79.31323283678837,136.49092200243695,1.0172887652600116,5.463311868769162,916.8798962960602
2023-08-10,Khavda Renewable Energy Park,SIMULATED,SIMULATED_PVLIB,13044.181627574888,13044.181627574888,97831.36,97342.2,9571.31,55513.6,0.2038,0.5058,4.8916,2.17,100.0,898.1034482758621,1.786252916666667,0.34291666666666676,39.36548918050312,0.9497207878682391,0.82,0.2038,10.885084346506943,79.11491565349306,137.63323013276636,1.0179581632270782,5.460828548086349,918.0907720636118
2023-08-11,Khavda Renewable Energy Park,SIMULATED,SIMULATED_PVLIB,18586.70864390026,18586.70864390026,139400.31,138703.31,14452.05,83821.89,0.2904,0.7638,6.97,2.29,100.0,922.5862068965517,2.706714166666667,0.5058333333333334,40.32682932564366,0.9463560973602472,0.82,0.2904,11.089276374673545,78.91072362532645,138.75783634379377,1.018661059033459,5.4581794771206145,919.6587293508634
2023-08-12,Khavda Renewable Energy Park,SIMULATED,SIMULATED_PVLIB,14826.411237692959,14826.411237692959,111198.08,110642.09,10647.3,61754.34,0.2317,0.5627,5.5599,2.4,100.0,856.551724137931,1.9768500000000002,0.3979166666666667,37.96410722001458,0.9546256247299489,0.82,0.2317,11.299305182789425,78.70069481721058,139.8640749400488,1.0193985631601505,5.4553577450521376,920.1625211937862
2023-08-13,Khavda Renewable Energy Park,SIMULATED,SIMULATED_PVLIB,11567.066014374444,11567.066014374444,86753.0,86319.24,8662.18,50240.64,0.1807,0.4578,4.3376,0.8,100.0,812.5862068965517,1.60242,0.33999999999999997,36.966744954852935,0.9581163926580147,0.82,0.1807,11.515122869162738,78.48487713083726,140.95138337255207,1.0201717834284638,5.45235651126627,920.9189723714118
2023-08-14,Khavda Renewable Energy Park,SIMULATED,SIMULATED_PVLIB,1202.318267350591,1202.318267350591,9017.39,8972.3,923.63,5357.05,0.0188,0.0488,0.4509,0.91,97.0,950.6896551724138,0.1723125,0.03125,39.27061323591398,0.950052853674301,0.82,0.0188,11.73667308007144,78.26332691992856,142.0192947155869,1.020981826526418,5.44916899963177,923.8001936124074
2023-08-15,Khavda Renewable Energy Park,SIMULATED,SIMULATED_PVLIB,4116.333334430144,4116.333334430144,30872.5,30718.14,3021.22,17523.08,0.0643,0.1597,1.5436,1.03,100.0,908.9655172413793,0.5667400000000002,0.10750000000000004,40.754853650210656,0.9448580122242627,0.82,0.0643,11.963892181551728,78.03610781844827,143.06743036750055,1.0218297990883654,5.44578849577923,924.5660891705444
2023-08-16,Khavda Renewable Energy Park,SIMULATED,SIMULATED_PVLIB,17152.411701251327,17152.411701251327,128643.09,127999.87,13214.93,76646.59,0.268,0.6984,6.4322,1.14,100.0,908.2758620689656,2.4869350000000003,0.4720833333333334,41.622889999602705,0.9418198850013906,0.82,0.268,12.196710139061324,77.80328986093868,144.0954930766801,1.0227168079675797,5.444154889109064,926.1386676769607
2023-08-17,Khavda Renewable Energy Park,SIMULATED,SIMULATED_PVLIB,20000.0,20000.0,150000.0,149250.0,14674.45,85111.81,0.3125,0.7756,7.5,1.26,100.0,1020.1724137931035,2.8007133333333334,0.4733333333333334,40.48747663838107,0.9457938317656662,0.82,0.3125,12.435051114874085,77.56494888512592,145.10326031521606,1.0236439596273368,5.44426491843244,929.3594195190653
2023-08-18,Khavda Renewable Energy Park,SIMULATED,SIMULATED_PVLIB,20000.0,20000.0,150000.0,149250.0,14645.39,84943.26,0.3125,0.774,7.5,1.37,100.0,1041.896551724138,3.1650212499999997,0.5237499999999999,41.02247424745633,0.9439213401339028,0.82,0.3125,12.678833883199545,77.32116611680046,146.09057804433218,1.0246123589265348,5.444166664919082,931.5167552447082
2023-08-19,Khavda Renewable Energy Park,SIMULATED,SIMULATED_PVLIB,19927.86126430899,19927.86126430899,149458.96,148711.67,14556.4,84427.12,0.3114,0.7693,7.4729,1.49,100.0,1081.3793103448277,4.262346666666668,0.6795833333333334,42.66133911831582,0.9381853130858946,0.82,0.3114,12.927972185953891,77.07202781404611,147.05735479696978,1.0256231077209783,5.443853739721349,933.873124662143
2023-08-20,Khavda Renewable Energy Park,SIMULATED,SIMULATED_PVLIB,12437.435470187891,12437.435470187891,93280.77,92814.37,9634.72,55881.38,0.1943,0.5092,4.664,1.6,100.0,768.448275862069,1.795799583333333,0.4029166666666666,39.01986285971601,0.950930479990994,0.82,0.1943,13.182375119155324,76.81762488084468,148.00355583118022,1.0266773036385228,5.443319859960057,932.0916600132945
2023-08-21,Khavda Renewable Energy Park,SIMULATED,SIMULATED_PVLIB,19659.25376207499,19659.25376207499,147444.4,146707.18,14574.21,84530.42,0.3072,0.7703,7.3722,1.71,100.0,1056.5517241379312,3.2759266666666673,0.5345833333333334,42.333298837882765,0.9393334540674103,0.82,0.3072,13.441947600009158,76.55805239999084,148.9291971280785,1.027776039276648,5.442558858174101,937.3371178335988
2023-08-22,Khavda Renewable Energy Park,SIMULATED,SIMULATED_PVLIB,8323.629253847907,8323.629253847907,62427.22,62115.08,6020.86,34920.99,0.1301,0.3182,3.1214,1.83,100.0,992.5862068965517,1.1298112500000002,0.19625000000000004,40.8460926346209,0.9445386757788269,0.82,0.1301,13.706590958906716,76.29340904109328,149.83433908488337,1.0289204020843228,5.4415646874591,938.4456301511898
2023-08-23,Khavda Renewable Energy Park,SIMULATED,SIMULATED_PVLIB,256.57372241829125,256.57372241829125,1924.3,1914.68,201.28,1167.42,0.004,0.0106,0.0962,1.94,100.0,812.0689655172414,0.037287500000001125,0.007916666666666905,37.347537163415744,0.9567836199280448,0.82,0.004,13.976203665524466,76.02379633447553,150.71907993549576,1.0301114750720137,5.44033142143255,938.1738997413179
2023-08-24,Khavda Renewable Energy Park,SIMULATED,SIMULATED_PVLIB,11097.16212490614,11097.16212490614,83228.72,82812.58,8498.95,49293.91,0.1734,0.4492,4.1614,2.06,100.0,874.1379310344828,1.5780375000000002,0.31125,37.97529598218615,0.9545864640623485,0.82,0.1734,14.250682123360406,75.7493178766396,151.58354909373935,1.0313503381671045,5.4388532502245726,940.7264251709222
2023-08-25,Khavda Renewable Energy Park,SIMULATED,SIMULATED_PVLIB,279.97957927962193,279.97957927962193,2099.85,2089.35,202.43,1174.09,0.0044,0.0107,0.105,2.17,100.0,920.1724137931035,0.0378037499999988,0.007083333333333108,39.54236898900611,0.9491017085384786,0.82,0.0044,14.529921414038341,75.47007858596166,152.4279008154931,1.0326380697412165,5.437124475498942,943.0728180907164
2023-08-26,Khavda Renewable Energy Park,SIMULATED,SIMULATED_PVLIB,5151.984962669909,5151.984962669909,38639.89,38446.69,3796.68,22020.74,0.0805,0.2007,1.932,2.29,100.0,922.7586206896552,0.7113700000000002,0.13291666666666668,40.438059850570106,0.9459667905230046,0.82,0.0805,14.813815932118331,75.18618406788167,153.25230877812487,1.0339757480268792,5.435139506281955,944.8904865945733
2023-08-27,Khavda Renewable Energy Park,SIMULATED,SIMULATED_PVLIB,18065.831326368716,18065.831326368716,135493.73,134816.26,13272.9,76982.82,0.2823,0.7015,6.7747,2.4,100.0,930.5172413793103,2.48262,0.45999999999999996,39.97268812640243,0.9475955915575915,0.82,0.2823,15.102259994257523,74.89774000574248,154.05696224849544,1.0353644527851145,5.432892853352718,946.7473312085813
2023-08-28,Khavda Renewable Energy Park,SIMULATED,SIMULATED_PVLIB,20000.0,20000.0,150000.0,149250.0,14727.55,85419.79,0.3125,0.7784,7.5,0.8,100.0,912.5862068965517,2.7413329166666665,0.5179166666666666,38.65208777503843,0.9522176927873655,0.82,0.3125,15.395148591792847,74.60485140820715,154.84206405086024,1.0368052680735511,5.4303791169665985,948.2804032675023
2023-08-29,Khavda Renewable Energy Park,SIMULATED,SIMULATED_PVLIB,20000.0,20000.0,150000.0,149250.0,14647.84,84957.47,0.3125,0.7741,7.5,0.91,100.0,941.551724137931,3.2925279166666668,0.6029166666666667,40.97746777076897,0.9440788628023086,0.82,0.3125,15.692378284220993,74.307621715779,155.60782999435878,1.0382992862378708,5.427592967275664,950.3383097432009
2023-08-30,Khavda Renewable Energy Park,SIMULATED,SIMULATED_PVLIB,19639.657001104213,19639.657001104213,147297.43,146560.94,14563.19,84466.5,0.3069,0.7697,7.3649,1.03,97.0,892.2413793103449,3.88771875,0.75125,42.536177795800874,0.938623377714697,0.82,0.3069,15.993847902123306,74.0061520978767,156.3544888683,1.0398476115491657,5.424529127317473,951.4536234931396
2023-08-31,Khavda Renewable Energy Park,SIMULATED,SIMULATED_PVLIB,20000.0,20000.0,150000.0,149250.0,14402.97,83537.23,0.3125,0.7612,7.5,1.14,100.0,968.1034482758621,4.276758333333333,0.7616666666666667,45.48667175199823,0.9282966488680062,0.82,0.3125,16.299458508855295,73.7005414911447,157.08228217836427,1.0414513604571922,5.42118237719171,954.0075905796405
2023-09-01,Khavda Renewable Energy Park,SIMULATED,SIMULATED_PVLIB,19279.75892827299,19279.75892827299,144598.19,143875.2,14265.36,82739.09,0.3012,0.7539,7.2299,1.26,100.0,1026.7241379310344,4.6275312500000005,0.7770833333333333,48.020664532630846,0.9194276741357921,0.82,0.3012,16.60911224288442,73.39088775711558,157.7914634541812,1.0431116558453044,5.417547595097381,956.3309089744348
2023-09-02,Khavda Renewable Energy Park,SIMULATED,SIMULATED_PVLIB,19000.75829381767,19000.75829381767,142505.69,141793.16,14327.9,83101.82,0.2969,0.7572,7.1253,1.37,100.0,1087.2413793103449,5.5124949999999995,0.8741666666666666,46.86912581677795,0.9234580596412771,0.82,0.2969,16.922710219802454,73.07728978019755,158.48229753412807,1.0448296153539238,5.413619834110799,958.6463205562176
2023-09-03,Khavda Renewable Energy Park,SIMULATED,SIMULATED_PVLIB,19797.89985361171,19797.89985361171,148484.25,147741.83,14403.7,83541.46,0.3093,0.7612,7.4242,1.49,100.0,1053.103448275862,4.9856549999999995,0.81625,45.47325557261304,0.9283436054958544,0.82,0.3093,17.24015021145162,72.75984978854838,159.155060482968,1.0466063369827507,5.409394414338889,959.8216944105415
2023-09-04,Khavda Renewable Energy Park,SIMULATED,SIMULATED_PVLIB,19894.61789880109,19894.61789880109,149209.63,148463.58,14486.07,84019.21,0.3109,0.7656,7.4605,1.6,100.0,966.8965517241379,4.297129999999999,0.76625,43.9563680251097,0.9336527119121161,0.82,0.3109,17.56132496038194,72.43867503961806,159.81004027110453,1.0484428866337623,5.404867001623206,960.3544512757602
2023-09-05,Khavda Renewable Energy Park,SIMULATED,SIMULATED_PVLIB,19282.92516503264,19282.92516503264,144621.94,143898.83,14470.79,83930.58,0.3013,0.7648,7.2311,1.71,100.0,884.4827586206897,3.3473250000000005,0.6525000000000001,44.23784243975621,0.9326675514608532,0.82,0.3013,17.88612160921602,72.11387839078398,160.4475376431692,1.0503402908609296,5.40003365307293,960.8975314200229
2023-09-06,Khavda Renewable Energy Park,SIMULATED,SIMULATED_PVLIB,18642.905559095463,18642.905559095463,139821.79,139122.68,14226.05,82511.09,0.2913,0.7519,6.9911,1.83,100.0,1127.2413793103449,5.573645000000001,0.8525,48.74453689308308,0.9168941208742092,0.82,0.2913,18.214422128054736,71.78557787194526,161.06786630143665,1.0522995350239854,5.394890828766644,965.2135304873934
2023-09-07,Khavda Renewable Energy Park,SIMULATED,SIMULATED_PVLIB,20000.0,20000.0,150000.0,149250.0,14427.93,83681.99,0.3125,0.7625,7.5,1.94,100.0,1092.5862068965519,4.845164583333333,0.7645833333333333,45.02706507638744,0.929905272232644,0.82,0.3125,18.546104251938885,71.45389574806111,161.6713517128735,1.0543215647103439,5.389435383123304,966.244043379051
2023-09-08,Khavda Renewable Energy Park,SIMULATED,SIMULATED_PVLIB,19749.285789137397,19749.285789137397,148119.64,147379.04,14495.5,84073.9,0.3086,0.7661,7.406,2.06,100.0,1122.2413793103449,5.380773333333334,0.8266666666666667,43.782679841209855,0.9342606205557655,0.82,0.3086,18.881042455954187,71.11895754404581,162.25832857575574,1.0564072879395503,5.383664551283606,967.9900283267446
2023-09-09,Khavda Renewable Energy Park,SIMULATED,SIMULATED_PVLIB,19175.00854311533,19175.00854311533,143812.56,143093.5,14548.2,84379.56,0.2996,0.7689,7.1906,2.17,100.0,1114.8275862068965,4.334914166666667,0.6704166666666667,42.81222122975675,0.9376572256958514,0.82,0.2996,19.21910877190517,70.78089122809483,162.82913748533838,1.0585575769678122,5.3775759376923915,969.2630740781866
2023-09-10,Khavda Renewable Energy Park,SIMULATED,SIMULATED_PVLIB,20000.0,20000.0,150000.0,149250.0,14583.4,84583.72,0.3125,0.7707,7.5,2.29,100.0,1098.448275862069,4.430499583333335,0.6954166666666668,42.16398672073847,0.9399260464774154,0.82,0.3125,19.560173473208437,70.43982652679156,163.3841214968329,1.060773269760652,5.371167506435569,970.3912589276493
2023-09-11,Khavda Renewable Energy Park,SIMULATED,SIMULATED_PVLIB,19510.53690878248,19510.53690878248,146329.03,145597.38,14559.15,84443.07,0.3049,0.7695,7.3165,2.4,100.0,1109.4827586206898,4.4026125,0.6841666666666667,42.610595500066296,0.9383629157497679,0.82,0.3049,19.90410567774586,70.09589432225414,163.92362313991623,1.0630551713759469,5.364437571858416,971.7996333539529
2023-09-12,Khavda Renewable Energy Park,SIMULATED,SIMULATED_PVLIB,12141.728210300878,12141.728210300878,91062.96,90607.65,8953.0,51927.4,0.1897,0.4732,4.5531,0.8,100.0,1057.9310344827586,1.6899566666666672,0.27541666666666675,42.43181763890298,0.9389886382638396,0.82,0.1897,20.250773841833137,69.74922615816686,164.4479820770298,1.0654040550231514,5.357384790849016,972.4332029779748
2023-09-13,Khavda Renewable Energy Park,SIMULATED,SIMULATED_PVLIB,18362.577680591374,18362.577680591374,137719.33,137030.73,13229.71,76732.32,0.2869,0.6992,6.886,0.91,100.0,954.8275862068966,2.5036375000000004,0.4520833333333334,43.1191537713177,0.936582961800388,0.82,0.2869,20.600046076457758,69.39995392354224,164.95753347837353,1.0678206622345405,5.350008160069994,972.4202921617635
2023-09-14,Khavda Renewable Energy Park,SIMULATED,SIMULATED_PVLIB,8907.156874401362,8907.156874401362,66803.68,66469.66,6796.54,39419.93,0.1392,0.3592,3.3402,1.03,100.0,984.3103448275863,1.2987975,0.22750000000000004,45.714146100956256,0.9275004886466531,0.82,0.1392,20.951790281381946,69.04820971861805,165.4526070426357,1.0703057019559874,5.342307019130275,973.9165828883897
2023-09-15,Khavda Renewable Energy Park,SIMULATED,SIMULATED_PVLIB,14909.99542713099,14909.99542713099,111824.97,111265.85,10834.07,62837.61,0.233,0.5726,5.5912,1.14,100.0,952.9310344827586,2.0680191666666667,0.37416666666666665,45.414792105507885,0.9285482276307224,0.82,0.233,21.30587416415669,68.69412583584331,165.93352651003102,1.0728598488679841,5.334281057699639,974.6556997635205
2023-09-16,Khavda Renewable Energy Park,SIMULATED,SIMULATED_PVLIB,10835.098036964606,10835.098036964606,81263.24,80856.92,7533.29,43693.08,0.1693,0.3981,4.0632,1.26,100.0,943.9655172413793,1.4303437499999998,0.26125,44.001518018475515,0.9334946869353357,0.82,0.1693,21.66216521177084,68.33783478822916,166.4006094578665,1.0754837413215,5.325566188959022,975.538217731862
2023-09-17,Khavda Renewable Energy Park,SIMULATED,SIMULATED_PVLIB,2128.5854311988596,2128.5854311988596,15964.39,15884.57,1545.07,8961.41,0.0333,0.0817,0.7982,1.37,100.0,879.6551724137931,0.29123916666666577,0.05708333333333315,42.05701020461561,0.9403004642838454,0.82,0.0333,22.02053065023813,67.97946934976187,166.85416704139539,1.0781779791027744,5.3165263552636,975.7258002516795
2023-09-18,Khavda Renewable Energy Park,SIMULATED,SIMULATED_PVLIB,3082.2442645388323,3082.2442645388323,23116.83,23001.25,2297.15,13323.47,0.0482,0.1214,1.1558,1.49,100.0,862.7586206896552,0.43368000000000106,0.08666666666666689,42.47669674381879,0.9388315613966343,0.82,0.0482,22.38083741783292,67.61916258216708,167.29450345760824,1.0809431212078757,5.307162352528113,976.4212661655547
2023-09-19,Khavda Renewable Energy Park,SIMULATED,SIMULATED_PVLIB,0.0,0.0,0.0,0.0,0.0,0.0,0.0,0.0,0.0,1.6,97.0,368.44827586206895,0.0,0.0,34.10328606573275,0.9681384987699354,0.82,0.0,22.74295222458973,67.25704777541027,167.7219149917678,1.083779684211157,5.297475356371631,971.4775011478638
2023-09-20,Khavda Renewable Energy Park,SIMULATED,SIMULATED_PVLIB,156.84146694298371,156.84146694298371,1176.31,1170.43,117.28,680.22,0.0025,0.0062,0.0588,1.71,100.0,267.9310344827586,0.021367500000000064,0.01375000000000004,32.75068385439848,0.9728726065096053,0.82,0.0025,23.106741782847678,66.89325821715232,168.1366886449764,1.086688142005708,5.287466917371344,971.0971456549921
2023-09-21,Khavda Renewable Energy Park,SIMULATED,SIMULATED_PVLIB,16956.93769525192,16956.93769525192,127177.03,126541.14,12635.03,73283.17,0.265,0.6678,6.3589,1.83,100.0,834.8275862068966,2.3907374999999997,0.49375,43.07883333470281,0.9367240833285402,0.82,0.265,23.47207321567717,66.52792678432283,168.53910048144303,1.0896689271703417,5.277138946562359,978.4842528303004
2023-09-22,Khavda Renewable Energy Park,SIMULATED,SIMULATED_PVLIB,14596.554834248853,14596.554834248853,109474.16,108926.79,10929.84,63393.07,0.2281,0.5776,5.4737,1.94,100.0,767.0689655172414,2.06137,0.4633333333333334,42.20619343243081,0.9397783229864922,0.82,0.2281,23.83881455312833,66.16118544687167,168.92941384422534,1.0927224334250112,5.266493694559216,978.3892030588651
2023-09-23,Khavda Renewable Energy Park,SIMULATED,SIMULATED_PVLIB,19333.95197356124,19333.95197356124,145004.64,144279.62,13946.42,80889.24,0.3021,0.7371,7.2502,2.06,100.0,939.4827586206897,2.6563875,0.48750000000000004,44.84337242885732,0.9305481964989993,0.82,0.3021,24.206835215603576,65.79316478439642,169.30787773386464,1.0958490184359886,5.255533728703907,981.0572160968201
2023-09-24,Khavda Renewable Energy Park,SIMULATED,SIMULATED_PVLIB,18468.952735225048,18468.952735225048,138517.15,137824.56,14456.36,83846.89,0.2886,0.764,6.9259,2.17,100.0,965.5172413793103,3.829,0.6837500000000001,44.50356897853489,0.9317375085751279,0.82,0.2886,24.57600650611424,65.42399349388576,169.6747256555734,1.0990490071716088,5.244261907231445,981.9608904781318
2023-09-25,Khavda Renewable Energy Park,SIMULATED,SIMULATED_PVLIB,19807.236279184282,19807.236279184282,148554.27,147811.5,14343.99,83195.14,0.3095,0.7581,7.4277,2.29,100.0,1054.3103448275863,5.508595833333334,0.9008333333333334,46.57272181391362,0.9244954736513024,0.82,0.3095,24.946202233551745,65.05379776644826,170.03017525473342,1.1023226969362758,5.232681344338742,983.5493144314966
2023-09-26,Khavda Renewable Energy Park,SIMULATED,SIMULATED_PVLIB,18723.72185706109,18723.72185706109,140427.91,139725.77,14086.72,81702.98,0.2926,0.7445,7.0214,2.4,100.0,995.1724137931035,2.7777749999999997,0.48124999999999996,51.31029855418059,0.9079139550603679,0.82,0.2926,25.317299500613032,64.68270049938697,170.37442890407942,1.1056703645807533,5.220795363807545,983.3548063677812
2023-09-27,Khavda Renewable Energy Park,SIMULATED,SIMULATED_PVLIB,19555.690234229824,19555.690234229824,146667.68,145934.34,14150.45,82072.61,0.3056,0.7479,7.3334,0.8,100.0,1034.3103448275863,5.73654375,0.95625,50.13681193518485,0.912021158226853,0.82,0.3056,25.689179406562175,64.31082059343782,170.70767521963603,1.1090922738126432,5.208607453142915,984.2606905519798
2023-09-28,Khavda Renewable Energy Park,SIMULATED,SIMULATED_PVLIB,18728.91085115053,18728.91085115053,140466.83,139764.5,14201.4,82368.12,0.2926,0.7506,7.0233,0.91,100.0,1030.344827586207,4.98249,0.83375,49.198566942287385,0.9153050157019942,0.82,0.2926,26.061727176575012,63.93827282342499,171.03009130428063,1.1125886779156227,5.196121244007414,984.6111136869658
2023-09-29,Khavda Renewable Energy Park,SIMULATED,SIMULATED_PVLIB,19942.387336706382,19942.387336706382,149567.91,148820.07,14208.56,82409.65,0.3116,0.7509,7.4784,1.03,99.0,1068.448275862069,4.843988333333334,0.7816666666666667,49.06671419316629,0.9157665003239179,0.82,0.3116,26.434831310666944,63.565168689333056,171.3418454176383,1.116159813232579,5.183340543285828,985.4035394665586
2023-09-30,Khavda Renewable Energy Park,SIMULATED,SIMULATED_PVLIB,20000.0,20000.0,150000.0,149250.0,14209.2,82413.36,0.3125,0.751,7.5,1.14,100.0,1058.448275862069,4.944452916666667,0.8054166666666667,49.05486093799622,0.9158079867170132,0.82,0.3125,26.80838178004967,63.19161821995033,171.6430997856569,1.1198058823881867,5.170269418280712,985.5819318442467
2023-10-01,Khavda Renewable Energy Park,SIMULATED,SIMULATED_PVLIB,19177.51902132463,19177.51902132463,143831.39,143112.23,13970.99,81031.74,0.2996,0.7384,7.1916,3.14,100.0,1076.5517241379312,3.423793333333334,0.5483333333333335,53.44139896295974,0.9004551036296409,0.82,0.2996,27.182267811833782,62.81773218816622,171.93401330508323,1.1235270313465708,5.156912311636605,986.0388743604241
2023-10-02,Khavda Renewable Energy Park,SIMULATED,SIMULATED_PVLIB,17450.48863582613,17450.48863582613,130878.66,130224.27,14166.99,82168.54,0.2727,0.7487,6.5439,3.43,97.0,1068.6206896551726,5.882935000000001,0.9491666666666667,49.832238301918466,0.9130871659432853,0.82,0.2727,27.55637602408354,62.44362397591646,172.21474388233491,1.1273233274359888,5.143274146335352,986.1404856624213
2023-10-03,Khavda Renewable Energy Park,SIMULATED,SIMULATED_PVLIB,19441.647217477217,19441.647217477217,145812.35,145083.29,14301.88,82950.9,0.3038,0.7559,7.2906,3.71,100.0,1060.1724137931035,4.593815416666667,0.7470833333333333,47.348167204805534,0.9217814147831807,0.82,0.3038,27.930589441154368,62.06941055884563,172.48545024370674,1.131194744227514,5.129360389562925,986.1858461410684
2023-10-04,Khavda Renewable Energy Park,SIMULATED,SIMULATED_PVLIB,19275.417411849834,19275.417411849834,144565.63,143842.8,14400.64,83523.71,0.3012,0.7611,7.2283,4.0,100.0,1033.9655172413793,4.807595,0.8016666666666667,45.5295234047961,0.9281466680832137,0.82,0.3012,28.3047874394969,61.6952125605031,172.74629303631934,1.1351411549309798,5.115177068149941,985.9733484379758
2023-10-05,Khavda Renewable Energy Park,SIMULATED,SIMULATED_PVLIB,18112.07527954064,18112.07527954064,135840.56,135161.36,14431.75,83704.15,0.283,0.7627,6.792,4.29,100.0,1007.7586206896552,5.021829166666667,0.8591666666666666,44.9566988432791,0.9301515540485231,0.82,0.283,28.67884628065444,61.32115371934556,172.99743517937395,1.139162331855664,5.100730750406043,985.7113698812935
2023-10-06,Khavda Renewable Energy Park,SIMULATED,SIMULATED_PVLIB,19033.18941434621,19033.18941434621,142748.92,142035.18,14489.12,84036.9,0.2974,0.7658,7.1374,4.57,100.0,978.7931034482759,4.345270416666667,0.7654166666666667,43.900140320290525,0.9338495088789831,0.82,0.2974,29.052639807434822,60.94736019256518,173.23904153597573,1.1432579480958658,5.086028515815633,985.3680797351235
2023-10-07,Khavda Renewable Energy Park,SIMULATED,SIMULATED_PVLIB,19165.096155169973,19165.096155169973,143738.22,143019.53,14464.5,83894.1,0.2995,0.7645,7.1869,4.86,100.0,949.8275862068966,4.331451250000001,0.78625,44.353579691024606,0.9322624710814139,0.82,0.2995,29.426040050847455,60.573959949152545,173.4712780736163,1.147427578869473,5.071077926500394,984.9763412563353
2023-10-08,Khavda Renewable Energy Park,SIMULATED,SIMULATED_PVLIB,19138.897234796226,19138.897234796226,143541.73,142824.02,14406.35,83556.83,0.299,0.7614,7.1771,5.14,100.0,1010.0,5.5724225,0.95125,45.424427604276524,0.9285145033850322,0.82,0.299,29.79891770390372,60.20108229609628,173.69431076630576,1.1516707019149914,5.055887003494806,985.5807284858499
2023-10-09,Khavda Renewable Energy Park,SIMULATED,SIMULATED_PVLIB,18160.087853003304,18160.087853003304,136200.66,135519.66,14595.65,84654.77,0.2838,0.7714,6.81,5.43,95.0,886.2068965517242,3.737208333333333,0.7270833333333333,41.938573250596605,0.9407149936229119,0.82,0.2838,30.171142509764337,59.82885749023566,173.90830451001443,1.1559866973394604,5.040464205673659,983.9834916245455
2023-10-10,Khavda Renewable Energy Park,SIMULATED,SIMULATED_PVLIB,18957.01939491674,18957.01939491674,142177.65,141466.76,14469.0,83920.2,0.2962,0.7647,7.1089,5.71,100.0,987.4137931034483,5.0493049999999995,0.8816666666666666,44.270709600250925,0.9325525163991217,0.82,0.2962,30.54258359075603,59.45741640924397,174.1134222731,1.1603748471332236,5.02481841016875,984.9750239915911
2023-10-11,Khavda Renewable Energy Park,SIMULATED,SIMULATED_PVLIB,19177.73259210256,19177.73259210256,143832.99,143113.83,14326.48,83093.58,0.2997,0.7572,7.1916,6.0,99.0,973.9655172413793,5.50071375,0.97375,46.89528356482129,0.9233665075231254,0.82,0.2997,30.9131097052485,59.0868902947515,174.3098246349282,1.1648343341283887,5.008958895379775,984.5783007755185
2023-10-12,Khavda Renewable Energy Park,SIMULATED,SIMULATED_PVLIB,19960.045162138747,19960.045162138747,149700.34,148951.84,14260.7,82712.06,0.3119,0.7537,7.485,2.0,100.0,997.7586206896552,5.78458875,0.9995833333333334,48.10660259765879,0.9191268909081942,0.82,0.3119,31.28258942284446,58.71741057715554,174.49766972112775,1.1693642401929654,4.992895327542848,984.5731902776877
2023-10-13,Khavda Renewable Energy Park,SIMULATED,SIMULATED_PVLIB,17025.14743047376,17025.14743047376,127688.61,127050.17,14266.35,82744.83,0.266,0.754,6.3844,2.29,97.0,968.6206896551724,5.5126625,0.98125,48.00256690096399,0.9194910158466261,0.82,0.266,31.65089122729202,58.34910877270798,174.67711346849887,1.1739635436688225,4.976637750685171,983.9046349417551
2023-10-14,Khavda Renewable Energy Park,SIMULATED,SIMULATED_PVLIB,19110.670993537184,19110.670993537184,143330.03,142613.38,14375.98,83380.68,0.2986,0.7598,7.1665,2.57,100.0,986.7241379310345,5.66577,0.99,45.98359312793014,0.9265574240522445,0.82,0.2986,32.01788355960993,57.98211644039007,174.84831002111514,1.1786311161126188,4.960196579542433,983.7468764569851
2023-10-15,Khavda Renewable Energy Park,SIMULATED,SIMULATED_PVLIB,19259.206818425944,19259.206818425944,144444.05,143721.83,14463.4,83887.72,0.3009,0.7644,7.2222,2.86,100.0,976.3793103448277,5.365692500000001,0.9475,44.37387072881646,0.9321914524491424,0.82,0.3009,32.38343479899937,57.61656520100063,175.01141207390117,1.1833657182222135,4.943582595894375,983.2146135941268
2023-10-16,Khavda Renewable Energy Park,SIMULATED,SIMULATED_PVLIB,18297.45315611279,18297.45315611279,137230.9,136544.75,14474.41,83951.58,0.2859,0.765,6.8615,3.14,100.0,951.8965517241379,5.18974,0.94,44.171059196484116,0.9329012928123056,0.82,0.2859,32.747413194448406,57.252586805551594,175.16657095307005,1.1881659950264802,4.926434837223686,982.3872526463748
2023-10-17,Khavda Renewable Energy Park,SIMULATED,SIMULATED_PVLIB,19331.209162796044,19331.209162796044,144984.07,144259.15,14490.3,84043.74,0.3021,0.7658,7.2492,3.43,100.0,866.7241379310345,4.22896375,0.84125,43.87853255717281,0.9339251360498951,0.82,0.3021,33.10968680706632,56.89031319293368,175.31393626472982,1.193030471075783,4.908764185387814,980.7192407307286
2023-10-18,Khavda Renewable Energy Park,SIMULATED,SIMULATED_PVLIB,19541.91709075217,19541.91709075217,146564.38,145831.56,14201.2,82366.96,0.3053,0.7505,7.3282,3.71,100.0,956.0344827586207,5.464135416666667,0.9854166666666667,49.20216311136066,0.9152924291102377,0.82,0.3053,33.470123557444374,56.529876442555626,175.4536550421558,1.1979575469570434,4.890954418597867,981.0549991070972
2023-10-19,Khavda Renewable Energy Park,SIMULATED,SIMULATED_PVLIB,17523.873052136914,17523.873052136914,131429.05,130771.9,14121.21,81903.02,0.2738,0.7463,6.5715,4.0,97.0,941.3793103448276,5.275725,0.96625,50.67513530107116,0.9101370264462509,0.82,0.2738,33.828591449843394,56.171408550156606,175.58587040126622,1.2029454983294074,4.873017751359141,980.1348789892601
2023-10-20,Khavda Renewable Energy Park,SIMULATED,SIMULATED_PVLIB,18754.17275116321,18754.17275116321,140656.3,139953.02,14081.62,81673.4,0.293,0.7442,7.0328,4.29,100.0,928.448275862069,5.0641437499999995,0.9404166666666667,51.40430848799121,0.9075849202920308,0.82,0.293,34.18495897644745,55.81504102355255,175.71071985730737,1.2079924778493893,4.8549666985559,979.1981365499204
2023-10-21,Khavda Renewable Energy Park,SIMULATED,SIMULATED_PVLIB,17969.46419887539,17969.46419887539,134770.98,134097.13,14055.56,81522.25,0.2808,0.7428,6.7385,4.57,100.0,927.9310344827586,5.19363,0.965,51.884161803020945,0.9059054336894267,0.82,0.2808,34.53909566080022,55.46090433919978,175.82833353377282,1.2130965197337134,4.836814029808297,978.3714913287415
2023-10-22,Khavda Renewable Energy Park,SIMULATED,SIMULATED_PVLIB,18262.757324933067,18262.757324933067,136970.68,136285.83,14220.87,82481.05,0.2854,0.7516,6.8485,4.86,100.0,916.0344827586207,5.14254125,0.9679166666666666,48.84000599836876,0.9165599790057093,0.82,0.2854,34.89087271391588,55.10912728608412,175.93883255773426,1.2182555468512646,4.818572713748091,977.3778694377681
2023-10-23,Khavda Renewable Energy Park,SIMULATED,SIMULATED_PVLIB,19291.1138197777,19291.1138197777,144683.35,143959.93,14136.61,81992.34,0.3014,0.7471,7.2342,5.14,100.0,890.0,4.389850833333333,0.8504166666666666,50.39164710436516,0.9111292351347219,0.82,0.3014,35.24016380628686,54.75983619371314,176.04232793606172,1.2234673806381753,4.800255851575826,976.1865879548258
2023-10-24,Khavda Renewable Energy Park,SIMULATED,SIMULATED_PVLIB,18045.552918354977,18045.552918354977,135341.65,134664.94,14080.87,81669.05,0.282,0.7442,6.7671,5.43,100.0,893.7931034482759,3.289680000000001,0.6345833333333335,51.41798405739016,0.9075370557991345,0.82,0.282,35.586845915041046,54.413154084958954,176.13892015727322,1.2287297534703447,4.781876602339777,975.3142117759951
2023-10-25,Khavda Renewable Energy Park,SIMULATED,SIMULATED_PVLIB,18670.872355609277,18670.872355609277,140031.54,139331.38,14178.5,82235.3,0.2917,0.7493,7.0016,5.71,100.0,889.4827586206897,4.48188125,0.86875,49.6202111325308,0.9138292610361423,0.82,0.2917,35.930800064138445,54.069199935861555,176.22869968656835,1.2340403208470594,4.763448112557776,974.3182009576893
2023-10-26,Khavda Renewable Energy Park,SIMULATED,SIMULATED_PVLIB,17381.259373065943,17381.259373065943,130359.45,129707.65,14221.21,82483.02,0.2716,0.7516,6.518,6.0,100.0,912.0689655172414,4.3907,0.83,48.833740683804145,0.9165819076066855,0.82,0.2716,36.27191163607373,53.72808836392627,176.3117483717083,1.2393966681489452,4.744983473618785,973.6101725626352
2023-10-27,Khavda Renewable Energy Park,SIMULATED,SIMULATED_PVLIB,20000.0,20000.0,150000.0,149250.0,14311.21,83005.02,0.3125,0.7564,7.5,2.0,100.0,903.448275862069,3.5260833333333332,0.6729166666666666,47.176324821511116,0.9223828631247111,0.82,0.3125,36.61006994986842,53.38993005013158,176.38814156993544,1.2447963063008192,4.726495730782551,972.5113827703891
2023-10-28,Khavda Renewable Energy Park,SIMULATED,SIMULATED_PVLIB,16518.46137108115,16518.46137108115,123888.46,123269.02,12053.75,69911.75,0.2581,0.637,6.1944,2.29,100.0,795.5172413793103,2.3127674999999996,0.50125,46.78380689859081,0.9237566758549322,0.82,0.2581,36.945167037559465,53.054832962440535,176.45795064128015,1.2502366538714957,4.707997951838091,970.2260004837492
2023-10-29,Khavda Renewable Energy Park,SIMULATED,SIMULATED_PVLIB,18934.893109390483,18934.893109390483,142011.7,141301.64,14185.78,82277.52,0.2959,0.7497,7.1006,2.57,100.0,849.4827586206897,4.4076120833333325,0.8945833333333333,49.48621826815824,0.9142982360614461,0.82,0.2959,37.27709590484007,52.72290409515993,176.52124539051147,1.2557150088328666,4.689503337922945,969.8149593836811
2023-10-30,Khavda Renewable Energy Park,SIMULATED,SIMULATED_PVLIB,19476.27740700236,19476.27740700236,146072.08,145341.72,14307.14,82981.41,0.3043,0.7561,7.3036,2.86,100.0,842.5862068965517,4.3107412499999995,0.8820833333333333,47.25142563789014,0.9221200102673845,0.82,0.3043,37.60574881256322,52.39425118743678,176.5780961166456,1.261228518026742,4.671025339069119,968.6712669603684
2023-10-31,Khavda Renewable Energy Park,SIMULATED,SIMULATED_PVLIB,18290.306755581187,18290.306755581187,137177.3,136491.41,14313.63,83019.05,0.2858,0.7565,6.8589,3.14,100.0,850.5172413793103,4.6740175,0.9475,47.13188291274944,0.9225384098053769,0.82,0.2858,37.93101609439949,52.06898390560051,176.6285751301548,1.2667741531774188,4.652577736021478,967.6832725551058
2023-11-01,Khavda Renewable Energy Park,SIMULATED,SIMULATED_PVLIB,19677.86222949162,19677.86222949162,147583.97,146846.05,14285.04,82853.23,0.3075,0.755,7.3792,3.43,100.0,829.3103448275863,4.397141666666666,0.9141666666666667,47.65824688514769,0.9206961359019831,0.82,0.3075,38.25278574849551,51.74721425150449,176.67275774216046,1.272348698592962,4.634174668191256,966.3380406315009
2023-11-02,Khavda Renewable Energy Park,SIMULATED,SIMULATED_PVLIB,18620.74740048302,18620.74740048302,139655.61,138957.33,14176.51,82223.76,0.2909,0.7492,6.9828,3.71,100.0,860.5172413793103,4.766405,0.955,49.65685160559747,0.9137010193804088,0.82,0.2909,38.57094368769277,51.42905631230723,176.71072282011187,1.277948749995878,4.615830613172198,965.5926920467523
2023-11-03,Khavda Renewable Energy Park,SIMULATED,SIMULATED_PVLIB,18739.828061048916,18739.828061048916,140548.71,139845.97,14257.84,82695.47,0.2928,0.7535,7.0274,4.0,100.0,880.0,4.366046666666667,0.8554166666666667,48.15925140553219,0.9189426200806373,0.82,0.2928,38.88537431968779,51.11462568031221,176.74255296225817,1.2835707198671409,4.597560340051146,964.6981523717993
2023-11-04,Khavda Renewable Energy Park,SIMULATED,SIMULATED_PVLIB,17804.48203987956,17804.48203987956,133533.62,132865.95,13705.61,79492.54,0.2782,0.7243,6.6767,4.29,100.0,828.9655172413793,2.654416666666667,0.5520833333333335,49.24022535930011,0.9151592112424496,0.82,0.2782,39.195961142890916,50.804038857109084,176.76833431984187,1.2892108442433772,4.579378859234143,962.9679906720178
2023-11-05,Khavda Renewable Energy Park,SIMULATED,SIMULATED_PVLIB,18363.86134219466,18363.86134219466,137728.96,137040.32,14217.06,82458.95,0.2869,0.7514,6.8864,4.57,100.0,851.2068965517242,4.079196250000001,0.82625,48.91016300148264,0.9163144294948108,0.82,0.2869,39.50258720938645,50.49741279061355,176.78815615818758,1.2948651882881888,4.561301380230308,962.0884121057359
2023-11-06,Khavda Renewable Energy Park,SIMULATED,SIMULATED_PVLIB,19109.04773988301,19109.04773988301,143317.86,142601.27,14282.28,82837.22,0.2986,0.7548,7.1659,4.86,100.0,830.1724137931035,4.21513125,0.8754166666666666,47.709198944631765,0.9205178036937888,0.82,0.2986,39.805135471236234,50.194864528763766,176.80211028568374,1.3005296507296422,4.543343276738109,960.6966242623974
2023-11-07,Khavda Renewable Energy Park,SIMULATED,SIMULATED_PVLIB,18708.999329503316,18708.999329503316,140317.49,139615.9,14208.6,82409.88,0.2923,0.7509,7.0159,5.14,100.0,782.2413793103449,3.5974629166666667,0.7929166666666667,49.065871653777236,0.9157694492117797,0.82,0.2923,40.10348908175748,49.89651091824252,176.8102905634023,1.30619996834632,4.525520053975468,958.9866934613924
2023-11-08,Khavda Renewable Energy Park,SIMULATED,SIMULATED_PVLIB,19124.704669425213,19124.704669425213,143435.29,142718.11,14398.51,83511.36,0.2988,0.761,7.1718,5.43,100.0,722.7586206896552,3.34836,0.79875,45.568799021969255,0.9280092034231076,0.82,0.2988,40.39753168518125,49.60246831481875,176.81279264002762,1.3118717210988258,4.507847315869219,957.1405994976889
2023-11-09,Khavda Renewable Energy Park,SIMULATED,SIMULATED_PVLIB,18743.53088663143,18743.53088663143,140576.48,139873.6,14434.85,83722.13,0.2929,0.7629,7.0288,5.71,100.0,696.3793103448276,2.9501529166666667,0.7304166666666667,44.89950184240071,0.9303517435515976,0.82,0.2929,40.687147674290614,49.312852325709386,176.80971397397025,1.317540337515394,4.490340733815835,955.6836154657343
2023-11-10,Khavda Renewable Energy Park,SIMULATED,SIMULATED_PVLIB,18722.445218777077,18722.445218777077,140418.34,139716.25,14239.4,82588.52,0.2925,0.7526,7.0209,6.0,100.0,835.0,4.826856666666667,0.9966666666666667,48.498827793581874,0.9177541027224634,0.82,0.2925,40.972222387606756,49.027777612393244,176.80115410932012,1.3232010997302521,4.473016019440988,956.1627645533282
2023-11-11,Khavda Renewable Energy Park,SIMULATED,SIMULATED_PVLIB,19348.586765689815,19348.586765689815,145114.4,144388.83,14514.67,84185.09,0.3023,0.7671,7.2557,2.0,100.0,859.1379310344828,4.96846625,0.9970833333333333,43.42971998067661,0.9354959800676319,0.82,0.3023,41.25264224410207,48.74735775589793,176.78721509862783,1.328849148041202,4.455888901782322,955.3072069281593
2023-11-12,Khavda Renewable Energy Park,SIMULATED,SIMULATED_PVLIB,19263.659078167955,19263.659078167955,144477.44,143755.05,13413.82,77800.16,0.301,0.7089,7.2239,2.29,100.0,862.4137931034483,2.55102,0.51,44.43454030201268,0.9319791089429557,0.82,0.301,41.52829482294522,48.47170517705478,176.76800195606666,1.3344794850412756,4.438975108548285,954.2157272066197
2023-11-13,Khavda Renewable Energy Park,SIMULATED,SIMULATED_PVLIB,161.2269049386184,161.2269049386184,1209.2,1203.15,126.06,731.15,0.0025,0.0067,0.0605,2.57,100.0,706.0344827586206,0.023887499999999187,0.005833333333333135,43.47729405574218,0.9353294708049024,0.82,0.0025,41.79906887607386,48.20093112392614,176.74362294120465,1.3400869789832512,4.422290352652566,951.265200420907
2023-11-14,Khavda Renewable Energy Park,SIMULATED,SIMULATED_PVLIB,20000.0,20000.0,150000.0,149250.0,14563.7,84469.46,0.3125,0.7697,7.5,2.86,100.0,830.1724137931035,3.7175812500000003,0.7720833333333333,42.52692519554919,0.9386557618155779,0.82,0.3125,42.06485424752955,47.93514575247045,176.71418947442714,1.3456663657138395,4.405850326378227,951.6130804066632
2023-11-15,Khavda Renewable Energy Park,SIMULATED,SIMULATED_PVLIB,20000.0,20000.0,150000.0,149250.0,14640.78,84916.52,0.3125,0.7738,7.5,3.14,100.0,832.9310344827586,4.700160416666667,0.9729166666666667,41.10736904073879,0.9436242083574142,0.82,0.3125,42.32554171919891,47.67445828080109,176.67981548535545,1.3512122494343493,4.389670701869957,950.5549151908416
2023-11-16,Khavda Renewable Energy Park,SIMULATED,SIMULATED_PVLIB,19006.523618203286,19006.523618203286,142548.93,141836.19,14662.0,85039.6,0.297,0.7749,7.1274,3.43,100.0,828.448275862069,4.386564583333333,0.9129166666666666,40.71657917032218,0.9449919729038724,0.82,0.297,42.581022895126324,47.418977104873676,176.64061611594911,1.356719104597955,4.369997057437506,948.3698660384669
2023-11-17,Khavda Renewable Energy Park,SIMULATED,SIMULATED_PVLIB,20000.0,20000.0,150000.0,149250.0,14670.85,85090.93,0.3125,0.7754,7.5,3.71,97.0,805.6896551724138,2.870000833333333,0.6141666666666666,40.553769919535114,0.9455618052816271,0.82,0.3125,42.83119030077674,47.16880969922326,176.5967058987178,1.3621812829176347,4.350615048344079,945.9823150181423
2023-11-18,Khavda Renewable Energy Park,SIMULATED,SIMULATED_PVLIB,19904.0419934132,19904.0419934132,149280.31,148533.91,14614.44,84763.75,0.311,0.7724,7.464,4.0,100.0,808.1034482758621,3.952703333333334,0.8433333333333334,41.592477907999495,0.9419263273220018,0.82,0.311,43.07593783751881,46.92406216248119,176.5481966673293,1.3675930290442313,4.3315401734280465,943.903658019069
2023-11-19,Khavda Renewable Energy Park,SIMULATED,SIMULATED_PVLIB,19871.396991769197,19871.396991769197,149035.48,148290.3,14644.41,84937.58,0.3105,0.774,7.4518,4.29,100.0,811.551724137931,4.707,1.0,41.040544611674946,0.9438580938591377,0.82,0.3105,43.31516159593142,46.68483840406858,176.49519554081985,1.3729485056899176,4.3127877518566144,941.8537469053492
2023-11-20,Khavda Renewable Energy Park,SIMULATED,SIMULATED_PVLIB,19391.444047221583,19391.444047221583,145435.83,144708.65,14738.7,85484.46,0.303,0.7789,7.2718,4.57,100.0,800.344827586207,4.642,1.0,39.30430942467468,0.9499349170136386,0.82,0.303,43.548760877418935,46.451239122581065,176.43780329965205,1.378241825437473,4.294372823843742,939.6513557070954
2023-11-21,Khavda Renewable Energy Park,SIMULATED,SIMULATED_PVLIB,19122.26153286584,19122.26153286584,143416.96,142699.88,14685.71,85177.12,0.2988,0.7761,7.1708,4.86,100.0,780.344827586207,4.312900833333333,0.9529166666666666,40.280124016703084,0.9465195659415392,0.82,0.2988,43.77663918863639,46.22336081136361,176.37611338904844,1.383467084152398,4.276310051689986,937.3676280720485
2023-11-22,Khavda Renewable Energy Park,SIMULATED,SIMULATED_PVLIB,18991.136385613732,18991.136385613732,142433.52,141721.35,14625.48,84827.78,0.2967,0.773,7.1217,5.14,100.0,783.448275862069,3.9684266666666663,0.8733333333333333,41.389146108374916,0.9426379886206878,0.82,0.2967,43.99870497662518,46.00129502337482,176.3102117005575,1.3886183904574558,4.258613641025527,935.3785654366435
2023-11-23,Khavda Renewable Energy Park,SIMULATED,SIMULATED_PVLIB,19201.53800430525,19201.53800430525,144011.54,143291.48,14568.33,84496.31,0.3,0.7699,7.2006,5.43,100.0,769.1379310344828,4.461,1.0,42.44157044335658,0.9389545034482519,0.82,0.3,44.21487192443553,45.78512807556447,176.24017716887283,1.3936898864470597,4.241297298390444,933.2120398575216
2023-11-24,Khavda Renewable Energy Park,SIMULATED,SIMULATED_PVLIB,19850.055177603055,19850.055177603055,148875.41,148131.03,14666.47,85065.53,0.3102,0.7751,7.4438,5.71,100.0,743.2758620689656,3.527835,0.8183333333333334,40.63436810825097,0.9452797116211216,0.82,0.3102,44.42505869320131,45.57494130679869,176.16608307074546,1.3986757560311054,4.2243742360725856,930.9390407276242
2023-11-25,Khavda Renewable Energy Park,SIMULATED,SIMULATED_PVLIB,6376.567291098163,6376.567291098163,47824.25,47585.13,4897.74,28406.89,0.0996,0.2588,2.3912,6.0,100.0,605.0,0.9064916666666666,0.2583333333333333,37.104843213876194,0.9576330487514333,0.82,0.0996,44.6291880919092,45.3708119080908,176.08799878236982,1.4035702193964188,4.207857227158428,927.3806040068395
2023-11-26,Khavda Renewable Energy Park,SIMULATED,SIMULATED_PVLIB,19691.736247646633,19691.736247646633,147688.02,146949.58,14996.53,86979.87,0.3077,0.7926,7.3844,2.0,100.0,725.8620689655172,3.1101375,0.73875,34.55644592806863,0.9665524392517598,0.82,0.3077,44.82718580990534,45.17281419009466,176.00599167622818,1.408367515842265,4.191758700452381,926.8904109835297
2023-11-27,Khavda Renewable Energy Park,SIMULATED,SIMULATED_PVLIB,20000.0,20000.0,150000.0,149250.0,15082.73,87479.83,0.3125,0.7971,7.5,2.29,100.0,613.2758620689656,2.792245,0.785,32.968983601487075,0.9721085573947952,0.82,0.3125,45.018979022934055,44.981020977065945,175.9201288598456,1.4130618819118799,4.176090849296012,923.7017387243042
2023-11-28,Khavda Renewable Energy Park,SIMULATED,SIMULATED_PVLIB,20000.0,20000.0,150000.0,149250.0,15007.74,87044.89,0.3125,0.7932,7.5,2.57,100.0,760.5172413793103,4.411,1.0,34.35000910333119,0.9672749681383408,0.82,0.3125,45.20449526752875,44.79550473247125,175.83047859969042,1.417647534499041,4.16086572019132,923.5937938223257
2023-11-29,Khavda Renewable Energy Park,SIMULATED,SIMULATED_PVLIB,20000.0,20000.0,150000.0,149250.0,14905.86,86453.99,0.3125,0.7878,7.5,2.86,100.0,753.9655172413793,4.300116666666667,0.9833333333333333,36.22604676110271,0.9607088363361406,0.82,0.3125,45.38366187876531,44.61633812123469,175.73711137932128,1.4221186668847698,4.146095254826168,921.7246235496816
2023-11-30,Khavda Renewable Energy Park,SIMULATED,SIMULATED_PVLIB,20000.0,20000.0,150000.0,149250.0,14831.83,86024.61,0.3125,0.7839,7.5,3.14,100.0,748.7931034482759,4.333952083333333,0.9979166666666667,37.58929744909835,0.9559374589281557,0.82,0.3125,45.55640603014692,44.44359396985308,175.6401006207925,1.426469459693728,4.131791280785153,919.91369250499
2023-12-01,Khavda Renewable Energy Park,SIMULATED,SIMULATED_PVLIB,19686.997188329795,19686.997188329795,147652.48,146914.22,14919.95,86535.71,0.3076,0.7885,7.3826,3.43,100.0,750.0,4.35,1.0,35.96653501827511,0.9616171274360371,0.82,0.3076,45.722655164755686,44.277344835244314,175.53952310438285,1.4306941023781157,4.117965468067183,918.2216925116446
2023-12-02,Khavda Renewable Energy Park,SIMULATED,SIMULATED_PVLIB,19373.190245975755,19373.190245975755,145298.93,144572.44,15024.74,87143.49,0.3027,0.7941,7.2649,3.71,100.0,755.344827586207,4.381,1.0,34.036802130603775,0.9683711925428868,0.82,0.3027,45.88233752693124,44.11766247306876,175.43545908624492,1.4347868183150663,4.104629276122942,916.6244755401281
2023-12-03,Khavda Renewable Energy Park,SIMULATED,SIMULATED_PVLIB,19362.968548013763,19362.968548013763,145222.26,144496.15,15033.31,87193.2,0.3025,0.7945,7.2611,4.0,100.0,730.1724137931035,4.226177083333334,0.9979166666666667,33.879159507032234,0.9689229417253872,0.82,0.3025,46.03538261052549,43.96461738947451,175.32799217973832,1.4387418888097039,4.091793907453603,914.7182391942744
2023-12-04,Khavda Renewable Energy Park,SIMULATED,SIMULATED_PVLIB,18816.690317835968,18816.690317835968,141125.18,140419.55,15007.47,87043.33,0.294,0.7932,7.0563,4.29,100.0,760.344827586207,4.41,1.0,34.35493727884897,0.9672577195240286,0.82,0.294,46.18172151060945,43.81827848939055,175.21720908112002,1.442553675434428,4.079470269176229,913.5105762756052
2023-12-05,Khavda Renewable Energy Park,SIMULATED,SIMULATED_PVLIB,19894.775078880863,19894.775078880863,149210.81,148464.76,15027.15,87157.47,0.3109,0.7942,7.4605,4.57,100.0,760.8620689655172,4.413,1.0,33.99247625684609,0.9685263331010386,0.82,0.3109,46.321287243027484,43.678712756972516,175.1031992895513,1.4462166421607414,4.067668937130963,912.007972137922
2023-12-06,Khavda Renewable Energy Park,SIMULATED,SIMULATED_PVLIB,19649.237537423745,19649.237537423745,147369.28,146632.43,15029.7,87172.26,0.307,0.7943,7.3685,4.86,100.0,750.5172413793103,4.353,1.0,33.94548082459664,0.9686908171139117,0.82,0.307,46.45401505708814,43.54598494291186,174.9860549604782,1.4497253778080188,4.056400120419857,910.4324299909631
2023-12-07,Khavda Renewable Energy Park,SIMULATED,SIMULATED_PVLIB,19323.566538312516,19323.566538312516,144926.75,144202.12,14985.81,86917.7,0.3019,0.792,7.2463,5.14,100.0,746.7241379310345,4.331,1.0,34.75375874282034,0.9658618444001288,0.82,0.3019,46.57984270661812,43.42015729338188,174.8658709658863,1.4530746177634488,4.045673629532302,908.9897357991391
2023-12-08,Khavda Renewable Energy Park,SIMULATED,SIMULATED_PVLIB,17489.840631474075,17489.840631474075,131173.8,130517.93,14731.33,85441.71,0.2733,0.7786,6.5587,5.43,100.0,754.1379310344828,4.374,1.0,39.44003478356237,0.9494598782575318,0.82,0.2733,46.698710653820676,43.301289346179324,174.7427451889464,1.4562592641211987,4.035498850445141,907.7361844377112
2023-12-09,Khavda Renewable Energy Park,SIMULATED,SIMULATED_PVLIB,18301.794846357134,18301.794846357134,137263.46,136577.14,14638.72,84904.58,0.286,0.7737,6.8632,5.71,100.0,748.7931034482759,4.0715625,0.9375,41.145402219612706,0.9434910922313555,0.82,0.286,46.81056224134037,43.18943775865963,174.61677900491532,1.4592744050068773,4.025884721691905,906.3928063807602
2023-12-10,Khavda Renewable Energy Park,SIMULATED,SIMULATED_PVLIB,19681.97212217002,19681.97212217002,147614.79,146876.72,14705.17,85289.99,0.3075,0.7772,7.3807,6.0,100.0,750.6896551724138,4.354,1.0,39.92175392937792,0.9477738612471773,0.82,0.3075,46.91534387346113,43.08465612653887,174.4880778592434,1.462115334057544,4.016839710835652,905.1954587520867
2023-12-11,Khavda Renewable Energy Park,SIMULATED,SIMULATED_PVLIB,19414.00241985747,19414.00241985747,145605.02,144876.99,14673.31,85105.2,0.3033,0.7755,7.2803,2.0,100.0,752.2413793103449,3.35951,0.77,40.508390533463,0.9457206331328795,0.82,0.3033,47.01300515529728,42.98699484470272,174.35675178384486,1.4647775685619808,4.0083717949299995,904.0568417074227
2023-12-12,Khavda Renewable Energy Park,SIMULATED,SIMULATED_PVLIB,14693.598552096311,14693.598552096311,110201.99,109650.98,10799.15,62635.07,0.2296,0.5707,5.5101,2.29,100.0,679.1379310344828,2.0170962500000003,0.5120833333333334,39.59379503639292,0.9489217173726248,0.82,0.2296,47.10349884188337,42.89650115811663,174.22291560942017,1.4672568620436501,4.000488458275809,902.1081319443853
2023-12-13,Khavda Renewable Energy Park,SIMULATED,SIMULATED_PVLIB,6335.57616451869,6335.57616451869,47516.82,47279.24,4926.06,28571.15,0.099,0.2603,2.3758,2.57,100.0,689.6551724137931,0.915,0.22875,38.08140437871141,0.9542150846745101,0.82,0.099,47.18678049061259,42.81321950938741,174.0866886143035,1.4695492080787786,3.99319671720909,901.2043654564442
2023-12-14,Khavda Renewable Energy Park,SIMULATED,SIMULATED_PVLIB,17193.349771130917,17193.349771130917,128950.12,128305.37,12316.59,71436.22,0.2686,0.6509,6.4475,2.86,100.0,738.448275862069,2.2789129166666675,0.5320833333333335,37.022224589777615,0.9579222139357784,0.82,0.2686,47.262807921466205,42.737192078533795,173.94819343223583,1.4716508379434938,3.9865031627987593,900.8157925507347
2023-12-15,Khavda Renewable Energy Park,SIMULATED,SIMULATED_PVLIB,19133.59329008515,19133.59329008515,143501.95,142784.44,14847.93,86117.99,0.299,0.7847,7.1751,3.14,97.0,712.2413793103449,4.0380525,0.9775,37.29273027905521,0.9569754440233067,0.82,0.299,47.3315408171296,42.6684591828704,173.80755422792868,1.473558221187136,3.9804139917280974,899.6170127672656
2023-12-16,Khavda Renewable Energy Park,SIMULATED,SIMULATED_PVLIB,19270.822053139134,19270.822053139134,144531.17,143808.51,14805.04,85869.23,0.3011,0.7825,7.2266,3.43,97.0,719.4827586206897,4.13648625,0.99125,38.08259958824011,0.9542109014411596,0.82,0.3011,47.39294082651492,42.60705917348508,173.66489439382758,1.4752680794129032,3.976591410834049,899.3802530516247
2023-12-17,Khavda Renewable Energy Park,SIMULATED,SIMULATED_PVLIB,20000.0,20000.0,150000.0,149250.0,14904.84,86448.07,0.3125,0.7877,7.5,3.71,100.0,728.448275862069,3.879958333333333,0.9183333333333333,36.24491343522412,0.9606428029767156,0.82,0.3125,47.446972305185,42.553027694815,173.52033416456732,1.476777417314776,3.97504179453501,899.7367158784017
2023-12-18,Khavda Renewable Energy Park,SIMULATED,SIMULATED_PVLIB,16346.868420049934,16346.868420049934,122601.51,121988.5,11823.18,68574.44,0.2554,0.6249,6.1301,4.0,100.0,724.8275862068966,2.1580533333333336,0.5133333333333334,33.272633776530476,0.9710457817821433,0.82,0.2554,47.493603479384845,42.506396520615155,173.3739885736062,1.4780835652221742,3.974113944638393,900.0190681893082
2023-12-19,Khavda Renewable Energy Park,SIMULATED,SIMULATED_PVLIB,5490.710817492232,5490.710817492232,41180.33,40974.43,4202.97,24377.23,0.0858,0.2221,2.059,4.29,100.0,637.7586206896552,0.7629187500000001,0.20625000000000004,31.731177709036118,0.9764408780183735,0.82,0.0858,47.53280760271483,42.46719239728517,173.22596602553335,1.4791842209901414,3.973812060132647,899.3979079540601
2023-12-20,Khavda Renewable Energy Park,SIMULATED,SIMULATED_PVLIB,33.6989711294881,33.6989711294881,252.74,251.48,26.36,152.89,0.0005,0.0014,0.0126,4.57,99.0,490.51724137931035,0.0047416666666670925,0.0016666666666668162,29.15990532221909,0.9854403313722332,0.82,0.0005,47.56456370647609,42.43543629352391,173.07636758537114,1.480077479673488,3.9741395727039617,898.1461951534905
2023-12-21,Khavda Renewable Energy Park,SIMULATED,SIMULATED_PVLIB,8282.962727056305,8282.962727056305,62122.22,61811.61,6579.49,38161.04,0.1294,0.3477,3.1061,4.86,97.0,688.1034482758621,1.203951666666667,0.30166666666666675,33.967384860701586,0.9686141529875445,0.82,0.1294,47.588856756945425,42.411143243054575,172.92528694206158,1.4807618452886868,3.97509912798024,901.0073222498054
2023-12-22,Khavda Renewable Energy Park,SIMULATED,SIMULATED_PVLIB,18958.425955693117,18958.425955693117,142188.19,141477.25,14289.97,82881.83,0.2962,0.7552,7.1094,5.14,100.0,697.5862068965519,2.6484441666666667,0.6545833333333333,37.47694484509503,0.9563306930421673,0.82,0.2962,47.60567725326863,42.39432274673137,172.7728109269567,1.4812362252798081,3.9766926180378075,901.7399414774882
2023-12-23,Khavda Renewable Energy Park,SIMULATED,SIMULATED_PVLIB,19439.62554852544,19439.62554852544,145797.19,145068.2,14969.02,86820.32,0.3037,0.7911,7.2899,5.43,100.0,730.6896551724138,4.238,1.0,35.06296148961296,0.9647796347863546,0.82,0.3037,47.615020416802295,42.384979583197705,172.6190204729445,1.4814999118117331,3.9789212517257084,902.8236272466037
2023-12-24,Khavda Renewable Energy Park,SIMULATED,SIMULATED_PVLIB,19269.208612527374,19269.208612527374,144519.06,143796.46,15013.8,87080.04,0.3011,0.7935,7.226,5.71,100.0,729.3103448275863,4.23,1.0,34.23834255209987,0.9676658010676504,0.82,0.3011,47.616885159673565,42.383114840326435,172.46399187078566,1.4815525552496405,3.981785645824098,903.5777466002746
2023-12-25,Khavda Renewable Energy Park,SIMULATED,SIMULATED_PVLIB,20000.0,20000.0,150000.0,149250.0,14988.38,86932.6,0.3125,0.7921,7.5,6.0,100.0,737.5862068965517,4.278,1.0,34.70644471237286,0.966027443506695,0.82,0.3125,47.611273036007255,42.388726963992745,172.3077981661287,1.4813941357555478,3.9852859184919227,904.5189676795449
2023-12-26,Khavda Renewable Energy Park,SIMULATED,SIMULATED_PVLIB,19894.412703250495,19894.412703250495,149208.1,148462.06,14787.27,85766.17,0.3109,0.7815,7.4604,2.0,100.0,745.1724137931035,3.209085,0.7424999999999999,38.40989423981404,0.9530653701606508,0.82,0.3109,47.598187388053354,42.401812611946646,172.15051052510648,1.4810249392285553,3.9894217655965716,905.5257916731902
2023-12-27,Khavda Renewable Energy Park,SIMULATED,SIMULATED_PVLIB,208.7644801390678,208.7644801390678,1565.73,1557.9,145.08,841.46,0.0033,0.0077,0.0783,2.29,100.0,644.8275862068966,0.026491666666665827,0.007083333333333108,33.376986033999685,0.9706805488810011,0.82,0.0033,47.57763285335794,42.42236714664206,171.9921994105522,1.4804455424770038,3.9941925046941824,905.3418293616191
2023-12-28,Khavda Renewable Energy Park,SIMULATED,SIMULATED_PVLIB,9857.735687604436,9857.735687604436,73933.02,73563.35,7324.91,42484.48,0.154,0.3871,3.6967,2.57,100.0,695.8620689655172,1.340288333333333,0.3320833333333333,33.95407730753288,0.9686607294236349,0.82,0.154,47.5496152731645,42.4503847268355,171.83293547833773,1.479656808854393,3.999597082891691,907.0034901535341
2023-12-29,Khavda Renewable Energy Park,SIMULATED,SIMULATED_PVLIB,20000.0,20000.0,150000.0,149250.0,14929.62,86591.8,0.3125,0.789,7.5,2.86,100.0,734.1379310344828,3.3584975000000004,0.7887500000000001,35.788483524404555,0.962240307664584,0.82,0.3125,47.51414189896535,42.48585810103465,171.67279017084775,1.4786598914410183,4.005634057875412,908.5878748368315
2023-12-30,Khavda Renewable Energy Park,SIMULATED,SIMULATED_PVLIB,20000.0,20000.0,150000.0,149250.0,15030.07,87174.41,0.3125,0.7943,7.5,3.14,100.0,730.8620689655172,4.239,1.0,33.93869113436616,0.9687145810297184,0.82,0.3125,47.47122173017064,42.52877826982936,171.5118360218678,1.477456238993363,4.012301567249022,909.7570931489892
2023-12-31,Khavda Renewable Energy Park,SIMULATED,SIMULATED_PVLIB,20000.0,20000.0,150000.0,149250.0,15125.82,87729.76,0.3125,0.7994,7.5,3.43,100.0,746.7241379310345,4.331,1.0,32.17543279225097,0.9748859852271216,0.82,0.3125,47.42086585979143,42.57913414020857,171.35014672801185,1.4760476011240486,4.019597297383749,911.2211461222873
2024-01-01,Khavda Renewable Energy Park,SIMULATED,SIMULATED_PVLIB,19623.899785648464,19623.899785648464,147179.25,146443.35,15123.79,87717.98,0.3066,0.7993,7.359,3.71,100.0,745.1724137931035,4.322,1.0,32.21284557199149,0.9747550404980297,0.82,0.3066,47.36308779526433,42.63691220473567,171.18779705367797,1.4744360317393195,4.0275184548321015,912.5510988989445
2024-01-02,Khavda Renewable Energy Park,SIMULATED,SIMULATED_PVLIB,19414.560391173683,19414.560391173683,145609.2,144881.15,15066.66,87386.63,0.3034,0.7963,7.2805,4.0,100.0,751.2068965517242,4.357,1.0,33.264899323441014,0.9710728523679565,0.82,0.3034,47.297903760047404,42.702096239952596,171.02486269264796,1.4726238908599503,4.036061739874542,914.0387882826013
2024-01-03,Khavda Renewable Energy Park,SIMULATED,SIMULATED_PVLIB,19524.514505021376,19524.514505021376,146433.86,145701.69,15058.29,87338.08,0.3051,0.7958,7.3217,4.29,97.0,740.0,4.292,1.0,33.41914455383431,0.9705329940615799,0.82,0.3051,47.22533296103968,42.77466703896032,170.86142021068986,1.4706138443928953,4.045223323615378,915.3923995089733
2024-01-04,Khavda Renewable Energy Park,SIMULATED,SIMULATED_PVLIB,20000.0,20000.0,150000.0,149250.0,15109.55,87635.39,0.3125,0.7985,7.5,4.57,100.0,738.2758620689656,3.9340875,0.91875,32.47506036577014,0.9738372887198045,0.82,0.3125,47.14539778692928,42.85460221307072,170.69754718485297,1.4684088608996502,4.054998831817662,916.9237723929915
2024-01-05,Khavda Renewable Energy Park,SIMULATED,SIMULATED_PVLIB,19830.704809854786,19830.704809854786,148730.29,147986.64,15112.28,87651.22,0.3099,0.7987,7.4365,4.86,100.0,738.6206896551724,3.421845,0.79875,32.42479688240046,0.9740132109115984,0.82,0.3099,47.05812394467173,42.94187605532827,170.53332259640956,1.4660122056142288,4.065383334849658,918.544845407772
2024-01-06,Khavda Renewable Energy Park,SIMULATED,SIMULATED_PVLIB,19043.223992716932,19043.223992716932,142824.18,142110.06,15158.45,87919.01,0.2976,0.8011,7.1412,5.14,100.0,732.2413793103449,3.2206416666666664,0.7583333333333333,31.57456757757182,0.9769890134784986,0.82,0.2976,46.96354060779331,43.03645939220669,170.3688274526047,1.4634274337952773,4.076371337146793,920.1513101786265
2024-01-07,Khavda Renewable Energy Park,SIMULATED,SIMULATED_PVLIB,19011.280776174375,19011.280776174375,142584.61,141871.69,15213.81,88240.1,0.2971,0.8041,7.1292,5.43,100.0,750.5172413793103,4.353,1.0,30.55515124248377,0.9805569706513068,0.82,0.2971,46.86168063506089,43.13831936493911,170.20414557361983,1.460658385022465,4.087956761009688,922.1092462554416
2024-01-08,Khavda Renewable Energy Park,SIMULATED,SIMULATED_PVLIB,18795.51276876759,18795.51276876759,140966.35,140261.52,15118.35,87686.43,0.2937,0.799,7.0483,5.71,100.0,767.9310344827586,4.454,1.0,32.313146604281854,0.9744039868850135,0.82,0.2937,46.75258079070647,43.24741920929353,170.0393644011615,1.4577091765437646,4.100132931000725,924.1182962793956
2024-01-09,Khavda Renewable Energy Park,SIMULATED,SIMULATED_PVLIB,18759.133186594296,18759.133186594296,140693.5,139990.03,15298.2,88729.56,0.2931,0.8085,7.0347,6.0,100.0,773.7931034482759,4.488,1.0,29.001148114683495,0.9859959815986078,0.82,0.2931,46.636281750264104,43.363718249735896,169.87457561528538,1.4545841899183471,4.112892578245011,926.0516685410568
2024-01-10,Khavda Renewable Energy Park,SIMULATED,SIMULATED_PVLIB,20000.0,20000.0,150000.0,149250.0,15272.34,88579.57,0.3125,0.8071,7.5,2.0,100.0,787.9310344827586,4.57,1.0,29.477352026913337,0.9843292679058033,0.82,0.3125,46.512827683804616,43.487172316195384,169.7098752665313,1.451288045714397,4.126227882955932,928.1398945635009
2024-01-11,Khavda Renewable Energy Park,SIMULATED,SIMULATED_PVLIB,20000.0,20000.0,150000.0,149250.0,15062.31,87361.4,0.3125,0.796,7.5,2.29,100.0,797.2413793103449,4.4525266666666665,0.9629166666666666,33.34499634127123,0.9707925128055507,0.82,0.3125,46.3822654399305,43.6177345600695,169.54536312273865,1.4478255675049005,4.140130552577215,930.2277643042423
2024-01-12,Khavda Renewable Energy Park,SIMULATED,SIMULATED_PVLIB,20000.0,20000.0,150000.0,149250.0,14922.2,86548.76,0.3125,0.7886,7.5,2.57,100.0,796.7241379310345,4.621,1.0,35.92517748281267,0.9617618788101556,0.82,0.3125,46.24464367059718,43.75535632940282,169.3811411130971,1.4442017447769184,4.154591904789393,932.2549135411632
2024-01-13,Khavda Renewable Energy Park,SIMULATED,SIMULATED_PVLIB,18391.395637021986,18391.395637021986,137935.47,137245.79,14743.24,85510.79,0.2874,0.7792,6.8968,2.86,100.0,779.8275862068966,4.402386666666667,0.9733333333333334,39.220724765419334,0.9502274633210324,0.82,0.2874,46.10001239601507,43.89998760398493,169.21731102619515,1.4404217080524686,4.169602911001472,934.1427522633479
2024-01-14,Khavda Renewable Energy Park,SIMULATED,SIMULATED_PVLIB,19713.538353089323,19713.538353089323,147851.54,147112.28,14859.96,86187.77,0.308,0.7854,7.3926,3.14,100.0,776.7241379310345,4.469335416666667,0.9920833333333333,37.07120264549526,0.9577507907407666,0.82,0.308,45.94842333906907,44.05157666093093,169.05397190802478,1.4364907243017033,4.185154171770691,936.2427299340079
2024-01-15,Khavda Renewable Energy Park,SIMULATED,SIMULATED_PVLIB,19585.063559610036,19585.063559610036,146887.98,146153.54,14794.32,85807.06,0.306,0.7819,7.3444,3.43,100.0,789.3103448275863,4.444475000000001,0.9708333333333333,38.280084126413946,0.9535197055575512,0.82,0.306,45.78993094315929,44.21006905684071,168.89121769223016,1.4324142094129058,4.201235832866338,938.575075778027
2024-01-16,Khavda Renewable Energy Park,SIMULATED,SIMULATED_PVLIB,18805.737528480604,18805.737528480604,141043.03,140337.81,13339.41,77368.58,0.2938,0.705,7.0522,3.71,100.0,729.8275862068966,2.4586675000000002,0.5808333333333334,35.96522994649515,0.9616216951872669,0.82,0.2938,45.62459359776473,44.37540640223527,168.7291354228796,1.4281977445846714,4.215935637096102,939.5487592460702
2024-01-17,Khavda Renewable Energy Park,SIMULATED,SIMULATED_PVLIB,12208.68709250871,12208.68709250871,91565.15,91107.32,9653.89,55992.56,0.1908,0.5102,4.5783,4.0,100.0,777.9310344827586,1.79916,0.39875000000000005,38.987830976145574,0.9510425915834905,0.82,0.1908,45.452474483469,44.547525516531,168.56780417059076,1.4238470814203228,4.229239402910035,941.2698641110211
2024-01-18,Khavda Renewable Energy Park,SIMULATED,SIMULATED_PVLIB,19478.773804102973,19478.773804102973,146090.8,145360.35,14948.49,86701.24,0.3044,0.79,7.3045,4.29,100.0,792.4137931034483,3.46998,0.755,35.44103562398584,0.9634563753160496,0.82,0.3044,45.273641678351545,44.726358321648455,168.40729449836567,1.4193681273274408,4.243036239793851,942.6452613841723
2024-01-19,Khavda Renewable Energy Park,SIMULATED,SIMULATED_PVLIB,20000.0,20000.0,150000.0,149250.0,14898.75,86412.75,0.3125,0.7874,7.5,4.57,100.0,798.1034482758621,4.580781249999999,0.9895833333333334,36.35688516147039,0.9602509019348536,0.82,0.3125,45.08816754880759,44.91183245119241,168.24766834063257,1.414766913008914,4.257313908359012,943.9637305605211
2024-01-20,Khavda Renewable Energy Park,SIMULATED,SIMULATED_PVLIB,19534.34911461558,19534.34911461558,146507.62,145775.08,14705.9,85294.22,0.3052,0.7772,7.3254,4.86,100.0,788.2758620689656,4.562475,0.9979166666666667,39.90827316401429,0.94782104392595,0.82,0.3052,44.89612774485882,45.10387225514118,168.08897924005112,1.4100495511742797,4.272059725822061,945.1444623482937
2024-01-21,Khavda Renewable Energy Park,SIMULATED,SIMULATED_PVLIB,13872.279045965664,13872.279045965664,104042.09,103521.88,10545.25,61162.45,0.2168,0.5573,5.2021,5.14,99.0,793.448275862069,1.9731075,0.42874999999999996,40.06582456516058,0.947269614021938,0.82,0.2168,44.69760017992312,45.30239982007688,167.9312729658467,1.4052221965087053,4.287260665262027,946.5427447940253
2024-01-22,Khavda Renewable Energy Park,SIMULATED,SIMULATED_PVLIB,19038.17627651015,19038.17627651015,142786.32,142072.39,14710.66,85321.83,0.2975,0.7775,7.1393,5.43,99.0,799.1379310344828,3.0262687499999994,0.6529166666666666,39.8206017978965,0.9481278937073623,0.82,0.2975,44.492664237275854,45.507335762724146,167.7745885137465,1.4002910128994728,4.3029034340080035,947.986802840202
2024-01-23,Khavda Renewable Energy Park,SIMULATED,SIMULATED_PVLIB,18146.779323456267,18146.779323456267,136100.84,135420.34,14562.79,84464.18,0.2835,0.7697,6.805,5.71,95.0,814.4827586206897,4.724,1.0,42.54351846663917,0.9385976853667629,0.82,0.2835,44.28140026470813,45.71859973529187,167.61895934691915,1.3952621491143116,4.318974526187426,949.5814601599997
2024-01-24,Khavda Renewable Energy Park,SIMULATED,SIMULATED_PVLIB,19585.69633523373,19585.69633523373,146892.72,146158.26,14780.48,85726.78,0.306,0.7812,7.3446,6.0,100.0,840.0,4.4863,0.9208333333333334,38.534914993090275,0.952627797524184,0.82,0.306,44.06388930708812,45.93611069291188,167.46441466376734,1.3901417213281675,4.335460254232241,951.3305497364894
2024-01-25,Khavda Renewable Energy Park,SIMULATED,SIMULATED_PVLIB,19275.23233611938,19275.23233611938,144564.24,143841.42,14633.31,84873.2,0.3012,0.7734,7.2282,2.0,100.0,844.4827586206897,3.375538333333333,0.6891666666666667,41.24491834705029,0.943142785785324,0.82,0.3012,43.84021301193454,46.15978698806546,167.31098049688228,1.3849358006152304,4.352346765326328,952.8663416554992
2024-01-26,Khavda Renewable Energy Park,SIMULATED,SIMULATED_PVLIB,14737.534435662494,14737.534435662494,110531.51,109978.85,10667.61,61872.14,0.2303,0.5638,5.5266,2.29,100.0,835.5172413793103,1.9686875000000001,0.40625,36.31074963186815,0.9604123762884614,0.82,0.2303,43.61045367257928,46.38954632742072,167.15868052641508,1.3796504043016424,4.3696200461726775,954.2754104854838
2024-01-27,Khavda Renewable Energy Park,SIMULATED,SIMULATED_PVLIB,13242.630756239801,13242.630756239801,99319.73,98823.13,10290.77,59686.47,0.2069,0.5439,4.966,2.57,100.0,844.1379310344828,1.90944,0.39,37.79066755887531,0.9552326635439364,0.82,0.2069,43.3746943850505,46.6253056149495,167.0075366016879,1.3742914903895351,4.387265918433747,955.9189254202167
2024-01-28,Khavda Renewable Energy Park,SIMULATED,SIMULATED_PVLIB,7441.300921111468,7441.300921111468,55809.76,55530.71,5506.47,31937.53,0.1163,0.291,2.7905,2.86,100.0,829.4827586206897,1.0223375000000001,0.21250000000000002,37.95590608900504,0.9546543286884823,0.82,0.1163,43.13301928838465,46.86698071161535,166.85756899248474,1.3688649541568458,4.405270027704107,957.3160173249797
2024-01-29,Khavda Renewable Energy Park,SIMULATED,SIMULATED_PVLIB,3771.1653384301344,3771.1653384301344,28283.74,28142.32,2811.34,16305.77,0.0589,0.1486,1.4142,3.14,100.0,748.9655172413793,0.52128,0.12,37.60151565307336,0.9558946952142432,0.82,0.0589,42.88551384249816,47.11448615750184,166.70879643973353,1.3633766257516327,4.42361783010858,957.965604941902
2024-01-30,Khavda Renewable Energy Park,SIMULATED,SIMULATED_PVLIB,1676.7478756475216,1676.7478756475216,12575.61,12512.73,1284.15,7448.07,0.0262,0.0679,0.6288,3.43,100.0,765.8620689655172,0.23875749999999984,0.053749999999999964,38.3447452275114,0.9532933917037101,0.82,0.0262,42.63226509690483,47.36773490309517,166.56123612342412,1.3578322676794856,4.442294580562325,959.7775465526496
2024-01-31,Khavda Renewable Energy Park,SIMULATED,SIMULATED_PVLIB,1339.0105306851913,1339.0105306851913,10042.58,9992.37,1010.21,5859.22,0.0209,0.0534,0.5021,3.71,100.0,637.2413793103449,0.1848000000000002,0.050000000000000044,33.887858620553644,0.9688924948280623,0.82,0.0209,42.373361918300986,47.626638081699014,166.41490369668145,1.3522375715044324,4.461285325365777,959.9043788821327
2024-02-01,Khavda Renewable Energy Park,SIMULATED,SIMULATED_PVLIB,19111.519773386844,19111.519773386844,143336.4,142619.72,14726.65,85414.57,0.2986,0.7783,7.1668,4.0,100.0,843.9655172413793,3.4163020833333335,0.6979166666666667,39.52615197937891,0.9491584680721739,0.82,0.2986,42.1088951645419,47.8911048354581,166.2698135487242,1.3465981535720966,4.480574900092172,963.9753439484573
2024-02-02,Khavda Renewable Energy Park,SIMULATED,SIMULATED_PVLIB,18810.314038305758,18810.314038305758,141077.36,140371.97,14740.22,85493.28,0.2939,0.779,7.0539,4.29,100.0,781.2068965517242,3.5700504166666667,0.7879166666666667,39.27624187423538,0.9500331534401761,0.82,0.2939,41.8389578289327,48.1610421710673,166.1259793686678,1.3409195503561098,4.500147930698029,964.904586057621
2024-02-03,Khavda Renewable Energy Park,SIMULATED,SIMULATED_PVLIB,19020.074170795135,19020.074170795135,142650.56,141937.31,14623.72,84817.58,0.2972,0.7729,7.1325,4.57,100.0,841.8965517241379,4.421149583333333,0.9054166666666666,41.42157089859466,0.9425245018549187,0.82,0.2972,41.56364520737422,48.43635479262578,165.9834150089339,1.335207214565488,4.519988833535397,967.2915144896556
2024-02-04,Khavda Renewable Energy Park,SIMULATED,SIMULATED_PVLIB,18875.547129184484,18875.547129184484,141566.6,140858.77,14895.08,86391.46,0.2949,0.7872,7.0783,4.86,100.0,695.8620689655172,2.759615,0.6837500000000001,36.42449003391553,0.9600142848812956,0.82,0.2949,41.283055131613594,48.716944868386406,165.84213558817237,1.3294665128408243,4.5400818108804,967.2668841437867
2024-02-05,Khavda Renewable Energy Park,SIMULATED,SIMULATED_PVLIB,19521.58811876141,19521.58811876141,146411.91,145679.85,14796.26,85818.31,0.305,0.782,7.3206,5.14,100.0,738.448275862069,2.97133125,0.69375,38.24428946992494,0.9536449868552628,0.82,0.305,40.99728823097149,49.00271176902851,165.70215871328583,1.3237027241463046,4.560410845245613,969.4583579683824
2024-02-06,Khavda Renewable Energy Park,SIMULATED,SIMULATED_PVLIB,16461.929940831145,16461.929940831145,123464.47,122847.15,13087.66,75908.43,0.2572,0.6917,6.1732,5.43,100.0,752.4137931034483,2.4365666666666668,0.5583333333333333,38.70539981236565,0.9520311006567203,0.82,0.2572,40.70644805268451,49.29355194731549,165.5635056347021,1.3179210354416768,4.580959706147747,971.3192768131521
2024-02-07,Khavda Renewable Energy Park,SIMULATED,SIMULATED_PVLIB,1079.7302244261327,1079.7302244261327,8097.98,8057.49,813.92,4720.74,0.0169,0.043,0.4049,5.71,100.0,726.8965517241379,0.15107333333333262,0.03583333333333316,37.8826579943329,0.9549106970198349,0.82,0.0169,40.41064081004573,49.58935918995427,165.4262019979335,1.3121265304285399,4.601711987152856,972.7200026867155
2024-02-08,Khavda Renewable Energy Park,SIMULATED,SIMULATED_PVLIB,3592.8736456035526,3592.8736456035526,26946.55,26811.82,2876.6,16684.28,0.0561,0.152,1.3473,6.0,100.0,783.9655172413793,0.5285887499999998,0.11624999999999996,35.126090657324895,0.9645586826993628,0.82,0.0561,40.10997464239658,49.89002535760342,165.29027780434706,1.3063241699020833,4.622651180999402,975.0877371242769
2024-02-09,Khavda Renewable Energy Park,SIMULATED,SIMULATED_PVLIB,19409.422990542538,19409.422990542538,145570.67,144842.82,14625.83,84829.81,0.3033,0.773,7.2785,2.0,100.0,927.9310344827586,4.1149875,0.7645833333333333,41.3828010083721,0.9426601964706977,0.82,0.3033,39.80455856558146,50.19544143441854,165.15576632458988,1.3005187680601176,4.643760776993271,978.4705732508002
2024-02-10,Khavda Renewable Energy Park,SIMULATED,SIMULATED_PVLIB,19241.667865704054,19241.667865704054,144312.51,143590.95,14567.73,84492.83,0.3007,0.7699,7.2156,2.29,100.0,921.0344827586207,5.152804166666666,0.9645833333333333,42.452545321378466,0.9389160913751754,0.82,0.3007,39.4945015847219,50.5054984152781,165.02270202934142,1.2947149741413952,4.665024342734668,980.0816393066261
2024-02-11,Khavda Renewable Energy Park,SIMULATED,SIMULATED_PVLIB,14664.553925046564,14664.553925046564,109984.15,109434.23,10508.58,60949.76,0.2291,0.5554,5.4992,2.57,100.0,948.7931034482759,1.9627366666666668,0.3566666666666667,39.5818760547095,0.9489634338085168,0.82,0.2291,39.17991247414603,50.82008752585397,164.8911179862746,1.2889172682619001,4.686425551655942,982.0913031520081
2024-02-12,Khavda Renewable Energy Park,SIMULATED,SIMULATED_PVLIB,14135.968838176585,14135.968838176585,106019.77,105489.67,10459.84,60667.07,0.2209,0.5528,5.301,2.86,100.0,930.1724137931035,1.9601833333333336,0.3633333333333334,40.487984730819925,0.9457920534421302,0.82,0.2209,38.86090041058918,51.13909958941082,164.76104329885356,1.2831299734119528,4.707948144511027,983.5482321235921
2024-02-13,Khavda Renewable Energy Park,SIMULATED,SIMULATED_PVLIB,14220.759097780523,14220.759097780523,106655.69,106122.41,10726.32,62212.66,0.2222,0.5669,5.3328,3.14,100.0,817.9310344827586,1.9885266666666668,0.4191666666666667,37.553178328147084,0.9560638758514852,0.82,0.2222,38.53757613474868,51.46242386525132,164.63250101131348,1.2773572761115906,4.729575852790288,983.8968803414697
2024-02-14,Khavda Renewable Energy Park,SIMULATED,SIMULATED_PVLIB,19335.126831454225,19335.126831454225,145013.45,144288.38,14762.82,85624.36,0.3021,0.7802,7.2507,3.43,97.0,952.4137931034483,5.521698333333334,0.9995833333333334,38.86008264632308,0.9514897107378693,0.82,0.3021,38.210052974311864,51.789947025688136,164.50550656976657,1.271603243033664,4.751292336557185,987.1209394178674
2024-02-15,Khavda Renewable Energy Park,SIMULATED,SIMULATED_PVLIB,18256.02548170622,18256.02548170622,136920.19,136235.59,14692.55,85216.79,0.2853,0.7765,6.846,3.71,100.0,991.2068965517242,5.749,1.0,40.15413823626973,0.946960516173056,0.82,0.2853,37.87844714599603,52.12155285400397,164.3800666692805,1.2658718238931863,4.771519551993346,988.8051217920297
2024-02-16,Khavda Renewable Energy Park,SIMULATED,SIMULATED_PVLIB,19206.317675288057,19206.317675288057,144047.38,143327.14,14542.11,84344.24,0.3001,0.7686,7.2024,4.0,100.0,985.1724137931035,5.349732500000001,0.93625,42.92435657353084,0.937264751992642,0.82,0.3001,37.54287719891461,52.45712280108539,164.25617834714194,1.260166839719215,4.790242339563625,989.5498373530397
2024-02-17,Khavda Renewable Energy Park,SIMULATED,SIMULATED_PVLIB,20000.0,20000.0,150000.0,149250.0,14418.56,83627.65,0.3125,0.762,7.5,4.29,100.0,965.6896551724138,3.4422812500000006,0.6145833333333335,45.19963889308055,0.9293012638742181,0.82,0.3125,37.20346294877798,52.79653705122202,164.13382834014953,1.2544919639845364,4.809006447887449,990.1255507701889
2024-02-18,Khavda Renewable Energy Park,SIMULATED,SIMULATED_PVLIB,19433.733658059995,19433.733658059995,145753.0,145024.23,14724.79,85403.78,0.3037,0.7782,7.2876,4.57,100.0,970.5172413793103,3.9989354166666664,0.7104166666666667,39.56033377832047,0.9490388317758783,0.82,0.3037,36.86032443631901,53.13967556368099,164.01299288310963,1.248850706243478,4.82779575867777,990.9723020091565
2024-02-19,Khavda Renewable Energy Park,SIMULATED,SIMULATED_PVLIB,12218.80192512734,12218.80192512734,91641.01,91182.8,9303.81,53962.1,0.1909,0.4917,4.5821,4.86,100.0,940.6896551724138,1.7209133333333335,0.3154166666666667,36.9345992554789,0.9582289026058238,0.82,0.1909,36.51358126358875,53.48641873641125,163.89363808475514,1.2432464038347741,4.846594389138015,991.3973825456306
2024-02-20,Khavda Renewable Energy Park,SIMULATED,SIMULATED_PVLIB,19706.195907271966,19706.195907271966,147796.47,147057.49,14836.85,86053.73,0.3079,0.7841,7.3898,5.14,100.0,877.5862068965517,4.163195833333334,0.8179166666666667,37.49686651281303,0.9562609672051544,0.82,0.3079,36.1633523330586,53.8366476669414,163.77572081118308,1.23768222124731,4.865386719851615,991.4148573602232
2024-02-21,Khavda Renewable Energy Park,SIMULATED,SIMULATED_PVLIB,19799.44779235381,19799.44779235381,148495.86,147753.38,14800.31,85841.8,0.3094,0.7822,7.4248,5.43,100.0,935.0,4.41296625,0.81375,38.16976024693786,0.9539058391357175,0.82,0.3094,35.80975580490623,54.19024419509377,163.65918985455573,1.2321611534667134,4.884157405946404,992.8238363085292
2024-02-22,Khavda Renewable Energy Park,SIMULATED,SIMULATED_PVLIB,17735.79837959243,17735.79837959243,133018.49,132353.4,14525.6,84248.48,0.2771,0.7677,6.6509,5.71,100.0,1004.4827586206897,5.7847325,0.9929166666666667,43.22837969658122,0.9362006710619657,0.82,0.2771,35.452909112329166,54.547090887670834,163.54398709103077,1.2266860304153047,4.902891383750128,994.3522317632953
2024-02-23,Khavda Renewable Energy Park,SIMULATED,SIMULATED_PVLIB,17729.269392623723,17729.269392623723,132969.52,132304.67,14419.38,83632.4,0.277,0.7621,6.6485,6.0,100.0,1038.7931034482758,6.025,1.0,45.184514050975245,0.9293542008215866,0.82,0.277,35.09292900427679,54.90707099572321,163.4300484223072,1.2212595218912083,4.9215738753254445,995.4448339580234
2024-02-24,Khavda Renewable Energy Park,SIMULATED,SIMULATED_PVLIB,19668.117243918878,19668.117243918878,147510.88,146773.33,14477.64,83970.31,0.3073,0.7651,7.3755,2.0,100.0,1021.3793103448277,5.924,1.0,44.11161855252857,0.93310933506615,0.82,0.3073,34.72993166046428,55.27006833953572,163.31730440322463,1.2158841435906156,4.940190387907973,995.9059089077556
2024-02-25,Khavda Renewable Energy Park,SIMULATED,SIMULATED_PVLIB,9087.674833037048,9087.674833037048,68157.56,67816.77,6899.26,40015.71,0.142,0.3646,3.4079,2.29,100.0,933.6206896551724,1.3018562500000004,0.24041666666666672,42.34133869073325,0.9393053145824336,0.82,0.142,34.36403289544932,55.63596710455068,163.205680528205,1.2105622643020342,4.958726707439604,995.5155454499969
2024-02-26,Khavda Renewable Energy Park,SIMULATED,SIMULATED_PVLIB,9986.880417398635,9986.880417398635,74901.6,74527.09,7159.28,41523.82,0.156,0.3784,3.7451,2.57,100.0,674.4827586206897,1.31378,0.3358333333333333,34.754201839657725,0.965860293561198,0.82,0.156,33.995348406262146,56.004651593737854,163.09509724638247,1.2052961134519902,4.977168889715896,993.0886946907498
2024-02-27,Khavda Renewable Energy Park,SIMULATED,SIMULATED_PVLIB,19080.98788338599,19080.98788338599,143107.41,142391.87,14840.09,86072.52,0.2981,0.7843,7.1554,2.86,97.0,1010.6896551724138,5.837575,0.9958333333333333,37.43723535306859,0.9564696762642599,0.82,0.2981,33.62399401947085,56.37600598052915,162.98546982958942,1.2000877883032335,4.995503252339962,997.6031395335157
2024-02-28,Khavda Renewable Energy Park,SIMULATED,SIMULATED_PVLIB,18460.617621488625,18460.617621488625,138454.63,137762.36,14688.33,85192.31,0.2884,0.7763,6.9227,3.14,100.0,1011.8965517241379,5.763847083333333,0.9820833333333333,40.231735220600356,0.9466889267278987,0.82,0.2884,33.250085933493686,56.749914066506314,162.87670829835338,1.194939260746432,5.013716367786839,998.1614483660368
2024-02-29,Khavda Renewable Energy Park,SIMULATED,SIMULATED_PVLIB,18287.08591091555,18287.08591091555,137153.14,136467.37,14289.97,82881.83,0.2857,0.7552,6.8577,3.43,100.0,1020.5172413793103,5.72416625,0.9670833333333333,47.56751474569086,0.921013698390082,0.82,0.2857,32.87374097337236,57.12625902662764,162.76871761359803,1.1898523839232982,5.031795056450474,998.7721904821619
2024-03-01,Khavda Renewable Energy Park,SIMULATED,SIMULATED_PVLIB,13532.05448103065,13532.05448103065,101490.41,100982.96,11565.61,67080.54,0.2114,0.6112,5.0745,7.43,100.0,936.7241379310345,2.1596174999999995,0.39749999999999996,39.51348015117415,0.9492028194708905,0.82,0.2114,32.495076856253576,57.504923143746424,162.6613982531362,1.1848288986369477,5.049726379871385,998.264669002452
2024-03-02,Khavda Renewable Energy Park,SIMULATED,SIMULATED_PVLIB,18812.034626892662,18812.034626892662,141090.26,140384.81,14948.63,86702.05,0.2939,0.79,7.0545,8.0,100.0,1061.3793103448277,5.455755,0.88625,35.43843770811789,0.9634654680215874,0.82,0.2939,32.11421244467735,57.88578755532265,162.55464722371676,1.179870439238522,5.067497635691313,1000.160931854065
2024-03-03,Khavda Renewable Energy Park,SIMULATED,SIMULATED_PVLIB,18562.393461456984,18562.393461456984,139217.95,138521.86,14821.96,85967.37,0.29,0.7833,6.9609,8.57,100.0,1093.7931034482758,3.0979866666666673,0.4883333333333334,37.770979005768474,0.9553015734798104,0.82,0.29,31.731267992798294,58.268732007201706,162.44835946113903,1.1749785390805187,5.085096353967466,1000.9379974535871
2024-03-04,Khavda Renewable Energy Park,SIMULATED,SIMULATED_PVLIB,17807.60081847055,17807.60081847055,133557.01,132889.22,14411.34,83585.77,0.2782,0.7616,6.6779,9.14,100.0,1104.655172413793,6.228137916666666,0.9720833333333333,45.332492511214824,0.9288362762107482,0.82,0.2782,31.346365404182308,58.65363459581769,162.34242952136015,1.1701546357854324,5.102510293654216,1001.422365015886
2024-03-05,Khavda Renewable Energy Park,SIMULATED,SIMULATED_PVLIB,18883.795626590378,18883.795626590378,141628.47,140920.33,14707.16,85301.53,0.2951,0.7773,7.0814,9.71,100.0,1098.7931034482758,6.36503375,0.99875,39.88512412239621,0.9479020655716133,0.82,0.2951,30.959628451427413,59.04037154857259,162.23675333755182,1.1654000757106406,5.119727442410342,1001.6692534251717
2024-03-06,Khavda Renewable Energy Park,SIMULATED,SIMULATED_PVLIB,18580.276876620086,18580.276876620086,139352.08,138655.32,14512.48,84172.38,0.2903,0.767,6.9676,10.29,100.0,1071.3793103448277,5.921424166666667,0.9529166666666666,43.46998108230713,0.935355066211925,0.82,0.2903,30.571182772737593,59.42881722726241,162.13122965116713,1.1607161154720989,5.136736030883119,1001.6208734853647
2024-03-07,Khavda Renewable Energy Park,SIMULATED,SIMULATED_PVLIB,17655.121317398458,17655.121317398458,132413.41,131751.34,14451.14,83816.61,0.2759,0.7637,6.6207,10.86,100.0,1063.9655172413793,6.132431250000001,0.99375,44.5996052398872,0.9314013816603948,0.82,0.2759,30.181155419841062,59.81884458015894,162.02576060782098,1.1561039182522965,5.153524573982415,1001.7626820239668
2024-03-08,Khavda Renewable Energy Park,SIMULATED,SIMULATED_PVLIB,16291.928501317092,16291.928501317092,122189.46,121578.51,14266.39,82745.06,0.2546,0.754,6.1095,11.43,100.0,1079.655172413793,6.248954166666667,0.9979166666666667,48.001654422649295,0.9194942095207275,0.82,0.2546,29.789673918040073,60.21032608195993,161.92025117114918,1.1515645451526164,5.170081939119231,1002.1299266321181
2024-03-09,Khavda Renewable Energy Park,SIMULATED,SIMULATED_PVLIB,17760.93535810669,17760.93535810669,133207.02,132540.98,14384.89,83432.36,0.2775,0.7602,6.6604,12.0,100.0,1069.8275862068965,3.14128125,0.50625,45.8195770107792,0.9271314804622728,0.82,0.2775,29.396865165441156,60.603134834558844,161.81460735020528,1.1470989460068681,5.186397419442566,1002.152168982298
2024-03-10,Khavda Renewable Energy Park,SIMULATED,SIMULATED_PVLIB,19287.23700170866,19287.23700170866,144654.28,143931.01,14345.48,83203.78,0.3014,0.7582,7.2327,4.0,100.0,1001.2068965517242,3.7624520833333337,0.6479166666666667,46.54536380591648,0.9245912266792923,0.82,0.3014,29.002854743355414,60.997145256644586,161.70873366006367,1.1427079561528979,5.202460777741819,1001.4387652962093
2024-03-11,Khavda Renewable Energy Park,SIMULATED,SIMULATED_PVLIB,19132.834020957474,19132.834020957474,143496.26,142778.78,14420.51,83638.96,0.299,0.7621,7.1748,4.57,100.0,1053.103448275862,6.067279999999999,0.9933333333333333,45.1635655171718,0.9294275206898988,0.82,0.299,28.607767072091647,61.39223292790835,161.60253039563258,1.1383923031517638,5.218262238089606,1002.0888603149385
2024-03-12,Khavda Renewable Energy Park,SIMULATED,SIMULATED_PVLIB,19383.05711070266,19383.05711070266,145372.93,144646.07,14409.26,83573.71,0.3029,0.7615,7.2686,5.14,100.0,1101.5517241379312,5.8299625,0.9125,45.37083976835282,0.9287020608107651,0.82,0.3029,28.211726350766057,61.78827364923394,161.49589107916415,1.134152621474496,5.233792433175182,1002.6498485090244
2024-03-13,Khavda Renewable Energy Park,SIMULATED,SIMULATED_PVLIB,18216.752546818945,18216.752546818945,136625.64,135942.51,14533.33,84293.31,0.2846,0.7681,6.8313,5.71,100.0,1105.0,6.318205833333333,0.9858333333333333,43.086039115124635,0.9366988630970637,0.82,0.2846,27.8148577020878,62.1851422979122,161.3887001251112,1.1299894679772078,5.24904234401442,1002.6343825761596
2024-03-14,Khavda Renewable Energy Park,SIMULATED,SIMULATED_PVLIB,19447.950448984913,19447.950448984913,145859.63,145130.33,14208.46,82409.07,0.3039,0.7509,7.293,6.29,100.0,1138.2758620689656,6.590996666666666,0.9983333333333333,49.06859059655636,0.9157599329120527,0.82,0.3039,27.417287827092686,62.582712172907314,161.28083048239,1.1259033308470732,5.264003271633886,1002.9181581141163
2024-03-15,Khavda Renewable Energy Park,SIMULATED,SIMULATED_PVLIB,17814.545323636532,17814.545323636532,133609.09,132941.04,14295.56,82914.25,0.2784,0.7555,6.6805,6.86,100.0,1133.2758620689656,6.573,1.0,47.46460238668502,0.9213738916466024,0.82,0.2784,27.019144820522648,62.98085517947735,161.172141170337,1.1218946293193746,5.278666857181592,1002.7029936787845
2024-03-16,Khavda Renewable Energy Park,SIMULATED,SIMULATED_PVLIB,17893.090526573997,17893.090526573997,134198.18,133527.19,14147.36,82054.69,0.2796,0.7477,6.7099,7.43,97.0,1136.7241379310344,6.439163333333333,0.9766666666666667,50.19356843790496,0.9118225104673326,0.82,0.2796,26.62055734206301,63.37944265793699,161.0624749154881,1.117963707312674,5.2938120412649,1002.7059634934285
2024-03-17,Khavda Renewable Energy Park,SIMULATED,SIMULATED_PVLIB,16929.497395481023,16929.497395481023,126971.23,126336.37,14070.47,81608.73,0.2645,0.7436,6.3486,8.0,100.0,1140.0,6.129875,0.9270833333333334,51.609534117726966,0.9068666305879556,0.82,0.2645,26.221653660163923,63.77834633983608,160.95165629729718,1.114110826818422,5.309429770050267,1002.8223776300147
2024-03-18,Khavda Renewable Energy Park,SIMULATED,SIMULATED_PVLIB,17177.141359512294,17177.141359512294,128828.56,128184.42,14029.88,81373.3,0.2684,0.7415,6.4414,8.57,100.0,1130.5172413793105,5.436845833333334,0.8291666666666667,52.35707845966574,0.90425022539117,0.82,0.2684,25.8225609982062,64.1774390017938,160.83949076331055,1.1103361651927262,5.324725557941695,1002.7330097337488
2024-03-19,Khavda Renewable Energy Park,SIMULATED,SIMULATED_PVLIB,10100.634081181612,10100.634081181612,75754.76,75375.99,7719.01,44770.26,0.1578,0.408,3.7877,9.14,100.0,1095.6896551724137,1.490777083333333,0.23458333333333325,48.50489211357383,0.9177328776024916,0.82,0.1578,25.42340529627758,64.57659470372242,160.7257645260646,1.1066398169142977,5.339692826271223,1002.290187285702
2024-03-20,Khavda Renewable Energy Park,SIMULATED,SIMULATED_PVLIB,9956.944476324183,9956.944476324183,74677.08,74303.69,8068.86,46799.39,0.1556,0.4264,3.7339,9.71,100.0,1088.6206896551726,1.583761666666666,0.25083333333333324,52.713203150989344,0.9030037889715373,0.82,0.1556,25.024311242363865,64.97568875763614,160.61024506050592,1.1030217978957575,5.354325487296856,1002.1156351255937
2024-03-21,Khavda Renewable Energy Park,SIMULATED,SIMULATED_PVLIB,18033.947929602582,18033.947929602582,135254.61,134578.34,14233.57,82554.71,0.2818,0.7523,6.7627,10.29,100.0,1054.4827586206898,3.3536066666666673,0.5483333333333335,48.606081531839635,0.9173787146385612,0.82,0.2818,24.625402392315152,65.37459760768485,160.49268179645833,1.0994820503901432,5.368617934715698,1001.5671119947522
2024-03-22,Khavda Renewable Energy Park,SIMULATED,SIMULATED_PVLIB,17873.457248984145,17873.457248984145,134050.93,133380.68,14452.33,83823.51,0.2793,0.7638,6.7025,10.86,100.0,1136.3793103448277,5.9593625,0.9041666666666667,44.57762324153584,0.9314783186546246,0.82,0.2793,24.22680130928076,65.77319869071924,160.37280664423338,1.0960204477842055,5.382565033314415,1002.3205219720389
2024-03-23,Khavda Renewable Energy Park,SIMULATED,SIMULATED_PVLIB,9972.48149355274,9972.48149355274,74793.61,74419.64,8452.78,49026.12,0.1558,0.4467,3.7397,11.43,97.0,1101.3793103448277,1.6156316666666668,0.2529166666666667,45.7685991706489,0.9273099029027289,0.82,0.1558,23.828629732886284,66.17137026711372,160.2503341623658,1.0926367993488806,5.396162107381018,1001.6479013480474
2024-03-24,Khavda Renewable Energy Park,SIMULATED,SIMULATED_PVLIB,18251.421462441453,18251.421462441453,136885.66,136201.23,14464.08,83891.66,0.2852,0.7644,6.8443,12.0,100.0,1127.5862068965519,4.75785,0.7275,44.36130371313712,0.9322354370040201,0.82,0.2852,23.431008789242696,66.5689912107573,160.1249612578349,1.0893308550107612,5.409404927526861,1001.6351966395248
2024-03-25,Khavda Renewable Energy Park,SIMULATED,SIMULATED_PVLIB,18729.552131514083,18729.552131514083,140471.64,139769.28,14264.05,82731.49,0.2926,0.7539,7.0236,4.0,100.0,1119.1379310344828,6.201609583333333,0.9554166666666667,48.04483432761499,0.9193430798533475,0.82,0.2926,23.034059222207333,66.96594077779267,159.9963664402767,1.086102309948147,5.4222896970675984,1001.1598674162325
2024-03-26,Khavda Renewable Energy Park,SIMULATED,SIMULATED_PVLIB,17656.541353019027,17656.541353019027,132424.06,131761.94,14189.37,82298.35,0.2759,0.7499,6.6212,4.57,100.0,1144.8275862068965,4.263433333333333,0.6420833333333333,49.42001105891019,0.9145299612938144,0.82,0.2759,22.637901644174065,67.36209835582594,159.86420878548824,1.0829508089865185,5.4348130381668724,1001.0278026145177
2024-03-27,Khavda Renewable Energy Park,SIMULATED,SIMULATED_PVLIB,12226.818075079529,12226.818075079529,91701.14,91242.63,9588.02,55610.52,0.191,0.5067,4.5851,5.14,100.0,1144.4827586206898,1.839279166666666,0.27708333333333324,46.72827599810047,0.9239510340066484,0.82,0.191,22.24265684685126,67.75734315314874,159.72812686879092,1.0798759510966625,5.446971976029878,1000.5345724899166
2024-03-28,Khavda Renewable Energy Park,SIMULATED,SIMULATED_PVLIB,1531.3914781927842,1531.3914781927842,11485.44,11428.01,1159.87,6727.25,0.0239,0.0613,0.5743,5.71,100.0,1155.344827586207,0.2233666666666651,0.033333333333333104,47.753478168902674,0.9203628264088406,0.82,0.0239,21.84844619510909,68.15155380489091,159.58773801027576,1.0768772941137184,5.4587639204549205,1000.11667475458
2024-03-29,Khavda Renewable Energy Park,SIMULATED,SIMULATED_PVLIB,18813.35038057697,18813.35038057697,141100.13,140394.63,14402.24,83532.99,0.294,0.7612,7.055,6.29,100.0,1151.3793103448277,3.8788050000000007,0.5808333333333334,45.50014607232498,0.9282494887468625,0.82,0.294,21.4553920619759,68.5446079380241,159.44263806151048,1.0739543592904606,5.4701866470204195,999.4696128646366
2024-03-30,Khavda Renewable Energy Park,SIMULATED,SIMULATED_PVLIB,17089.968881936737,17089.968881936737,128174.77,127533.9,14408.7,83570.46,0.267,0.7615,6.4087,6.86,97.0,1202.0689655172414,6.951665,0.9970833333333333,45.38117048891584,0.9286659032887945,0.82,0.267,21.063618215474676,68.93638178452532,159.29240186273046,1.0711066350190825,5.4812382819399135,999.4076060033055
2024-03-31,Khavda Renewable Energy Park,SIMULATED,SIMULATED_PVLIB,9039.482593037841,9039.482593037841,67796.12,67457.14,7246.03,42026.97,0.1412,0.383,3.3898,7.43,100.0,1158.103448275862,1.3909787499999997,0.20708333333333329,46.91159951730994,0.9233094016894152,0.82,0.1412,20.67325011381125,69.32674988618875,159.13658439536744,1.0683335794970454,5.4919172921278605,998.1825362696096
2024-04-01,Khavda Renewable Energy Park,SIMULATED,SIMULATED_PVLIB,3576.190270841664,3576.190270841664,26821.43,26687.32,2871.91,16657.08,0.0559,0.1518,1.3411,8.0,100.0,1174.3103448275863,0.5562316666666681,0.08166666666666689,49.24850411332278,0.9151302356033703,0.82,0.0559,20.284415149866405,69.7155848501336,158.9747225350352,1.0656346227440847,5.502222478264957,997.6082711370644
2024-04-02,Khavda Renewable Energy Park,SIMULATED,SIMULATED_PVLIB,15283.616740647047,15283.616740647047,114627.13,114053.99,12915.19,74908.1,0.2388,0.6826,5.7314,8.57,95.0,1165.5172413793105,2.473033333333334,0.36583333333333345,46.2480200277735,0.9256319299027927,0.82,0.2388,19.897242872764735,70.10275712723526,158.8063371644057,1.0630091682302947,5.512152969438526,996.6879795730486
2024-04-03,Khavda Renewable Energy Park,SIMULATED,SIMULATED_PVLIB,5045.125791971595,5045.125791971595,37838.44,37649.25,4204.48,24385.98,0.0788,0.2222,1.8919,9.14,100.0,1012.2413793103449,0.7950312500000005,0.13541666666666674,42.90386163687505,0.9373364842709373,0.82,0.0788,19.51186508176272,70.48813491823728,158.63093512638704,1.060456593469257,5.521708223356858,994.0230737882008
2024-04-04,Khavda Renewable Energy Park,SIMULATED,SIMULATED_PVLIB,654.8911504699486,654.8911504699486,4911.68,4887.12,536.67,3112.69,0.0102,0.0284,0.2456,9.71,100.0,740.8620689655172,0.1002633333333323,0.023333333333333095,39.65471071776944,0.948708512487807,0.82,0.0102,19.128415569246613,70.87158443075339,158.44801029504026,1.0579762483002797,5.530888040089039,989.9233045293738
2024-04-05,Khavda Renewable Energy Park,SIMULATED,SIMULATED_PVLIB,179.03070074346485,179.03070074346485,1342.73,1336.02,148.1,858.98,0.0028,0.0078,0.0671,10.29,100.0,966.2068965517242,0.028020000000000024,0.0050000000000000044,43.05166599566116,0.9368191690151859,0.82,0.0028,18.74702937019852,71.25297062980148,158.2570432130169,1.0555674503481192,5.53969259284652,991.590121302831
2024-04-06,Khavda Renewable Energy Park,SIMULATED,SIMULATED_PVLIB,17948.460066874286,17948.460066874286,134613.45,133940.38,14285.5,82855.9,0.2804,0.755,6.7307,10.86,100.0,1225.344827586207,6.9470925,0.9775,47.64990083347378,0.9207253470828418,0.82,0.2804,18.367841698247332,71.63215830175267,158.0574991597009,1.0532294792608359,5.548122466434632,993.6028443106334
2024-04-07,Khavda Renewable Energy Park,SIMULATED,SIMULATED_PVLIB,17928.722704986365,17928.722704986365,134465.42,133793.09,14346.04,83207.03,0.2801,0.7582,6.7233,11.43,100.0,1141.896551724138,6.024170416666666,0.9095833333333333,46.53502161690422,0.9246274243408352,0.82,0.2801,17.9909870621551,72.0090129378449,157.84882509992883,1.0509615729475714,5.556178683688675,991.5545126922833
2024-04-08,Khavda Renewable Energy Park,SIMULATED,SIMULATED_PVLIB,16745.704429772213,16745.704429772213,125592.78,124964.82,13874.49,80472.04,0.2617,0.7333,6.2796,12.0,100.0,1243.448275862069,7.10382,0.985,55.21853711371415,0.8942351201020005,0.82,0.2617,17.61659908649503,72.38340091350497,157.630446104753,1.0487629286219227,5.563862702184201,991.6250434148086
2024-04-09,Khavda Renewable Energy Park,SIMULATED,SIMULATED_PVLIB,18354.933796462374,18354.933796462374,137662.0,136973.69,14044.68,81459.14,0.2868,0.7423,6.8831,4.0,100.0,1233.103448275862,7.01194,0.9804166666666667,52.08440065845841,0.9052045976953955,0.82,0.2868,17.244811197603596,72.7551888023964,157.40176155665995,1.0466327088233467,5.571176379377457,990.3384584822093
2024-04-10,Khavda Renewable Energy Park,SIMULATED,SIMULATED_PVLIB,13366.895184976107,13366.895184976107,100251.71,99750.45,10125.7,58729.06,0.2089,0.5351,5.0126,4.57,100.0,1127.0689655172414,1.9556525000000002,0.2991666666666667,48.514149720402614,0.9177004759785908,0.82,0.2089,16.875757827472654,73.12424217252735,157.1621409350488,1.0445700496504922,5.578121922657133,987.8857515872485
2024-04-11,Khavda Renewable Energy Park,SIMULATED,SIMULATED_PVLIB,18074.768448271494,18074.768448271494,135560.76,134882.96,14179.68,82242.14,0.2824,0.7494,6.778,5.14,100.0,1215.1724137931035,5.852776666666667,0.8304166666666667,49.59844002171995,0.9139054599239802,0.82,0.2824,16.509575507624447,73.49042449237555,156.91091871804565,1.0425740673676984,5.584701848017974,987.6624805555213
2024-04-12,Khavda Renewable Energy Park,SIMULATED,SIMULATED_PVLIB,17836.56898801457,17836.56898801457,133774.27,133105.4,14222.07,82488.01,0.2787,0.7516,6.6887,5.71,100.0,1190.8620689655172,5.893973333333333,0.8533333333333333,48.817952202914746,0.9166371672897984,0.82,0.2787,16.14640335622721,73.85359664377279,156.64738830789645,1.040643860944609,5.590918962960647,986.0797350422431
2024-04-13,Khavda Renewable Energy Park,SIMULATED,SIMULATED_PVLIB,17841.870926479336,17841.870926479336,133814.03,133144.96,14221.75,82486.15,0.2788,0.7516,6.6907,6.29,100.0,1164.6551724137933,3.2395854166666678,0.4795833333333335,48.82382114463017,0.9166166259937945,0.82,0.2788,15.786382890763704,74.2136171092363,156.37079548646864,1.0387785108019247,5.596776372541083,984.4331587146162
2024-04-14,Khavda Renewable Energy Park,SIMULATED,SIMULATED_PVLIB,58.916392928829126,58.916392928829126,441.87,439.66,46.81,271.5,0.0009,0.0025,0.0221,6.86,100.0,733.9655172413793,0.008868749999999023,0.002083333333333104,43.43423601986339,0.9354801739304781,0.82,0.0009,15.429657477312603,74.5703425226874,156.08033238475923,1.0369770759552006,5.602277495305864,978.0092061136514
2024-04-15,Khavda Renewable Energy Park,SIMULATED,SIMULATED_PVLIB,638.4156706607374,638.4156706607374,4788.12,4764.18,518.74,3008.69,0.01,0.0274,0.2394,7.43,100.0,758.448275862069,0.09897749999999984,0.022499999999999964,45.30788738545979,0.9289223941508907,0.82,0.01,15.076371828695073,74.92362817130493,155.77513284317365,1.0352385918785636,5.607426074654066,976.8771373292284
2024-04-16,Khavda Renewable Energy Park,SIMULATED,SIMULATED_PVLIB,12783.503428828724,12783.503428828724,95876.28,95396.9,10038.02,58220.52,0.1997,0.5305,4.7938,8.0,100.0,1114.8275862068965,1.990989166666667,0.3079166666666667,55.397979925900785,0.8936070702593473,0.82,0.1997,14.726671803361597,75.2733281966384,155.45426942757638,1.0335620702143273,5.613332611748805,979.7966285910447
2024-04-17,Khavda Renewable Energy Park,SIMULATED,SIMULATED_PVLIB,17739.786062549087,17739.786062549087,133048.4,132383.16,13783.32,79943.26,0.2772,0.7285,6.6524,8.57,100.0,1207.5862068965519,3.4027766666666674,0.48583333333333345,56.89729476077245,0.8883594683372964,0.82,0.2772,14.380704510083461,75.61929548991654,155.11675184635578,1.0319465000722077,5.618893569306399,979.5903721337759
2024-04-18,Khavda Renewable Energy Park,SIMULATED,SIMULATED_PVLIB,16985.50244619479,16985.50244619479,127391.27,126754.31,14249.45,82646.81,0.2654,0.7531,6.3696,9.14,100.0,1147.2413793103449,3.1717400000000002,0.4766666666666667,48.31366271613363,0.9184021804935323,0.82,0.2654,14.038618602280621,75.96138139771938,154.76152610919098,1.030390850132411,5.624113608606338,977.5542001528905
2024-04-19,Khavda Renewable Energy Park,SIMULATED,SIMULATED_PVLIB,17880.62416988645,17880.62416988645,134104.68,133434.16,14365.76,83321.41,0.2794,0.7592,6.7052,9.71,100.0,1255.344827586207,6.649979999999999,0.9133333333333333,46.17182840834316,0.925898600570799,0.82,0.2794,13.700564639581998,76.299435360418,154.38747390008018,1.028894070869605,5.628997671562447,977.4555066667817
2024-04-20,Khavda Renewable Energy Park,SIMULATED,SIMULATED_PVLIB,1474.6689172562337,1474.6689172562337,11060.02,11004.72,1201.16,6966.73,0.023,0.0635,0.553,10.29,100.0,1156.3793103448277,0.2291558333333349,0.0341666666666669,45.272846799693596,0.9290450362010724,0.82,0.023,13.366695462047375,76.63330453795263,153.99341178899476,1.0274550966294103,5.633550963488851,974.8979684612088
2024-04-21,Khavda Renewable Energy Park,SIMULATED,SIMULATED_PVLIB,17759.276910924076,17759.276910924076,133194.58,132528.61,14315.42,83029.44,0.2775,0.7566,6.6597,10.86,100.0,1235.344827586207,5.009529166666667,0.6991666666666667,47.09879383439917,0.922654221579603,0.82,0.2775,13.037166576883678,76.96283342311632,153.57809006362254,1.0260728475684102,5.637778936320628,974.3921030511775
2024-04-22,Khavda Renewable Energy Park,SIMULATED,SIMULATED_PVLIB,17523.63230422673,17523.63230422673,131427.24,130770.1,14367.84,83333.47,0.2738,0.7593,6.5714,11.43,100.0,1189.6551724137933,6.57225,0.9525,46.13361482250671,0.9260323481212265,0.82,0.2738,12.712136576802777,77.28786342319722,153.14019122374725,1.024746231547564,5.641687271768513,972.395764565505
2024-04-23,Khavda Renewable Energy Park,SIMULATED,SIMULATED_PVLIB,16547.128553392937,16547.128553392937,124103.46,123482.94,14272.38,82779.8,0.2585,0.7543,6.2052,12.0,100.0,1216.3793103448277,6.769860416666666,0.9595833333333333,47.891481068221545,0.9198798162612246,0.82,0.2585,12.391767629005145,77.60823237099486,152.67832842659823,1.0234741461308465,5.645281863477065,971.2185506070432
2024-04-24,Khavda Renewable Energy Park,SIMULATED,SIMULATED_PVLIB,18135.32600155432,18135.32600155432,136014.95,135334.88,14253.23,82668.73,0.2834,0.7533,6.8007,4.0,100.0,1237.2413793103449,7.09826,0.9891666666666666,48.24399252466361,0.9186460261636773,0.82,0.2834,12.076226067174844,77.92377393282516,152.19104453849855,1.0222554807847175,5.648568797602234,969.945367252293
2024-04-25,Khavda Renewable Energy Park,SIMULATED,SIMULATED_PVLIB,18776.528833835247,18776.528833835247,140823.97,140119.85,14270.72,82770.18,0.2934,0.7542,7.0412,4.57,100.0,1253.2758620689656,6.56935875,0.90375,47.921933990335006,0.9197732310338275,0.82,0.2934,11.765683080723065,78.23431691927694,151.67681263105374,1.0210891192105223,5.651554332270856,968.5899814037998
2024-04-26,Khavda Renewable Energy Park,SIMULATED,SIMULATED_PVLIB,19343.68399342904,19343.68399342904,145077.63,144352.24,14360.19,83289.1,0.3022,0.7589,7.2539,5.14,100.0,1189.4827586206898,3.552985,0.515,46.27435278076523,0.9255397652673217,0.82,0.3022,11.460315435265443,78.53968456473456,151.13403864710637,1.019973941537062,5.654244877716556,966.275695512388
2024-04-27,Khavda Renewable Energy Park,SIMULATED,SIMULATED_PVLIB,16615.229810534645,16615.229810534645,124614.22,123991.15,14126.42,81933.24,0.2596,0.7466,6.2307,5.71,97.0,1278.9655172413793,5.096784166666667,0.6870833333333333,50.57926712786581,0.9104725650524697,0.82,0.2596,11.160306106914604,78.8396938930854,150.561066817991,1.018908825980955,5.656646979683634,965.7341898961921
2024-04-28,Khavda Renewable Energy Park,SIMULATED,SIMULATED_PVLIB,18485.68940936828,18485.68940936828,138642.67,137949.46,14172.32,82199.46,0.2888,0.749,6.9321,6.29,100.0,1248.6206896551726,4.6469499999999995,0.6416666666666666,49.7340262956058,0.9134309079653797,0.82,0.2888,10.86584473434172,79.13415526565828,149.95618816688443,1.0178926497505858,5.658767307627206,963.7687068430332
2024-04-29,Khavda Renewable Energy Park,SIMULATED,SIMULATED_PVLIB,18623.74546070543,18623.74546070543,139678.09,138979.7,14014.6,81284.68,0.291,0.7407,6.9839,6.86,100.0,1239.4827586206898,4.7057995833333335,0.6545833333333333,52.63849204142731,0.9032652778550044,0.82,0.291,10.577127834528838,79.42287216547116,149.31765241345317,1.016924289177587,5.660612647893806,962.0326953855549
2024-04-30,Khavda Renewable Energy Park,SIMULATED,SIMULATED_PVLIB,17698.56092064182,17698.56092064182,132739.21,132075.51,13942.85,80868.53,0.2765,0.7369,6.637,7.43,100.0,1305.6896551724137,6.714726666666667,0.8866666666666667,53.9596168028888,0.8986413411898891,0.82,0.2765,10.294358760343329,79.70564123965667,148.6436833044193,1.0160026191931293,5.662189901188595,961.1619345460895
2024-05-01,Khavda Renewable Energy Park,SIMULATED,SIMULATED_PVLIB,17937.34772412552,17937.34772412552,134530.11,133857.46,13923.64,80757.11,0.2803,0.7359,6.7265,8.0,100.0,1342.4137931034484,6.494821666666667,0.8341666666666667,54.31344631502535,0.8974029378974113,0.82,0.2803,10.017747343850445,79.98225265614956,147.93249696249467,1.0151265121609805,5.663506084300893,959.9304971303858
2024-05-02,Khavda Renewable Energy Park,SIMULATED,SIMULATED_PVLIB,3759.824786601713,3759.824786601713,28198.69,28057.7,3049.55,17687.39,0.0587,0.1612,1.4099,8.57,100.0,1178.9655172413793,0.5983250000000001,0.08750000000000002,52.60811205760186,0.9033716077983935,0.82,0.0587,9.747509128644793,80.2524908713552,147.1823223977721,1.0142948359793,5.664568336700319,956.3411331966913
2024-05-03,Khavda Renewable Energy Park,SIMULATED,SIMULATED_PVLIB,1298.0233052538017,1298.0233052538017,9735.17,9686.49,1040.82,6036.76,0.0203,0.055,0.4868,9.14,100.0,1103.103448275862,0.1999375,0.03125,47.093976149705085,0.9226710834760322,0.82,0.0203,9.483864149499738,80.51613585050026,146.39142323377087,1.0135064515707812,5.665383931257946,953.7657423171676
2024-05-04,Khavda Renewable Energy Park,SIMULATED,SIMULATED_PVLIB,883.7213967410946,883.7213967410946,6627.91,6594.77,746.86,4331.79,0.0138,0.0395,0.3314,9.71,100.0,823.2758620689656,0.14126041666666597,0.029583333333333184,42.9720242675077,0.9370979150637231,0.82,0.0138,9.227035381986113,80.77296461801389,145.5581203967866,1.0127602103502942,5.665960285266735,948.791631313749
2024-05-05,Khavda Renewable Energy Park,SIMULATED,SIMULATED_PVLIB,16469.400371504467,16469.400371504467,123520.5,122902.9,14334.41,83139.58,0.2573,0.7576,6.176,10.29,100.0,1166.0344827586207,3.316687916666666,0.4904166666666666,46.74917522208974,0.9238778867226859,0.82,0.2573,8.977247181917349,81.02275281808265,144.6808165297374,1.0120549526950735,5.666304965052533,951.1008153673289
2024-05-06,Khavda Renewable Energy Park,SIMULATED,SIMULATED_PVLIB,18014.810496997008,18014.810496997008,135111.08,134435.52,14266.68,82746.74,0.2815,0.754,6.7556,10.86,100.0,1261.5517241379312,7.298707500000001,0.9975,47.99647005290741,0.9195123548148241,0.82,0.2815,8.734724103784316,81.26527589621568,143.75802344266356,1.0113895084032294,5.666425677679764,950.5081230426443
2024-05-07,Khavda Renewable Energy Park,SIMULATED,SIMULATED_PVLIB,16807.156024691718,16807.156024691718,126053.67,125423.4,14194.49,82328.04,0.2626,0.7502,6.3027,11.43,100.0,1243.7931034482758,7.018620833333333,0.9729166666666667,49.32584924307355,0.9148595276492426,0.82,0.2626,8.499690309849868,81.50030969015013,142.78839365433544,1.0107626994201173,5.666330247851229,948.5843338460157
2024-05-08,Khavda Renewable Energy Park,SIMULATED,SIMULATED_PVLIB,16998.26410311775,16998.26410311775,127486.98,126849.55,14216.42,82455.24,0.2656,0.7513,6.3743,12.0,100.0,1246.3793103448277,6.64164375,0.91875,48.92199987672502,0.9162730004314624,0.82,0.2656,8.272369452620481,81.72763054737952,141.77075591795057,1.0101733441726553,5.6660265842678275,946.8961880733234
2024-05-09,Khavda Renewable Energy Park,SIMULATED,SIMULATED_PVLIB,18026.346550691178,18026.346550691178,135197.6,134521.61,14222.6,82491.08,0.2817,0.7517,6.7599,4.0,100.0,1228.7931034482758,5.8382008333333335,0.8191666666666667,48.808164773570326,0.9166714232925038,0.82,0.2817,8.05298459325742,81.94701540674258,140.70415379840085,1.00962026216392,5.665522644268573,944.9710023503142
2024-05-10,Khavda Renewable Energy Park,SIMULATED,SIMULATED_PVLIB,17903.257397933863,17903.257397933863,134274.43,133603.06,14220.54,82479.13,0.2797,0.7516,6.7137,4.57,100.0,1223.448275862069,5.90742,0.8325,48.84609069484574,0.9165386825680399,0.82,0.2797,7.841757641189972,82.15824235881003,139.5878862541378,1.0091022775644534,5.66482640507691,943.1902210402782
2024-05-11,Khavda Renewable Energy Park,SIMULATED,SIMULATED_PVLIB,18337.961924469462,18337.961924469462,137534.71,136847.04,14107.31,81822.4,0.2865,0.7456,6.8767,5.14,100.0,1204.1379310344828,6.43401,0.92125,50.93119609259804,0.9092408136759068,0.82,0.2865,7.638907980188208,82.36109201981179,138.42155007479016,1.0086182212285277,5.66394584547497,941.2487392916335
2024-05-12,Khavda Renewable Energy Park,SIMULATED,SIMULATED_PVLIB,17851.38442374387,17851.38442374387,133885.38,133215.95,14051.72,81499.98,0.2789,0.7426,6.6943,5.71,100.0,1243.2758620689656,5.928042916666667,0.8220833333333333,51.95488463856097,0.9056579037650366,0.82,0.2789,7.444650261415546,82.55534973858445,137.20508502434313,1.0081669314123898,5.662888936156184,939.9964329312072
2024-05-13,Khavda Renewable Energy Park,SIMULATED,SIMULATED_PVLIB,18260.1589974399,18260.1589974399,136951.19,136266.43,13986.02,81118.92,0.2853,0.7392,6.8476,6.29,100.0,1254.8275862068965,6.9474575,0.9545833333333333,53.16463476158985,0.9014237783344355,0.82,0.2853,7.2591915978293144,82.74080840217069,135.93882260937494,1.0077472539792403,5.661663633647779,938.4274820728532
2024-05-14,Khavda Renewable Energy Park,SIMULATED,SIMULATED_PVLIB,18219.80952874859,18219.80952874859,136648.57,135965.33,14009.74,81256.49,0.2847,0.7404,6.8324,6.86,100.0,1238.7931034482758,6.227,0.8666666666666667,52.72782527371661,0.9029526115419919,0.82,0.2847,7.082728434983778,82.91727156501622,134.6235384049362,1.007358042786601,5.660277873249985,936.5436328452894
2024-05-15,Khavda Renewable Energy Park,SIMULATED,SIMULATED_PVLIB,18001.447660439953,18001.447660439953,135010.86,134335.81,13981.78,81094.32,0.2813,0.7389,6.7505,7.43,100.0,1082.5862068965519,5.12785,0.8166666666666667,53.24277514338475,0.9011502869981534,0.82,0.2813,6.915443250600646,83.08455674939935,133.260506118919,1.0069981605186726,5.658739559266229,933.0280434463076
2024-05-16,Khavda Renewable Energy Park,SIMULATED,SIMULATED_PVLIB,17887.67856682688,17887.67856682688,134157.59,133486.8,14013.96,81280.97,0.2795,0.7406,6.7079,8.0,100.0,1060.6896551724137,5.142046666666666,0.8358333333333333,52.650205795220685,0.9032242797167276,0.82,0.2795,6.757501095458451,83.24249890454155,131.85154987768948,1.0066664798412943,5.657418618270321,931.1548816019849
2024-05-17,Khavda Renewable Energy Park,SIMULATED,SIMULATED_PVLIB,18449.499122266025,18449.499122266025,138371.24,137679.38,13986.54,81121.93,0.2883,0.7392,6.9186,8.57,100.0,1211.3793103448277,6.715685,0.9558333333333333,53.15520846550456,0.901456770370734,0.82,0.2883,6.6090459385499685,83.39095406145003,130.39909036487597,1.0063618846307956,5.65632224892047,931.3733611038981
2024-05-18,Khavda Renewable Energy Park,SIMULATED,SIMULATED_PVLIB,16996.66458372504,16996.66458372504,127474.98,126837.61,14029.24,81369.59,0.2656,0.7415,6.3737,9.14,100.0,1265.1724137931035,7.3104825,0.99625,52.36886326279641,0.9042089785802125,0.82,0.2656,6.470196859619719,83.52980314038028,128.90618034703948,1.0060832711812668,5.655095929791605,930.4709629131544
2024-05-19,Khavda Renewable Energy Park,SIMULATED,SIMULATED_PVLIB,17603.02935668405,17603.02935668405,132022.72,131362.61,14176.76,82225.21,0.275,0.7492,6.6011,9.71,100.0,1259.4827586206898,7.28065,0.9966666666666667,49.65224781722634,0.9137171326397078,0.82,0.275,6.341044246298878,83.65895575370112,127.37652562061385,1.0058295494824296,5.653747330913944,928.8874751554949
2024-05-20,Khavda Renewable Energy Park,SIMULATED,SIMULATED_PVLIB,18138.210279713647,18138.210279713647,136036.58,135356.4,14194.26,82326.71,0.2834,0.7502,6.8018,10.29,100.0,1264.8275862068965,7.213733333333333,0.9833333333333333,49.33003293412088,0.9148448847305769,0.82,0.2834,6.221646189995127,83.77835381000487,125.81448837318464,1.005599644669734,5.652284032271102,927.4503429891453
2024-05-21,Khavda Renewable Energy Park,SIMULATED,SIMULATED_PVLIB,17997.360353715856,17997.360353715856,134980.2,134305.3,14120.3,81897.74,0.2812,0.7463,6.749,10.86,100.0,1255.344827586207,7.253696249999999,0.99625,50.6919666709339,0.9100781166517313,0.82,0.2812,6.112025257474414,83.88797474252559,124.2250708973935,1.0053924986659053,5.650713509984478,925.8582266692341
2024-05-22,Khavda Renewable Energy Park,SIMULATED,SIMULATED_PVLIB,16490.224948482683,16490.224948482683,123676.69,123058.31,14117.44,81881.15,0.2577,0.7461,6.1838,11.43,100.0,1266.2068965517242,7.334820000000001,0.99875,50.74470725303901,0.9098935246143635,0.82,0.2577,6.012165742320349,83.98783425767965,122.61387890403267,1.0052070718790858,5.649043122337259,924.5245566123493
2024-05-23,Khavda Renewable Energy Park,SIMULATED,SIMULATED_PVLIB,17014.193061864076,17014.193061864076,127606.45,126968.42,14168.04,82174.63,0.2658,0.7488,6.3803,12.0,100.0,1265.0,7.337,1.0,49.8128191337737,0.9131551330317921,0.82,0.2658,5.922011477946242,84.07798852205376,120.98706482203079,1.005042344801939,5.647280096658403,923.0711888307558
2024-05-24,Khavda Renewable Energy Park,SIMULATED,SIMULATED_PVLIB,19583.991201232562,19583.991201232562,146879.93,146145.53,14229.14,82529.01,0.306,0.752,7.344,4.0,100.0,1266.3793103448277,7.0328375,0.9575,48.68777664160354,0.9170927817543876,0.82,0.306,5.841464275590525,84.15853572440948,119.35125255597097,1.004897319363141,5.645431518039459,921.6711933176803
2024-05-25,Khavda Renewable Energy Park,SIMULATED,SIMULATED_PVLIB,18986.66462692393,18986.66462692393,142399.98,141687.98,14226.33,82512.71,0.2967,0.7519,7.12,4.57,100.0,1253.9655172413793,6.748737916666667,0.9279166666666667,48.73947070231347,0.9169118525419029,0.82,0.2967,5.770383030635429,84.22961696936457,117.71344575126409,1.004771019901622,5.643504320730355,920.1341459850108
2024-05-26,Khavda Renewable Energy Park,SIMULATED,SIMULATED_PVLIB,18861.355653154544,18861.355653154544,141460.17,140752.87,14350.22,83231.28,0.2947,0.7584,7.073,5.14,100.0,1231.896551724138,6.394775,0.895,46.45804114153161,0.9248968560046393,0.82,0.2947,5.708583492515629,84.29141650748437,116.08092183651712,1.0046624936155115,5.641505283178739,918.5098814030047
2024-05-27,Khavda Renewable Energy Park,SIMULATED,SIMULATED_PVLIB,18500.815314000065,18500.815314000065,138756.11,138062.33,14337.81,83159.3,0.2891,0.7578,6.9378,5.71,100.0,1257.7586206896551,7.027516666666667,0.9633333333333334,46.68659776640644,0.9240969078175775,0.82,0.2891,5.655838655785857,84.34416134421414,114.46111429016958,1.0045708103484772,5.639441027604013,917.4741687291025
2024-05-28,Khavda Renewable Energy Park,SIMULATED,SIMULATED_PVLIB,18421.209539255036,18421.209539255036,138159.07,137468.27,14435.58,83726.36,0.2878,0.7629,6.908,6.29,100.0,1253.2758620689656,6.5723875000000005,0.9041666666666667,44.88620608135735,0.9303982787152493,0.82,0.2878,5.611879745722121,84.38812025427788,112.86148612160275,1.00449506168067,5.6373180243070085,916.1116007225413
2024-05-29,Khavda Renewable Energy Park,SIMULATED,SIMULATED_PVLIB,18676.10584985734,18676.10584985734,140070.79,139370.44,14430.79,83698.58,0.2918,0.7627,7.0035,6.86,100.0,1277.0689655172414,5.62623375,0.7595833333333333,44.97438075594345,0.930089667354198,0.82,0.2918,5.576397839966674,84.42360216003333,111.2893985494133,1.004434359475737,5.6351425997036975,915.1100140020671
2024-05-30,Khavda Renewable Energy Park,SIMULATED,SIMULATED_PVLIB,18168.790103239422,18168.790103239422,136265.93,135584.6,14356.28,83266.42,0.2839,0.7587,6.8133,7.43,100.0,1245.344827586207,5.351039166666666,0.7408333333333333,46.34638978953615,0.9252876357366235,0.82,0.2839,5.549046230549223,84.45095376945078,109.75198000953236,1.004387834197712,5.632920946005431,913.4893369891099
2024-05-31,Khavda Renewable Energy Park,SIMULATED,SIMULATED_PVLIB,18130.32309018801,18130.32309018801,135977.42,135297.53,14324.03,83079.37,0.2833,0.757,6.7989,8.0,100.0,1249.8275862068965,5.225320833333333,0.7208333333333333,46.940372883908765,0.9232086949063193,0.82,0.2833,5.529443646961752,84.47055635303825,108.2560014584435,1.0043546333890803,5.630659129963532,912.325044469011
2024-06-01,Khavda Renewable Energy Park,SIMULATED,SIMULATED_PVLIB,18869.859279914606,18869.859279914606,141523.94,140816.32,14334.28,83138.82,0.2948,0.7576,7.0762,1.71,97.0,1210.6896551724137,5.401088333333334,0.7691666666666668,46.75149814283993,0.9238697565000602,0.82,0.2948,5.51717839287106,84.48282160712894,106.80776439842958,1.0043339206361057,5.628363098530928,910.6834458868327
2024-06-02,Khavda Renewable Energy Park,SIMULATED,SIMULATED_PVLIB,18748.075146949595,18748.075146949595,140610.56,139907.51,14151.08,82076.26,0.2929,0.7479,7.0305,1.83,100.0,1230.344827586207,6.416453333333333,0.8991666666666667,50.12523050342463,0.9120616932380138,0.82,0.2929,5.511813388312319,84.48818661168768,105.41300785425057,1.004324875294347,5.626038679649946,909.7651383096537
2024-06-03,Khavda Renewable Energy Park,SIMULATED,SIMULATED_PVLIB,19441.182625828118,19441.182625828118,145808.87,145079.83,14166.33,82164.71,0.3038,0.7487,7.2904,1.94,100.0,1260.344827586207,7.0267375,0.96125,49.844249917419035,0.9130451252890334,0.82,0.3038,5.512892024803193,84.4871079751968,104.07683971207416,1.0043266931445207,5.623691577056923,909.0038531993885
2024-06-04,Khavda Renewable Energy Park,SIMULATED,SIMULATED_PVLIB,20000.0,20000.0,150000.0,149250.0,14298.0,82928.4,0.3125,0.7557,7.5,2.06,100.0,1210.0,5.900968333333333,0.8408333333333333,47.4196233904331,0.9215313181334841,0.82,0.3125,5.519944685862228,84.48005531413777,102.8036956737426,1.0043385880787743,5.621327358459528,907.3385690816477
2024-06-05,Khavda Renewable Energy Park,SIMULATED,SIMULATED_PVLIB,18181.760395145408,18181.760395145408,136363.2,135681.38,14395.25,83492.45,0.2841,0.7608,6.8182,2.17,99.0,1163.9655172413793,5.3642320833333335,0.7945833333333333,45.628725379850884,0.9277994611705219,0.82,0.2841,5.532495686879258,84.46750431312074,101.59732568101253,1.004359794750923,5.618951437537988,905.7617785421386
2024-06-06,Khavda Renewable Energy Park,SIMULATED,SIMULATED_PVLIB,19416.14589633136,19416.14589633136,145621.09,144892.98,14285.52,82856.02,0.3034,0.755,7.2811,2.29,100.0,1186.896551724138,5.650616666666667,0.8208333333333333,47.64940953672924,0.9207270666214477,0.82,0.3034,5.5500702721869715,84.44992972781303,100.46080386544895,1.0043895719013032,5.616569051682046,905.0317028775685
2024-06-07,Khavda Renewable Energy Park,SIMULATED,SIMULATED_PVLIB,18681.568429926123,18681.568429926123,140111.76,139411.2,14219.19,82471.3,0.2919,0.7515,7.0056,2.4,100.0,1167.0689655172414,6.030050833333334,0.8908333333333334,48.870895903039454,0.9164518643393619,0.82,0.2919,5.572201249453599,84.4277987505464,99.39655557465659,1.0044272059132269,5.614185238376432,903.8408509823844
2024-06-08,Khavda Renewable Energy Park,SIMULATED,SIMULATED_PVLIB,19848.08752530451,19848.08752530451,148860.66,148116.36,14277.13,82807.35,0.3101,0.7546,7.443,0.8,100.0,1128.6206896551726,5.264075,0.8041666666666667,47.80401883500614,0.9201859340774785,0.82,0.3101,5.5984348616104285,84.40156513838957,98.40639522612855,1.004472014110989,5.611804813445425,902.4728392304992
2024-06-09,Khavda Renewable Energy Park,SIMULATED,SIMULATED_PVLIB,19438.331135059743,19438.331135059743,145787.48,145058.54,14221.13,82482.55,0.3037,0.7516,7.2894,0.91,100.0,1207.9310344827586,6.6644575,0.95125,48.835217823159624,0.9165767376189413,0.82,0.3037,5.628335633807055,84.37166436619295,97.49157112182473,1.0045233474489872,5.609432353441205,902.525751476252
2024-06-10,Khavda Renewable Energy Park,SIMULATED,SIMULATED_PVLIB,19924.04083541107,19924.04083541107,149430.31,148683.16,14287.15,82865.47,0.3113,0.7551,7.4715,1.03,100.0,1220.1724137931035,6.28378625,0.8879166666666667,47.619488539151064,0.9208317901129712,0.82,0.3113,5.66149011359758,84.33850988640242,96.65281597372024,1.004580592461342,5.607072183012209,901.8357918486909
2024-06-11,Khavda Renewable Energy Park,SIMULATED,SIMULATED_PVLIB,20000.0,20000.0,150000.0,149250.0,14303.32,82959.26,0.3125,0.7559,7.5,1.14,100.0,1236.896551724138,6.014203333333334,0.8383333333333334,47.32175302140279,0.9218738644250902,0.82,0.3125,5.697509574616419,84.30249042538358,95.89040276729497,1.0046431725330174,5.6047283668294305,901.2416962998517
2024-06-12,Khavda Renewable Energy Park,SIMULATED,SIMULATED_PVLIB,19632.930081128874,19632.930081128874,147246.98,146510.75,14350.66,83233.83,0.3068,0.7584,7.3623,1.26,100.0,1188.448275862069,5.896387083333334,0.8554166666666667,46.44990069278607,0.9249253475752488,0.82,0.3068,5.7360318365163465,84.26396816348365,95.20420446878757,1.0047105486514667,5.602404705007189,899.9283889213643
2024-06-13,Khavda Renewable Energy Park,SIMULATED,SIMULATED_PVLIB,20000.0,20000.0,150000.0,149250.0,14473.3,83945.14,0.3125,0.7649,7.5,1.37,100.0,946.7241379310345,3.2648570833333337,0.5945833333333335,44.191605683971474,0.9328293801060998,0.82,0.3125,5.77672237780007,84.22327762219993,94.59375448239581,1.0047822198173937,5.600104730829555,896.3962115058288
2024-06-14,Khavda Renewable Energy Park,SIMULATED,SIMULATED_PVLIB,18259.126925615703,18259.126925615703,136943.45,136258.73,14472.51,83940.56,0.2853,0.7649,6.8472,1.49,100.0,940.0,3.6369383333333336,0.6670833333333334,44.206130819714794,0.9327785421309982,0.82,0.2853,5.819274918401575,84.18072508159842,94.05830440639056,1.0048577232887097,5.597831709626827,895.6614938426301
2024-06-15,Khavda Renewable Energy Park,SIMULATED,SIMULATED_PVLIB,20000.0,20000.0,150000.0,149250.0,14319.42,83052.64,0.3125,0.7568,7.5,1.6,100.0,1028.103448275862,4.241183749999999,0.7112499999999999,47.02516791184834,0.9229119123085308,0.82,0.3125,5.863411643395082,84.13658835660492,93.59687683873926,1.0049366348294078,5.595588637665655,896.0831061892275
2024-06-16,Khavda Renewable Energy Park,SIMULATED,SIMULATED_PVLIB,19409.673742327614,19409.673742327614,145572.55,144844.69,14176.23,82222.13,0.3033,0.7492,7.2786,1.71,100.0,1110.344827586207,4.961483333333335,0.7704166666666667,49.661986286124986,0.9136830479985626,0.82,0.3033,5.908883219197023,84.09111678080298,93.20831258812473,1.0050185691149305,5.591591564146553,896.2150351723171
2024-06-17,Khavda Renewable Energy Park,SIMULATED,SIMULATED_PVLIB,19903.445840398228,19903.445840398228,149275.84,148529.46,14256.56,82688.05,0.311,0.7535,7.4638,1.83,100.0,1041.5517241379312,4.5206816666666665,0.7483333333333333,48.182795679194726,0.9188602151228185,0.82,0.311,5.955468705704192,84.04453129429581,92.8913124271063,1.005103180378344,5.587631275054331,894.6251892860922
2024-06-18,Khavda Renewable Energy Park,SIMULATED,SIMULATED_PVLIB,18772.10626535462,18772.10626535462,140790.8,140086.85,14425.06,83665.35,0.2933,0.7624,7.0395,1.94,100.0,984.6551724137931,3.274306666666668,0.5733333333333335,45.079792779579556,0.9297207252714715,0.82,0.2933,6.002975394773642,83.99702460522636,92.64447344409564,1.0051901632658131,5.583709892340947,893.2219604320084
2024-06-19,Khavda Renewable Energy Park,SIMULATED,SIMULATED_PVLIB,12137.990287048964,12137.990287048964,91034.93,90579.76,9226.3,53512.54,0.1897,0.4876,4.5517,2.06,100.0,1084.1379310344828,1.75802,0.2795833333333333,44.94606385891307,0.9301887764938043,0.82,0.1897,6.051238537369088,83.94876146263091,92.46632003434769,1.0052792537553426,5.579829252296645,893.6976228279515
2024-06-20,Khavda Renewable Energy Park,SIMULATED,SIMULATED_PVLIB,19457.359206856872,19457.359206856872,145930.19,145200.54,14375.18,83376.04,0.304,0.7597,7.2965,2.17,100.0,1214.1379310344828,3.984598333333334,0.5658333333333334,45.99843281777685,0.926505485137781,0.82,0.304,6.100120885757889,83.89987911424211,92.35533020031642,1.005370229929504,5.575990901210011,894.5782409198673
2024-06-21,Khavda Renewable Energy Park,SIMULATED,SIMULATED_PVLIB,10607.777003428964,10607.777003428964,79558.33,79160.54,7884.62,45730.8,0.1657,0.4167,3.9779,2.29,100.0,1043.9655172413793,1.50618125,0.24875000000000003,45.618491023819075,0.9278352814166333,0.82,0.1657,6.149511999428299,83.8504880005717,92.3099585042662,1.0054629124342334,5.572196093074508,891.9909786652954
2024-06-22,Khavda Renewable Energy Park,SIMULATED,SIMULATED_PVLIB,19144.302649014007,19144.302649014007,143582.27,142864.36,14119.18,81891.24,0.2991,0.7462,7.1791,2.4,100.0,1154.3103448275863,4.934772916666667,0.7370833333333333,50.71253483046274,0.9100061280933804,0.82,0.2991,6.199327292660712,83.80067270733929,92.32865666065936,1.0055571645132315,5.5684457900492585,892.736590482607
2024-06-23,Khavda Renewable Energy Park,SIMULATED,SIMULATED_PVLIB,19993.50332178277,19993.50332178277,149951.27,149201.51,14169.83,82185.01,0.3124,0.7489,7.4976,0.8,100.0,1123.6206896551726,5.688797916666667,0.8729166666666667,49.7799233540899,0.9132702682606854,0.82,0.3124,6.24950683886189,83.75049316113811,92.40989114050188,1.0056528915840213,5.564740665882828,891.8780069535686
2024-06-24,Khavda Renewable Energy Park,SIMULATED,SIMULATED_PVLIB,15252.643660099064,15252.643660099064,114394.83,113822.86,11799.31,68436.0,0.2383,0.6236,5.7197,0.91,100.0,1096.7241379310344,2.2740575,0.35750000000000004,47.957176303370886,0.9196498829382019,0.82,0.2383,6.3000139548151,83.6999860451849,92.55215551896157,1.005750040346922,5.561081112345512,891.1112825518346
2024-06-25,Khavda Renewable Energy Park,SIMULATED,SIMULATED_PVLIB,6391.619253730003,6391.619253730003,47937.14,47697.45,4554.99,26418.94,0.0999,0.2407,2.3969,1.03,100.0,1001.2068965517242,0.8758891666666663,0.15083333333333326,47.36163686229534,0.9217342709819663,0.82,0.0999,6.350833553352473,83.64916644664753,92.7539752471439,1.0058485973609066,5.557467249089919,889.5882033830493
2024-06-26,Khavda Renewable Energy Park,SIMULATED,SIMULATED_PVLIB,1338.963757726589,1338.963757726589,10042.23,9992.02,982.98,5701.28,0.0209,0.052,0.5021,1.14,100.0,779.4827586206897,0.18837500000000082,0.04166666666666685,46.460433551058536,0.9248884825712951,0.82,0.0209,6.401970268109139,83.59802973189086,93.01390442429698,1.0059485870549107,5.553898937134766,886.634168133106
2024-06-27,Khavda Renewable Energy Park,SIMULATED,SIMULATED_PVLIB,6271.778136466842,6271.778136466842,47038.34,46803.15,4639.17,26907.19,0.098,0.2452,2.3519,1.26,100.0,962.9310344827586,0.9168708333333334,0.16416666666666668,54.48324300787032,0.8968086494724539,0.82,0.098,6.453446377661095,83.5465536223389,93.33051678468212,1.006050069195548,5.550375795827349,888.4722164754801
2024-06-28,Khavda Renewable Energy Park,SIMULATED,SIMULATED_PVLIB,8748.8316922392,8748.8316922392,65616.24,65288.16,6736.62,39072.4,0.1367,0.356,3.2808,1.37,100.0,968.448275862069,1.3036120833333331,0.2320833333333333,49.020508364273255,0.9159282207250437,0.82,0.1367,6.5052996559294485,83.49470034407055,93.7023946309888,1.0061531360381963,5.546897221803055,888.2730454438008
2024-06-29,Khavda Renewable Energy Park,SIMULATED,SIMULATED_PVLIB,2049.00284598975,2049.00284598975,15367.52,15290.68,1487.41,8626.98,0.032,0.0786,0.7684,1.49,100.0,687.7586206896552,0.28089208333333426,0.0704166666666669,42.55651252588118,0.9385522061594158,0.82,0.032,6.557581335207061,83.44241866479294,94.12811911771695,1.0062579095270217,5.543462407565043,884.7682571245202
2024-06-30,Khavda Renewable Energy Park,SIMULATED,SIMULATED_PVLIB,1272.453448130751,1272.453448130751,9543.4,9495.68,1012.02,5869.72,0.0199,0.0535,0.4772,1.6,100.0,682.9310344827586,0.19144833333333247,0.04833333333333312,43.021252666698786,0.9369256156665542,0.82,0.0199,6.610354409807471,83.38964559019253,94.6062637331039,1.0063645390200173,5.5400703565968135,884.5401630753647
2024-07-01,Khavda Renewable Energy Park,SIMULATED,SIMULATED_PVLIB,6809.408506930476,6809.408506930476,51070.56,50815.21,4933.38,28613.6,0.1064,0.2607,2.5535,1.71,100.0,929.6551724137931,0.9503400000000002,0.17625000000000002,47.82977932574789,0.9200957723598824,0.82,0.1064,6.663692460405358,83.33630753959464,95.13539131101754,1.0064731999485697,5.536719892360896,887.3036268216113
2024-07-02,Khavda Renewable Energy Park,SIMULATED,SIMULATED_PVLIB,370.30836916622496,370.30836916622496,2777.31,2763.42,286.66,1662.63,0.0058,0.0151,0.1389,1.83,100.0,536.2068965517242,0.05312916666666599,0.017083333333333117,37.48573959481864,0.9562999114181348,0.82,0.0058,6.717679082718718,83.28232091728128,95.71405398190257,1.0065840936481374,5.533409659665785,882.6147229113355
2024-07-03,Khavda Renewable Energy Park,SIMULATED,SIMULATED_PVLIB,7836.540799729486,7836.540799729486,58774.06,58480.19,5792.17,33594.59,0.1224,0.3061,2.9387,1.94,100.0,1000.344827586207,1.1047975,0.19041666666666668,45.21811597337822,0.9292365940931763,0.82,0.1224,6.772407906982437,83.22759209301756,96.34079485394034,1.0066974484086377,5.530138118106297,888.0139699946853
2024-07-04,Khavda Renewable Energy Park,SIMULATED,SIMULATED_PVLIB,839.662669498085,839.662669498085,6297.47,6265.98,624.57,3622.51,0.0131,0.033,0.3149,2.06,100.0,968.6206896551724,0.11938249999999996,0.02124999999999999,45.77977407197149,0.9272707907480998,0.82,0.0131,6.827983085140971,83.17201691485903,97.01414961213464,1.0068135215655716,5.526903528758498,887.6498564780966
2024-07-05,Khavda Renewable Energy Park,SIMULATED,SIMULATED_PVLIB,435.24095196799504,435.24095196799504,3264.31,3247.99,312.02,1809.72,0.0068,0.0165,0.1632,2.17,100.0,878.2758620689656,0.05943000000000081,0.011666666666666825,44.841718268158566,0.930553986061445,0.82,0.0068,6.884520023778933,83.11547997622107,97.73264592190321,1.0069326022314664,5.523703936742887,886.6425362601183
2024-07-06,Khavda Renewable Energy Park,SIMULATED,SIMULATED_PVLIB,6505.329495717145,6505.329495717145,48789.97,48546.02,4858.89,28181.56,0.1016,0.2568,2.4395,2.29,100.0,987.7586206896552,0.9214141666666663,0.16083333333333327,43.670795601249,0.9346522153956285,0.82,0.1016,6.942146106962397,83.0578538930376,98.49479908962542,1.007055014168575,5.5205371529024285,888.0181776273915
2024-07-07,Khavda Renewable Energy Park,SIMULATED,SIMULATED_PVLIB,19115.75443194634,19115.75443194634,143368.16,142651.32,14520.22,84217.28,0.2987,0.7674,7.1684,2.4,100.0,975.5172413793103,2.770062500000001,0.4895833333333335,43.32749071736386,0.9358537824892265,0.82,0.2987,7.001001126376778,82.99899887362322,99.29910404010718,1.0071811182132318,5.517400738421343,888.0102149251376
2024-07-08,Khavda Renewable Energy Park,SIMULATED,SIMULATED_PVLIB,6155.881574639443,6155.881574639443,46169.11,45938.26,4574.27,26530.77,0.0962,0.2418,2.3085,0.8,100.0,755.8620689655172,0.869493333333333,0.19833333333333325,44.30144307632376,0.9324449492328668,0.82,0.0962,7.061237239725628,82.93876276027437,100.14402529573681,1.0073113138472969,5.514291995003611,885.614335271917
2024-07-09,Khavda Renewable Energy Park,SIMULATED,SIMULATED_PVLIB,1376.579126306337,1376.579126306337,10324.34,10272.72,971.42,5634.24,0.0215,0.0513,0.5162,0.91,100.0,657.7586206896552,0.18439166666666584,0.04833333333333312,43.92696198609152,0.9337556330486797,0.82,0.0215,7.1230184031161485,82.87698159688385,101.02798728186337,1.007446039756984,5.5112079616392995,884.6824160032944
2024-07-10,Khavda Renewable Energy Park,SIMULATED,SIMULATED_PVLIB,15963.995939006256,15963.995939006256,119729.97,119131.32,11523.71,66837.52,0.2494,0.609,5.9865,1.03,100.0,972.9310344827586,2.2407412500000006,0.39708333333333345,50.27885656907387,0.9115240020082415,0.82,0.2494,7.186519345372133,82.81348065462787,101.94936659772497,1.0075857734765554,5.508145417320551,888.6301251039372
2024-07-11,Khavda Renewable Energy Park,SIMULATED,SIMULATED_PVLIB,13256.008842361118,13256.008842361118,99420.07,98922.97,9848.06,57118.75,0.2071,0.5205,4.971,1.14,100.0,991.8965517241379,1.8721220833333334,0.3254166666666667,44.3255371402653,0.9323606200090715,0.82,0.2071,7.251924250036922,82.74807574996308,102.90648659287774,1.0077310304365452,5.505100887633592,889.1474138050546
2024-07-12,Khavda Renewable Energy Park,SIMULATED,SIMULATED_PVLIB,18177.47536697395,18177.47536697395,136331.07,135649.41,13458.97,78062.03,0.284,0.7113,6.8166,1.26,100.0,892.5862068965517,2.521630416666667,0.4870833333333334,40.424424583407884,0.9460145139580725,0.82,0.284,7.3194252906485815,82.68057470935142,103.89761388497993,1.0078823627102087,5.50207065332681,888.3171493693443
2024-07-13,Khavda Renewable Energy Park,SIMULATED,SIMULATED_PVLIB,17280.80458304352,17280.80458304352,129606.03,128958.0,13346.51,77409.76,0.27,0.7054,6.4803,1.37,100.0,876.2068965517242,2.5071200000000005,0.4933333333333334,41.131667053182134,0.9435391653138625,0.82,0.27,7.389221162082762,82.61077883791724,104.92095645459511,1.0080403577631842,5.499050758886773,888.4947423703582
2024-07-14,Khavda Renewable Energy Park,SIMULATED,SIMULATED_PVLIB,15542.946173944085,15542.946173944085,116572.1,115989.24,11321.25,65663.25,0.2429,0.5983,5.8286,1.49,100.0,862.0689655172414,2.139583333333333,0.4279166666666666,42.75763611521994,0.9378482735967302,0.82,0.2429,7.461515705966036,82.53848429403396,105.97466326690414,1.0082056374277932,5.4960370196995285,888.734113683677
2024-07-15,Khavda Renewable Energy Park,SIMULATED,SIMULATED_PVLIB,16018.491138170379,16018.491138170379,120138.68,119537.99,12475.98,72360.68,0.2503,0.6594,6.0069,1.6,100.0,1000.0,2.419083333333334,0.4170833333333335,49.544358381076975,0.9140947456662306,0.82,0.2503,7.536516691772945,82.46348330822705,107.05682530168207,1.0083788572530148,5.493025026833173,890.7888441481716
2024-07-16,Khavda Renewable Energy Park,SIMULATED,SIMULATED_PVLIB,2366.5173767168094,2366.5173767168094,17748.88,17660.14,1709.33,9914.11,0.037,0.0903,0.8874,1.71,100.0,854.8275862068966,0.3284675000000002,0.06625000000000003,47.18286545986541,0.9223599708904711,0.82,0.037,7.6144347570697875,82.38556524293021,108.16547757332137,1.0085607062546014,5.491242368402178,889.751954437809
2024-07-17,Khavda Renewable Energy Park,SIMULATED,SIMULATED_PVLIB,3813.7815445022247,3813.7815445022247,28603.36,28460.34,2809.25,16293.65,0.0596,0.1485,1.4302,1.83,100.0,979.3103448275863,0.5514333333333324,0.09708333333333319,52.727870825575835,0.9029524521104846,0.82,0.0596,7.695482443750279,82.30451755624972,109.29860183274951,1.0087519069321844,5.490683686424734,892.0973229284758
2024-07-18,Khavda Renewable Energy Park,SIMULATED,SIMULATED_PVLIB,3175.3230489052116,3175.3230489052116,23814.92,23695.85,2193.64,12723.11,0.0496,0.1159,1.1907,1.94,100.0,759.1379310344828,0.41828499999999985,0.09499999999999997,45.13638502477259,0.9295226524132959,0.82,0.0496,7.779873237403578,82.22012676259642,110.45413041160634,1.0089532153359138,5.490111565760808,890.4390215454147
2024-07-19,Khavda Renewable Energy Park,SIMULATED,SIMULATED_PVLIB,2606.654670737644,2606.654670737644,19549.91,19452.16,1997.92,11587.94,0.0407,0.1056,0.9775,2.06,100.0,860.344827586207,0.3846458333333325,0.07708333333333317,47.677332266377846,0.9206293370676776,0.82,0.0407,7.867820549161365,82.13217945083863,111.62995242500881,1.0091654210218257,5.489520766604571,892.576136059449
2024-07-20,Khavda Renewable Energy Park,SIMULATED,SIMULATED_PVLIB,12799.472034987743,12799.472034987743,95996.04,95516.06,9527.05,55256.89,0.2,0.5035,4.7998,2.17,100.0,846.7241379310345,1.83548625,0.37375,47.86514893308217,0.9199719787342124,0.82,0.2,7.9595366443402895,82.04046335565971,112.82392326259736,1.0093893468771158,5.488905829501897,893.3987831690591
2024-07-21,Khavda Renewable Energy Park,SIMULATED,SIMULATED_PVLIB,18914.897774755667,18914.897774755667,141861.73,141152.42,14034.44,81399.75,0.2955,0.7417,7.0931,2.29,95.0,993.2758620689656,2.8492945833333336,0.4945833333333334,52.27299067767977,0.9045445326281207,0.82,0.2955,8.055231537403927,81.94476846259607,114.03387676142967,1.009625848829733,5.488261078274397,896.1263635740971
2024-07-22,Khavda Renewable Energy Park,SIMULATED,SIMULATED_PVLIB,3032.694728264459,3032.694728264459,22745.21,22631.48,2177.81,12631.3,0.0474,0.1151,1.1373,2.4,100.0,795.1724137931035,0.4170016666666673,0.09041666666666681,46.24128320786895,0.9256555087724587,0.82,0.0474,8.155111791922025,81.84488820807798,115.25763775496728,1.0098758152522738,5.487580625049298,894.8452768696352
2024-07-23,Khavda Renewable Energy Park,SIMULATED,SIMULATED_PVLIB,691.2170592047651,691.2170592047651,5184.13,5158.21,521.83,3026.61,0.0108,0.0276,0.2592,0.8,99.0,432.2413793103448,0.09610166666666611,0.03833333333333311,35.73797771140787,0.9624170780100725,0.82,0.0108,8.25937904308789,81.74062095691211,116.49303237404035,1.0101401655393745,5.486858380759578,891.6602529505074
2024-07-24,Khavda Renewable Energy Park,SIMULATED,SIMULATED_PVLIB,3630.8713479669073,3630.8713479669073,27231.54,27095.38,2642.31,15325.4,0.0567,0.1396,1.3616,0.91,100.0,875.6896551724138,0.49520250000000016,0.09750000000000003,40.50490142538334,0.9457328450111583,0.82,0.0567,8.368228029755898,81.6317719702441,117.73789510615688,1.010419847199684,5.4860880753572,897.9442539893325
2024-07-25,Khavda Renewable Energy Park,SIMULATED,SIMULATED_PVLIB,9005.511526876257,9005.511526876257,67541.34,67203.63,6604.88,38308.3,0.1407,0.3491,3.3771,1.03,100.0,945.1724137931035,1.2425866666666667,0.22666666666666668,41.5375483864469,0.9421185806474358,0.82,0.1407,8.481844076379417,81.51815592362058,118.99007414259347,1.0107158311272892,5.485263289878811,899.8722564391362
2024-07-26,Khavda Renewable Energy Park,SIMULATED,SIMULATED_PVLIB,2470.8442931452973,2470.8442931452973,18531.33,18438.67,1799.17,10435.19,0.0386,0.0951,0.9266,1.14,100.0,627.7586206896552,0.33375833333333416,0.0916666666666669,37.72926695994012,0.9554475656402096,0.82,0.0386,8.60040025388858,81.39959974611142,120.24743809409199,1.0110291054398581,5.484377497836313,897.2914011746357
2024-07-27,Khavda Renewable Energy Park,SIMULATED,SIMULATED_PVLIB,2201.079058753353,2201.079058753353,16508.09,16425.55,1652.81,9586.3,0.0344,0.0874,0.8254,1.26,100.0,752.5862068965517,0.3091874999999994,0.07083333333333319,40.00728500757329,0.9474745024734935,0.82,0.0344,8.724054696763886,81.27594530323611,121.50788660105906,1.0113606689815045,5.483424108829154,899.9107080863132
2024-07-28,Khavda Renewable Energy Park,SIMULATED,SIMULATED_PVLIB,36.04685551257648,36.04685551257648,270.35,269.0,26.87,155.85,0.0006,0.0014,0.0135,1.37,99.0,700.344827586207,0.005077499999999892,0.0012499999999999734,42.71321192034489,0.9380037582787929,0.82,0.0006,8.852948594370162,81.14705140562984,122.76936516268711,1.0117115258355804,5.482396505702118,900.4756244731265
2024-07-29,Khavda Renewable Energy Park,SIMULATED,SIMULATED_PVLIB,20.646375254904516,20.646375254904516,154.85,154.08,15.98,92.68,0.0003,0.0008,0.0077,1.49,100.0,622.5862068965517,0.0030091666666659344,0.0008333333333331305,41.79219803730388,0.9412273068694365,0.82,0.0003,8.987205179999634,81.01279482000037,124.02988222545326,1.0120826818305273,5.481288068931168,900.7595413348133
2024-07-30,Khavda Renewable Energy Park,SIMULATED,SIMULATED_PVLIB,4159.583677083573,4159.583677083573,31196.88,31040.9,3056.26,17726.31,0.065,0.1615,1.5598,1.6,100.0,665.6896551724138,0.5775412499999999,0.1495833333333333,42.73172608780865,0.9379389586926697,0.82,0.065,9.126929739449224,80.87307026055078,125.28752556919852,1.0124751433142058,5.480092186497299,902.475249477092
2024-07-31,Khavda Renewable Energy Park,SIMULATED,SIMULATED_PVLIB,8453.694647695647,8453.694647695647,63402.71,63085.7,6160.62,35731.6,0.1321,0.3256,3.1701,1.71,100.0,818.6206896551724,1.1593033333333338,0.24416666666666675,41.60618556577103,0.9418783505198014,0.82,0.1321,9.27221042462567,80.72778957537433,126.5404755585385,1.0128899178502786,5.4788022515192045,905.4919642564885
2024-08-01,Khavda Renewable Energy Park,SIMULATED,SIMULATED_PVLIB,3187.545660589365,3187.545660589365,23906.59,23787.06,2373.21,13764.62,0.0498,0.1254,1.1953,1.83,100.0,950.6896551724138,0.4457149999999987,0.08083333333333309,41.07762960641819,0.9437282963775363,0.82,0.0498,9.423119570159074,80.57688042984093,127.78701415666023,1.0133280162053595,5.47741165174484,908.2775388333673
2024-08-02,Khavda Renewable Energy Park,SIMULATED,SIMULATED_PVLIB,0.0,0.0,0.0,0.0,0.0,0.0,0.0,0.0,0.0,1.94,100.0,576.3793103448276,0.0,0.0,36.23917324235409,0.9606628936517607,0.82,0.0,9.57971523595512,80.42028476404488,129.02552981939647,1.0137904549936732,5.475913755005322,905.1442368653422
2024-08-03,Khavda Renewable Energy Park,SIMULATED,SIMULATED_PVLIB,69.88772443934778,69.88772443934778,524.16,521.54,50.31,291.8,0.0011,0.0027,0.0262,2.06,100.0,642.0689655172414,0.009309999999999803,0.0024999999999999467,37.07526397416045,0.9577365760904384,0.82,0.0011,9.742042753598867,80.25795724640113,130.25451905960006,1.0142782594271509,5.4743018942005985,907.173999448123
2024-08-04,Khavda Renewable Energy Park,SIMULATED,SIMULATED_PVLIB,6016.646688835975,6016.646688835975,45124.85,44899.23,4416.29,25614.48,0.094,0.2334,2.2562,2.17,100.0,763.2758620689656,0.82452875,0.18625000000000003,39.475898087774546,0.9493343566927891,0.82,0.094,9.91013608482541,80.08986391517459,131.4725857569842,1.0147924656316396,5.472569355289369,909.8623231465516
2024-08-05,Khavda Renewable Energy Park,SIMULATED,SIMULATED_PVLIB,2478.8429732055347,2478.8429732055347,18591.32,18498.36,1882.55,10918.79,0.0387,0.0995,0.9296,2.29,100.0,820.5172413793103,0.3549420833333323,0.07458333333333311,42.12490433803432,0.9400628348168799,0.82,0.0387,10.084018867182266,79.91598113281773,132.67843919061107,1.01533412211681,5.470709370923716,911.8082402620958
2024-08-06,Khavda Renewable Energy Park,SIMULATED,SIMULATED_PVLIB,50.778797859597155,50.778797859597155,380.84,378.94,38.09,220.92,0.0008,0.002,0.019,2.4,100.0,482.4137931034483,0.006994999999999851,0.0024999999999999467,34.96908331680052,0.9651082083911982,0.82,0.0008,10.26370508537704,79.73629491462296,133.87089174001858,1.0159042901236839,5.468715121477105,909.1291318114133
2024-08-07,Khavda Renewable Energy Park,SIMULATED,SIMULATED_PVLIB,5579.457918740192,5579.457918740192,41845.93,41636.7,4275.42,24797.44,0.0872,0.226,2.0923,0.8,100.0,891.0344827586207,0.7988866666666665,0.1545833333333333,39.69971709010353,0.9485509901846376,0.82,0.0872,10.449199432165727,79.55080056783427,135.0488567826551,1.0165040429370817,5.466579742874505,915.1986887159323
2024-08-08,Khavda Renewable Energy Park,SIMULATED,SIMULATED_PVLIB,8740.912199499431,8740.912199499431,65556.84,65229.06,6607.05,38320.89,0.1366,0.3492,3.2778,0.91,100.0,910.8620689655173,1.241505,0.235,41.214354404149006,0.9432497595854785,0.82,0.1366,10.640497491990175,79.35950250800983,136.21134693542643,1.0171344644931588,5.464296339078233,916.7165727900606
2024-08-09,Khavda Renewable Energy Park,SIMULATED,SIMULATED_PVLIB,2550.777225996726,2550.777225996726,19130.83,19035.18,1901.6,11029.28,0.0399,0.1005,0.9565,1.03,100.0,766.0344827586207,0.3554399999999998,0.07999999999999996,39.78727563581799,0.948244535274637,0.82,0.0399,10.837585888698413,79.16241411130159,137.35747247715216,1.0177966476922307,5.46185799658018,916.3060678698333
2024-08-10,Khavda Renewable Energy Park,SIMULATED,SIMULATED_PVLIB,2503.9186024159035,2503.9186024159035,18779.39,18685.49,1773.32,10285.26,0.0391,0.0937,0.939,1.14,100.0,1016.2068965517242,0.33399333333333453,0.056666666666666865,41.84014352463459,0.9410594976637789,0.82,0.0391,11.04044252254974,78.95955747745026,138.48643951920212,1.0184916928377539,5.459257798197718,920.5198634731721
2024-08-11,Khavda Renewable Energy Park,SIMULATED,SIMULATED_PVLIB,2967.996111622833,2967.996111622833,22259.97,22148.67,2224.66,12903.03,0.0464,0.1176,1.113,1.26,100.0,799.8275862068966,0.4136441666666675,0.08916666666666684,38.35925913783522,0.9532425930175767,0.82,0.0464,11.249036957154374,78.75096304284563,139.5975475998705,1.0192207064625702,5.4564888345067395,919.266135761365
2024-08-12,Khavda Renewable Energy Park,SIMULATED,SIMULATED_PVLIB,3675.250530585458,3675.250530585458,27564.38,27426.56,2654.08,15393.66,0.0574,0.1403,1.3782,1.37,100.0,856.0344827586207,0.49856875000000017,0.10041666666666671,41.13363250286109,0.9435322862399862,0.82,0.0574,11.463330996079506,78.5366690039205,140.6901863088038,1.0199848007688113,5.4535442114812005,921.1995717618063
2024-08-13,Khavda Renewable Energy Park,SIMULATED,SIMULATED_PVLIB,11387.790277730364,11387.790277730364,85408.43,84981.39,8529.1,49468.78,0.1779,0.4508,4.2704,1.49,100.0,894.1379310344828,1.620625,0.3125,44.20011130965646,0.9327996104162024,0.82,0.1779,11.683279425913142,78.31672057408686,141.76383077297203,1.0207850937094995,5.450417054184469,922.9139986175323
2024-08-14,Khavda Renewable Energy Park,SIMULATED,SIMULATED_PVLIB,1392.3342551761693,1392.3342551761693,10442.51,10390.3,1019.58,5913.56,0.0218,0.0539,0.5221,1.6,100.0,810.8620689655172,0.1920391666666659,0.040833333333333166,41.85081550160617,0.9410221457443784,0.82,0.0218,11.908830864339095,78.0911691356609,142.81803607539103,1.0216227095942383,5.447100507288237,923.1981399107228
2024-08-15,Khavda Renewable Energy Park,SIMULATED,SIMULATED_PVLIB,2561.469039148598,2561.469039148598,19211.02,19114.96,1899.93,11019.59,0.04,0.1004,0.9606,1.71,100.0,921.3793103448276,0.36072000000000004,0.0675,43.987677572267636,0.9335431284970632,0.82,0.04,12.13992863554492,77.86007136445508,143.8524311535781,1.022498780011265,5.443587733763289,925.7413834734716
2024-08-16,Khavda Renewable Energy Park,SIMULATED,SIMULATED_PVLIB,1104.2781738192728,1104.2781738192728,8282.09,8240.68,795.71,4615.12,0.0173,0.0421,0.4141,1.83,100.0,792.0689655172414,0.14930499999999988,0.03249999999999997,40.82711291915478,0.9446051047829582,0.82,0.0173,12.376511643871353,77.62348835612865,144.8667130702911,1.023414445004935,5.441818942603965,925.8019736142851
2024-08-17,Khavda Renewable Energy Park,SIMULATED,SIMULATED_PVLIB,40.610089079046325,40.610089079046325,304.58,303.06,30.55,177.19,0.0006,0.0016,0.0152,1.94,100.0,791.551724137931,0.005738749999999878,0.0012499999999999734,41.09336442419378,0.9436732245153218,0.82,0.0006,12.61851529258989,77.38148470741011,145.86064235024566,1.0243708547338857,5.441790652777391,927.7005507798294
2024-08-18,Khavda Renewable Energy Park,SIMULATED,SIMULATED_PVLIB,7932.985876733213,7932.985876733213,59497.39,59199.9,6170.83,35790.81,0.124,0.3261,2.9749,2.06,100.0,1004.6551724137931,1.1751116666666666,0.20166666666666666,44.78649108202223,0.9307472812129222,0.82,0.124,12.865872459154076,77.13412754084592,146.8340395163782,1.0253691717222742,5.441550139712929,932.0923254730827
2024-08-19,Khavda Renewable Energy Park,SIMULATED,SIMULATED_PVLIB,17008.811722087532,17008.811722087532,127566.09,126928.26,13167.08,76369.06,0.2658,0.6959,6.3783,2.17,100.0,1030.1724137931035,2.5244375,0.4225,46.58021736045288,0.924469239238415,0.82,0.2658,13.118514378780716,76.88148562121928,147.7867821627383,1.026410573163121,5.4410905885834335,934.2769344356612
2024-08-20,Khavda Renewable Energy Park,SIMULATED,SIMULATED_PVLIB,19024.36696038746,19024.36696038746,142682.75,141969.34,14362.5,83302.5,0.2973,0.7591,7.1341,2.29,100.0,1075.1724137931035,4.575665,0.73375,46.231872055699725,0.925688447805051,0.82,0.2973,13.37637107270264,76.62362892729736,148.71880168235288,1.027496251713615,5.440405172866487,936.6778599386735
2024-08-21,Khavda Renewable Energy Park,SIMULATED,SIMULATED_PVLIB,18645.026655262114,18645.026655262114,139837.7,139138.51,14407.61,83564.14,0.2913,0.7614,6.9919,2.4,100.0,943.9655172413793,3.5838437499999998,0.6545833333333333,45.40115189745638,0.9285959683589027,0.82,0.2913,13.639370917845298,76.3606290821547,149.63007927308388,1.0286274127779298,5.439487077249219,937.0016736829431
2024-08-22,Khavda Renewable Energy Park,SIMULATED,SIMULATED_PVLIB,16795.778879086884,16795.778879086884,125968.34,125338.5,12141.4,70420.12,0.2624,0.6417,6.2984,0.8,100.0,914.3103448275863,2.3244816666666672,0.43833333333333346,46.20428271523692,0.9257850104966707,0.82,0.2624,13.907439229570656,76.09256077042934,150.52064172173812,1.0298052671621636,5.438329549500043,938.4997576117486
2024-08-23,Khavda Renewable Energy Park,SIMULATED,SIMULATED_PVLIB,8063.816689930708,8063.816689930708,60478.63,60176.24,5991.47,34750.53,0.126,0.3167,3.0239,0.91,100.0,948.9655172413793,1.14208,0.20750000000000002,45.04826941333538,0.9298310570533261,0.82,0.126,14.180496214170958,75.81950378582904,151.3905579993044,1.0310310200330923,5.436925975073041,940.7343718626219
2024-08-24,Khavda Renewable Energy Park,SIMULATED,SIMULATED_PVLIB,3593.19790969238,3593.19790969238,26948.98,26814.24,2460.24,14269.39,0.0561,0.13,1.3474,1.03,100.0,969.4827586206897,0.46624041666666777,0.08291666666666686,43.495462867036615,0.9352658799653718,0.82,0.0561,14.458455015548552,75.54154498445145,152.23993748812768,1.0323058590345426,5.4352699562498294,942.7851925870578
2024-08-25,Khavda Renewable Energy Park,SIMULATED,SIMULATED_PVLIB,601.7218258111071,601.7218258111071,4512.91,4490.35,466.16,2703.73,0.0094,0.0246,0.2256,1.14,100.0,515.5172413793103,0.08596250000000016,0.028750000000000053,36.100542154152485,0.9611481024604663,0.82,0.0094,14.741220578989768,75.25877942101023,153.0689296155939,1.0336309449506058,5.433355374526155,939.2593204357262
2024-08-26,Khavda Renewable Energy Park,SIMULATED,SIMULATED_PVLIB,0.0,0.0,0.0,0.0,0.0,0.0,0.0,0.0,0.0,1.26,100.0,326.89655172413796,0.0,0.0,32.6032219279556,0.9733887232521554,0.82,0.0,15.02868963627067,74.97131036372933,153.87772380959655,1.035007406880019,5.431176424140689,938.8197287909386
2024-08-27,Khavda Renewable Energy Park,SIMULATED,SIMULATED_PVLIB,0.0,0.0,0.0,0.0,0.0,0.0,0.0,0.0,0.0,1.37,100.0,423.9655172413793,0.0,0.0,32.99126709519499,0.9720305651668175,0.82,0.0,15.320751616322099,74.6792483836779,154.66654828937726,1.036436341722098,5.4287276182994635,941.7031760621215
2024-08-28,Khavda Renewable Energy Park,SIMULATED,SIMULATED_PVLIB,0.0,0.0,0.0,0.0,0.0,0.0,0.0,0.0,0.0,1.49,100.0,303.9655172413793,0.0,0.0,29.982910643166218,0.9825598127489182,0.82,0.0,15.617289991339476,74.38271000866052,155.43566684573238,1.0379188161909403,5.426003779479336,942.0201106525157
2024-08-29,Khavda Renewable Energy Park,SIMULATED,SIMULATED_PVLIB,0.0,0.0,0.0,0.0,0.0,0.0,0.0,0.0,0.0,1.6,100.0,128.10344827586206,0.0,0.0,27.415151233992496,0.9915469706810263,0.82,0.0,15.9181836400776,74.0818163599224,156.18537366736405,1.0394558695741107,5.423000025048951,941.6570624909635
2024-08-30,Khavda Renewable Energy Park,SIMULATED,SIMULATED_PVLIB,0.0,0.0,0.0,0.0,0.0,0.0,0.0,0.0,0.0,1.71,100.0,405.51724137931035,0.0,0.0,31.316086757366918,0.9778936963492157,0.82,0.0,16.223308061089227,73.77669193891077,156.9159870131798,1.0410485164286827,5.419711753258142,946.5753973107344
2024-08-31,Khavda Renewable Energy Park,SIMULATED,SIMULATED_PVLIB,12551.942999636085,12551.942999636085,94139.57,93668.87,9216.02,53452.92,0.1961,0.4871,4.707,1.83,100.0,852.5862068965517,1.73075,0.35,41.05923228339856,0.943792687008105,0.82,0.1961,16.532536450120418,73.46746354987958,157.62784271090493,1.042697749233453,5.4161346294903,953.4520993997322
2024-09-01,Khavda Renewable Energy Park,SIMULATED,SIMULATED_PVLIB,20000.0,20000.0,150000.0,149250.0,14421.72,83645.98,0.3125,0.7622,7.5,1.94,100.0,896.551724137931,2.881666666666667,0.5541666666666667,45.14136862772258,0.929505209802971,0.82,0.3125,16.845740654559478,73.15425934544052,158.32128820842036,1.044404541012665,5.412264572696833,955.5779386894515
2024-09-02,Khavda Renewable Energy Park,SIMULATED,SIMULATED_PVLIB,5705.146482361498,5705.146482361498,42788.6,42574.66,4286.81,24863.5,0.0891,0.2266,2.1394,2.06,100.0,887.2413793103449,0.8255041666666671,0.16041666666666676,47.739082796950115,0.9204132102106746,0.82,0.0891,17.162791930826117,72.83720806917388,158.9966775318121,1.0461698474605396,5.408097744900246,957.0486104359134
2024-09-03,Khavda Renewable Energy Park,SIMULATED,SIMULATED_PVLIB,296.0725320755955,296.0725320755955,2220.54,2209.44,218.0,1264.4,0.0046,0.0115,0.111,2.17,100.0,862.7586206896552,0.04169999999999929,0.008333333333333193,45.97633894104198,0.9265828137063531,0.82,0.0046,17.483561406366206,72.5164385936338,159.65436731169643,1.047994607876468,5.403630547920631,958.3090773242325
2024-09-04,Khavda Renewable Energy Park,SIMULATED,SIMULATED_PVLIB,1674.747107827577,1674.747107827577,12560.6,12497.8,1207.07,7001.01,0.0262,0.0638,0.628,2.29,100.0,344.65517241379314,0.21988999999999997,0.10999999999999999,32.72692078501703,0.9729557772524404,0.82,0.0262,17.80792024733657,72.19207975266343,160.29471384763428,1.0498797446940493,5.398859628501616,953.7547267814597
2024-09-05,Khavda Renewable Energy Park,SIMULATED,SIMULATED_PVLIB,9082.02552324273,9082.02552324273,68115.19,67774.61,6788.39,39372.66,0.1419,0.3588,3.4058,2.4,100.0,959.1379310344828,1.2794899999999998,0.22999999999999998,42.038137767491705,0.940366517813779,0.82,0.1419,18.135739631694918,71.86426036830508,160.91807118703412,1.0518261619606704,5.393781889494322,962.4297069094004
2024-09-06,Khavda Renewable Energy Park,SIMULATED,SIMULATED_PVLIB,19458.693239510423,19458.693239510423,145940.2,145210.5,14492.07,84054.01,0.304,0.7659,7.297,0.8,100.0,1021.8965517241379,3.0104220833333324,0.5079166666666666,43.84598351622632,0.9340390576932078,0.82,0.304,18.466890667175207,71.5331093328248,161.5247899564106,1.0538347434515225,5.38839450282037,964.6069925855217
2024-09-07,Khavda Renewable Energy Park,SIMULATED,SIMULATED_PVLIB,17428.252658463025,17428.252658463025,130711.89,130058.33,14425.22,83666.28,0.2723,0.7624,6.5356,0.91,95.0,961.3793103448277,4.57929,0.82125,45.0769506132393,0.9297306728536625,0.82,0.2723,18.801244339609013,71.19875566039099,162.1152166229533,1.0559063508974722,5.3826949212568485,965.3032272308603
2024-09-08,Khavda Renewable Energy Park,SIMULATED,SIMULATED_PVLIB,20000.0,20000.0,150000.0,149250.0,14420.53,83639.07,0.3125,0.7621,7.5,1.03,100.0,933.1034482758621,3.659865,0.67625,45.16335240663237,0.9294282665767867,0.82,0.3125,19.138671534722377,70.86132846527762,162.68969278607824,1.058041822623296,5.376680887254798,966.3386569111992
2024-09-09,Khavda Renewable Energy Park,SIMULATED,SIMULATED_PVLIB,19667.110687724307,19667.110687724307,147503.33,146765.81,14491.11,84048.44,0.3073,0.7659,7.3752,1.14,100.0,933.9655172413793,3.807699583333333,0.7029166666666666,43.8634975651634,0.9339777585219281,0.82,0.3073,19.479043166945374,70.52095683305463,163.2485542148395,1.060241972879268,5.370350437137174,967.6758806227241
2024-09-10,Khavda Renewable Energy Park,SIMULATED,SIMULATED_PVLIB,19106.60769950114,19106.60769950114,143299.56,142583.06,14486.68,84022.74,0.2985,0.7656,7.165,1.26,100.0,948.1034482758621,4.43586,0.8066666666666668,43.945148394558466,0.9336919806190453,0.82,0.2985,19.822230442527754,70.17776955747225,163.79212951438,1.0625075921497278,5.3637018990756316,969.1281189216261
2024-09-11,Khavda Renewable Energy Park,SIMULATED,SIMULATED_PVLIB,19640.469099348116,19640.469099348116,147303.52,146567.0,14401.08,83526.26,0.3069,0.7611,7.3652,1.37,100.0,974.8275862068966,3.4112466666666674,0.6033333333333335,45.52141074595398,0.928175062389161,0.82,0.3069,20.16810523977871,69.83189476022129,164.32073845614752,1.064839448457613,5.356733884875281,970.6863295560934
2024-09-12,Khavda Renewable Energy Park,SIMULATED,SIMULATED_PVLIB,19477.59720381243,19477.59720381243,146081.98,145351.57,14608.33,84728.31,0.3043,0.7721,7.3041,1.49,100.0,897.0689655172414,3.1239679166666665,0.6004166666666666,41.70502461181085,0.941532413858662,0.82,0.3043,20.516540539741158,69.48345946025884,164.83469013598278,1.0672382893292793,5.349445277707494,970.9785360789833
2024-09-13,Khavda Renewable Energy Park,SIMULATED,SIMULATED_PVLIB,19663.473772075362,19663.473772075362,147476.05,146738.67,14740.0,85492.0,0.3072,0.779,7.3738,1.6,100.0,835.1724137931035,3.001261666666667,0.6195833333333334,39.280378868630834,0.9500186739597921,0.82,0.3072,20.867410859289834,69.13258914071017,165.3342812957202,1.0697048441470036,5.3418352175140225,971.4132850956349
2024-09-14,Khavda Renewable Energy Park,SIMULATED,SIMULATED_PVLIB,20000.0,20000.0,150000.0,149250.0,14630.99,84859.74,0.3125,0.7733,7.5,1.71,100.0,933.2758620689656,3.746247083333334,0.6920833333333334,41.28779628220909,0.9429927130122682,0.82,0.3125,21.22059274064307,68.77940725935693,165.81979513313513,1.0722398273030949,5.333903081750594,973.6778216172477
2024-09-15,Khavda Renewable Energy Park,SIMULATED,SIMULATED_PVLIB,18860.572931148585,18860.572931148585,141454.3,140747.03,14529.79,84272.78,0.2947,0.7679,7.0727,1.83,100.0,971.3793103448277,3.8921550000000003,0.6908333333333333,43.151266114676964,0.9364705685986306,0.82,0.2947,21.57596538269432,68.42403461730568,166.2915009341914,1.074843942868349,5.325648457487618,975.1948239866119
2024-09-16,Khavda Renewable Energy Park,SIMULATED,SIMULATED_PVLIB,20000.0,20000.0,150000.0,149250.0,14608.4,84728.72,0.3125,0.7721,7.5,1.94,100.0,854.3103448275863,3.396239583333334,0.6854166666666668,41.703759551666835,0.9415368415691661,0.82,0.3125,21.933411355979146,68.06658864402085,166.7496545743984,1.0775178905123797,5.3167068900950865,974.7746526549043
2024-09-17,Khavda Renewable Energy Park,SIMULATED,SIMULATED_PVLIB,18600.925549949767,18600.925549949767,139506.94,138809.41,14389.88,83461.3,0.2906,0.7605,6.9753,2.06,100.0,1004.8275862068966,4.742535,0.81375,45.72773590428069,0.9274529243350176,0.82,0.2906,22.292817046126046,67.70718295387395,167.1944997972828,1.0802623700605338,5.307441900322613,977.4410943396693
2024-09-18,Khavda Renewable Energy Park,SIMULATED,SIMULATED_PVLIB,18893.236924713896,18893.236924713896,141699.28,140990.78,14303.89,82962.56,0.2952,0.756,7.085,2.17,100.0,1058.103448275862,5.755994583333333,0.9379166666666666,47.311180346153144,0.921910868788464,0.82,0.2952,22.654072308621792,67.34592769137821,167.62627003631474,1.0830780803507563,5.297853559063306,978.9207953614155
2024-09-19,Khavda Renewable Energy Park,SIMULATED,SIMULATED_PVLIB,19294.240951014122,19294.240951014122,144706.81,143983.28,14265.29,82738.68,0.3015,0.7539,7.2353,2.29,95.0,1081.3793103448277,6.13872,0.97875,48.0220017623446,0.9194229938317939,0.82,0.3015,23.017069026645544,66.98293097335446,168.04519059824463,1.0859657090433084,5.287942151788123,980.0006364356339
2024-09-20,Khavda Renewable Energy Park,SIMULATED,SIMULATED_PVLIB,20000.0,20000.0,150000.0,149250.0,14396.58,83500.16,0.3125,0.7609,7.5,2.4,100.0,1031.896551724138,5.655825,0.945,45.60437911518525,0.9278846730968516,0.82,0.3125,23.38169881126747,66.61830118873253,168.4514811157859,1.0889259140618066,5.277708282809543,980.1792833904516
2024-09-21,Khavda Renewable Energy Park,SIMULATED,SIMULATED_PVLIB,19738.173810200686,19738.173810200686,148036.3,147296.12,14401.83,83530.61,0.3084,0.7611,7.4018,0.8,100.0,1052.5862068965519,4.97303125,0.8145833333333333,45.50757453766866,0.9282234891181597,0.82,0.3084,23.7478506049289,66.2521493950711,168.84535817410506,1.0919593019457692,5.267152993649571,981.1301720361542
2024-09-22,Khavda Renewable Energy Park,SIMULATED,SIMULATED_PVLIB,19063.54358363897,19063.54358363897,142976.58,142261.7,14371.93,83357.19,0.2979,0.7596,7.1488,0.91,100.0,1048.6206896551726,5.684135833333333,0.9345833333333333,46.05823820848034,0.9262961662703189,0.82,0.2979,24.115409039711224,65.88459096028878,169.22703790983383,1.0950664101362857,5.256277855146411,981.7422898122168
2024-09-23,Khavda Renewable Energy Park,SIMULATED,SIMULATED_PVLIB,19265.864174250815,19265.864174250815,144493.98,143771.51,14358.93,83281.79,0.301,0.7589,7.2247,1.03,100.0,1044.4827586206898,3.856926666666667,0.6366666666666667,46.297628543348836,0.9254583000982791,0.82,0.301,24.48425398117253,65.51574601882747,169.59673818092426,1.0982476977186455,5.245085008534271,982.3020038310767
2024-09-24,Khavda Renewable Energy Park,SIMULATED,SIMULATED_PVLIB,17001.55041870551,17001.55041870551,127511.63,126874.07,12457.16,72251.53,0.2656,0.6584,6.3756,1.14,100.0,1039.1379310344828,2.38317625,0.39541666666666664,46.00914114345765,0.9264680059978982,0.82,0.2656,24.85426106428841,65.14573893571159,169.95467991783858,1.1015035442595886,5.233577159104752,982.796911385115
2024-09-25,Khavda Renewable Energy Park,SIMULATED,SIMULATED_PVLIB,19586.795905561838,19586.795905561838,146900.97,146166.47,14383.39,83423.66,0.306,0.7602,7.345,1.26,100.0,1006.0344827586207,4.0310125,0.6908333333333333,45.847122180387416,0.927035072368644,0.82,0.306,25.225302657929433,64.77469734207057,170.301087374124,1.104834252836798,5.221757545721033,982.9158404626673
2024-09-26,Khavda Renewable Energy Park,SIMULATED,SIMULATED_PVLIB,7019.068893119507,7019.068893119507,52643.02,52379.8,5180.3,30045.74,0.1097,0.2738,2.6322,1.37,100.0,998.7931034482759,0.98722375,0.17041666666666666,44.985598706034864,0.930050404528878,0.82,0.1097,25.59724875834779,64.40275124165221,170.63618735033867,1.1082400532111263,5.209629909426898,983.2866364809347
2024-09-27,Khavda Renewable Energy Park,SIMULATED,SIMULATED_PVLIB,6883.442239960638,6883.442239960638,51625.82,51367.69,5076.92,29446.14,0.1076,0.2683,2.5813,1.49,100.0,993.6206896551724,0.9629012499999995,0.16708333333333325,43.70994494849885,0.934515192680254,0.82,0.1076,25.969967650800356,64.03003234919964,170.96020764171976,1.1117211035850116,5.197198469778988,983.6305864492947
2024-09-28,Khavda Renewable Energy Park,SIMULATED,SIMULATED_PVLIB,17782.36972926658,17782.36972926658,133367.77,132700.93,13203.5,76580.3,0.2778,0.6978,6.6684,1.6,100.0,955.344827586207,2.511920000000001,0.4533333333333335,44.52993052310692,0.9316452431691258,0.82,0.2778,26.343326436361757,63.65667356363824,171.27337512829445,1.1152774916263917,5.184467904956565,983.5357825976895
2024-09-29,Khavda Renewable Energy Park,SIMULATED,SIMULATED_PVLIB,14070.358484913131,14070.358484913131,105527.69,105000.05,10862.08,63000.06,0.2198,0.5741,5.2764,1.71,100.0,891.2068965517242,2.0676,0.4,44.67502357321577,0.9311374174937448,0.82,0.2198,26.717191538784228,63.28280846121577,171.57591389489392,1.118909235742204,5.171443330208856,983.0871204835927
2024-09-30,Khavda Renewable Energy Park,SIMULATED,SIMULATED_PVLIB,19099.173251419455,19099.173251419455,143243.8,142527.58,14345.11,83201.64,0.2984,0.7581,7.1622,1.83,100.0,994.3103448275863,3.9071425,0.6775,46.552072419748896,0.9245677465308788,0.82,0.2984,27.09142917695481,62.90857082304519,171.86804362159387,1.1226162864596057,5.158130275510535,984.5462959047954
2024-10-01,Khavda Renewable Energy Park,SIMULATED,SIMULATED_PVLIB,19336.577642394175,19336.577642394175,145024.33,144299.21,14359.52,83285.22,0.3021,0.7589,7.2512,4.86,100.0,1016.3793103448277,5.61744375,0.9529166666666666,46.28684958483085,0.925496026453092,0.82,0.3021,27.465905702214513,62.53409429778549,172.14997845176322,1.1263985268696293,5.1445346680972355,985.0058497081528
2024-10-02,Khavda Renewable Energy Park,SIMULATED,SIMULATED_PVLIB,18022.828717931632,18022.828717931632,135171.22,134495.36,14382.99,83421.34,0.2816,0.7601,6.7586,5.14,100.0,1025.1724137931035,5.5471224999999995,0.9329166666666666,45.8545222958423,0.9270091719645519,0.82,0.2816,27.840487751757472,62.15951224824253,172.42192637956555,1.1302557714658854,5.130662823266593,985.2596391021535
2024-10-03,Khavda Renewable Energy Park,SIMULATED,SIMULATED_PVLIB,18801.631947785056,18801.631947785056,141012.24,140307.18,14514.59,84184.62,0.2938,0.7671,7.0506,5.43,100.0,1029.4827586206898,5.361460416666667,0.8979166666666667,43.431274830079566,0.9354905380947215,0.82,0.2938,28.2150422600222,61.7849577399778,172.68408914053532,1.1341877635830173,5.116521442032446,985.411015249324
2024-10-04,Khavda Renewable Energy Park,SIMULATED,SIMULATED_PVLIB,16613.23094568879,16613.23094568879,124599.23,123976.23,13113.37,76057.55,0.2596,0.693,6.23,5.71,100.0,970.1724137931035,2.46884625,0.43875,41.73437870587722,0.9414296745294297,0.82,0.2596,28.589436404029932,61.41056359597007,172.93666244361566,1.138194172061495,5.102117612044735,984.7678237550728
2024-10-05,Khavda Renewable Energy Park,SIMULATED,SIMULATED_PVLIB,18868.332461077713,18868.332461077713,141512.49,140804.93,14522.78,84232.12,0.2948,0.7675,7.0756,6.0,100.0,930.5172413793103,4.09047625,0.7579166666666667,43.280458834668046,0.9360183940786618,0.82,0.2948,28.963537527610228,61.03646247238977,173.17983631645598,1.1422745875387852,5.08745880953043,984.3058641842026
2024-10-06,Khavda Renewable Energy Park,SIMULATED,SIMULATED_PVLIB,18908.879427795375,18908.879427795375,141816.6,141107.52,14171.81,82196.5,0.2955,0.749,7.0908,2.0,100.0,885.1724137931035,4.0130766666666675,0.7816666666666667,49.743481320648435,0.9133978153777305,0.82,0.2955,29.33721307387536,60.66278692612464,173.41379535834983,1.1464285186628538,5.072552900657264,983.7288934074516
2024-10-07,Khavda Renewable Energy Park,SIMULATED,SIMULATED_PVLIB,19698.117536775884,19698.117536775884,147735.88,146997.2,14012.79,81274.18,0.3078,0.7406,7.3868,2.29,100.0,945.8620689655173,5.024261666666666,0.9158333333333333,52.67172920112098,0.9031489477960766,0.82,0.3078,29.71033059148936,60.28966940851064,173.63871868802426,1.1506553889866638,5.0574081384239395,984.3460264587262
2024-10-08,Khavda Renewable Energy Park,SIMULATED,SIMULATED_PVLIB,18928.650354444402,18928.650354444402,141964.88,141255.06,13892.33,80575.51,0.2958,0.7342,7.0982,2.57,100.0,959.4827586206897,4.897200000000001,0.88,54.88998342476262,0.8953850580133308,0.82,0.2958,30.08275789280752,59.91724210719248,173.85477951251073,1.1549545355631168,5.0420331500644,984.3649134105136
2024-10-09,Khavda Renewable Energy Park,SIMULATED,SIMULATED_PVLIB,17894.666883828715,17894.666883828715,134210.0,133538.95,13920.08,80736.46,0.2796,0.7357,6.7105,2.86,100.0,954.3103448275863,4.78085625,0.86375,54.37897756656056,0.897173578517038,0.82,0.2796,30.45436337862626,59.54563662137374,174.0621443030402,1.1593252096517839,5.026436913338702,984.1175012821325
2024-10-10,Khavda Renewable Energy Park,SIMULATED,SIMULATED_PVLIB,19204.985926566278,19204.985926566278,144037.39,143317.2,14109.65,81835.97,0.3001,0.7457,7.2019,3.14,100.0,903.1034482758621,4.7731275,0.91125,50.888093344013114,0.909391673295954,0.82,0.3001,30.825016446682717,59.17498355331728,174.260971653845,1.1637665788077558,5.010628725966344,983.2856109270689
2024-10-11,Khavda Renewable Energy Park,SIMULATED,SIMULATED_PVLIB,16077.064120205878,16077.064120205878,120577.98,119975.09,12372.64,71761.31,0.2512,0.6539,6.0289,3.43,100.0,879.4827586206897,2.39109375,0.46875,48.67576748343508,0.9171348138079772,0.82,0.2512,31.19458789430179,58.80541210569821,174.45141098487454,1.1682777294047582,4.994618173354189,982.732374266382
2024-10-12,Khavda Renewable Energy Park,SIMULATED,SIMULATED_PVLIB,2551.487051411153,2551.487051411153,19136.15,19040.47,1957.52,11353.62,0.0399,0.1035,0.9568,3.71,100.0,704.3103448275863,0.3744583333333343,0.0916666666666669,45.98429620713592,0.9265549632750243,0.82,0.0399,31.562950344732045,58.437049655267955,174.63360133376057,1.172857669983306,4.97841509285177,980.3607925007898
2024-10-13,Khavda Renewable Energy Park,SIMULATED,SIMULATED_PVLIB,1111.3469792321923,1111.3469792321923,8335.1,8293.42,832.53,4828.67,0.0174,0.044,0.4168,4.0,100.0,589.6551724137931,0.15674999999999945,0.04583333333333317,41.75097837205969,0.9413715756977911,0.82,0.0174,31.929978833470116,58.070021166529884,174.80767056188017,1.1775053372333646,4.96202952587993,978.655550662894
2024-10-14,Khavda Renewable Energy Park,SIMULATED,SIMULATED_PVLIB,219.45768034968347,219.45768034968347,1645.93,1637.7,168.94,979.85,0.0034,0.0089,0.0823,4.29,100.0,662.5862068965517,0.03202499999999946,0.008333333333333193,43.579021405384196,0.9349734250811553,0.82,0.0034,32.29555159812185,57.70444840187815,174.97373526486786,1.1822196054712963,4.945471654454013,979.1059017322075
2024-10-15,Khavda Renewable Energy Park,SIMULATED,SIMULATED_PVLIB,18859.72309651056,18859.72309651056,141447.92,140740.68,13972.35,81039.63,0.2947,0.7384,7.0724,4.57,100.0,904.1379310344828,3.270945,0.62375,53.41646376260407,0.9005423768308858,0.82,0.2947,32.65955081051153,57.34044918948847,175.13190156908513,1.1869992965272016,4.928751738043395,981.4908533797151
2024-10-16,Khavda Renewable Energy Park,SIMULATED,SIMULATED_PVLIB,18020.28565814498,18020.28565814498,135152.14,134476.38,14076.28,81642.42,0.2816,0.7439,6.7576,4.86,100.0,932.9310344827586,4.921755416666666,0.9095833333333333,51.50261691660789,0.9072408407918724,0.82,0.2816,33.021862721545574,56.978137278454426,175.28226682326977,1.1918431828554779,4.911507955287557,981.2552712869443
2024-10-17,Khavda Renewable Energy Park,SIMULATED,SIMULATED_PVLIB,17548.297048913802,17548.297048913802,131612.23,130954.17,14106.7,81818.86,0.2742,0.7455,6.5806,5.14,97.0,933.9655172413793,3.5323354166666667,0.6520833333333333,50.94237657174317,0.909201681998899,0.82,0.2742,33.38237676979547,56.61762323020453,175.42492192123382,1.1967499767534,4.893750079716136,980.5653476293762
2024-10-18,Khavda Renewable Energy Park,SIMULATED,SIMULATED_PVLIB,14758.229031683355,14758.229031683355,110686.72,110133.29,11555.9,67024.22,0.2306,0.6107,5.5343,5.43,100.0,936.2068965517242,2.267025,0.4175,52.57936017145822,0.9034722393998962,0.82,0.2306,33.74098368184105,56.25901631815895,175.55995389647887,1.2017183043125363,4.875860639695293,979.8507691529368
2024-10-19,Khavda Renewable Energy Park,SIMULATED,SIMULATED_PVLIB,17370.43618710086,17370.43618710086,130278.27,129626.88,14025.5,81347.9,0.2714,0.7413,6.5139,5.71,97.0,935.344827586207,3.7455104166666664,0.6904166666666667,52.43773742918424,0.9039679189978551,0.82,0.2714,34.097573172097746,55.902426827902254,175.68744840157922,1.2067466709493186,4.857850586495477,979.062358252525
2024-10-20,Khavda Renewable Energy Park,SIMULATED,SIMULATED_PVLIB,18850.021220850977,18850.021220850977,141375.16,140668.28,14092.44,81736.15,0.2945,0.7448,7.0688,6.0,100.0,922.9310344827586,5.109884583333333,0.9545833333333333,51.20500960309036,0.9082824663891838,0.82,0.2945,34.4520320992735,55.5479679007265,175.80749181265628,1.211833430115969,4.8397313368968495,978.1025498688155
2024-10-21,Khavda Renewable Energy Park,SIMULATED,SIMULATED_PVLIB,19516.787046987632,19516.787046987632,146375.9,145644.02,14189.22,82297.48,0.3049,0.7499,7.3188,2.0,100.0,858.2758620689656,4.496793333333333,0.9033333333333333,49.42289587775464,0.9145198644278587,0.82,0.3049,34.80424366737221,55.19575633262779,175.92017286127862,1.2169767645400082,4.821514830906681,976.4962634572971
2024-10-22,Khavda Renewable Energy Park,SIMULATED,SIMULATED_PVLIB,19874.45744550836,19874.45744550836,149058.43,148313.14,14044.41,81457.58,0.3105,0.7423,7.4529,2.29,100.0,898.448275862069,5.0503275,0.9691666666666666,52.08942410096655,0.9051870156466171,0.82,0.3105,35.15408768135124,54.84591231864876,176.02558379535208,1.2221746819267654,4.803213519298027,976.0845540690269
2024-10-23,Khavda Renewable Energy Park,SIMULATED,SIMULATED_PVLIB,20000.0,20000.0,150000.0,149250.0,14118.81,81889.1,0.3125,0.7462,7.5,2.57,100.0,914.8275862068966,5.275048333333333,0.9941666666666666,50.71945615688501,0.9099819034509025,0.82,0.3125,35.50144139907459,54.49855860092541,176.12382109493376,1.2274250200211212,4.784840308101811,975.3626906730194
2024-10-24,Khavda Renewable Energy Park,SIMULATED,SIMULATED_PVLIB,18171.861226664765,18171.861226664765,136288.96,135607.52,14012.7,81273.66,0.2839,0.7406,6.8144,2.86,100.0,930.8620689655173,5.399,1.0,52.67335090005853,0.9031432718497951,0.82,0.2839,35.846180439760545,54.153819560239455,176.21498570523636,1.232725453783198,4.766408495376381,974.6069723188026
2024-10-25,Khavda Renewable Energy Park,SIMULATED,SIMULATED_PVLIB,18796.950090713384,18796.950090713384,140977.13,140272.24,14058.26,81537.91,0.2937,0.743,7.0489,3.14,100.0,930.1724137931035,4.8465083333333325,0.8983333333333333,51.83443813975552,0.9060794665108557,0.82,0.2937,36.188179454445226,53.811820545554774,176.29918275087266,1.2380735002051888,4.747931720979265,973.6273216860216
2024-10-26,Khavda Renewable Energy Park,SIMULATED,SIMULATED_PVLIB,18278.827110527243,18278.827110527243,137091.2,136405.74,14242.74,82607.89,0.2856,0.7527,6.8546,3.43,100.0,915.8620689655173,4.167706666666667,0.7845833333333333,48.4373424132324,0.9179693015536866,0.82,0.2856,36.527312562308445,53.472687437691555,176.37652080317707,1.2434665204565138,4.729423930206786,972.461895822731
2024-10-27,Khavda Renewable Energy Park,SIMULATED,SIMULATED_PVLIB,18520.147144748466,18520.147144748466,138901.1,138206.59,14296.38,82919.0,0.2894,0.7556,6.9451,3.71,100.0,908.9655172413793,3.92105,0.74375,47.44939838424283,0.9214271056551501,0.82,0.2894,36.86345369032396,53.13654630967604,176.44711085107292,1.2489017212142204,4.7108993424831,971.3589093758757
2024-10-28,Khavda Renewable Energy Park,SIMULATED,SIMULATED_PVLIB,18589.83744982951,18589.83744982951,139423.78,138726.66,14327.96,83102.17,0.2905,0.7572,6.9712,4.0,100.0,909.8275862068966,4.99775875,0.9470833333333333,46.86786898171188,0.9234624585640084,0.82,0.2905,37.196476903846985,52.803523096153015,176.5110652477748,1.2543761564910745,4.692372419206697,970.324323411089
2024-10-29,Khavda Renewable Energy Park,SIMULATED,SIMULATED_PVLIB,18173.191309918882,18173.191309918882,136298.93,135617.44,14378.32,83394.26,0.284,0.7599,6.8149,4.29,99.0,908.448275862069,5.119711666666666,0.9716666666666667,45.94055208780124,0.9267080676926956,0.82,0.284,37.5262567180013,52.4737432819987,176.56849688339798,1.2598867298116185,4.6738578315941055,969.2429950964632
2024-10-30,Khavda Renewable Energy Park,SIMULATED,SIMULATED_PVLIB,18276.945703686346,18276.945703686346,137077.09,136391.7,14356.32,83266.66,0.2856,0.7587,6.8539,4.57,100.0,896.8965517241379,4.7793375,0.91875,46.34561656487574,0.9252903420229349,0.82,0.2856,37.85266834058447,52.14733165941553,176.61951868728124,1.2654301958930314,4.655370432298977,968.0240584382146
2024-10-31,Khavda Renewable Energy Park,SIMULATED,SIMULATED_PVLIB,18352.450472291428,18352.450472291428,137643.38,136955.16,14063.52,81568.42,0.2868,0.7433,6.8822,4.86,100.0,891.8965517241379,4.269880416666667,0.8254166666666667,51.73750358947582,0.9064187374368347,0.82,0.2868,38.175587814653866,51.824412185346134,176.6642434783828,1.2710031611804493,4.6369252335116755,966.8654401197325
2024-11-01,Khavda Renewable Energy Park,SIMULATED,SIMULATED_PVLIB,17879.849060760254,17879.849060760254,134098.87,133428.38,14201.53,82368.87,0.2794,0.7506,6.7049,5.14,100.0,891.3793103448276,4.560370833333333,0.8820833333333333,49.19615046063781,0.9153134733877677,0.82,0.2794,38.49489205775679,51.50510794224321,176.70278405996032,1.276602083020549,4.618537392216718,965.7450114325113
2024-11-02,Khavda Renewable Energy Park,SIMULATED,SIMULATED_PVLIB,19076.822064081978,19076.822064081978,143076.17,142360.79,14282.45,82838.21,0.2981,0.7548,7.1538,5.43,100.0,869.8275862068966,4.601460416666667,0.9120833333333334,47.70597407403869,0.9205290907408645,0.82,0.2981,38.81045881240838,51.18954118759162,176.73525340344008,1.2822232675620229,4.600222201945669,964.366067306691
2024-11-03,Khavda Renewable Energy Park,SIMULATED,SIMULATED_PVLIB,17852.524579577,17852.524579577,133893.93,133224.46,14134.19,81978.3,0.2789,0.747,6.6947,5.71,100.0,868.2758620689656,4.975148333333333,0.9879166666666667,50.43613243514193,0.9109735364770033,0.82,0.2789,39.12216654986175,50.87783345013825,176.76176476613637,1.2878628670004793,4.581995088188601,963.2113622591968
2024-11-04,Khavda Renewable Energy Park,SIMULATED,SIMULATED_PVLIB,19698.776913002624,19698.776913002624,147740.83,147002.13,14030.06,81374.35,0.3078,0.7415,7.387,6.0,100.0,868.448275862069,5.037,1.0,52.35376515015027,0.904261821974474,0.82,0.3078,39.429894409885236,50.570105590114764,176.78243157210477,1.2935168776304136,4.563871601309045,962.0690716600427
2024-11-05,Khavda Renewable Energy Park,SIMULATED,SIMULATED_PVLIB,18788.23151174788,18788.23151174788,140911.74,140207.18,14108.26,81827.91,0.2936,0.7456,7.0456,2.0,100.0,853.6206896551724,4.9468741666666665,0.9991666666666666,50.91374902027167,0.9093018784290492,0.82,0.2936,39.73352226873408,50.26647773126592,176.79736692521692,1.2991811405315934,4.545867399713469,960.7455765865083
2024-11-06,Khavda Renewable Energy Park,SIMULATED,SIMULATED_PVLIB,19091.960287332968,19091.960287332968,143189.7,142473.75,14152.97,82087.23,0.2983,0.748,7.1595,2.29,100.0,850.8620689655173,4.935,1.0,50.09041649469238,0.9121835422685767,0.82,0.2983,40.03293097322592,49.96706902677408,176.80668269552746,1.3048513458926387,4.527998219864267,959.5601704169959
2024-11-07,Khavda Renewable Energy Park,SIMULATED,SIMULATED_PVLIB,18481.815717785987,18481.815717785987,138613.62,137920.55,14327.29,83098.28,0.2888,0.7572,6.9307,2.57,100.0,850.6896551724138,4.934,1.0,46.88027666255623,0.9234190316810532,0.82,0.2888,40.32800269673322,49.67199730326678,176.81048823761535,1.310523040474071,4.5102798360179435,958.4040924865897
2024-11-08,Khavda Renewable Energy Park,SIMULATED,SIMULATED_PVLIB,20000.0,20000.0,150000.0,149250.0,14334.29,83138.88,0.3125,0.7576,7.5,2.86,100.0,843.1034482758621,4.3521,0.89,46.751411513867865,0.9238700597014624,0.82,0.3125,40.618621351505254,49.381378648494746,176.80888887360788,1.3161916371934617,4.492728014474431,957.1625403077286
2024-11-09,Khavda Renewable Energy Park,SIMULATED,SIMULATED_PVLIB,19795.27063385424,19795.27063385424,148464.53,147722.21,14354.1,83253.78,0.3093,0.7586,7.4232,3.14,100.0,840.6896551724138,4.841461666666667,0.9929166666666667,46.38662990739638,0.9251467953241127,0.82,0.3093,40.90467306296252,49.09532693703748,176.80198434466843,1.3218524270837138,4.475358461776183,955.9852387673628
2024-11-10,Khavda Renewable Energy Park,SIMULATED,SIMULATED_PVLIB,19364.86126994248,19364.86126994248,145236.46,144510.28,14428.02,83682.52,0.3026,0.7625,7.2618,3.43,100.0,829.1379310344828,4.77694,0.9933333333333333,45.02538307133133,0.9299111592503403,0.82,0.3026,41.18604679061541,48.81395320938459,176.78986750792433,1.3275005954807475,4.45818675999757,954.7069124517398
2024-11-11,Khavda Renewable Energy Park,SIMULATED,SIMULATED_PVLIB,18289.67143007907,18289.67143007907,137172.54,136486.68,14369.71,83344.32,0.2858,0.7594,6.8586,3.71,100.0,827.0689655172414,4.797,1.0,46.09915483434753,0.9261529580797836,0.82,0.2858,41.462635133542825,48.537364866457175,176.7726235442808,1.3331312435247706,4.44122828570415,953.547947042925
2024-11-12,Khavda Renewable Energy Park,SIMULATED,SIMULATED_PVLIB,19051.24058214255,19051.24058214255,142884.3,142169.88,14315.56,83030.25,0.2977,0.7566,7.1442,4.0,100.0,817.4137931034483,4.691614583333333,0.9895833333333334,47.096357426015885,0.9226627490089444,0.82,0.2977,41.73433514454473,48.26566485545527,176.75032994800313,1.33873941169162,4.424498126293409,952.3107248935556
2024-11-13,Khavda Renewable Energy Park,SIMULATED,SIMULATED_PVLIB,17996.74767505616,17996.74767505616,134975.61,134300.73,14124.46,81921.87,0.2812,0.7465,6.7488,4.29,100.0,811.8965517241379,4.575578333333333,0.9716666666666667,50.61530013714892,0.9103464495199788,0.82,0.2812,42.00104874632946,47.99895125367054,176.72305742768435,1.344320096797966,4.40801102682471,951.1348084861083
2024-11-14,Khavda Renewable Energy Park,SIMULATED,SIMULATED_PVLIB,19584.255530750597,19584.255530750597,146881.92,146147.51,14271.65,82775.57,0.306,0.7543,7.3441,4.57,100.0,808.6206896551724,4.69,1.0,47.90483678562458,0.919833071250314,0.82,0.306,42.262682326423665,47.737317673576335,176.69087157301874,1.3498682526390497,4.3917814032626445,950.0002095364492
2024-11-15,Khavda Renewable Energy Park,SIMULATED,SIMULATED_PVLIB,19188.08557014778,19188.08557014778,143910.64,143191.09,14293.24,82900.79,0.2998,0.7554,7.1955,4.86,100.0,806.7241379310345,4.679,1.0,47.5072168595191,0.9212247409916832,0.82,0.2998,42.519145388608344,47.480854611391656,176.65383494687353,1.3553787699813538,4.3758234347590035,948.8990319135294
2024-11-16,Khavda Renewable Energy Park,SIMULATED,SIMULATED_PVLIB,18534.30557867048,18534.30557867048,139007.29,138312.25,14286.36,82860.89,0.2896,0.755,6.9504,5.14,99.0,806.3793103448276,4.677,1.0,47.63392808629271,0.9207812516979755,0.82,0.2896,42.77034861696285,47.22965138303715,176.61200915744143,1.3608464418639301,4.356381457322417,946.7724557712679
2024-11-17,Khavda Renewable Energy Park,SIMULATED,SIMULATED_PVLIB,17299.00203238175,17299.00203238175,129742.52,129093.81,14325.72,83089.18,0.2703,0.7571,6.4871,5.43,100.0,797.5862068965517,4.620217500000001,0.99875,46.909209042776496,0.9233177683502822,0.82,0.2703,43.016202047322516,46.983797952677484,176.56545659360427,1.3662659285150713,4.337239339294083,944.5599914374318
2024-11-18,Khavda Renewable Energy Park,SIMULATED,SIMULATED_PVLIB,18165.32195505307,18165.32195505307,136239.91,135558.71,14411.03,83583.97,0.2838,0.7616,6.812,5.71,100.0,796.3793103448276,4.619,1.0,45.33819328707709,0.9288163234952302,0.82,0.2838,43.25661399802859,46.74338600197141,176.51424177201147,1.3716317368057318,4.31841132733439,942.4518241878686
2024-11-19,Khavda Renewable Energy Park,SIMULATED,SIMULATED_PVLIB,19045.3758766916,19045.3758766916,142840.32,142126.12,14410.68,83581.94,0.2976,0.7616,7.142,6.0,100.0,787.5862068965517,4.568,1.0,45.34467932306031,0.9287936223692889,0.82,0.2976,43.491491012685294,46.508508987314706,176.45843240768,1.3769382215291033,4.2999117918868315,940.2726842735221
2024-11-20,Khavda Renewable Energy Park,SIMULATED,SIMULATED_PVLIB,20000.0,20000.0,150000.0,149250.0,14398.16,83509.33,0.3125,0.7609,7.5,2.0,100.0,790.1724137931035,4.583,1.0,45.57515648190721,0.9279869523133247,0.82,0.3125,43.72073857989822,46.27926142010178,176.3981003157046,1.3821796050942288,4.2817551619708105,938.2471268518068
2024-11-21,Khavda Renewable Energy Park,SIMULATED,SIMULATED_PVLIB,20000.0,20000.0,150000.0,149250.0,14388.05,83450.69,0.3125,0.7604,7.5,2.29,100.0,801.2068965517242,4.647,1.0,45.76146306503071,0.9273348792723926,0.82,0.3125,43.9442621252003,46.0557378747997,176.3333221039827,1.387350005375941,4.263955835181495,936.3432716752736
2024-11-22,Khavda Renewable Energy Park,SIMULATED,SIMULATED_PVLIB,18361.08814130916,18361.08814130916,137708.16,137019.62,14366.74,83327.09,0.2869,0.7593,6.8854,2.57,100.0,795.1724137931035,4.612,1.0,46.153873088560836,0.9259614441900371,0.82,0.2869,44.16196783642422,45.83803216357578,176.26417951926783,1.3924434618821349,4.246528099507399,934.2647161273019
2024-11-23,Khavda Renewable Energy Park,SIMULATED,SIMULATED_PVLIB,19415.32117348534,19415.32117348534,145614.91,144886.84,14378.54,83395.53,0.3034,0.7599,7.2807,2.86,100.0,763.9655172413793,4.41438375,0.99625,45.936517317793744,0.9267221893877219,0.82,0.3034,44.37376316381398,45.62623683618602,176.19075933166005,1.3974539561075612,4.22948608107013,931.9189888580248
2024-11-24,Khavda Renewable Energy Park,SIMULATED,SIMULATED_PVLIB,19858.74789361379,19858.74789361379,148940.61,148195.91,14443.72,83773.58,0.3103,0.7634,7.447,3.14,100.0,769.8275862068966,3.8157145833333335,0.8545833333333334,44.7362392181889,0.9309231627363388,0.82,0.3103,44.57955709225767,45.42044290774233,176.11315281150496,1.4023754277741944,4.212843710420786,930.0374474590815
2024-11-25,Khavda Renewable Energy Park,SIMULATED,SIMULATED_PVLIB,18452.032532712477,18452.032532712477,138390.24,137698.29,14596.54,84659.93,0.2883,0.7714,6.9195,3.43,100.0,772.5862068965517,4.481,1.0,41.92204405044342,0.940772845823448,0.82,0.2883,44.77926035990773,45.22073964009227,176.031455027407,1.407201790742689,4.196614693097585,928.152006063775
2024-11-26,Khavda Renewable Energy Park,SIMULATED,SIMULATED_PVLIB,19165.939609045545,19165.939609045545,143744.55,143025.83,14453.19,83828.5,0.2995,0.7639,7.1872,3.71,100.0,768.9655172413793,4.46,1.0,44.56195181777019,0.9315331686378043,0.82,0.2995,44.972785714515865,45.027214285484135,175.9457641829897,1.4119269507043561,4.180812476774895,926.2266664414916
2024-11-27,Khavda Renewable Energy Park,SIMULATED,SIMULATED_PVLIB,19164.323206969842,19164.323206969842,143732.42,143013.76,14373.46,83366.07,0.2994,0.7596,7.1866,4.0,100.0,756.551724137931,4.318523333333333,0.9841666666666666,46.030094399499134,0.926394669601753,0.82,0.2994,45.16004817578925,44.83995182421075,175.85618117396677,1.4165448238892608,4.165450217707211,924.2354933486097
2024-11-28,Khavda Renewable Energy Park,SIMULATED,SIMULATED_PVLIB,18810.453138727415,18810.453138727415,141078.4,140373.01,14396.31,83498.6,0.2939,0.7609,7.0539,4.29,100.0,721.7241379310345,3.484845,0.8325,45.60928867307387,0.9278674896442415,0.82,0.2939,45.340965224770514,44.659034775229486,175.76280939763637,1.421049354768941,4.150540753349759,922.021263399866
2024-11-29,Khavda Renewable Energy Park,SIMULATED,SIMULATED_PVLIB,17992.80694835307,17992.80694835307,134946.05,134271.32,14492.41,84055.98,0.2811,0.7659,6.7473,4.57,100.0,741.0344827586207,4.298,1.0,43.8396009929827,0.9340613965245605,0.82,0.2811,45.515456875204094,44.484543124795906,175.66575477454137,1.4254345314342483,4.136096585267165,920.4827676985415
2024-11-30,Khavda Renewable Energy Park,SIMULATED,SIMULATED_PVLIB,18700.69334487395,18700.69334487395,140255.2,139553.92,14554.69,84417.2,0.2922,0.7692,7.0128,4.86,99.0,756.8965517241379,4.39,1.0,42.69275681348857,0.93807535115279,0.82,0.2922,45.68344563839588,44.31655436160412,175.56512591116314,1.4296943986916506,4.122129871592109,918.9477925979634
2024-12-01,Khavda Renewable Energy Park,SIMULATED,SIMULATED_PVLIB,19020.983511721883,19020.983511721883,142657.38,141944.09,14700.79,85264.58,0.2972,0.7769,7.1329,5.14,100.0,754.8275862068966,4.378,1.0,40.00233164415865,0.9474918392454447,0.82,0.2972,45.84485642367465,44.15514357632535,175.46103424205205,1.433823069741082,4.108652425562831,917.2488849319335
2024-12-02,Khavda Renewable Energy Park,SIMULATED,SIMULATED_PVLIB,19044.381086584075,19044.381086584075,142832.86,142118.7,14683.61,85164.94,0.2976,0.776,7.1416,5.43,100.0,748.6206896551724,4.342,1.0,40.31879572923287,0.946384214947685,0.82,0.2976,45.9996164156061,44.0003835843939,175.35359396892113,1.4378147373596089,4.095675716635727,915.5496967287365
2024-12-03,Khavda Renewable Energy Park,SIMULATED,SIMULATED_PVLIB,18810.33979329245,18810.33979329245,141077.55,140372.16,14731.51,85442.76,0.2939,0.7786,7.0539,5.71,100.0,743.2758620689656,3.9786937499999997,0.9229166666666666,39.436707026842456,0.9494715254060514,0.82,0.2939,46.14765497188153,43.85234502811847,175.2429216168631,1.4416636856643796,4.083210870328024,913.9108491589488
2024-12-04,Khavda Renewable Energy Park,SIMULATED,SIMULATED_PVLIB,18905.37327927185,18905.37327927185,141790.3,141081.35,14796.55,85819.99,0.2954,0.782,7.0895,6.0,100.0,747.5862068965517,3.293553333333333,0.7595833333333333,38.23903858662645,0.9536633649468074,0.82,0.2954,46.288903604937,43.711096395063,175.12913508651752,1.445364304103676,4.071268661173786,912.4373333245424
2024-12-05,Khavda Renewable Energy Park,SIMULATED,SIMULATED_PVLIB,19761.843749829066,19761.843749829066,148213.83,147472.76,14655.86,85003.99,0.3088,0.7746,7.4107,2.0,100.0,748.2758620689656,3.0253416666666664,0.6970833333333333,40.82972438083083,0.9445959646670921,0.82,0.3088,46.42329611899832,43.57670388100168,175.01235225656944,1.4489111056431812,4.059859492312174,910.975621171255
2024-12-06,Khavda Renewable Energy Park,SIMULATED,SIMULATED_PVLIB,9138.513380196417,9138.513380196417,68538.85,68196.16,6907.35,40062.63,0.1428,0.3651,3.4269,2.29,97.0,742.4137931034483,1.3187125000000002,0.30625,45.46110260501233,0.9283861408824569,0.82,0.1428,46.55076895414439,43.44923104585561,174.89268928982744,1.4522987506616283,4.048993356914373,909.493273237545
2024-12-07,Khavda Renewable Energy Park,SIMULATED,SIMULATED_PVLIB,19258.352969391068,19258.352969391068,144437.65,143715.46,14481.37,83991.95,0.3009,0.7653,7.2219,2.57,100.0,750.8620689655172,2.9414395833333336,0.6754166666666667,44.04292463337198,0.933349763783198,0.82,0.3009,46.67126174023886,43.32873825976114,174.77025884371028,1.45552207679359,4.038679780945437,908.236428725443
2024-12-08,Khavda Renewable Energy Park,SIMULATED,SIMULATED_PVLIB,19304.457459359557,19304.457459359557,144783.43,144059.51,14605.26,84710.51,0.3016,0.7719,7.2392,2.86,100.0,760.1724137931035,4.241825416666666,0.9620833333333333,41.761489250784294,0.941334787622255,0.82,0.3016,46.78471800700628,43.21528199299372,174.64516843327294,1.4585761333780103,4.028927751842945,907.0493137673295
2024-12-09,Khavda Renewable Energy Park,SIMULATED,SIMULATED_PVLIB,19969.9661764413,19969.9661764413,149774.75,149025.88,14925.76,86569.41,0.312,0.7888,7.4887,3.14,100.0,773.448275862069,4.01497,0.895,35.8596317918342,0.9619912887285803,0.82,0.312,46.89108594885219,43.10891405114781,174.5175191604785,1.4614562177497605,4.0197456420754145,905.9699015807568
2024-12-10,Khavda Renewable Energy Park,SIMULATED,SIMULATED_PVLIB,18752.53253731696,18752.53253731696,140643.99,139940.77,14958.26,86757.91,0.293,0.7906,7.0322,3.43,100.0,756.8965517241379,3.5449249999999997,0.8075,35.26117675541511,0.9640858813560471,0.82,0.293,46.99031908118383,43.00968091881617,174.3874050602626,1.4641579087556953,4.011141142234074,904.6039405720514
2024-12-11,Khavda Renewable Energy Park,SIMULATED,SIMULATED_PVLIB,20000.0,20000.0,150000.0,149250.0,14971.18,86832.84,0.3125,0.7912,7.5,3.71,100.0,754.6551724137931,3.27727875,0.74875,35.02326583469462,0.9649185695785688,0.82,0.3125,47.0823765619621,42.9176234380379,174.2549132183999,1.4666770909465134,4.00312122414862,903.4697537571592
2024-12-12,Khavda Renewable Energy Park,SIMULATED,SIMULATED_PVLIB,19968.023932856344,19968.023932856344,149760.18,149011.38,15099.53,87577.27,0.312,0.798,7.488,4.0,100.0,757.2413793103449,4.2364500000000005,0.9645833333333333,32.65960312258686,0.973191389070946,0.82,0.312,47.16722294104489,42.83277705895511,174.1201246385997,1.469009962382506,3.995692155728093,902.4575672858107
2024-12-13,Khavda Renewable Energy Park,SIMULATED,SIMULATED_PVLIB,19942.98152567547,19942.98152567547,149572.36,148824.5,15107.37,87622.75,0.3116,0.7984,7.4786,4.29,100.0,753.7931034482759,3.459345,0.79125,32.51533173688222,0.9736963389209122,0.82,0.3116,47.24482722167596,42.75517277832404,173.98311564313622,1.471153022232336,3.9888595784512084,901.4413451941286
2024-12-14,Khavda Renewable Energy Park,SIMULATED,SIMULATED_PVLIB,19801.719734475664,19801.719734475664,148512.9,147770.34,15094.02,87545.32,0.3094,0.7977,7.4256,4.57,97.0,755.5172413793103,4.382,1.0,32.7611876737446,0.9728358431418939,0.82,0.3094,47.315161387649866,42.684838612350134,173.8439594636717,1.4731030418895086,3.98262863421785,900.5534196592179
2024-12-15,Khavda Renewable Energy Park,SIMULATED,SIMULATED_PVLIB,18502.7995099439,18502.7995099439,138771.0,138077.14,14995.89,86976.16,0.2891,0.7925,6.9386,4.86,100.0,753.448275862069,4.275316666666667,0.9783333333333334,34.568185273133366,0.9665113515440332,0.82,0.2891,47.378198839369404,42.621801160630596,173.70272773363172,1.4748570317306966,3.9770041019262474,899.6897966995982
2024-12-16,Khavda Renewable Energy Park,SIMULATED,SIMULATED_PVLIB,18395.71286786763,18395.71286786763,137967.85,137278.01,14964.03,86791.37,0.2874,0.7909,6.8984,5.14,100.0,749.4827586206897,4.345188750000001,0.9995833333333334,35.154887827866474,0.9644578926024674,0.82,0.2874,47.433913289733944,42.566086710266056,173.559491782343,1.4764122191222735,3.973646967613372,899.3749160206235
2024-12-17,Khavda Renewable Energy Park,SIMULATED,SIMULATED_PVLIB,19743.09519944504,19743.09519944504,148073.21,147332.84,15031.24,87181.19,0.3085,0.7944,7.4037,5.43,100.0,752.2413793103449,4.301190833333334,0.9858333333333333,33.917184266127535,0.9687898550685536,0.82,0.3085,47.482278482485555,42.517721517514445,173.41432376502235,1.4777660483708235,3.9725626185719984,899.7121653883961
2024-12-18,Khavda Renewable Energy Park,SIMULATED,SIMULATED_PVLIB,14437.265485506774,14437.265485506774,108279.49,107738.09,11117.93,64483.99,0.2256,0.5876,5.414,5.71,100.0,749.8275862068966,2.0331575,0.4675,33.79546492150428,0.969215872774735,0.82,0.2256,47.52326869724838,42.47673130275162,173.26729770242468,1.4789162021786626,3.972099075751982,900.0619824022643
2024-12-19,Khavda Renewable Energy Park,SIMULATED,SIMULATED_PVLIB,16710.002512704126,16710.002512704126,125325.02,124698.39,12838.95,74465.91,0.2611,0.6785,6.2663,6.0,100.0,754.3103448275863,2.349739583333333,0.5370833333333334,34.01433807462725,0.9684498167388046,0.82,0.2611,47.55685965865219,42.44314034134781,173.11849039158392,1.4798606341467553,3.9722601160951383,900.5661113388372
2024-12-20,Khavda Renewable Energy Park,SIMULATED,SIMULATED_PVLIB,20000.0,20000.0,150000.0,149250.0,15160.87,87933.05,0.3125,0.8013,7.5,2.0,100.0,754.1379310344828,2.8977749999999998,0.6625,31.530161420754432,0.9771444350273595,0.82,0.3125,47.5830293902303,42.4169706097697,172.96798204830645,1.4805975993421503,3.973049062964856,901.0895696182724
2024-12-21,Khavda Renewable Energy Park,SIMULATED,SIMULATED_PVLIB,20000.0,20000.0,150000.0,149250.0,15081.78,87474.32,0.3125,0.7971,7.5,2.29,100.0,737.5862068965517,3.4491375,0.80625,32.98647840462367,0.9720473255838171,0.82,0.3125,47.601758755860864,42.398241244139136,172.81585656217703,1.4811256754149158,3.974468733984781,901.4952565079841
2024-12-22,Khavda Renewable Energy Park,SIMULATED,SIMULATED_PVLIB,20000.0,20000.0,150000.0,149250.0,14953.47,86730.13,0.3125,0.7903,7.5,2.57,100.0,723.9655172413793,4.197250416666667,0.9995833333333334,35.34926962839395,0.9637775563006212,0.82,0.3125,47.61303171811186,42.38696828188814,172.6622013439719,1.4814437748203682,3.976521414551932,902.0094302939568
2024-12-23,Khavda Renewable Energy Park,SIMULATED,SIMULATED_PVLIB,20000.0,20000.0,150000.0,149250.0,14872.71,86261.72,0.3125,0.786,7.5,2.86,100.0,737.9310344827586,4.28,1.0,36.83640251453283,0.9585725911991351,0.82,0.3125,47.616835486215265,42.383164513784735,172.50710690643746,1.481551152852724,3.979208841607256,902.9208412439788
2024-12-24,Khavda Renewable Energy Park,SIMULATED,SIMULATED_PVLIB,20000.0,20000.0,150000.0,149250.0,15125.72,87729.18,0.3125,0.7994,7.5,3.14,100.0,735.8620689655172,4.268,1.0,32.17737897101939,0.9748791736014322,0.82,0.3125,47.61316067493743,42.38683932506257,172.3506663755527,1.481447414831341,3.982532186786637,903.7185189784578
2024-12-25,Khavda Renewable Energy Park,SIMULATED,SIMULATED_PVLIB,18920.297950154087,18920.297950154087,141902.23,141192.72,15182.35,88057.63,0.2956,0.8024,7.0951,3.43,100.0,734.6551724137931,4.261,1.0,31.134557436452923,0.9785290489724148,0.82,0.2956,47.60200146575141,42.39799853424859,172.1929751102856,1.4811325221428666,3.9864920397658583,904.6001345761587
2024-12-26,Khavda Renewable Energy Park,SIMULATED,SIMULATED_PVLIB,20000.0,20000.0,150000.0,149250.0,15126.88,87735.9,0.3125,0.7995,7.5,3.71,100.0,732.5862068965517,4.249,1.0,32.156076103878945,0.9749537336364237,0.82,0.3125,47.58335570518457,42.41664429481543,172.03413052986195,1.480606795255487,3.991088397721417,905.5451738693599
2024-12-27,Khavda Renewable Energy Park,SIMULATED,SIMULATED_PVLIB,20000.0,20000.0,150000.0,149250.0,15091.95,87533.31,0.3125,0.7976,7.5,4.0,97.0,749.3103448275863,4.346,1.0,32.7991640151568,0.9727029259469512,0.82,0.3125,47.557224917128664,42.442775082871336,171.87423218251502,1.479870913029035,3.996320663036582,906.7833991316204
2024-12-28,Khavda Renewable Energy Park,SIMULATED,SIMULATED_PVLIB,20000.0,20000.0,150000.0,149250.0,15024.91,87144.48,0.3125,0.7941,7.5,4.29,100.0,761.2068965517242,4.415,1.0,34.03377732536458,0.9683817793612239,0.82,0.3125,47.523614260065735,42.476385739934265,171.71338199048841,1.4789259092041362,4.002187646469195,908.0376398873375
2024-12-29,Khavda Renewable Energy Park,SIMULATED,SIMULATED_PVLIB,18720.831174457653,18720.831174457653,140406.23,139704.2,15079.33,87460.11,0.2925,0.7969,7.0203,4.57,97.0,757.2413793103449,4.38834,0.9991666666666666,33.031702402194085,0.9718890415923207,0.82,0.2925,47.482532436556404,42.517467563443596,171.55168456030333,1.4777731663120792,4.008687575111016,909.1780254055537
2024-12-30,Khavda Renewable Energy Park,SIMULATED,SIMULATED_PVLIB,20000.0,20000.0,150000.0,149250.0,15048.38,87280.6,0.3125,0.7953,7.5,4.86,100.0,749.8275862068966,4.336315416666666,0.9970833333333333,33.601608747925795,0.9698943693822597,0.82,0.3125,47.433991508898984,42.566008491101016,171.3892473273363,1.4764144057742152,4.015818109271741,910.3491996455597
2024-12-31,Khavda Renewable Energy Park,SIMULATED,SIMULATED_PVLIB,20000.0,20000.0,150000.0,149250.0,14955.92,86744.34,0.3125,0.7904,7.5,5.14,100.0,746.2068965517242,3.453383333333334,0.7979166666666667,35.304235088302875,0.9639351771909399,0.82,0.3125,47.378006578506074,42.621993421493926,171.22618031961747,1.4748516731142984,4.023576372053875,911.6351342472357
2025-01-01,Khavda Renewable Energy Park,SIMULATED,SIMULATED_PVLIB,20000.0,20000.0,150000.0,149250.0,14949.6,86707.68,0.3125,0.7901,7.5,5.43,100.0,746.7241379310345,3.7571425,0.8674999999999999,35.4205993291568,0.9635279023479512,0.82,0.3125,47.314595402123814,42.685404597876186,171.06259537303742,1.4730873204848423,4.031884243750721,913.0221785313609
2025-01-02,Khavda Renewable Energy Park,SIMULATED,SIMULATED_PVLIB,18740.338800307276,18740.338800307276,140552.54,139849.78,14818.06,85944.75,0.2928,0.7831,7.0276,5.71,100.0,747.9310344827586,3.712605,0.8558333333333333,37.842932794526476,0.9550497352191574,0.82,0.2928,47.24377814827374,42.75622185172626,170.89860476737044,1.4711239922968904,4.040930128585117,914.5120600768255
2025-01-03,Khavda Renewable Energy Park,SIMULATED,SIMULATED_PVLIB,18975.921739991678,18975.921739991678,142319.41,141607.81,14754.61,85576.74,0.2965,0.7798,7.116,6.0,100.0,745.1724137931035,4.322,1.0,39.011209706793224,0.9509607660262237,0.82,0.2965,47.1655775010091,42.8344224989909,170.73431944438676,1.4689646196777482,4.050592370017498,916.0228316665625
2025-01-04,Khavda Renewable Energy Park,SIMULATED,SIMULATED_PVLIB,20000.0,20000.0,150000.0,149250.0,14844.64,86098.91,0.3125,0.7845,7.5,2.0,100.0,725.8620689655172,4.174916666666666,0.9916666666666667,37.353320603811675,0.9567633778866591,0.82,0.3125,47.080019167823174,42.919980832176826,170.569847029808,1.4666124251120087,4.0608661001798305,917.4058947936577
2025-01-05,Khavda Renewable Energy Park,SIMULATED,SIMULATED_PVLIB,20000.0,20000.0,150000.0,149250.0,14903.41,86439.78,0.3125,0.7877,7.5,2.29,100.0,757.9310344827586,4.388673333333333,0.9983333333333333,36.27113190142117,0.9605510383450259,0.82,0.3125,46.987132630960495,43.012867369039505,170.40528994364877,1.464070932525076,4.071745856202734,919.4555294047639
2025-01-06,Khavda Renewable Energy Park,SIMULATED,SIMULATED_PVLIB,19563.679790312417,19563.679790312417,146727.6,145993.96,15082.16,87476.53,0.3057,0.7971,7.3364,2.57,100.0,773.7931034482759,4.488,1.0,32.979496055566955,0.9720717638055156,0.82,0.3057,46.8869518632799,43.1130481367201,170.24074382617596,1.4613439749445138,4.083225519672949,921.3787930862986
2025-01-07,Khavda Renewable Energy Park,SIMULATED,SIMULATED_PVLIB,20000.0,20000.0,150000.0,149250.0,15130.27,87755.57,0.3125,0.7996,7.5,2.86,100.0,795.0,4.611,1.0,32.09351513683169,0.9751726970210891,0.82,0.3125,46.779515761191256,43.220484238808744,170.0762964363705,1.458435693013621,4.095298282575996,923.4265726402241
2025-01-08,Khavda Renewable Energy Park,SIMULATED,SIMULATED_PVLIB,20000.0,20000.0,150000.0,149250.0,14944.7,86679.26,0.3125,0.7898,7.5,3.14,100.0,792.7586206896552,4.598,1.0,35.51089516045023,0.9632118669384242,0.82,0.3125,46.66486815752879,43.33513184247121,169.91202714349856,1.455350520941238,4.107956651821092,925.2600299200725
2025-01-09,Khavda Renewable Energy Park,SIMULATED,SIMULATED_PVLIB,19836.52040847654,19836.52040847654,148773.9,148030.03,14871.84,86256.67,0.3099,0.786,7.4387,3.43,100.0,791.2068965517242,4.589,1.0,36.85257660686345,0.9585159818759779,0.82,0.3099,46.543057386745154,43.456942613254846,169.74800700301864,1.4520931596667468,4.121192494423439,927.1601272446704
2025-01-10,Khavda Renewable Energy Park,SIMULATED,SIMULATED_PVLIB,18074.18767338764,18074.18767338764,135556.41,134878.63,13537.48,78517.38,0.2824,0.7155,6.7778,3.71,100.0,597.7586206896552,2.4774604166666667,0.7145833333333333,34.000772646675784,0.9684972957366348,0.82,0.2824,46.414135440297265,43.585864559702735,169.58429937558412,1.4486685389048577,4.134997119427206,926.8695660136702
2025-01-11,Khavda Renewable Energy Park,SIMULATED,SIMULATED_PVLIB,19517.22095009936,19517.22095009936,146379.16,145647.26,14873.83,86268.21,0.305,0.7861,7.319,4.0,100.0,775.5172413793103,4.406165833333334,0.9795833333333334,36.815850372566814,0.9586445236960162,0.82,0.305,46.27815684540449,43.72184315459551,169.42096092282463,1.445081772288993,4.149361384120245,930.9812522742588
2025-01-12,Khavda Renewable Energy Park,SIMULATED,SIMULATED_PVLIB,20000.0,20000.0,150000.0,149250.0,15008.71,87050.52,0.3125,0.7932,7.5,4.29,97.0,790.5172413793103,4.585,1.0,34.332150138760824,0.9673374745143372,0.82,0.3125,46.13517751666841,43.86482248333159,169.25804282244007,1.4413381127400144,4.164275801894826,933.2396806032784
2025-01-13,Khavda Renewable Energy Park,SIMULATED,SIMULATED_PVLIB,19433.56096695249,19433.56096695249,145751.71,145022.95,15193.67,88123.29,0.3036,0.803,7.2876,4.57,100.0,787.0689655172414,4.565,1.0,30.926072819675152,0.979258745131137,0.82,0.3036,45.985253905726125,44.014746094273875,169.09559207773032,1.4374429167788951,4.179730622776496,935.3329447365044
2025-01-14,Khavda Renewable Energy Park,SIMULATED,SIMULATED_PVLIB,19378.124367999175,19378.124367999175,145335.93,144609.25,15050.4,87292.32,0.3028,0.7954,7.2668,4.86,100.0,791.551724137931,4.591,1.0,33.56427995087262,0.9700250201719458,0.82,0.3028,45.82844270655963,44.17155729344037,168.9336528167753,1.4334016241976892,4.19571586416746,937.567945646811
2025-01-15,Khavda Renewable Energy Park,SIMULATED,SIMULATED_PVLIB,19617.606199251943,19617.606199251943,147132.05,146396.39,15008.08,87046.86,0.3065,0.7932,7.3566,5.14,100.0,787.4137931034483,4.567,1.0,34.34365523116057,0.967297206690938,0.82,0.3065,45.664801141465816,44.335198858534184,168.77226755623633,1.4292197530489446,4.212221290343189,939.7487562649769
2025-01-16,Khavda Renewable Energy Park,SIMULATED,SIMULATED_PVLIB,19922.44170983984,19922.44170983984,149418.31,148671.22,14899.5,86417.1,0.3113,0.7874,7.4709,5.43,100.0,798.448275862069,4.631,1.0,36.34324493736064,0.9602986427192378,0.82,0.3113,45.49438761282055,44.50561238717945,168.61147833252016,1.424902903697358,4.227323870531375,941.5889211352957
2025-01-17,Khavda Renewable Energy Park,SIMULATED,SIMULATED_PVLIB,18647.478460940307,18647.478460940307,139856.09,139156.81,15032.37,87187.75,0.2914,0.7945,6.9928,5.71,100.0,808.9655172413793,4.692,1.0,33.89647313173493,0.9688623440389278,0.82,0.2914,45.31726239959415,44.68273760040585,168.4513276003263,1.420456763314283,4.241009484625448,942.9068439436625
2025-01-18,Khavda Renewable Energy Park,SIMULATED,SIMULATED_PVLIB,18587.98901467435,18587.98901467435,139409.92,138712.87,14942.15,86664.47,0.2904,0.7897,6.9705,6.0,100.0,794.1379310344828,4.604080833333334,0.9995833333333334,35.55776548405112,0.9630478208058211,0.82,0.2904,45.13348817202725,44.86651182797275,168.29185880045952,1.4158871050882456,4.25517821624629,943.9742262482005
2025-01-19,Khavda Renewable Energy Park,SIMULATED,SIMULATED_PVLIB,18830.511545682024,18830.511545682024,141228.84,140522.7,14856.75,86169.15,0.2942,0.7852,7.0614,2.0,100.0,794.8275862068966,4.61,1.0,37.13043394948731,0.9575434811767944,0.82,0.2942,44.943130287703966,45.056869712296034,168.1331165341427,1.4111997815215032,4.269818319613161,945.2676655013031
2025-01-20,Khavda Renewable Energy Park,SIMULATED,SIMULATED_PVLIB,19934.129328567065,19934.129328567065,149505.97,148758.44,14794.69,85809.2,0.3115,0.7819,7.4753,2.29,100.0,801.551724137931,4.649,1.0,38.2732898427344,0.9535434855504296,0.82,0.3115,44.746256945257784,45.253743054742216,167.97514644511637,1.4064007140336272,4.284917640610316,946.6740874175173
2025-01-21,Khavda Renewable Energy Park,SIMULATED,SIMULATED_PVLIB,19091.49272233069,19091.49272233069,143186.2,142470.27,14718.59,85367.82,0.2983,0.7779,7.1593,2.57,100.0,804.1379310344828,4.664,1.0,39.67464594200014,0.9486387392029995,0.82,0.2983,44.54293927637649,45.45706072362351,167.81799494544975,1.4014958810807157,4.300463618829472,948.0722858168144
2025-01-22,Khavda Renewable Energy Park,SIMULATED,SIMULATED_PVLIB,19565.95769655841,19565.95769655841,146744.68,146010.96,14791.83,85792.61,0.3057,0.7818,7.3372,2.86,100.0,805.0,4.655382083333333,0.9970833333333333,38.32587675196061,0.9533594313681378,0.82,0.3057,44.33325138911186,45.66674861088814,167.66170899747,1.3964913052457788,4.316443294474959,949.4884058498615
2025-01-23,Khavda Renewable Energy Park,SIMULATED,SIMULATED_PVLIB,19687.80272562069,19687.80272562069,147658.52,146920.23,14916.04,86513.03,0.3076,0.7883,7.3829,3.14,97.0,828.2758620689656,4.804,1.0,36.038568471328006,0.9613650103503519,0.82,0.3076,44.117270359703774,45.882729640296226,167.5063360881278,1.3913930393641518,4.3328433202783065,951.2029665183665
2025-01-24,Khavda Renewable Energy Park,SIMULATED,SIMULATED_PVLIB,19500.342773169632,19500.342773169632,146252.57,145521.31,14946.03,86686.97,0.3047,0.7899,7.3126,3.43,100.0,840.344827586207,4.874,1.0,35.48626479939004,0.9632980732021349,0.82,0.3047,43.89507620039918,46.10492379960082,167.35192445970029,1.3862071524594024,4.349649975973671,952.8200001902567
2025-01-25,Khavda Renewable Energy Park,SIMULATED,SIMULATED_PVLIB,19792.124185519322,19792.124185519322,148440.93,147698.73,14819.04,85950.43,0.3093,0.7832,7.422,3.71,100.0,852.4137931034483,4.944,1.0,37.82490070635484,0.955112847527758,0.82,0.3093,43.66675183798173,46.33324816201827,167.19852359398737,1.3809397163734336,4.366849182336834,954.4684978688064
2025-01-26,Khavda Renewable Energy Park,SIMULATED,SIMULATED_PVLIB,19187.062128636207,19187.062128636207,143902.97,143183.46,14640.21,84913.22,0.2998,0.7737,7.1951,4.0,100.0,862.0689655172414,4.997916666666667,0.9995833333333334,41.117996030899775,0.9435870138918507,0.82,0.2998,43.432383079986806,46.567616920013194,167.04618481401656,1.3755967925877142,4.384426516747303,956.1178951396723
2025-01-27,Khavda Renewable Energy Park,SIMULATED,SIMULATED_PVLIB,19665.954736367603,19665.954736367603,147494.66,146757.19,14620.45,84798.61,0.3073,0.7727,7.3747,4.29,100.0,761.8965517241379,3.1706325,0.7175,41.48174925820922,0.9423138775962677,0.82,0.3073,43.192058450201756,46.807941549798244,166.89496182612095,1.3701844166432389,4.402367240155575,956.5078866647152
2025-01-28,Khavda Renewable Energy Park,SIMULATED,SIMULATED_PVLIB,19254.58813087262,19254.58813087262,144409.41,143687.36,14441.14,83758.61,0.3009,0.7632,7.2205,4.57,100.0,847.9310344827586,3.452845833333334,0.7020833333333334,44.783773292365794,0.9307567934767197,0.82,0.3009,42.94586878356723,47.05413121643277,166.74491092091148,1.3647085780166484,4.420656344243649,959.1031392863674
2025-01-29,Khavda Renewable Energy Park,SIMULATED,SIMULATED_PVLIB,18929.084673746795,18929.084673746795,141968.14,141258.3,14748.77,85542.87,0.2958,0.7795,7.0984,4.86,100.0,848.448275862069,4.921,1.0,39.11888039814157,0.9505839186065045,0.82,0.2958,42.693906613081495,47.306093386918505,166.59609059374304,1.3591751966708563,4.439278615339557,960.7189853074846
2025-01-30,Khavda Renewable Energy Park,SIMULATED,SIMULATED_PVLIB,17959.000833365975,17959.000833365975,134692.51,134019.05,14540.65,84335.77,0.2806,0.7685,6.7346,5.14,95.0,864.8275862068966,4.14447,0.82625,42.95135025539757,0.9371702741061085,0.82,0.2806,42.43626558365876,47.56373441634124,166.4485604597961,1.353590101788711,4.458218694975246,962.5403609964128
2025-01-31,Khavda Renewable Energy Park,SIMULATED,SIMULATED_PVLIB,19849.575030330263,19849.575030330263,148871.81,148127.45,14773.84,85688.27,0.3101,0.7808,7.4436,5.43,100.0,875.344827586207,5.049499583333334,0.9945833333333334,38.65717173539986,0.9521998989261005,0.82,0.3101,42.173040210886306,47.826959789113694,166.30237954869767,1.347959019423467,4.47746111091109,964.3104694531563
2025-02-01,Khavda Renewable Energy Park,SIMULATED,SIMULATED_PVLIB,19049.910102101443,19049.910102101443,142874.33,142159.96,14495.86,84075.99,0.2977,0.7661,7.1437,5.71,100.0,892.0689655172414,5.1675325,0.99875,43.77602863113377,0.9342838997910318,0.82,0.2977,41.90432616470223,48.09567383529777,166.15760426395195,1.3422875721630572,4.496990264855422,966.1682766014292
2025-02-02,Khavda Renewable Energy Park,SIMULATED,SIMULATED_PVLIB,18255.980334115702,18255.980334115702,136919.85,136235.25,14715.09,85347.52,0.2852,0.7777,6.846,6.0,100.0,881.2068965517242,5.111,1.0,39.73911187113043,0.9484131084510434,0.82,0.2852,41.630220974510415,48.369779025489585,166.0142863305174,1.3365812876053664,4.516790386897912,967.7156217142165
2025-02-03,Khavda Renewable Energy Park,SIMULATED,SIMULATED_PVLIB,20000.0,20000.0,150000.0,149250.0,14618.0,84784.4,0.3125,0.7726,7.5,2.0,100.0,889.6551724137931,5.0224,0.9733333333333334,41.52688309192942,0.942155909178247,0.82,0.3125,41.35082480080612,48.64917519919388,165.87247099137085,1.330845607537017,4.536845486756402,969.499325575348
2025-02-04,Khavda Renewable Energy Park,SIMULATED,SIMULATED_PVLIB,19364.53026762478,19364.53026762478,145233.98,144507.81,14869.88,86245.3,0.3026,0.7859,7.2617,2.29,100.0,837.5862068965517,4.580689166666666,0.9429166666666666,36.88861926917245,0.9583898325578964,0.82,0.3026,41.066240875032896,48.933759124967104,165.73219554552338,1.3250858896555429,4.557139334188881,970.5820563141618
2025-02-05,Khavda Renewable Energy Park,SIMULATED,SIMULATED_PVLIB,20000.0,20000.0,150000.0,149250.0,14557.79,84435.18,0.3125,0.7694,7.5,2.57,100.0,911.2068965517242,5.285,1.0,42.63568582936158,0.9382750995972344,0.82,0.3125,40.776575377543345,49.223424622456655,165.59348824137828,1.319307397937561,4.577655485967071,973.1421359274827
2025-02-06,Khavda Renewable Energy Park,SIMULATED,SIMULATED_PVLIB,20000.0,20000.0,150000.0,149250.0,14703.73,85281.63,0.3125,0.7771,7.5,2.86,100.0,930.5172413793103,5.01246375,0.92875,39.948191151866126,0.9476813309684685,0.82,0.3125,40.481936790712155,49.518063209287845,165.4563675157117,1.3135152835132795,4.598377354601138,975.0690367660749
2025-02-07,Khavda Renewable Energy Park,SIMULATED,SIMULATED_PVLIB,19766.218414731127,19766.218414731127,148246.64,147505.41,14686.68,85182.74,0.3088,0.7762,7.4123,3.14,100.0,915.1724137931035,4.317173333333333,0.8133333333333334,40.262149769810065,0.9465824758056648,0.82,0.3088,40.182434954362556,49.817565045637444,165.32084167008065,1.3077145614776,4.619288299007926,976.5905010000922
2025-02-08,Khavda Renewable Energy Park,SIMULATED,SIMULATED_PVLIB,19257.188223408397,19257.188223408397,144428.91,143706.77,14407.64,83564.31,0.3009,0.7615,7.2214,3.43,100.0,918.1034482758621,2.726843750000001,0.5120833333333334,43.14766308248084,0.9364831792113171,0.82,0.3009,39.87818011191321,50.12181988808679,165.18690903973607,1.301910089691369,4.640371713310798,978.3239956749429
2025-02-09,Khavda Renewable Energy Park,SIMULATED,SIMULATED_PVLIB,18704.529474917792,18704.529474917792,140283.97,139582.55,14190.88,82307.1,0.2923,0.75,7.0142,3.71,100.0,937.7586206896552,4.9993475,0.9191666666666667,49.392285202004764,0.9146270017929833,0.82,0.2923,39.569282160072746,50.430717839927254,165.05455871028062,1.296106553534679,4.661611096972478,980.2489343781309
2025-02-10,Khavda Renewable Energy Park,SIMULATED,SIMULATED_PVLIB,19682.030934649927,19682.030934649927,147615.23,146877.15,14586.11,84599.44,0.3075,0.7709,7.3808,4.0,100.0,933.448275862069,4.0717791666666665,0.7520833333333333,42.11423187176426,0.940100188448825,0.82,0.3075,39.255850218709654,50.744149781290346,164.9237716654411,1.2903084583043014,4.682990097809526,981.8863950882501
2025-02-11,Khavda Renewable Energy Park,SIMULATED,SIMULATED_PVLIB,19149.378149981872,19149.378149981872,143620.34,142902.24,14686.83,85183.61,0.2992,0.7762,7.181,4.29,100.0,908.7931034482759,4.43422875,0.84125,40.259413525342765,0.9465920526613003,0.82,0.2992,38.93799254159435,51.06200745840565,164.7945222034382,1.2845201289401236,4.704492527365194,983.2764306831232
2025-02-12,Khavda Renewable Energy Park,SIMULATED,SIMULATED_PVLIB,18952.204050040775,18952.204050040775,142141.53,141430.82,14315.79,83031.58,0.2961,0.7566,7.1071,4.57,100.0,927.2413793103449,5.378,1.0,47.09212469016247,0.9226775635844313,0.82,0.2961,38.61581672530982,51.38418327469018,164.66677944200342,1.2787457155934354,4.726102353127737,985.1598010475146
2025-02-13,Khavda Renewable Energy Park,SIMULATED,SIMULATED_PVLIB,18947.471868267032,18947.471868267032,142106.04,141395.51,14088.12,81711.1,0.2961,0.7446,7.1053,4.86,100.0,938.9655172413793,5.446,1.0,51.28448947508618,0.9080042868371984,0.82,0.2961,38.28943013271588,51.71056986728412,164.5405087163831,1.2729892029407528,4.747803675072566,986.9506673373996
2025-02-14,Khavda Renewable Energy Park,SIMULATED,SIMULATED_PVLIB,18669.87544595263,18669.87544595263,140024.07,139323.95,14532.68,84289.54,0.2917,0.7681,7.0012,5.14,100.0,943.2758620689656,5.425408333333333,0.9916666666666667,43.09804080331216,0.9366568571884074,0.82,0.2917,37.95894040637909,52.04105959362091,164.41567276363253,1.2672544206441172,4.769580696771903,988.6387047270168
2025-02-15,Khavda Renewable Energy Park,SIMULATED,SIMULATED_PVLIB,18682.61317085739,18682.61317085739,140119.6,139419.0,14610.78,84742.52,0.2919,0.7722,7.006,5.43,100.0,940.1724137931035,4.587336250000001,0.84125,41.65988586628227,0.941690399468012,0.82,0.2919,37.62445595777889,52.37554404222111,164.29223254467217,1.2615450528289247,4.788240727397563,989.4055056330408
2025-02-16,Khavda Renewable Energy Park,SIMULATED,SIMULATED_PVLIB,18278.05987454601,18278.05987454601,137085.45,136400.02,14595.65,84654.77,0.2856,0.7714,6.8543,5.71,100.0,938.7931034482759,5.445,1.0,41.93856112414184,0.9407150360655036,0.82,0.2856,37.28608634509419,52.71391365490581,164.17014767398018,1.2558646451649993,4.806946868947769,990.1815768956193
2025-02-17,Khavda Renewable Energy Park,SIMULATED,SIMULATED_PVLIB,18094.388149696122,18094.388149696122,135707.91,135029.37,14434.56,83720.45,0.2827,0.7629,6.7854,6.0,100.0,929.4827586206897,4.96196625,0.9204166666666667,44.90497796245298,0.9303325771314146,0.82,0.2827,36.94394251567013,53.05605748432987,164.04937648519933,1.250216609370758,4.825683584203536,990.851697604692
2025-02-18,Khavda Renewable Energy Park,SIMULATED,SIMULATED_PVLIB,18294.292848282028,18294.292848282028,137207.2,136521.16,14337.78,83159.12,0.2858,0.7578,6.8604,2.0,100.0,918.2758620689656,3.006970833333334,0.5645833333333334,46.6870748000917,0.9240952381996791,0.82,0.2858,36.59813693033336,53.40186306966664,163.9298759014032,1.2446042256721148,4.844435403927192,991.4844268511538
2025-02-19,Khavda Renewable Energy Park,SIMULATED,SIMULATED_PVLIB,19973.813327211952,19973.813327211952,149803.6,149054.58,14520.75,84220.35,0.3121,0.7674,7.4902,2.29,100.0,892.0689655172414,3.360944166666667,0.6495833333333334,43.31777863954997,0.9358877747615751,0.82,0.3121,36.24878361045668,53.75121638954332,163.81160131334275,1.23903064408054,4.863186938103684,991.9242220196816
2025-02-20,Khavda Renewable Energy Park,SIMULATED,SIMULATED_PVLIB,20000.0,20000.0,150000.0,149250.0,14467.14,83909.41,0.3125,0.7646,7.5,2.57,100.0,957.9310344827586,5.20875,0.9375,44.30500566827308,0.9324324801610442,0.82,0.3125,35.89599814802495,54.10400185197505,163.6945066623615,1.2334988852500766,4.88192289006534,993.4229785684
2025-02-21,Khavda Renewable Energy Park,SIMULATED,SIMULATED_PVLIB,12989.251270415365,12989.251270415365,97419.38,96932.28,9308.53,53989.47,0.203,0.492,4.871,2.86,100.0,709.6551724137931,1.76645,0.4291666666666667,43.85685351080585,0.9340010127121795,0.82,0.203,35.53989772055627,54.46010227944373,163.5785448211493,1.228011841606684,4.900628070366837,991.221386911006
2025-02-22,Khavda Renewable Energy Park,SIMULATED,SIMULATED_PVLIB,17904.30456832108,17904.30456832108,134282.28,133610.87,14107.12,81821.3,0.2798,0.7456,6.7141,3.14,100.0,991.3793103448277,5.6925,0.99,50.934706783665916,0.9092285262571693,0.82,0.2798,35.18060113290015,54.81939886709985,163.46366830097804,1.2225722790541478,4.919287408874228,995.2036264416822
2025-02-23,Khavda Renewable Energy Park,SIMULATED,SIMULATED_PVLIB,19229.76607569332,19229.76607569332,144223.25,143502.13,14147.34,82054.57,0.3005,0.7477,7.2112,3.43,100.0,993.6206896551724,4.487936250000001,0.77875,50.19398354092807,0.9118210576067517,0.82,0.3005,34.81822886152017,55.18177113847983,163.3498302058988,1.217182838830673,4.937885966864799,995.8874996640552
2025-02-24,Khavda Renewable Energy Park,SIMULATED,SIMULATED_PVLIB,8125.448488020952,8125.448488020952,60940.86,60636.16,5875.35,34077.03,0.127,0.3105,3.047,3.71,100.0,866.551724137931,1.1392266666666666,0.22666666666666668,49.54444998895327,0.9140944250386636,0.82,0.127,34.452903002632084,55.547096997367916,163.23698523910252,1.2118460380693674,4.95640895590321,995.0298862104353
2025-02-25,Khavda Renewable Energy Park,SIMULATED,SIMULATED_PVLIB,274.4208171324371,274.4208171324371,2058.16,2047.87,210.39,1220.26,0.0043,0.0111,0.1029,4.0,100.0,729.3103448275863,0.040537499999999296,0.009583333333333166,47.88519443510762,0.9199018194771234,0.82,0.0043,34.08474698433541,55.91525301566459,163.1250904632393,1.2065642672360324,4.974841772525374,994.0242597970591
2025-02-26,Khavda Renewable Energy Park,SIMULATED,SIMULATED_PVLIB,4019.70303821874,4019.70303821874,30147.77,29997.03,3039.41,17628.58,0.0628,0.1606,1.5074,4.29,100.0,953.7931034482759,0.5946900000000003,0.10750000000000004,51.893857035777884,0.9058715003747774,0.82,0.0628,33.713884982539064,56.286115017460936,163.01410544256169,1.2013397840117521,4.993170051616017,997.2243447002028
2025-02-27,Khavda Renewable Energy Park,SIMULATED,SIMULATED_PVLIB,1639.8781514507639,1639.8781514507639,12299.09,12237.59,1327.42,7699.04,0.0256,0.0702,0.615,4.57,100.0,909.3103448275863,0.25271250000000084,0.04791666666666683,44.715465967469484,0.9309958691138568,0.82,0.0256,33.3404411663552,56.6595588336448,162.90399156327373,1.1961747058402938,5.0113797286123845,997.2421169365347
2025-02-28,Khavda Renewable Energy Park,SIMULATED,SIMULATED_PVLIB,10690.351388968196,10690.351388968196,80177.64,79776.75,8091.83,46932.61,0.167,0.4277,4.0089,4.86,100.0,985.344827586207,1.53114375,0.2679166666666667,43.08717219453163,0.9366948973191392,0.82,0.167,32.96453910586127,57.03546089413873,162.7947105233394,1.1910710058709955,5.02945708766563,998.6373987705764
2025-03-01,Khavda Renewable Energy Park,SIMULATED,SIMULATED_PVLIB,17354.121385778642,17354.121385778642,130155.91,129505.13,14504.95,84128.71,0.2712,0.7666,6.5078,10.29,100.0,1008.7931034482759,5.1171870833333335,0.8745833333333334,43.608758436470545,0.9348693454723531,0.82,0.2712,32.58630168604365,57.41369831395635,162.68622231662243,1.1860305164932199,5.0473887740352374,999.3813382268994
2025-03-02,Khavda Renewable Energy Park,SIMULATED,SIMULATED_PVLIB,17661.630657664144,17661.630657664144,132462.23,131799.92,14296.95,82922.31,0.276,0.7556,6.6231,10.86,100.0,1019.6551724137931,5.768614166666667,0.9754166666666667,47.439046377377196,0.9214633376791799,0.82,0.276,32.20585164686583,57.79414835313417,162.57848303309777,1.1810549410919298,5.065161765418163,999.940914723709
2025-03-03,Khavda Renewable Energy Park,SIMULATED,SIMULATED_PVLIB,16746.721430090944,16746.721430090944,125600.41,124972.41,14399.95,83519.71,0.2617,0.761,6.28,11.43,100.0,1020.344827586207,5.138796666666667,0.8683333333333334,45.54233914264947,0.9281018130007268,0.82,0.2617,31.82331247971787,58.17668752028213,162.4714427216678,1.17614586950748,5.0827633225351825,1000.3429747331246
2025-03-04,Khavda Renewable Energy Park,SIMULATED,SIMULATED_PVLIB,17809.108591393564,17809.108591393564,133568.31,132900.47,14455.6,83842.48,0.2783,0.764,6.6784,12.0,100.0,1100.0,6.3055666666666665,0.9883333333333333,44.51756789318583,0.9316885123738496,0.82,0.2783,31.438809159079888,58.56119084092011,162.36504328860656,1.1713047901194398,5.100180953681605,1001.6300915516961
2025-03-05,Khavda Renewable Energy Park,SIMULATED,SIMULATED_PVLIB,19622.750539672455,19622.750539672455,147170.63,146434.78,14395.73,83495.23,0.3066,0.7608,7.3585,4.0,100.0,1119.1379310344828,6.491,1.0,45.619926127670524,0.9278302585531532,0.82,0.3066,31.05246825005792,58.94753174994208,162.25921635204554,1.1665330932541038,5.117402421105177,1002.1673954954898
2025-03-06,Khavda Renewable Energy Park,SIMULATED,SIMULATED_PVLIB,18215.509505439808,18215.509505439808,136616.32,135933.24,14189.95,82301.71,0.2846,0.7499,6.8308,4.57,100.0,1078.9655172413793,6.258,1.0,49.40934173528741,0.9145673039264941,0.82,0.2846,30.664417299244917,59.33558270075508,162.1538810765138,1.161832065868224,5.13441579175999,1001.9677649340168
2025-03-07,Khavda Renewable Energy Park,SIMULATED,SIMULATED_PVLIB,17921.536083118604,17921.536083118604,134411.52,133739.46,14199.36,82356.29,0.28,0.7504,6.7206,5.14,100.0,1071.2068965517242,6.213,1.0,49.23607843379973,0.915173725481701,0.82,0.28,30.27478381419028,59.72521618580972,162.04894226504587,1.1572028822636413,5.151209510146674,1002.1042355544993
2025-03-08,Khavda Renewable Energy Park,SIMULATED,SIMULATED_PVLIB,17181.0931546084,17181.0931546084,128858.2,128213.91,14142.86,82028.59,0.2685,0.7475,6.4429,5.71,100.0,1065.1724137931035,6.178,1.0,50.27648564005117,0.9115323002598209,0.82,0.2685,29.88369430665803,60.11630569334197,161.9442890655779,1.1526465969288746,5.1677724624661625,1002.216257219844
2025-03-09,Khavda Renewable Energy Park,SIMULATED,SIMULATED_PVLIB,17530.09652337993,17530.09652337993,131475.72,130818.34,13688.5,79393.3,0.2739,0.7234,6.5738,6.29,100.0,1081.7241379310344,6.11715,0.975,58.643489931760726,0.8822477852388375,0.82,0.2739,29.4912737211554,60.5087262788446,161.8397945918282,1.1481641429716734,5.184094013237297,1002.5470985159455
2025-03-10,Khavda Renewable Energy Park,SIMULATED,SIMULATED_PVLIB,17047.174115613143,17047.174115613143,127853.81,127214.54,13521.96,78427.37,0.2664,0.7146,6.3927,6.86,100.0,1083.9655172413793,4.332790833333333,0.6891666666666667,61.71033483795461,0.8715138280671588,0.82,0.2664,29.097645294536193,60.90235470546381,161.73531641807904,1.1437563359820182,5.200164013634243,1002.6636570117805
2025-03-11,Khavda Renewable Energy Park,SIMULATED,SIMULATED_PVLIB,16531.7942776105,16531.7942776105,123988.46,123368.52,13596.55,78859.99,0.2583,0.7186,6.1994,7.43,100.0,1106.3793103448277,5.978504999999999,0.9316666666666666,60.336796563817174,0.8763212120266399,0.82,0.2583,28.702930687635572,61.29706931236443,161.6306977506889,1.1394238808914765,5.21597279297566,1002.968862192442
2025-03-12,Khavda Renewable Energy Park,SIMULATED,SIMULATED_PVLIB,18045.556909838513,18045.556909838513,135341.68,134664.97,14047.93,81477.99,0.282,0.7424,6.7671,8.0,100.0,1119.3103448275863,6.180924999999999,0.9520833333333333,52.02471206006949,0.9054135077897568,0.82,0.282,28.307250243072417,61.69274975692758,161.52576889295574,1.1351673798486537,5.231511143131562,1003.1145620681903
2025-03-13,Khavda Renewable Energy Park,SIMULATED,SIMULATED_PVLIB,17759.937522043347,17759.937522043347,133199.53,132533.53,14294.02,82905.32,0.2775,0.7554,6.66,8.57,100.0,1085.0,6.248424583333334,0.9929166666666667,47.492979416219434,0.9212745720432319,0.82,0.2775,27.910723313540977,62.08927668645902,161.42034872845284,1.1309873403453239,5.24677029967576,1002.6577727225846
2025-03-14,Khavda Renewable Energy Park,SIMULATED,SIMULATED_PVLIB,17383.366787309427,17383.366787309427,130375.25,129723.37,14352.05,83241.89,0.2716,0.7585,6.5188,9.14,100.0,1084.655172413793,4.8309637500000004,0.7679166666666667,46.4243850421298,0.9250146523525458,0.82,0.2716,27.513468669566535,62.486531330433465,161.3142459630069,1.1268841835942751,5.261741919692033,1002.5488497003746
2025-03-15,Khavda Renewable Energy Park,SIMULATED,SIMULATED_PVLIB,17363.144727049475,17363.144727049475,130223.59,129572.47,14196.72,82340.98,0.2713,0.7503,6.5112,9.71,100.0,1087.5862068965519,5.403853333333333,0.8566666666666667,49.284792703602726,0.9150032255373904,0.82,0.2713,27.11560495483156,62.88439504516844,161.20725996879776,1.1228582527420967,5.276418058436803,1002.4277402133059
2025-03-16,Khavda Renewable Energy Park,SIMULATED,SIMULATED_PVLIB,17971.481559492186,17971.481559492186,134786.11,134112.18,14088.88,81715.5,0.2808,0.7446,6.7393,10.29,100.0,1128.448275862069,6.545,1.0,51.27063111323192,0.9080527911036883,0.82,0.2808,26.717251108963346,63.282748891036654,161.0991811218023,1.118909820086539,5.291614061192056,1002.8781736936397
2025-03-17,Khavda Renewable Energy Park,SIMULATED,SIMULATED_PVLIB,17357.364833436583,17357.364833436583,130180.24,129529.34,13883.67,80525.29,0.2712,0.7338,6.509,10.86,100.0,1147.7586206896551,5.90531375,0.8870833333333333,55.04950903549738,0.8948267183757592,0.82,0.2712,26.31852668641941,63.68147331358059,160.98979067393884,1.1150390926860156,5.307321113880155,1003.1995947015944
2025-03-18,Khavda Renewable Energy Park,SIMULATED,SIMULATED_PVLIB,17010.20712912546,17010.20712912546,127576.55,126938.67,13996.06,81177.15,0.2658,0.7397,6.3788,11.43,100.0,1143.2758620689656,6.600607916666666,0.9954166666666666,52.97989378885499,0.9020703717390075,0.82,0.2658,25.919552073945667,64.08044792605433,160.878860300445,1.1112462165548815,5.322708887083599,1003.1858013153061
2025-03-19,Khavda Renewable Energy Park,SIMULATED,SIMULATED_PVLIB,17640.80206945939,17640.80206945939,132306.02,131644.49,14286.83,82863.61,0.2756,0.7551,6.6153,12.0,100.0,1123.6206896551726,6.400237083333334,0.9820833333333333,47.62542991071632,0.9208109953124929,0.82,0.2756,25.520448647194925,64.47955135280507,160.7661516189363,1.1075312799768613,5.337770850093997,1002.937448633078
2025-03-20,Khavda Renewable Energy Park,SIMULATED,SIMULATED_PVLIB,18219.347604022663,18219.347604022663,136645.11,135961.88,14274.11,82789.84,0.2847,0.7544,6.8323,4.0,100.0,1081.0344827586207,5.9747875,0.9529166666666666,47.85967039860687,0.9199911536048759,0.82,0.2847,25.121338904777687,64.87866109522231,160.65141589085283,1.1038943163770507,5.352500828155538,1002.3634357969985
2025-03-21,Khavda Renewable Energy Park,SIMULATED,SIMULATED_PVLIB,18397.63671478739,18397.63671478739,137982.28,137292.37,13981.52,81092.82,0.2875,0.7389,6.8991,4.57,100.0,1157.0689655172414,6.711,1.0,53.24756735840231,0.901133514245592,0.82,0.2875,24.722346570784424,65.27765342921558,160.53439414696322,1.100335306712777,5.366893003288315,1003.1213855912902
2025-03-22,Khavda Renewable Energy Park,SIMULATED,SIMULATED_PVLIB,18372.02711144786,18372.02711144786,137790.2,137101.25,13997.94,81188.05,0.2871,0.7398,6.8895,5.14,100.0,1171.2068965517242,6.793,1.0,52.94518857611709,0.9021918399835902,0.82,0.2871,24.323596671749925,65.67640332825007,160.4148177854937,1.0968541814843988,5.380941916449294,1003.0970743564793
2025-03-23,Khavda Renewable Energy Park,SIMULATED,SIMULATED_PVLIB,17809.308670691906,17809.308670691906,133569.82,132901.97,13907.8,80665.24,0.2783,0.735,6.6785,5.71,100.0,1175.5172413793105,6.818,1.0,54.605097458814726,0.8963821588941485,0.82,0.2783,23.92521559988252,66.07478440011748,160.29240966089856,1.0934508225053552,5.394642470305079,1002.900292452813
2025-03-24,Khavda Renewable Energy Park,SIMULATED,SIMULATED_PVLIB,18200.773618453422,18200.773618453422,136505.8,135823.27,13916.81,80717.5,0.2844,0.7355,6.8253,6.29,100.0,1179.8275862068965,6.843,1.0,54.43925499652936,0.8969626075121473,0.82,0.2844,23.52733114682816,66.47266885317184,160.1668854392999,1.0901250643238276,5.407989933277017,1002.6461954971314
2025-03-25,Khavda Renewable Energy Park,SIMULATED,SIMULATED_PVLIB,17745.05876498693,17745.05876498693,133087.94,132422.5,14161.5,82136.7,0.2773,0.7484,6.6544,6.86,100.0,1178.7931034482758,6.74584,0.9866666666666667,49.933271407518646,0.9127335500736847,0.82,0.2773,23.130072386788896,66.8699276132111,160.03795483626766,1.086876694357382,5.420979950363174,1002.2723251605519
2025-03-26,Khavda Renewable Energy Park,SIMULATED,SIMULATED_PVLIB,18520.60464151484,18520.60464151484,138904.53,138210.01,14304.69,82967.2,0.2894,0.756,6.9452,7.43,100.0,1165.0,6.675352916666666,0.9879166666666667,47.296478089120654,0.9219623266880776,0.82,0.2894,22.73356924309816,67.26643075690184,159.90532220971454,1.0837054506183585,5.433608567538579,1001.6920722360107
2025-03-27,Khavda Renewable Energy Park,SIMULATED,SIMULATED_PVLIB,18145.211596179128,18145.211596179128,136089.09,135408.64,14084.3,81688.94,0.2835,0.7444,6.8045,8.0,100.0,1187.5862068965519,6.53786,0.9491666666666667,51.354867101075754,0.9077579651462349,0.82,0.2835,22.337951703172664,67.66204829682734,159.76868614441537,1.0806110171406333,5.44587226956339,1001.4812153804102
2025-03-28,Khavda Renewable Energy Park,SIMULATED,SIMULATED_PVLIB,15967.516359901014,15967.516359901014,119756.37,119157.59,13893.83,80584.21,0.2495,0.7343,5.9878,8.57,100.0,1226.5517241379312,3.758563333333334,0.5283333333333334,54.862397694524184,0.8954816080691653,0.82,0.2495,21.943348945717602,68.0566510542824,159.62773796191482,1.0775930195043932,5.4577680175039305,1001.4059028662218
2025-03-29,Khavda Renewable Energy Park,SIMULATED,SIMULATED_PVLIB,11280.666084318706,11280.666084318706,84605.0,84181.98,8702.22,50472.88,0.1763,0.4599,4.2302,9.14,100.0,1127.9310344827586,1.7090975,0.26125,52.86690590433996,0.9024658293348101,0.82,0.1763,21.54988885432418,68.45011114567582,159.48215950012877,1.0746510240267497,5.469293264751252,999.6634201351169
2025-03-30,Khavda Renewable Energy Park,SIMULATED,SIMULATED_PVLIB,15528.623126131039,15528.623126131039,116464.67,115882.35,13741.92,79703.14,0.2426,0.7263,5.8232,9.71,100.0,1255.6896551724137,7.283,1.0,57.659793649617995,0.885690722226337,0.82,0.2426,21.157698299697657,68.84230170030234,159.33162045760923,1.0717845428832375,5.480445937263344,1000.5168893625671
2025-03-31,Khavda Renewable Energy Park,SIMULATED,SIMULATED_PVLIB,16512.48790738392,16512.48790738392,123843.66,123224.44,13612.71,78953.72,0.258,0.7194,6.1922,10.29,100.0,1241.2068965517242,7.199,1.0,60.03905267784365,0.8773633156275472,0.82,0.258,20.76690412144724,69.23309587855276,159.17577542682443,1.0689930437648438,5.491224385183716,999.6497983890883
2025-04-01,Khavda Renewable Energy Park,SIMULATED,SIMULATED_PVLIB,17274.306169383643,17274.306169383643,129557.3,128909.51,13647.36,79154.69,0.2699,0.7213,6.4779,10.86,100.0,1235.344827586207,7.045583333333333,0.9833333333333333,59.4010617060527,0.8795962840288155,0.82,0.2699,20.377634284339166,69.62236571566083,159.0142602698371,1.0662759596741669,5.501627331402211,998.8296347879057
2025-04-02,Khavda Renewable Energy Park,SIMULATED,SIMULATED_PVLIB,16356.995991593294,16356.995991593294,122677.47,122064.08,13534.93,78502.59,0.2556,0.7153,6.1339,11.43,100.0,1230.344827586207,7.12708,0.99875,61.47150075813056,0.872349747346543,0.82,0.2556,19.990018540405686,70.00998145959431,158.84668755091184,1.0636326942158738,5.511653845131697,997.9662551254008
2025-04-03,Khavda Renewable Energy Park,SIMULATED,SIMULATED_PVLIB,16089.409190313045,16089.409190313045,120670.57,120067.22,13883.06,80521.75,0.2514,0.7337,6.0335,12.0,100.0,1214.3103448275863,6.96376625,0.98875,55.06063268997365,0.8947877855850922,0.82,0.2514,19.604188263421776,70.39581173657822,158.67264106612845,1.0610626207929008,5.521303351041668,996.9211104490057
2025-04-04,Khavda Renewable Energy Park,SIMULATED,SIMULATED_PVLIB,17772.403228515737,17772.403228515737,133293.02,132626.55,13894.93,80590.59,0.2777,0.7344,6.6647,4.0,100.0,1231.7241379310344,7.12614,0.9975,54.842089403198344,0.8955526870888058,0.82,0.2777,19.22027564612057,70.77972435387943,158.49167014933698,1.0585650778637274,5.530575661981018,996.2159924710435
2025-04-05,Khavda Renewable Energy Park,SIMULATED,SIMULATED_PVLIB,18866.91633692137,18866.91633692137,141501.87,140794.36,13923.15,80754.27,0.2948,0.7358,7.0751,4.57,100.0,1229.1379310344828,7.129,1.0,54.322509750520226,0.8973712158731793,0.82,0.2948,18.838412790312873,71.16158720968713,158.30328470793415,1.0561393642597123,5.539471011546512,995.2258209243387
2025-04-06,Khavda Renewable Energy Park,SIMULATED,SIMULATED_PVLIB,17234.87361919685,17234.87361919685,129261.55,128615.24,13996.39,81179.06,0.2693,0.7397,6.4631,5.14,100.0,1239.4827586206898,7.189,1.0,52.973820306722516,0.9020916289264712,0.82,0.2693,18.458731151633472,71.54126884836653,158.10695176521062,1.0537847374648346,5.547990068640827,994.3371965163299
2025-04-07,Khavda Renewable Energy Park,SIMULATED,SIMULATED_PVLIB,18919.354986964772,18919.354986964772,141895.16,141185.68,14089.22,81717.48,0.2956,0.7446,7.0948,5.71,100.0,1242.9310344827586,7.209,1.0,51.26431242995554,0.9080749064951557,0.82,0.2956,18.081361479137414,71.91863852086259,157.90209364690918,1.0515004152881113,5.556133930828743,993.3188814463675
2025-04-08,Khavda Renewable Energy Park,SIMULATED,SIMULATED_PVLIB,18040.879792629916,18040.879792629916,135306.6,134630.07,13997.89,81187.76,0.2819,0.7398,6.7653,6.29,100.0,1250.6896551724137,7.254,1.0,52.946022855478205,0.9021889200058263,0.82,0.2819,17.706434093645882,72.29356590635412,157.68808747912476,1.04928557949249,5.563904104795642,992.3031434565555
2025-04-09,Khavda Renewable Energy Park,SIMULATED,SIMULATED_PVLIB,17379.61450801396,17379.61450801396,130347.11,129695.37,14047.63,81476.25,0.2716,0.7424,6.5174,6.86,100.0,1239.4827586206898,3.687357916666667,0.5129166666666667,52.030145650591024,0.9053944902229314,0.82,0.2716,17.334079296394506,72.6659207036055,157.46426536892795,1.0471393798573485,5.57130248306359,991.018448373362
2025-04-10,Khavda Renewable Energy Park,SIMULATED,SIMULATED_PVLIB,17798.53931898963,17798.53931898963,133489.04,132821.59,14205.75,82393.35,0.2781,0.7508,6.6745,7.43,100.0,1238.6206896551726,6.77092,0.9425,49.11836687672716,0.915585715931455,0.82,0.2781,16.964427801186545,73.03557219881345,157.2299147756994,1.045060937972048,5.578331321319428,989.8091703472978
2025-04-11,Khavda Renewable Energy Park,SIMULATED,SIMULATED_PVLIB,17571.669908254356,17571.669908254356,131787.52,131128.58,14301.36,82947.89,0.2746,0.7558,6.5894,8.0,100.0,1218.7931034482758,6.421008333333333,0.9083333333333333,47.3578649393332,0.9217474727123338,0.82,0.2746,16.59761119165647,73.40238880834353,156.98427869565558,1.0430493507708465,5.584993216390717,988.3331890531406
2025-04-12,Khavda Renewable Energy Park,SIMULATED,SIMULATED_PVLIB,18361.327661753603,18361.327661753603,137709.96,137021.41,14209.3,82413.94,0.2869,0.751,6.8855,8.57,100.0,1226.5517241379312,7.045824166666666,0.9904166666666666,49.05303481880124,0.9158143781341956,0.82,0.2869,16.233762408439034,73.76623759156097,156.72655540943674,1.0411036938357374,5.591291084799151,987.13688766192
2025-04-13,Khavda Renewable Energy Park,SIMULATED,SIMULATED_PVLIB,18156.857299103005,18156.857299103005,136176.43,135495.55,14194.97,82330.83,0.2837,0.7502,6.8088,9.14,100.0,1247.0689655172414,7.233,1.0,49.31687931575233,0.9148909223948668,0.82,0.2837,15.873016240915916,74.12698375908408,156.45589754375055,1.0392230243348888,5.597228142809928,986.0478460191313
2025-04-14,Khavda Renewable Energy Park,SIMULATED,SIMULATED_PVLIB,16813.319533603866,16813.319533603866,126099.9,125469.4,14253.57,82670.71,0.2627,0.7533,6.305,9.71,100.0,1249.1379310344828,7.22386875,0.9970833333333333,48.23781346161509,0.9186676528843472,0.82,0.2627,15.515509788062701,74.4844902119373,156.17141046150778,1.0374063834415586,5.602807889055161,984.7018582771792
2025-04-15,Khavda Renewable Energy Park,SIMULATED,SIMULATED_PVLIB,17400.537461598768,17400.537461598768,130504.03,129851.51,14252.26,82663.11,0.2719,0.7532,6.5252,10.29,100.0,1237.2413793103449,7.1072299999999995,0.9904166666666666,48.26191031578151,0.9185833138947647,0.82,0.2719,15.16138290477717,74.83861709522283,155.87215012744775,1.0356527983683284,5.608034088996439,983.1527386820549
2025-04-16,Khavda Renewable Energy Park,SIMULATED,SIMULATED_PVLIB,17017.01264522391,17017.01264522391,127627.59,126989.45,14226.02,82510.92,0.2659,0.7519,6.3814,10.86,100.0,1246.2068965517242,7.228,1.0,48.74506112926298,0.9168922860475796,0.82,0.2659,14.81077864367117,75.18922135632883,155.5571209455586,1.033961284102389,5.614017756283979,982.0120915082987
2025-04-17,Khavda Renewable Energy Park,SIMULATED,SIMULATED_PVLIB,18058.09063204675,18058.09063204675,135435.68,134758.5,14247.42,82635.04,0.2822,0.753,6.7718,11.43,100.0,1251.7241379310344,7.26,1.0,48.35101053221899,0.9182714631372335,0.82,0.2822,14.46384366926111,75.53615633073889,155.22527400268814,1.0323308447635287,5.6196546670553635,980.7918971669274
2025-04-18,Khavda Renewable Energy Park,SIMULATED,SIMULATED_PVLIB,16523.317669179258,16523.317669179258,123924.88,123305.26,14205.72,82393.18,0.2582,0.7508,6.1962,12.0,100.0,1265.5172413793105,7.34,1.0,49.11896677475575,0.9155836162883548,0.82,0.2582,14.120728581523167,75.87927141847683,154.8755061105502,1.0307604743482328,5.624949293993643,979.6309274912063
2025-04-19,Khavda Renewable Energy Park,SIMULATED,SIMULATED_PVLIB,19817.770295312323,19817.770295312323,148633.28,147890.11,14297.56,82925.85,0.3097,0.7556,7.4317,4.0,100.0,1267.0689655172414,7.349,1.0,47.42770626201656,0.921503028082942,0.82,0.3097,13.781588115099694,76.2184118849003,154.50666001619402,1.029249156810909,5.629906338129668,978.2903963098424
2025-04-20,Khavda Renewable Energy Park,SIMULATED,SIMULATED_PVLIB,18425.113623427173,18425.113623427173,138188.35,137497.41,14030.01,81374.06,0.2879,0.7415,6.9094,4.57,100.0,1241.2068965517242,7.11801125,0.98875,52.354579582719566,0.9042589714604815,0.82,0.2879,13.446581266234816,76.55341873376518,154.11752592456764,1.0277958658266049,5.634530725979119,976.5941517824426
2025-04-21,Khavda Renewable Energy Park,SIMULATED,SIMULATED_PVLIB,17497.44315210295,17497.44315210295,131230.82,130574.67,13874.13,80469.95,0.2734,0.7333,6.5615,5.14,100.0,1274.4827586206898,7.388920000000001,0.9995833333333334,55.225188141335664,0.8942118415053252,0.82,0.2734,13.115871379810471,76.88412862018953,153.7068443948424,1.026399564442263,5.638827607236521,975.5574260975404
2025-04-22,Khavda Renewable Energy Park,SIMULATED,SIMULATED_PVLIB,17325.556031431242,17325.556031431242,129941.67,129291.96,13615.97,78972.63,0.2707,0.7196,6.4971,5.71,100.0,1291.896551724138,7.493,1.0,59.97910262767519,0.8775731408031369,0.82,0.2707,12.789626128560215,77.21037387143978,153.27331005646977,1.0250592043839406,5.642802354538502,974.3034738647971
2025-04-23,Khavda Renewable Energy Park,SIMULATED,SIMULATED_PVLIB,17491.870791292728,17491.870791292728,131189.03,130533.08,13883.36,80523.49,0.2733,0.7337,6.5595,6.29,100.0,1286.896551724138,7.464,1.0,55.055174028286444,0.8948068909009974,0.82,0.2733,12.468017186800296,77.5319828131997,152.81557535381512,1.0237737243339462,5.646460569744556,972.7572228395145
2025-04-24,Khavda Renewable Energy Park,SIMULATED,SIMULATED_PVLIB,17379.05456058177,17379.05456058177,130342.91,129691.2,14083.21,81682.62,0.2715,0.7443,6.5171,6.86,100.0,1294.4827586206898,7.508,1.0,51.3750374348494,0.907687368978027,0.82,0.2715,12.151219485851371,77.84878051414863,152.33225349131112,1.0225420469815125,5.649808098091756,971.3302719217206
2025-04-25,Khavda Renewable Energy Park,SIMULATED,SIMULATED_PVLIB,18088.079042128484,18088.079042128484,135660.59,134982.29,14144.06,82035.55,0.2826,0.7475,6.783,7.43,100.0,1261.2068965517242,7.2113708333333335,0.9858333333333333,50.254443556160496,0.9116094475534382,0.82,0.2826,11.839410226009818,78.16058977399018,151.82192048690814,1.0213630757994236,5.652851044172175,969.398388457975
2025-04-26,Khavda Renewable Energy Park,SIMULATED,SIMULATED_PVLIB,17214.367568231395,17214.367568231395,129107.76,128462.22,14102.5,81794.5,0.269,0.7453,6.4554,8.0,100.0,1248.9655172413793,7.08101,0.9775,51.01982550291132,0.9089306107398104,0.82,0.269,11.532768135031105,78.4672318649689,151.2831169910707,1.0202356934697407,5.655595777308281,967.6882315372127
2025-04-27,Khavda Renewable Energy Park,SIMULATED,SIMULATED_PVLIB,16495.262902448845,16495.262902448845,123714.47,123095.9,14013.58,81278.76,0.2577,0.7406,6.1857,8.57,100.0,1279.3103448275863,7.361258333333333,0.9920833333333333,52.657277811731205,0.9031995276589407,0.82,0.2577,11.23147348288964,78.76852651711036,150.71435082110662,1.0191587635393977,5.658048915956427,966.4539841458454
2025-04-28,Khavda Renewable Energy Park,SIMULATED,SIMULATED_PVLIB,16590.56828708628,16590.56828708628,124429.26,123807.11,14113.87,81860.45,0.2592,0.7459,6.2215,9.14,95.0,1275.8620689655172,7.4,1.0,50.810423776716334,0.9096635167814928,0.82,0.2592,10.935709008813788,79.06429099118621,150.11410044251238,1.0181311352878524,5.660217291033608,964.802927986573
2025-04-29,Khavda Renewable Energy Park,SIMULATED,SIMULATED_PVLIB,16650.81292206097,16650.81292206097,124881.1,124256.69,14153.27,82088.97,0.2602,0.748,6.2441,9.71,100.0,1273.7931034482758,5.4948250000000005,0.74375,50.08475215345328,0.9122033674629135,0.82,0.2602,10.645661377439552,79.35433862256045,149.48081875492971,1.017151649923536,5.662107900221817,963.1488043857509
2025-04-30,Khavda Renewable Energy Park,SIMULATED,SIMULATED_PVLIB,17039.645914978955,17039.645914978955,127797.34,127158.35,14105.98,81814.68,0.2662,0.7455,6.3899,10.29,100.0,1283.9655172413793,5.020519166666666,0.6741666666666666,50.95563494415797,0.9091552776954471,0.82,0.2662,10.361522482082549,79.63847751791745,148.8129360892741,1.0162191456081753,5.663727869496258,961.6206590293248
2025-05-01,Khavda Renewable Energy Park,SIMULATED,SIMULATED_PVLIB,16899.175309299688,16899.175309299688,126743.81,126110.09,14147.52,82055.62,0.264,0.7477,6.3372,10.86,100.0,1283.103448275862,7.442,1.0,50.190697741849974,0.9118325579035251,0.82,0.264,10.083490037236245,79.91650996276375,148.10886226033983,1.0153324597345805,5.665084432274046,959.9477404703132
2025-05-02,Khavda Renewable Energy Park,SIMULATED,SIMULATED_PVLIB,16885.325299150838,16885.325299150838,126639.94,126006.74,14210.52,82421.02,0.2638,0.751,6.332,11.43,100.0,1260.5172413793105,7.30186125,0.99875,49.0305647106401,0.9158930235127597,0.82,0.2638,9.811767354451788,80.18823264554821,147.36698917316858,1.0144904286536596,5.666184925123186,958.0067034216073
2025-05-03,Khavda Renewable Energy Park,SIMULATED,SIMULATED_PVLIB,18310.95442977219,18310.95442977219,137332.16,136645.5,14249.61,82647.74,0.2861,0.7531,6.8666,12.0,100.0,1204.3103448275863,5.782997916666667,0.8279166666666666,48.310783027258154,0.9184122594045965,0.82,0.2861,9.54656263269473,80.45343736730527,146.58569665919572,1.0136918863698294,5.667036790287995,955.660062236653
2025-05-04,Khavda Renewable Energy Park,SIMULATED,SIMULATED_PVLIB,18812.217370820945,18812.217370820945,141091.63,140386.17,14201.25,82367.25,0.2939,0.7505,7.0546,4.0,100.0,1221.7241379310344,5.273165,0.7441666666666666,49.201202720230285,0.915295790479194,0.82,0.2939,9.288088206804147,80.71191179319585,145.76336434382415,1.0129356637701312,5.667647574868896,954.1656059492983
2025-05-05,Khavda Renewable Energy Park,SIMULATED,SIMULATED_PVLIB,18842.481174066947,18842.481174066947,141318.61,140612.02,14228.75,82526.75,0.2944,0.752,7.0659,4.57,100.0,1069.3103448275863,4.1010725,0.66125,48.69485455597774,0.9170680090540779,0.82,0.2944,9.036560029792213,80.96343997020779,144.89839096430995,1.0122205891581466,5.668024921593261,950.6739961393503
2025-05-06,Khavda Renewable Energy Park,SIMULATED,SIMULATED_PVLIB,17179.850930576944,17179.850930576944,128848.88,128204.64,13887.55,80547.79,0.2684,0.734,6.4424,5.14,100.0,1123.6206896551726,3.8178758333333342,0.5858333333333334,54.97802990716441,0.8950768953249245,0.82,0.2684,8.792197348261098,81.2078026517389,143.98922133142827,1.0115454898239375,5.66817655288702,949.5970234612646
2025-05-07,Khavda Renewable Energy Park,SIMULATED,SIMULATED_PVLIB,17813.55734464343,17813.55734464343,133601.68,132933.67,13989.5,81139.1,0.2783,0.7394,6.6801,5.71,100.0,1147.2413793103449,5.730757499999999,0.86125,53.10064878147111,0.9016477292648511,0.82,0.2783,8.555222371450299,81.4447776285497,143.03438006061413,1.0109091940017985,5.668110252467776,948.1559880416503
2025-05-08,Khavda Renewable Energy Park,SIMULATED,SIMULATED_PVLIB,18279.256716884887,18279.256716884887,137094.43,136408.96,14068.54,81597.53,0.2856,0.7435,6.8547,6.29,100.0,1038.448275862069,4.469567916666667,0.7420833333333333,51.64517629206752,0.9067418829777637,0.82,0.2856,8.325859715990617,81.67414028400938,142.0325112738484,1.0103105326511832,5.6678338481692885,945.1613069890142
2025-05-09,Khavda Renewable Energy Park,SIMULATED,SIMULATED_PVLIB,17316.96501597242,17316.96501597242,129877.24,129227.85,13924.27,80760.77,0.2706,0.7359,6.4939,6.86,100.0,1134.4827586206898,5.743791666666667,0.8729166666666667,54.301838889699056,0.8974435638860533,0.82,0.2706,8.104335520203662,81.89566447979634,140.98242357824347,1.0097483408983963,5.667355197093684,944.5643386799225
2025-05-10,Khavda Renewable Energy Park,SIMULATED,SIMULATED_PVLIB,17415.331013846626,17415.331013846626,130614.98,129961.91,13994.29,81166.88,0.2721,0.7396,6.5307,7.43,95.0,1123.2758620689656,6.06709375,0.93125,53.01247842295645,0.9019563255196524,0.82,0.2721,7.890876226431317,82.10912377356868,139.88313961340742,1.0092214592711497,5.666682172257465,942.7120116254142
2025-05-11,Khavda Renewable Energy Park,SIMULATED,SIMULATED_PVLIB,17234.379461635483,17234.379461635483,129257.85,128611.56,14107.81,81825.3,0.2693,0.7456,6.4629,8.0,100.0,1182.7586206896551,5.9682,0.87,50.92199594111965,0.9092730142060812,0.82,0.2693,7.685707052531512,82.31429294746849,138.73394955288018,1.0087287348851073,5.66582264971068,941.6898880818511
2025-05-12,Khavda Renewable Energy Park,SIMULATED,SIMULATED_PVLIB,17611.34845395539,17611.34845395539,132085.11,131424.68,14104.25,81804.65,0.2752,0.7454,6.6043,8.57,100.0,1258.103448275862,6.609865833333333,0.9058333333333334,50.98744482838863,0.9090439431006397,0.82,0.2752,7.489050187111573,82.51094981288843,137.53446774456472,1.0082690227329132,5.664784495157347,940.8575570141279
2025-05-13,Khavda Renewable Energy Park,SIMULATED,SIMULATED_PVLIB,17333.896527858607,17333.896527858607,130004.22,129354.2,14097.2,81763.76,0.2708,0.745,6.5002,9.14,100.0,1265.5172413793105,7.205433333333334,0.9816666666666667,51.117306231451394,0.9085894281899201,0.82,0.2708,7.301122682032755,82.69887731796724,136.28469199417066,1.0078411870437802,5.663575550297543,939.2353621022436
2025-05-14,Khavda Renewable Energy Park,SIMULATED,SIMULATED_PVLIB,17482.680291909717,17482.680291909717,131120.1,130464.5,13987.68,81128.54,0.2732,0.7393,6.556,9.71,100.0,1251.5517241379312,6.844632083333333,0.9429166666666666,53.134159580910875,0.9015304414668119,0.82,0.2732,7.122133984659527,82.87786601534047,134.985064694683,1.0074441025983967,5.662203619658834,937.3701688179532
2025-05-15,Khavda Renewable Energy Park,SIMULATED,SIMULATED_PVLIB,16721.337595405115,16721.337595405115,125410.03,124782.98,13934.54,80820.33,0.2613,0.7364,6.2705,10.29,99.0,1266.2068965517242,7.111440000000001,0.9683333333333334,54.11272653121797,0.8981054571407371,0.82,0.2613,6.952283009436613,83.04771699056339,133.63653448625467,1.0070766557864042,5.660676459326029,935.8492119862932
2025-05-16,Khavda Renewable Energy Park,SIMULATED,SIMULATED_PVLIB,17007.12532644213,17007.12532644213,127553.44,126915.67,13963.06,80985.75,0.2657,0.738,6.3777,10.86,100.0,1238.9655172413793,6.662020833333334,0.9270833333333334,53.58755291222525,0.8999435648072116,0.82,0.2657,6.7917546585635336,83.20824534143647,132.24061629318874,1.0067377452192563,5.659363983880428,933.9062193058196
2025-05-17,Khavda Renewable Energy Park,SIMULATED,SIMULATED_PVLIB,16960.164539277786,16960.164539277786,127201.23,126565.22,13999.62,81197.8,0.265,0.7399,6.3601,11.43,100.0,1248.7931034482758,6.856706666666667,0.9466666666666667,52.91430449803162,0.9022999342568894,0.82,0.265,6.640715776242516,83.35928422375748,130.79944683056868,1.0064262818521443,5.658273216745303,932.4669162980401
2025-05-18,Khavda Renewable Energy Park,SIMULATED,SIMULATED_PVLIB,16518.298299117374,16518.298299117374,123887.24,123267.8,13933.18,80812.44,0.2581,0.7364,6.1944,12.0,100.0,1222.0689655172414,6.686346666666667,0.9433333333333334,54.13780373324524,0.8980176869336416,0.82,0.2581,6.499310589645376,83.50068941035462,129.31583236337576,1.006141188657099,5.657049318634733,930.6125476988635
2025-05-19,Khavda Renewable Energy Park,SIMULATED,SIMULATED_PVLIB,18771.193897768622,18771.193897768622,140783.95,140080.03,13990.66,81145.83,0.2933,0.7394,7.0392,4.0,100.0,1252.9310344827586,6.0376658333333335,0.8308333333333333,53.07919009864429,0.901722834654745,0.82,0.2933,6.367655766766475,83.63234423323352,127.7932846534166,1.005881399967042,5.6556998101413365,929.4472450864644
2025-05-20,Khavda Renewable Energy Park,SIMULATED,SIMULATED_PVLIB,18588.12049489729,18588.12049489729,139410.9,138713.85,14039.59,81429.62,0.2904,0.742,6.9705,4.57,100.0,1257.5862068965519,6.1330383333333325,0.8408333333333333,52.17817650877059,0.9048763822193029,0.82,0.2904,6.245835229063061,83.75416477093694,126.23603997784392,1.0056458605365572,5.654232153730972,927.9912829371981
2025-05-21,Khavda Renewable Energy Park,SIMULATED,SIMULATED_PVLIB,18319.99862862707,18319.99862862707,137399.99,136712.99,14057.36,81532.69,0.2862,0.7429,6.87,5.14,100.0,1241.0344827586207,7.039044166666667,0.9779166666666667,51.85098026759751,0.9060215690634087,0.82,0.2862,6.133894891489888,83.86610510851011,124.64905514513049,1.0054335243572665,5.652653758517457,926.3048246120782
2025-05-22,Khavda Renewable Energy Park,SIMULATED,SIMULATED_PVLIB,18060.721003752515,18060.721003752515,135455.41,134778.13,14087.26,81706.11,0.2822,0.7445,6.7728,5.71,100.0,1249.3103448275863,6.9259683333333335,0.9558333333333333,51.300466753447125,0.9079483663629351,0.82,0.2822,6.03183758537736,83.96816241462264,123.03797528292802,1.0052433533572942,5.650971985990704,924.9285928042051
2025-05-23,Khavda Renewable Energy Park,SIMULATED,SIMULATED_PVLIB,18526.684578000353,18526.684578000353,138950.13,138255.38,14016.13,81293.55,0.2895,0.7408,6.9475,6.29,100.0,1261.0344827586207,6.4942225,0.8879166666666667,52.61015984539506,0.9033644405411173,0.82,0.2895,5.939618577532428,84.06038142246757,121.40907137237838,1.0050743163469356,5.649194154301212,923.6137693738385
2025-05-24,Khavda Renewable Energy Park,SIMULATED,SIMULATED_PVLIB,17920.162859651446,17920.162859651446,134401.22,133729.21,14065.92,81582.34,0.28,0.7434,6.7201,6.86,100.0,1275.1724137931035,6.813565,0.92125,51.6932807223047,0.9065735174719336,0.82,0.28,5.857142231596043,84.14285776840396,119.76915010856385,1.0049253887594713,5.647327537475934,922.3497771994122
2025-05-25,Khavda Renewable Energy Park,SIMULATED,SIMULATED_PVLIB,17902.43993107506,17902.43993107506,134268.3,133596.96,14169.09,82180.72,0.2797,0.7488,6.7134,7.43,100.0,1248.103448275862,7.04294375,0.9729166666666667,49.79349542664035,0.9132227660067588,0.82,0.2797,5.7842603434187225,84.21573965658128,118.12544224296533,1.0047955536885758,5.645379356258557,920.6272582665763
2025-05-26,Khavda Renewable Energy Park,SIMULATED,SIMULATED_PVLIB,17063.239335461243,17063.239335461243,127974.3,127334.43,14127.99,81942.34,0.2666,0.7467,6.3987,8.0,95.0,1231.3793103448277,6.594446666666667,0.9233333333333333,50.55027485229641,0.9105740380169626,0.82,0.2666,5.720772478987996,84.279227521012,116.48547611447225,1.0046838044119533,5.643356759326934,919.0514373303866
2025-05-27,Khavda Renewable Energy Park,SIMULATED,SIMULATED_PVLIB,18782.659437796778,18782.659437796778,140869.95,140165.6,14190.81,82306.7,0.2935,0.75,7.0435,8.57,100.0,1227.0689655172414,6.203651666666667,0.8716666666666667,49.3936109912417,0.914622361530654,0.82,0.2935,5.666428285936661,84.33357171406334,114.85694116425952,1.0045891480981475,5.641266796889681,917.6479910537047
2025-05-28,Khavda Renewable Energy Park,SIMULATED,SIMULATED_PVLIB,17074.761725350774,17074.761725350774,128060.71,127420.41,14213.86,82440.39,0.2668,0.7512,6.403,9.14,100.0,1232.0689655172414,3.4032824999999995,0.47624999999999995,48.969109158199785,0.9161081179463008,0.82,0.2668,5.62093141751113,84.37906858248887,113.24754417666702,1.0045106100155028,5.639116391153785,916.3819908947273
2025-05-29,Khavda Renewable Energy Park,SIMULATED,SIMULATED_PVLIB,17947.373618363203,17947.373618363203,134605.3,133932.27,14104.51,81806.16,0.2804,0.7454,6.7303,9.71,100.0,1243.7931034482758,4.3704816666666675,0.6058333333333334,50.982785230941985,0.909060251691703,0.82,0.2804,5.583944537191286,84.41605546280871,111.6648613428261,1.0044472374763218,5.636912308717817,915.2245349295042
2025-05-30,Khavda Renewable Energy Park,SIMULATED,SIMULATED_PVLIB,16592.639728011276,16592.639728011276,124444.8,123822.58,14234.43,82559.69,0.2593,0.7523,6.2222,10.29,100.0,1280.5172413793105,6.127274999999999,0.825,48.59023614331444,0.9174341734983995,0.82,0.2593,5.555094912417914,84.44490508758209,110.11619224720226,1.0043981029818172,5.634661138409015,914.391009612137
2025-05-31,Khavda Renewable Energy Park,SIMULATED,SIMULATED_PVLIB,17754.990631148252,17754.990631148252,133162.43,132496.62,14364.97,83316.83,0.2774,0.7592,6.6581,10.86,100.0,1246.0344827586207,3.4027125000000007,0.47083333333333344,46.186504637236794,0.9258472337696713,0.82,0.2774,5.5339803007779835,84.46601969922202,108.6084251698287,1.0043623064578684,5.63236927528503,912.7559855086689
2025-06-01,Khavda Renewable Energy Park,SIMULATED,SIMULATED_PVLIB,20000.0,20000.0,150000.0,149250.0,14381.94,83415.25,0.3125,0.7601,7.5,2.29,100.0,1169.8275862068965,4.687304166666666,0.6908333333333333,45.873995908667396,0.9269410143196641,0.82,0.3125,5.5201749995550955,84.4798250004449,107.14792396150426,1.0043389767842246,5.630042909461789,910.6659941287238
2025-06-02,Khavda Renewable Energy Park,SIMULATED,SIMULATED_PVLIB,19412.652816917176,19412.652816917176,145594.9,144866.93,14230.06,82534.35,0.3033,0.7521,7.2797,2.4,100.0,1207.5862068965519,3.700446666666667,0.5283333333333334,48.670703787532034,0.9171525367436378,0.82,0.3033,5.513236007016388,84.48676399298361,105.74044377492572,1.0043272729416033,5.627688017627905,909.9455804063787
2025-06-03,Khavda Renewable Energy Park,SIMULATED,SIMULATED_PVLIB,19388.609771808166,19388.609771808166,145414.57,144687.5,14115.94,81872.45,0.3029,0.746,7.2707,0.8,100.0,1259.1379310344828,5.480292916666667,0.7504166666666667,50.77217370917393,0.9097973920178912,0.82,0.3029,5.512709163323507,84.4872908366765,104.39107778397266,1.004326384938486,5.6253103561754205,909.4226908488066
2025-06-04,Khavda Renewable Energy Park,SIMULATED,SIMULATED_PVLIB,19038.577820603365,19038.577820603365,142789.33,142075.38,14186.65,82282.57,0.2975,0.7498,7.1395,0.91,100.0,1212.0689655172414,5.161191666666666,0.7341666666666666,49.47014029739414,0.9143545089591205,0.82,0.2975,5.518135079929806,84.4818649200702,103.10423208793134,1.0043355345419698,5.62291545577896,907.7818456621596
2025-06-05,Khavda Renewable Energy Park,SIMULATED,SIMULATED_PVLIB,19173.263682733217,19173.263682733217,143799.48,143080.48,14049.93,81489.59,0.2996,0.7425,7.19,1.03,100.0,1232.0689655172414,6.3807825000000005,0.8929166666666667,51.98778981977783,0.9055427356307776,0.82,0.2996,5.529054647950346,84.47094535204965,101.88362364926712,1.0043539757539648,5.620508617799009,906.9645228891219
2025-06-06,Khavda Renewable Energy Park,SIMULATED,SIMULATED_PVLIB,19031.536791887804,19031.536791887804,142736.53,142022.85,14081.69,81673.8,0.2974,0.7442,7.1368,1.14,100.0,1231.2068965517242,6.245399583333334,0.8745833333333334,51.403016897078146,0.9075894408602265,0.82,0.2974,5.545014007316723,84.45498599268328,100.73229625130455,1.0043809950638156,5.6180949122937855,905.9418596687735
2025-06-07,Khavda Renewable Energy Park,SIMULATED,SIMULATED_PVLIB,18873.407991295775,18873.407991295775,141550.56,140842.81,14210.19,82419.1,0.2949,0.751,7.0775,1.26,100.0,1259.3103448275863,6.223616666666667,0.8520833333333333,49.036605335114174,0.9158718813271004,0.82,0.2949,5.565568990429753,84.43443100957025,99.65265072528996,1.0044159116638096,5.615679176405127,905.2983034040288
2025-06-08,Khavda Renewable Energy Park,SIMULATED,SIMULATED_PVLIB,18921.297171707083,18921.297171707083,141909.73,141200.18,14190.53,82305.07,0.2956,0.75,7.0955,1.37,99.0,1252.7586206896551,6.5848125,0.90625,49.39873831804506,0.9146044158868423,0.82,0.2956,5.590289086395316,84.40971091360468,98.64648672645598,1.0044580778084091,5.613266011923058,904.2895970151193
2025-06-09,Khavda Renewable Energy Park,SIMULATED,SIMULATED_PVLIB,19359.152517533363,19359.152517533363,145193.64,144467.67,14180.86,82248.99,0.3025,0.7495,7.2597,1.49,100.0,1207.4137931034484,6.253095416666667,0.8929166666666667,49.57684991533435,0.9139810252963297,0.82,0.3025,5.61876096503849,84.38123903496151,97.71505338920156,1.0045068794356604,5.6108597812452565,902.8680666890801
2025-06-10,Khavda Renewable Energy Park,SIMULATED,SIMULATED_PVLIB,18800.56193011719,18800.56193011719,141004.21,140299.19,14196.48,82339.58,0.2938,0.7503,7.0502,1.6,100.0,1227.2413793103449,6.337985833333334,0.8904166666666666,49.28903746901106,0.9149883688584612,0.82,0.2938,5.650591519687069,84.34940848031293,96.85910594583584,1.0045617369889372,5.608464602129968,902.2520456639375
2025-06-11,Khavda Renewable Energy Park,SIMULATED,SIMULATED_PVLIB,18723.416370403833,18723.416370403833,140425.62,139723.49,14171.67,82195.69,0.2926,0.749,7.0213,1.71,100.0,1238.7931034482758,3.85894375,0.5370833333333334,49.745980004784705,0.9133890699832535,0.82,0.2926,5.6854103528055475,84.31458964719445,96.07896532419448,1.0046221062764569,5.606084342298638,901.5820326999904
2025-06-12,Khavda Renewable Energy Park,SIMULATED,SIMULATED_PVLIB,18450.4254799558,18450.4254799558,138378.19,137686.3,14223.54,82496.53,0.2883,0.7517,6.9189,1.83,100.0,1224.8275862068965,5.375360000000001,0.7566666666666667,48.79080548752218,0.9167321807936724,0.82,0.2883,5.722871657190723,84.27712834280928,95.3745780378581,1.0046874792184537,5.603722614859698,900.6567482118746
2025-06-13,Khavda Renewable Energy Park,SIMULATED,SIMULATED_PVLIB,19413.978494061084,19413.978494061084,145604.84,144876.82,14205.83,82393.81,0.3033,0.7508,7.2802,1.94,100.0,1164.1379310344828,3.4575866666666673,0.5120833333333334,49.11699389434014,0.9155905213698095,0.82,0.3033,5.762655453603088,84.23734454639691,94.74557417017445,1.004757384316387,5.601382775623385,899.2284246663958
2025-06-14,Khavda Renewable Energy Park,SIMULATED,SIMULATED_PVLIB,19228.40119531741,19228.40119531741,144213.01,143491.94,14022.17,81328.59,0.3004,0.7411,7.2107,2.06,100.0,1189.8275862068965,4.569037083333334,0.6620833333333334,52.49897387383112,0.9037535914415911,0.82,0.3004,5.804468187505819,84.19553181249418,94.19132155637396,1.00483138672965,5.599067923040216,898.8564597233279
2025-06-15,Khavda Renewable Energy Park,SIMULATED,SIMULATED_PVLIB,9619.879211672365,9619.879211672365,72149.09,71788.34,7089.06,41116.55,0.1503,0.3747,3.6075,2.17,100.0,925.1724137931035,1.3795091666666666,0.25708333333333333,50.48078379882845,0.9108172567041004,0.82,0.1503,5.848042686859898,84.1519573131401,93.71097459391086,1.0049090878311684,5.596780901585918,895.1293481290757
2025-06-16,Khavda Renewable Energy Park,SIMULATED,SIMULATED_PVLIB,530.2159620964636,530.2159620964636,3976.62,3956.74,382.82,2220.36,0.0083,0.0202,0.1988,2.29,100.0,456.3793103448276,0.07168958333333278,0.027083333333333126,40.297301715637744,0.9464594439952679,0.82,0.0083,5.893137524386063,84.10686247561394,93.30351652183242,1.004990124181102,5.592737317520284,888.789859336385
2025-06-17,Khavda Renewable Energy Park,SIMULATED,SIMULATED_PVLIB,1516.4273545395017,1516.4273545395017,11373.21,11316.34,1124.92,6524.54,0.0237,0.0595,0.5687,2.4,100.0,819.3103448275863,0.215820000000001,0.04541666666666688,46.76012483524576,0.9238395630766398,0.82,0.0237,5.9395359156925025,84.0604640843075,92.96779452841872,1.0050741660205602,5.588728216368851,892.2377686407492
2025-06-18,Khavda Renewable Energy Park,SIMULATED,SIMULATED_PVLIB,12161.666883776028,12161.666883776028,91212.5,90756.44,8796.22,51018.08,0.19,0.4649,4.5606,0.8,100.0,1187.2413793103449,1.6899391666666672,0.24541666666666673,47.12701781011471,0.9225554376645986,0.82,0.19,5.987044324906307,84.01295567509369,92.70254764072479,1.005160915478414,5.584755687127145,895.7911543157255
2025-06-19,Khavda Renewable Energy Park,SIMULATED,SIMULATED_PVLIB,3318.749280258373,3318.749280258373,24890.62,24766.17,2409.43,13974.69,0.0519,0.1273,1.2445,0.91,100.0,921.3793103448276,0.4542399999999998,0.08499999999999996,42.10005013171316,0.940149824539004,0.82,0.0519,6.035490983325772,83.96450901667423,92.50642800014384,1.0052501047731597,5.580821606306561,891.9690064192199
2025-06-20,Khavda Renewable Energy Park,SIMULATED,SIMULATED_PVLIB,12096.9976956643,12096.9976956643,90727.48,90273.84,8897.22,51603.88,0.189,0.4702,4.5364,1.03,100.0,912.4137931034483,1.6846199999999996,0.31833333333333325,43.258607902779815,0.9360948723402707,0.82,0.189,6.084724472298078,83.91527552770192,92.37801713191408,1.0053414946237011,5.576927648837618,891.2028421530754
2025-06-21,Khavda Renewable Energy Park,SIMULATED,SIMULATED_PVLIB,2448.5671498840047,2448.5671498840047,18364.25,18272.43,1827.12,10597.3,0.0383,0.0966,0.9182,1.14,100.0,889.6551724137931,0.3461499999999991,0.06708333333333316,43.41180326537257,0.935558688571196,0.82,0.0383,6.134612489973094,83.8653875100269,92.31583996452946,1.0054348730515492,5.573075296394864,890.3226002020349
2025-06-22,Khavda Renewable Energy Park,SIMULATED,SIMULATED_PVLIB,115.96532650632497,115.96532650632497,869.74,865.39,79.94,463.65,0.0018,0.0042,0.0435,1.26,100.0,560.1724137931035,0.014891249999999443,0.004583333333333162,38.8495486522926,0.9515265797169759,0.82,0.0018,6.185040937878739,83.81495906212126,92.31837985104784,1.0055300548118575,5.569265841600814,885.8976840825535
2025-06-23,Khavda Renewable Energy Park,SIMULATED,SIMULATED_PVLIB,1797.7132250015304,1797.7132250015304,13482.85,13415.44,1341.34,7779.77,0.0281,0.0709,0.6741,1.37,100.0,854.4827586206897,0.2539950000000001,0.05125000000000002,43.28257881095412,0.9360109741616606,0.82,0.0281,6.235913495825656,83.76408650417434,92.38409667801523,1.0056268817783875,5.565500386000636,888.8258918171
2025-06-24,Khavda Renewable Energy Park,SIMULATED,SIMULATED_PVLIB,4299.636820889441,4299.636820889441,32247.28,32086.04,3232.87,18750.65,0.0672,0.1709,1.6124,1.49,100.0,860.1724137931035,0.61323125,0.12291666666666667,43.7436885737246,0.9343970899919639,0.82,0.0672,6.287151816747368,83.71284818325263,92.51144723706386,1.005725224565197,5.561779829981054,888.4214373230897
2025-06-25,Khavda Renewable Energy Park,SIMULATED,SIMULATED_PVLIB,30.957189835219307,30.957189835219307,232.18,231.02,22.54,130.73,0.0005,0.0012,0.0116,1.6,100.0,587.7586206896552,0.004261249999999909,0.0012499999999999734,42.7956107553165,0.9377153623563922,0.82,0.0005,6.338696332143044,83.66130366785696,92.69890386324238,1.0058249854172547,5.558104854442633,884.8074216143475
2025-06-26,Khavda Renewable Energy Park,SIMULATED,SIMULATED_PVLIB,1813.1869695039925,1813.1869695039925,13598.9,13530.91,1329.15,7709.07,0.0283,0.0702,0.6799,1.71,100.0,752.9310344827586,0.25838083333333395,0.05916666666666681,50.210177654137894,0.9117643782105174,0.82,0.0283,6.390507428566039,83.60949257143396,92.94496622638366,1.0059261019552332,5.554475896941137,886.3655475670847
2025-06-27,Khavda Renewable Energy Park,SIMULATED,SIMULATED_PVLIB,44.35830509980642,44.35830509980642,332.69,331.03,34.24,198.59,0.0007,0.0018,0.0166,1.83,100.0,327.2413793103448,0.006326666666666391,0.0033333333333331883,36.616040261055936,0.9593438590863043,0.82,0.0007,6.44256659822382,83.55743340177618,93.24816328124973,1.006028551022237,5.550893127199012,881.0509525503202
2025-06-28,Khavda Renewable Energy Park,SIMULATED,SIMULATED_PVLIB,3126.787908715348,3126.787908715348,23450.91,23333.66,2239.37,12988.35,0.0489,0.1184,1.1725,1.94,100.0,761.2068965517242,0.42678333333333435,0.0966666666666669,44.99859938029817,0.9300049021689564,0.82,0.0489,6.494877171942008,83.50512282805799,93.60704659964966,1.0061323518427694,5.547356427116592,885.851189357063
2025-06-29,Khavda Renewable Energy Park,SIMULATED,SIMULATED_PVLIB,5311.813991268607,5311.813991268607,39838.6,39639.41,3948.13,22899.15,0.083,0.2087,1.9919,2.06,100.0,896.551724137931,0.7496666666666667,0.14416666666666667,44.01454914196645,0.9334490780031174,0.82,0.083,6.5474644141653755,83.45253558583462,94.0201797657977,1.0062375680010966,5.543865378469856,887.2007979274733
2025-06-30,Khavda Renewable Energy Park,SIMULATED,SIMULATED_PVLIB,589.3831232254845,589.3831232254845,4420.37,4398.27,452.42,2624.04,0.0092,0.0239,0.221,2.17,100.0,861.7241379310345,0.08538249999999892,0.017083333333333117,42.380311482606594,0.939168909810877,0.82,0.0092,6.600374985572827,83.39962501442717,94.48612890832686,1.0063443081784709,5.540419258666507,886.6037544122526
2025-07-01,Khavda Renewable Energy Park,SIMULATED,SIMULATED_PVLIB,9411.2740351392,9411.2740351392,70584.56,70231.64,6750.94,39155.45,0.1471,0.3568,3.5292,2.29,100.0,1045.8620689655172,1.2915525000000005,0.21291666666666675,46.0158786664861,0.9264444246672986,0.82,0.1471,6.653675947771774,83.34632405222823,95.00345684751926,1.0064527259378084,5.5370170426666645,888.6170403766731
2025-07-02,Khavda Renewable Energy Park,SIMULATED,SIMULATED_PVLIB,3116.5836342489774,3116.5836342489774,23374.38,23257.51,2275.33,13196.91,0.0487,0.1203,1.1687,2.4,100.0,967.7586206896552,0.4350075000000001,0.07750000000000001,45.83519504100984,0.9270768173564655,0.82,0.0487,6.707453488775343,83.29254651122466,95.5707200949854,1.006563018879375,5.53365740895523,887.6045049440878
2025-07-03,Khavda Renewable Energy Park,SIMULATED,SIMULATED_PVLIB,0.0,0.0,0.0,0.0,0.0,0.0,0.0,0.0,0.0,0.8,100.0,324.65517241379314,0.0,0.0,35.52664973652983,0.9631567259221456,0.82,0.0,6.761811523907269,83.23818847609273,96.18646635945242,1.0066754274673653,5.530338747614004,880.0198369665491
2025-07-04,Khavda Renewable Energy Park,SIMULATED,SIMULATED_PVLIB,13.630440873061502,13.630440873061502,102.23,101.72,9.48,54.98,0.0002,0.0005,0.0051,0.91,100.0,743.6206896551724,0.001797083333334093,0.0004166666666668428,43.55892792962487,0.935043752246313,0.82,0.0002,6.81687026574626,83.18312973425374,96.84923093406354,1.0067902337220065,5.527059169231193,884.9178940073468
2025-07-05,Khavda Renewable Energy Park,SIMULATED,SIMULATED_PVLIB,962.1354129638768,962.1354129638768,7216.02,7179.94,692.02,4013.72,0.015,0.0366,0.3608,1.03,100.0,930.344827586207,0.13265166666666584,0.02458333333333318,46.53076583737012,0.9246423195692046,0.82,0.015,6.872764846344978,83.12723515365502,97.55753195581389,1.0069077599635998,5.523816513443276,887.1396665805308
2025-07-06,Khavda Renewable Energy Park,SIMULATED,SIMULATED_PVLIB,2142.9250141877646,2142.9250141877646,16071.94,15991.58,1574.07,9129.61,0.0335,0.0832,0.8036,1.14,100.0,446.7241379310345,0.29040791666666665,0.11208333333333331,36.23154123097023,0.9606896056916042,0.82,0.0335,6.9296440820074565,83.07035591799254,98.30986536789965,1.0070283678218652,5.520608355733409,881.5535821621975
2025-07-07,Khavda Renewable Energy Park,SIMULATED,SIMULATED_PVLIB,815.7283114827144,815.7283114827144,6117.96,6087.37,572.39,3319.86,0.0127,0.0303,0.3059,1.26,100.0,591.2068965517242,0.10715625,0.03125,40.209850961500436,0.9467655216347485,0.82,0.0127,6.987669413278937,83.01233058672106,99.10470013898731,1.0071524576132733,5.517432011831619,883.3656895218262
2025-07-08,Khavda Renewable Energy Park,SIMULATED,SIMULATED_PVLIB,19354.4991106545,19354.4991106545,145158.74,144432.95,14177.54,82229.73,0.3024,0.7493,7.2579,1.37,100.0,1041.0344827586207,3.5548725,0.58875,49.63783860612175,0.9137675648785739,0.82,0.3024,7.0470139981663635,82.95298600183364,99.94047367149608,1.00728046807597,5.514284539796683,888.7951814647251
2025-07-09,Khavda Renewable Energy Park,SIMULATED,SIMULATED_PVLIB,19464.561214949605,19464.561214949605,145984.21,145254.29,14355.02,83259.12,0.3041,0.7587,7.2992,1.49,100.0,933.448275862069,2.783698333333333,0.5141666666666667,46.36966917193787,0.9252061578982175,0.82,0.3041,7.107861892341674,82.89213810765833,100.8155872706377,1.0074128763526025,5.511162740502771,887.7369800862402
2025-07-10,Khavda Renewable Energy Park,SIMULATED,SIMULATED_PVLIB,10816.84144798986,10816.84144798986,81126.31,80720.68,8141.17,47218.79,0.169,0.4303,4.0563,1.6,100.0,880.8620689655173,1.5561162499999999,0.3045833333333333,45.77623689613145,0.92728317086354,0.82,0.169,7.170407205418428,82.82959279458157,101.72840201927909,1.0075501980032184,5.508063157952692,887.3624840196778
2025-07-11,Khavda Renewable Energy Park,SIMULATED,SIMULATED_PVLIB,7221.476566714764,7221.476566714764,54161.07,53890.26,5242.19,30404.7,0.1128,0.2771,2.7081,1.71,100.0,932.7586206896552,1.0076125000000002,0.18625000000000003,47.25206558590229,0.922117770449342,0.82,0.1128,7.234853166027406,82.7651468339726,102.67723544969118,1.0076929869095166,5.504982080324781,888.2502677347253
2025-07-12,Khavda Renewable Energy Park,SIMULATED,SIMULATED_PVLIB,5379.231623771878,5379.231623771878,40344.24,40142.52,3921.59,22745.22,0.0841,0.2073,2.0172,1.83,100.0,874.4827586206897,0.7481199999999998,0.14749999999999996,45.25985615618216,0.9290905034533624,0.82,0.0841,7.301410992072107,82.6985890079279,103.6603589059797,1.0078418348368268,5.501915543272677,887.8854071041799
2025-07-13,Khavda Renewable Energy Park,SIMULATED,SIMULATED_PVLIB,18256.263644656767,18256.263644656767,136921.98,136237.37,13509.33,78354.11,0.2853,0.714,6.8461,1.94,100.0,1054.4827586206898,2.6018483333333333,0.42541666666666667,47.77760329107313,0.920278388481244,0.82,0.2853,7.370298459125792,82.62970154087421,104.67599481980005,1.0079973703905751,5.498859337185598,890.3477404565206
2025-07-14,Khavda Renewable Energy Park,SIMULATED,SIMULATED_PVLIB,5770.940803075784,5770.940803075784,43282.06,43065.65,4381.1,25410.38,0.0902,0.2315,2.1641,2.06,100.0,843.7931034482759,0.8279016666666668,0.1691666666666667,42.73369676420907,0.9379320613252683,0.82,0.0902,7.441738074121034,82.55826192587897,105.72231321086372,1.0081602571101036,5.4958090200728735,888.2700602613808
2025-07-15,Khavda Renewable Energy Park,SIMULATED,SIMULATED_PVLIB,4511.855568449228,4511.855568449228,33838.92,33669.73,3334.97,19342.83,0.0705,0.1763,1.6919,2.17,100.0,1055.8620689655172,0.6404683333333328,0.10458333333333325,47.02408763827243,0.9229156932660465,0.82,0.0705,7.515954801077683,82.48404519892232,106.79742777707025,1.008331190505677,5.492759937324692,891.1779874243563
2025-07-16,Khavda Renewable Energy Park,SIMULATED,SIMULATED_PVLIB,19043.799841148768,19043.799841148768,142828.5,142114.36,14177.45,82229.21,0.2976,0.7493,7.1414,2.29,100.0,1132.7586206896551,4.43475,0.675,49.639507374721305,0.9137617241884755,0.82,0.2976,7.593173425625622,82.40682657437438,107.89939296787935,1.0085108941456973,5.4909393379425095,892.7267468349751
2025-07-17,Khavda Renewable Energy Park,SIMULATED,SIMULATED_PVLIB,14955.97346005621,14955.97346005621,112169.8,111608.95,11587.45,67207.21,0.2337,0.6124,5.6085,2.4,100.0,977.4137931034483,2.23216875,0.39375000000000004,47.832655234076725,0.9200857066807314,0.82,0.2337,7.673615744876415,82.32638425512359,109.02620376575743,1.0087001151346973,5.490341684939821,891.7797640823994
2025-07-18,Khavda Renewable Energy Park,SIMULATED,SIMULATED_PVLIB,437.49588991531584,437.49588991531584,3281.22,3264.81,334.94,1942.65,0.0068,0.0177,0.1641,0.8,100.0,885.344827586207,0.06418749999999977,0.012499999999999956,46.46379615514378,0.9248767134569967,0.82,0.0068,7.757497824653427,82.24250217534657,110.17579937312604,1.0088996194747368,5.489729630205793,891.6067574229702
2025-07-19,Khavda Renewable Energy Park,SIMULATED,SIMULATED_PVLIB,45.72349130798935,45.72349130798935,342.93,341.22,32.94,191.05,0.0007,0.0017,0.0171,0.91,100.0,356.89655172413796,0.0060375000000004835,0.0029166666666669006,34.4267164867318,0.9670064922964388,0.82,0.0007,7.845027589633659,82.15497241036634,111.34607117701006,1.00911018789743,5.489098004752543,886.3548511383553
2025-07-20,Khavda Renewable Energy Park,SIMULATED,SIMULATED_PVLIB,3316.1015031104275,3316.1015031104275,24870.76,24746.41,2638.19,15301.5,0.0518,0.1394,1.2435,1.03,100.0,841.2068965517242,0.5000975000000001,0.10250000000000004,43.56699653058831,0.9350155121429409,0.82,0.0518,7.936403011149082,82.06359698885092,112.53487474272299,1.0093326128052513,5.488441559866235,892.9944716834353
2025-07-21,Khavda Renewable Energy Park,SIMULATED,SIMULATED_PVLIB,3769.12334717586,3769.12334717586,28268.43,28127.09,2750.78,15954.52,0.0589,0.1454,1.4134,1.14,100.0,972.7586206896552,0.5289375000000001,0.09375,47.35319927541808,0.9217638025360367,0.82,0.0589,8.03181109031027,81.96818890968973,113.74004512118574,1.0095676968612834,5.487754977031347,895.5321001189134
2025-07-22,Khavda Renewable Energy Park,SIMULATED,SIMULATED_PVLIB,11351.854170486598,11351.854170486598,85138.91,84713.22,8466.96,49108.37,0.1774,0.4475,4.2569,1.26,100.0,1027.7586206896551,1.6268562500000003,0.2729166666666667,47.15542938115266,0.9224559971659657,0.82,0.1774,8.131427742406885,81.86857225759312,114.95941380219028,1.0098162536017175,5.48703286488892,897.2012814460603
2025-07-23,Khavda Renewable Energy Park,SIMULATED,SIMULATED_PVLIB,8797.020907165681,8797.020907165681,65977.66,65647.77,6230.26,36135.51,0.1375,0.3293,3.2989,1.37,100.0,923.7931034482759,1.1787599999999998,0.21999999999999997,43.056266026672525,0.9368030689066462,0.82,0.1375,8.23541847187711,81.76458152812289,116.19082468912876,1.0100791099491981,5.486269744049545,897.0355367012994
2025-07-24,Khavda Renewable Energy Park,SIMULATED,SIMULATED_PVLIB,18418.001110104884,18418.001110104884,138135.01,137444.33,13775.68,79898.94,0.2878,0.7281,6.9068,1.49,100.0,884.1379310344828,2.62169,0.51125,44.62276225724831,0.9313203320996309,0.82,0.2878,8.343939484740332,81.65606051525967,117.43214635225308,1.0103571098847393,5.485460024584004,897.6484528763772
2025-07-25,Khavda Renewable Energy Park,SIMULATED,SIMULATED_PVLIB,19835.513491953498,19835.513491953498,148766.35,148022.52,14349.35,83226.23,0.3099,0.7584,7.4383,1.6,100.0,982.5862068965517,4.005922083333333,0.7029166666666666,46.47404729875416,0.9248408344543604,0.82,0.3099,8.45713877838098,81.54286122161902,118.68127911371414,1.0106511181886146,5.484597983243834,899.9029176782745
2025-07-26,Khavda Renewable Energy Park,SIMULATED,SIMULATED_PVLIB,8656.129961918035,8656.129961918035,64920.97,64596.37,6470.35,37528.03,0.1353,0.342,3.246,1.71,100.0,793.6206896551724,1.219795,0.265,42.09289321424615,0.9401748737501384,0.82,0.1353,8.575156810699383,81.42484318930062,119.93615796447284,1.010962023208635,5.483677747136505,898.8141006704514
2025-07-27,Khavda Renewable Energy Park,SIMULATED,SIMULATED_PVLIB,187.82124879309583,187.82124879309583,1408.66,1401.62,138.41,802.78,0.0029,0.0073,0.0704,1.83,100.0,439.1379310344828,0.025470000000000024,0.010000000000000009,35.517789592018914,0.9631877364279338,0.82,0.0029,8.69812659269246,81.30187340730754,121.1947542192218,1.0112907381431293,5.482693287153317,895.8081866693717
2025-07-28,Khavda Renewable Energy Park,SIMULATED,SIMULATED_PVLIB,29.391571707143868,29.391571707143868,220.44,219.34,21.5,124.7,0.0005,0.0011,0.011,1.94,99.0,834.4827586206897,0.004033333333332351,0.0008333333333331305,40.72879404515515,0.944949220841957,0.82,0.0005,8.826173304202001,81.173826695798,122.45507892773509,1.011638200957297,5.481638420371316,901.6038125490942
2025-07-29,Khavda Renewable Energy Park,SIMULATED,SIMULATED_PVLIB,160.74068898714808,160.74068898714808,1205.56,1199.53,120.81,700.7,0.0025,0.0064,0.0603,2.06,100.0,712.7586206896552,0.02239250000000075,0.005416666666666847,37.49524900347692,0.9562666284878307,0.82,0.0025,8.959413657128252,81.04058634287175,123.71518944986741,1.0120053734060792,5.48050681836867,901.3621986562682
2025-07-30,Khavda Renewable Energy Park,SIMULATED,SIMULATED_PVLIB,1322.1422477002932,1322.1422477002932,9916.07,9866.49,952.6,5525.08,0.0207,0.0503,0.4958,2.17,100.0,748.7931034482759,0.17733916666666594,0.040833333333333166,38.69112727730506,0.9520810545294323,0.82,0.0207,9.09795519952793,80.90204480047207,124.97319859733443,1.0123932396068351,5.479292018591627,902.9850830016512
2025-07-31,Khavda Renewable Energy Park,SIMULATED,SIMULATED_PVLIB,2468.296771566392,2468.296771566392,18512.23,18419.67,1890.06,10962.35,0.0386,0.0999,0.9256,2.29,100.0,964.3103448275863,0.3588841666666675,0.06416666666666682,44.015919497173,0.9334442817598945,0.82,0.0386,9.241895660150561,80.75810433984944,126.22728471451825,1.0128028043946624,5.477987437270807,906.725332274166
2025-08-01,Khavda Renewable Energy Park,SIMULATED,SIMULATED_PVLIB,12003.391471028463,12003.391471028463,90025.44,89575.31,8939.02,51846.32,0.1876,0.4724,4.5013,2.4,99.0,940.8620689655173,1.6962174999999997,0.3108333333333333,43.83934660175526,0.9340622868938566,0.82,0.1876,9.391322394920493,80.6086776050795,127.47570123486526,1.0132350916168318,5.47658638287863,907.6806928077817
2025-08-02,Khavda Renewable Energy Park,SIMULATED,SIMULATED_PVLIB,9226.947923950538,9226.947923950538,69202.11,68856.1,6570.24,38107.39,0.1442,0.3472,3.4601,0.8,100.0,663.2758620689656,1.223025416666667,0.31791666666666674,38.66658059834678,0.9521669679057863,0.82,0.1442,9.54631198970148,80.45368801029852,128.71678507987423,1.0136911425276405,5.475082069091702,905.671860768232
2025-08-03,Khavda Renewable Energy Park,SIMULATED,SIMULATED_PVLIB,13612.424192652268,13612.424192652268,102093.18,101582.71,9779.15,56719.07,0.2127,0.5168,5.1047,0.91,100.0,981.7241379310345,1.8624124999999996,0.3270833333333333,44.81034094234875,0.9306638067017794,0.82,0.2127,9.706930096957663,80.29306990304234,129.94896366308,1.0141720145429687,5.473467625598193,910.6540181105612
2025-08-04,Khavda Renewable Energy Park,SIMULATED,SIMULATED_PVLIB,14427.821229932573,14427.821229932573,108208.66,107667.62,10007.04,58040.83,0.2254,0.5289,5.4104,1.03,100.0,962.4137931034483,1.9002058333333334,0.3404166666666667,44.02575540637975,0.9334098560776709,0.82,0.2254,9.87323155577603,80.12676844422397,131.170760226558,1.014678780569434,5.471736105384094,911.6893665471009
2025-08-05,Khavda Renewable Energy Park,SIMULATED,SIMULATED_PVLIB,215.83211336829805,215.83211336829805,1618.74,1610.65,162.2,940.76,0.0034,0.0086,0.0809,1.14,100.0,840.8620689655173,0.03048124999999989,0.006249999999999978,41.23254078634225,0.9431861072478022,0.82,0.0034,10.04526075808306,79.95473924191694,132.38079736547746,1.0152125288873945,5.469880488650231,911.5344985863344
2025-08-06,Khavda Renewable Energy Park,SIMULATED,SIMULATED_PVLIB,18840.53670393867,18840.53670393867,141304.03,140597.51,14448.77,83802.87,0.2944,0.7636,7.0652,1.26,100.0,990.0,3.3471075,0.5829166666666666,44.64324122993478,0.9312486556952283,0.82,0.2944,10.223052203519785,79.77694779648021,133.57779883,1.015774363501458,5.467893683934085,914.5553153779774
2025-08-07,Khavda Renewable Energy Park,SIMULATED,SIMULATED_PVLIB,18961.542019649398,18961.542019649398,142211.57,141500.51,14385.18,83434.04,0.2963,0.7603,7.1106,1.37,100.0,991.3793103448277,3.7782291666666667,0.6570833333333334,45.814190704832015,0.927150332533088,0.82,0.2963,10.406631180758168,79.59336881924183,134.76059014759448,1.0163654048442947,5.4657685271883505,915.8494432952768
2025-08-08,Khavda Renewable Energy Park,SIMULATED,SIMULATED_PVLIB,13455.23985575479,13455.23985575479,100914.3,100409.73,9722.18,56388.64,0.2102,0.5138,5.0457,1.49,100.0,957.4137931034483,1.8463725,0.3325,44.06282854498952,0.9332801000925367,0.82,0.2102,10.59601450736281,79.40398549263719,135.92809867390298,1.0169867906818575,5.463497779807138,916.7317010863335
2025-08-09,Khavda Renewable Energy Park,SIMULATED,SIMULATED_PVLIB,7371.190029324295,7371.190029324295,55283.93,55007.51,5357.91,31075.88,0.1152,0.2832,2.7642,1.6,100.0,924.8275862068966,1.0169249999999999,0.18958333333333333,43.90194044094956,0.9338432084566766,0.82,0.1152,10.791211224411711,79.20878877558829,137.07935312577962,1.017639676920552,5.461074127526672,917.6304554212442
2025-08-10,Khavda Renewable Energy Park,SIMULATED,SIMULATED_PVLIB,19701.843385931654,19701.843385931654,147763.83,147025.01,14507.03,84140.77,0.3078,0.7667,7.3882,1.71,100.0,922.7586206896552,2.9725900000000003,0.5554166666666667,43.57039938345292,0.9350036021579148,0.82,0.3078,10.9922230419251,79.0077769580749,138.2134822387506,1.018325237621247,5.458490184632883,918.885218099841
2025-08-11,Khavda Renewable Energy Park,SIMULATED,SIMULATED_PVLIB,7089.890402881903,7089.890402881903,53174.18,52908.31,5425.37,31467.15,0.1108,0.2867,2.6587,1.83,100.0,923.9655172413793,1.0249087500000003,0.19125000000000003,42.64696596122775,0.9382356191357029,0.82,0.1108,11.199044296686594,78.8009557033134,139.32971224286632,1.0190446632897938,5.455738509364084,920.1752053309255
2025-08-12,Khavda Renewable Energy Park,SIMULATED,SIMULATED_PVLIB,4101.4245558526045,4101.4245558526045,30760.68,30606.88,2968.04,17214.63,0.0641,0.1569,1.538,1.94,100.0,895.0,0.5580325000000002,0.10750000000000004,41.368908915747646,0.9427088187948832,0.82,0.0641,11.411661285927536,78.58833871407246,140.42736346046405,1.0197991567288758,5.452811634965969,921.1069335212009
2025-08-13,Khavda Renewable Energy Park,SIMULATED,SIMULATED_PVLIB,2142.0223448703,2142.0223448703,16065.17,15984.84,1648.16,9559.33,0.0335,0.0871,0.8033,2.06,100.0,831.2068965517242,0.3113562499999989,0.0645833333333331,42.647909007626616,0.9382323184733068,0.82,0.0335,11.630051064882025,78.36994893511797,141.50584695249586,1.0205899264476466,5.449702116276106,921.6241229206701
2025-08-14,Khavda Renewable Energy Park,SIMULATED,SIMULATED_PVLIB,86.40892218886226,86.40892218886226,648.07,644.83,61.96,359.37,0.0014,0.0033,0.0324,2.17,100.0,823.6206896551724,0.011942499999999745,0.0024999999999999467,47.96221515489243,0.9196322469578765,0.82,0.0014,11.854180030592545,78.14581996940746,142.56466217172624,1.0214181785150471,5.446402586049171,922.7911595812215
2025-08-15,Khavda Renewable Energy Park,SIMULATED,SIMULATED_PVLIB,5325.760076091152,5325.760076091152,39943.2,39743.48,3680.96,21349.57,0.0832,0.1945,1.9972,2.29,99.0,993.448275862069,0.7298533333333335,0.1266666666666667,55.31165784901998,0.8939091975284301,0.82,0.0832,12.084002726433411,77.91599727356659,143.60339592798755,1.0222851083365798,5.4429058115054065,926.0257912731619
2025-08-16,Khavda Renewable Energy Park,SIMULATED,SIMULATED_PVLIB,5368.91123044583,5368.91123044583,40266.83,40065.5,3949.85,22909.13,0.0839,0.2088,2.0133,2.4,100.0,864.1379310344828,0.7643299999999997,0.15249999999999997,49.01722997307611,0.9159396950942336,0.82,0.0839,12.319461250799634,77.68053874920037,144.62172201956645,1.0231918938999216,5.441151109752185,926.0829819971807
2025-08-17,Khavda Renewable Energy Park,SIMULATED,SIMULATED_PVLIB,8915.233479011831,8915.233479011831,66864.25,66529.93,6411.83,37188.61,0.1393,0.3389,3.3432,0.8,100.0,968.2758620689656,1.2682799999999999,0.22583333333333333,54.698888152931914,0.8960538914647382,0.82,0.1393,12.560485458419194,77.4395145415808,145.61940043696796,1.0241396915258971,5.441134936413238,929.2036387096867
2025-08-18,Khavda Renewable Energy Park,SIMULATED,SIMULATED_PVLIB,5664.716164557784,5664.716164557784,42485.37,42272.94,4212.39,24431.86,0.0885,0.2226,2.1243,0.91,100.0,933.7931034482759,0.8259399999999999,0.15249999999999997,52.4408978087168,0.9039568576694912,0.82,0.0885,12.806993945566276,77.19300605443372,146.59627503835497,1.025129634526794,5.440905413037916,930.6925072716773
2025-08-19,Khavda Renewable Energy Park,SIMULATED,SIMULATED_PVLIB,2687.0275989804495,2687.0275989804495,20152.71,20051.95,2084.03,12087.37,0.042,0.1101,1.0076,1.03,100.0,840.1724137931035,0.4020225000000001,0.08250000000000002,48.19984829894336,0.9188005309536983,0.82,0.042,13.05889565760819,76.94110434239181,147.55226899795514,1.026162834584989,5.440456148480137,931.4788533317555
2025-08-20,Khavda Renewable Energy Park,SIMULATED,SIMULATED_PVLIB,1337.2942826145113,1337.2942826145113,10029.71,9979.56,1000.08,5800.46,0.0209,0.0529,0.5015,1.14,100.0,707.9310344827586,0.18990250000000006,0.04625000000000001,44.02561935737551,0.9334103322491857,0.82,0.0209,13.316091847879619,76.68390815212038,148.4873779680825,1.0272403851365517,5.439780949255893,931.8013809335544
2025-08-21,Khavda Renewable Energy Park,SIMULATED,SIMULATED_PVLIB,0.0,0.0,0.0,0.0,0.0,0.0,0.0,0.0,0.0,1.26,100.0,445.3448275862069,0.0,0.0,37.90834396964074,0.9548207961062574,0.82,0.0,13.578478093923863,76.42152190607614,149.40166123423631,1.0283633657870417,5.438873795610299,930.584291740604
2025-08-22,Khavda Renewable Energy Park,SIMULATED,SIMULATED_PVLIB,111.42437552891471,111.42437552891471,835.68,831.5,85.73,497.23,0.0017,0.0045,0.0418,1.37,100.0,503.1034482758621,0.015805833333333862,0.005416666666666847,36.03493714474611,0.9613777199933886,0.82,0.0017,13.845946082503772,76.15405391749623,150.29523161779122,1.0295328466127267,5.437728818521549,933.1042961439316
2025-08-23,Khavda Renewable Energy Park,SIMULATED,SIMULATED_PVLIB,8400.129239555203,8400.129239555203,63000.97,62685.97,5885.72,34137.18,0.1313,0.3111,3.15,1.49,100.0,957.4137931034483,1.1105999999999998,0.19999999999999996,42.33994784756091,0.9393101825335368,0.82,0.1313,14.118384966388916,75.88161503361108,151.16824512463103,1.0307498913962923,5.436340283606166,940.2523537978112
2025-08-24,Khavda Renewable Energy Park,SIMULATED,SIMULATED_PVLIB,7244.2371014944365,7244.2371014944365,54331.78,54060.12,5300.9,30745.22,0.1132,0.2802,2.7166,1.6,100.0,842.9310344827586,0.9920595833333338,0.20291666666666675,40.12480623133009,0.9470631781903447,0.82,0.1132,14.395682232835867,75.60431776716413,152.02089143836292,1.032015559308256,5.434702584915544,940.7212766285855
2025-08-25,Khavda Renewable Energy Park,SIMULATED,SIMULATED_PVLIB,12078.46505214729,12078.46505214729,90588.49,90135.55,8820.53,51159.07,0.1887,0.4662,4.5294,1.71,100.0,915.1724137931035,1.665385,0.31375,42.50149158982036,0.9387447794356287,0.82,0.1887,14.677724163344706,75.3222758366553,152.8533861234422,1.0333309051280857,5.432810247924287,943.3578112111071
2025-08-26,Khavda Renewable Energy Park,SIMULATED,SIMULATED_PVLIB,14873.968459359729,14873.968459359729,111554.76,110996.99,11101.43,64388.29,0.2324,0.5867,5.5777,1.83,100.0,941.7241379310345,2.121076666666667,0.3883333333333334,45.66778539941073,0.9276627511020624,0.82,0.2324,14.96439604838163,75.03560395161837,153.66596484258935,1.0346969785384321,5.430657938270585,945.438537004943
2025-08-27,Khavda Renewable Energy Park,SIMULATED,SIMULATED_PVLIB,19145.492909861125,19145.492909861125,143591.2,142873.24,14247.47,82635.33,0.2991,0.753,7.1796,1.94,100.0,1022.0689655172414,2.7540500000000008,0.46458333333333346,48.35012614395823,0.9182745584961463,0.82,0.2991,15.255582298908223,74.74441770109178,154.45887943864977,1.0361148230297879,5.428240472822766,948.1270640799921
2025-08-28,Khavda Renewable Energy Park,SIMULATED,SIMULATED_PVLIB,9725.574610352307,9725.574610352307,72941.81,72577.1,7005.61,40632.54,0.152,0.3702,3.6471,2.06,100.0,1055.1724137931035,1.3540499999999998,0.22124999999999995,48.70846939198218,0.9170203571280624,0.82,0.152,15.55116653664814,74.44883346335186,155.23239534956042,1.0375854747576536,5.425552830900437,950.2386573100544
2025-08-29,Khavda Renewable Energy Park,SIMULATED,SIMULATED_PVLIB,3886.60910706701,3886.60910706701,29149.57,29003.82,2886.82,16743.56,0.0607,0.1526,1.4575,2.17,100.0,1010.0,0.5565099999999998,0.09499999999999997,48.023152414435486,0.9194189665494759,0.82,0.0607,15.851031692583646,74.14896830741635,155.9867897235465,1.0391099614899868,5.422590164773053,951.4084089991774
2025-08-30,Khavda Renewable Energy Park,SIMULATED,SIMULATED_PVLIB,50.41977157902822,50.41977157902822,378.15,376.26,36.87,213.85,0.0008,0.0019,0.0189,2.29,100.0,982.7586206896552,0.0071249999999998485,0.0012499999999999734,48.66088589282887,0.9171868993750989,0.82,0.0008,16.15506012038631,73.84493987961369,156.7223498020776,1.0406893016880192,5.419347809157147,952.7616255176695
2025-08-31,Khavda Renewable Energy Park,SIMULATED,SIMULATED_PVLIB,11021.767473672564,11021.767473672564,82663.26,82249.94,8246.22,47828.08,0.1722,0.4358,4.1332,2.4,100.0,997.5862068965517,1.574274166666666,0.27208333333333323,45.45290972219391,0.9284148159723213,0.82,0.1722,16.46313376051485,73.53686623948515,157.43937116825157,1.0423245039258473,5.415821288444232,954.579601266409
2025-09-01,Khavda Renewable Energy Park,SIMULATED,SIMULATED_PVLIB,19714.599616120286,19714.599616120286,147859.5,147120.2,14576.37,84542.95,0.308,0.7704,7.393,0.8,100.0,932.0689655172414,2.9395124999999998,0.54375,42.29346457793573,0.9394728739772249,0.82,0.308,16.775134385167462,73.22486561483254,158.13815567700044,1.0440165668580568,5.412006320397054,955.4273137813178
2025-09-02,Khavda Renewable Energy Park,SIMULATED,SIMULATED_PVLIB,18905.9380514499,18905.9380514499,141794.54,141085.57,14461.32,83875.66,0.2954,0.7643,7.0897,0.91,100.0,960.8620689655173,4.2517345833333335,0.7629166666666667,44.412093710278526,0.9320576720140251,0.82,0.2954,17.090943936299794,72.9090560637002,158.81900901015433,1.0457664798759743,5.407898815504899,957.348900643356
2025-09-03,Khavda Renewable Energy Park,SIMULATED,SIMULATED_PVLIB,18324.2633177187,18324.2633177187,137431.97,136744.81,14288.05,82870.69,0.2863,0.7551,6.8716,1.03,100.0,1017.4137931034483,3.8381087499999995,0.6504166666666666,47.60295343670772,0.920889662971523,0.82,0.2863,17.410444943194804,72.5895550568052,159.4822380230371,1.0475752244631353,5.4034948720083396,959.5636283391773
2025-09-04,Khavda Renewable Energy Park,SIMULATED,SIMULATED_PVLIB,19247.98293677698,19247.98293677698,144359.87,143638.07,14245.93,82626.39,0.3007,0.7529,7.218,1.14,100.0,1096.896551724138,3.2472708333333333,0.5104166666666666,48.37853522264464,0.9181751267207438,0.82,0.3007,17.733521004945942,72.26647899505406,160.12814821794746,1.0494437762468891,5.398790766699739,962.013677814673
2025-09-05,Khavda Renewable Energy Park,SIMULATED,SIMULATED_PVLIB,12378.478368715096,12378.478368715096,92838.59,92374.4,9084.86,52692.19,0.1934,0.4801,4.6419,1.26,100.0,1006.2068965517242,1.733778333333333,0.29708333333333325,45.36113216028253,0.9287360374390111,0.82,0.1934,18.060057329983138,71.93994267001686,160.75704164981494,1.0513731077742434,5.393782941428466,962.4362633709816
2025-09-06,Khavda Renewable Energy Park,SIMULATED,SIMULATED_PVLIB,3614.294962410485,3614.294962410485,27107.21,26971.67,2766.95,16048.31,0.0565,0.1462,1.3554,1.37,100.0,976.8965517241379,0.5241050000000002,0.09250000000000003,43.36263390088319,0.9357307813469088,0.82,0.0565,18.38994126611442,71.61005873388558,161.36921551088824,1.0533641916788907,5.388467987432811,963.5419913368466
2025-09-07,Khavda Renewable Energy Park,SIMULATED,SIMULATED_PVLIB,0.0,0.0,0.0,0.0,0.0,0.0,0.0,0.0,0.0,1.49,99.0,466.3793103448276,0.0,0.0,33.862113374835346,0.9689826031880763,0.82,0.0,18.72306263968838,71.27693736031162,161.96496142214892,1.0554180031253628,5.382842634270367,958.9751633623961
2025-09-08,Khavda Renewable Energy Park,SIMULATED,SIMULATED_PVLIB,6.219799877758421,6.219799877758421,46.65,46.42,4.58,26.56,0.0001,0.0002,0.0023,1.6,100.0,343.1034482758621,0.0008291666666670172,0.0004166666666668428,30.924777977134696,0.9792632770800286,0.82,0.0001,19.059313616842488,70.94068638315751,162.54456533741597,1.057535519550566,5.376903755123706,958.9054822854033
2025-09-09,Khavda Renewable Energy Park,SIMULATED,SIMULATED_PVLIB,4018.3616099885835,4018.3616099885835,30137.71,29987.02,3173.15,18404.27,0.0628,0.1677,1.5069,1.71,100.0,545.5172413793103,0.5840216666666667,0.18458333333333332,35.569514460495476,0.9630066993882658,0.82,0.0628,19.398587828622766,70.60141217137723,163.1083080879623,1.059717715586189,5.370648400726292,962.6109663087759
2025-09-10,Khavda Renewable Energy Park,SIMULATED,SIMULATED_PVLIB,18973.78529747124,18973.78529747124,142303.39,141591.87,14426.17,83671.79,0.2965,0.7624,7.1152,1.83,100.0,930.6896551724138,3.9360416666666667,0.7291666666666667,45.05951219707853,0.9297917073102251,0.82,0.2965,19.740778758627698,70.2592212413723,163.6564665760851,1.0619655524323903,5.364073865497645,968.4165960262862
2025-09-11,Khavda Renewable Energy Park,SIMULATED,SIMULATED_PVLIB,19715.385823396453,19715.385823396453,147865.39,147126.06,14419.31,83632.0,0.3081,0.7621,7.3933,1.94,100.0,998.9655172413793,4.444480833333333,0.7670833333333333,45.185844133565,0.9293495455325225,0.82,0.3081,20.08577774202365,69.91422225797635,164.18931567423124,1.0642799632737865,5.357177775527845,970.4696109763007
2025-09-12,Khavda Renewable Energy Park,SIMULATED,SIMULATED_PVLIB,19545.62417758039,19545.62417758039,146592.18,145859.22,14320.4,83058.32,0.3054,0.7568,7.3296,2.06,100.0,1005.0,4.8234975,0.8275,47.00712305431874,0.9229750693098844,0.82,0.3054,20.433472167613516,69.56652783238648,164.7071306660066,1.066661838356072,5.349958176297163,971.751425548108
2025-09-13,Khavda Renewable Energy Park,SIMULATED,SIMULATED_PVLIB,18580.220398906105,18580.220398906105,139351.65,138654.89,14281.53,82832.87,0.2903,0.7548,6.9676,2.17,100.0,988.2758620689656,4.470960000000001,0.78,47.72292247108623,0.9204697713511982,0.82,0.2903,20.783744415253608,69.21625558474639,165.21018981476504,1.0691120135820888,5.3424135972227225,972.7235119845994
2025-09-14,Khavda Renewable Energy Park,SIMULATED,SIMULATED_PVLIB,19364.712004786983,19364.712004786983,145235.34,144509.16,14318.11,83045.04,0.3026,0.7567,7.2618,2.29,100.0,1014.3103448275863,4.0249525,0.6841666666666667,47.049276018512685,0.9228275339352056,0.82,0.3026,21.13647172872696,68.86352827127304,165.6987764578305,1.0716312647329587,5.3345430811227,974.1523065575572
2025-09-15,Khavda Renewable Energy Park,SIMULATED,SIMULATED_PVLIB,12839.806541383126,12839.806541383126,96298.55,95817.06,9265.75,53741.35,0.2006,0.4897,4.8149,2.4,100.0,945.0,1.75620375,0.3204166666666667,43.53369344865383,0.9351320729297116,0.82,0.2006,21.491526838641008,68.50847316135899,166.1731800516602,1.0742203068725333,5.326346182005175,974.4196004333264
2025-09-16,Khavda Renewable Energy Park,SIMULATED,SIMULATED_PVLIB,19715.685087550446,19715.685087550446,147867.64,147128.3,14098.87,81773.45,0.3081,0.7451,7.3934,0.8,100.0,857.5862068965517,2.6610899999999997,0.5349999999999999,42.41210317866118,0.9390576388746859,0.82,0.3081,21.84877895083234,68.15122104916766,166.63369584998452,1.0768797968356074,5.317458891669541,974.3551116541861
2025-09-17,Khavda Renewable Energy Park,SIMULATED,SIMULATED_PVLIB,18518.140725742735,18518.140725742735,138886.06,138191.63,13605.73,78913.23,0.2893,0.7191,6.9443,0.91,100.0,971.551724137931,2.615579166666666,0.4641666666666666,47.29144930547852,0.9219799274308251,0.82,0.2893,22.20809477100393,67.79190522899607,167.08062330637904,1.0796103366991392,5.308245165318858,976.6018544346753
2025-09-18,Khavda Renewable Energy Park,SIMULATED,SIMULATED_PVLIB,17510.43957606783,17510.43957606783,131328.3,130671.66,13026.26,75552.31,0.2736,0.6884,6.5664,1.03,100.0,966.2068965517242,2.512460000000001,0.4483333333333335,48.15936673399702,0.9189422164310104,0.82,0.2736,22.569339429412693,67.4306605705873,167.5142635267316,1.0824124772582007,5.298705951608683,977.4034433615999
2025-09-19,Khavda Renewable Energy Park,SIMULATED,SIMULATED_PVLIB,18026.900897837684,18026.900897837684,135201.76,134525.75,14202.33,82373.51,0.2817,0.7506,6.7601,1.14,95.0,1033.103448275862,4.144466666666666,0.6916666666666667,49.18131199376555,0.9153654080218205,0.82,0.2817,22.932377294309774,67.06762270569023,167.93491627051526,1.0852867213550073,5.28884260979775,979.0026862997692
2025-09-20,Khavda Renewable Energy Park,SIMULATED,SIMULATED_PVLIB,11748.896272522039,11748.896272522039,88116.72,87676.14,8517.87,49403.65,0.1836,0.4502,4.4058,1.26,100.0,1062.9310344827586,1.6465687500000001,0.26708333333333334,48.744952136385606,0.9168926675226504,0.82,0.1836,23.297072662206887,66.70292733779311,168.34287696446575,1.0882335268830212,5.2786568854484255,980.1189003778485
2025-09-21,Khavda Renewable Energy Park,SIMULATED,SIMULATED_PVLIB,19494.93568161741,19494.93568161741,146212.02,145480.96,14265.17,82737.99,0.3046,0.7539,7.3106,1.37,100.0,1051.3793103448277,3.2166950000000005,0.5275000000000001,48.02429924263198,0.9194149526507881,0.82,0.3046,23.663290261742404,66.3367097382576,168.7384340746671,1.0912533088375056,5.268150891521955,980.7011752397278
2025-09-22,Khavda Renewable Energy Park,SIMULATED,SIMULATED_PVLIB,19784.199546841977,19784.199546841977,148381.5,147639.59,14308.29,82988.08,0.3091,0.7562,7.4191,1.49,100.0,1026.5517241379312,2.9745191666666666,0.4995833333333334,47.230223171635444,0.922194218899276,0.82,0.3091,24.03089551460836,65.96910448539164,169.12186710654578,1.0943464397464073,5.257327098481216,981.0782771206588
2025-09-23,Khavda Renewable Energy Park,SIMULATED,SIMULATED_PVLIB,19605.484967999586,19605.484967999586,147041.14,146305.93,14406.55,83557.99,0.3063,0.7614,7.3521,1.6,100.0,928.9655172413793,3.715475,0.6895833333333333,45.420705892097914,0.9285275293776573,0.82,0.3063,24.399754588418745,65.60024541158126,169.49344533683848,1.097513248516701,5.246188332913487,980.5532656945644
2025-09-24,Khavda Renewable Energy Park,SIMULATED,SIMULATED_PVLIB,19953.564683154495,19953.564683154495,149651.74,148903.48,14384.14,83428.01,0.3118,0.7602,7.4826,1.71,100.0,946.2068965517242,3.9010533333333335,0.7108333333333333,45.83348381057416,0.9270828066629905,0.82,0.3118,24.76973434876585,65.23026565123415,169.85342733704965,1.1007540184023425,5.2347377804292465,981.3228176334237
2025-09-25,Khavda Renewable Energy Park,SIMULATED,SIMULATED_PVLIB,18627.800832470763,18627.800832470763,139708.51,139009.97,14160.1,82128.58,0.2911,0.7484,6.9854,1.83,97.0,1002.2413793103449,5.23896625,0.90125,49.95902630913949,0.9126434079180118,0.82,0.2911,25.140702316764163,64.85929768323584,170.20206112199094,1.1040689849284453,5.222978988030292,982.4962719527423
2025-09-26,Khavda Renewable Energy Park,SIMULATED,SIMULATED_PVLIB,19195.356221259215,19195.356221259215,143965.17,143245.34,14023.9,81338.62,0.2999,0.7412,7.1983,1.94,99.0,953.2758620689656,3.4026387500000004,0.6154166666666667,52.46705831971358,0.9038652958810025,0.82,0.2999,25.51252666239128,64.48747333760872,170.53958469310305,1.107458334052873,5.210915864388058,982.3894746939657
2025-09-27,Khavda Renewable Energy Park,SIMULATED,SIMULATED_PVLIB,19391.339873679288,19391.339873679288,145435.05,144707.87,14006.42,81237.24,0.303,0.7402,7.2718,2.06,100.0,1029.655172413793,3.6901983333333335,0.6179166666666667,52.788990636931196,0.9027385327707408,0.82,0.303,25.88507621721368,64.11492378278632,170.86622666646417,1.110922200452878,5.198552678704139,983.7000628742019
2025-09-28,Khavda Renewable Energy Park,SIMULATED,SIMULATED_PVLIB,7799.5307479132725,7799.5307479132725,58496.48,58204.0,5930.7,34398.06,0.1219,0.3134,2.9248,2.17,100.0,1025.344827586207,1.154709166666667,0.1941666666666667,50.61900160815213,0.9103334943714675,0.82,0.1219,26.258220506943694,63.741779493056306,171.18220673374822,1.1144606659643865,5.185894058038908,984.0150707030119
2025-09-29,Khavda Renewable Energy Park,SIMULATED,SIMULATED_PVLIB,3180.9961058516137,3180.9961058516137,23857.47,23738.18,2498.72,14492.58,0.0497,0.1321,1.1929,2.29,100.0,848.6206896551724,0.4798950000000001,0.09750000000000003,47.03767474077425,0.9228681384072901,0.82,0.0497,26.631829845212486,63.368170154787514,171.48773579911153,1.1180737586037781,5.17294498082455,982.2603461439068
2025-09-30,Khavda Renewable Energy Park,SIMULATED,SIMULATED_PVLIB,4401.785778691507,4401.785778691507,33013.39,32848.32,3129.05,18148.49,0.0688,0.1654,1.6507,2.4,100.0,725.5172413793103,0.5926266666666664,0.14083333333333325,43.332758921718174,0.9358353437739864,0.82,0.0688,27.005775526127458,62.99422447387254,171.78301573493889,1.1217614526295079,5.159710764245962,981.0832401727727
2025-10-01,Khavda Renewable Energy Park,SIMULATED,SIMULATED_PVLIB,8486.348173663606,8486.348173663606,63647.61,63329.37,6238.15,36181.27,0.1326,0.3297,3.1824,2.0,100.0,705.6896551724138,1.169915833333333,0.2858333333333333,40.69131525116206,0.9450803966209328,0.82,0.1326,27.379930106368036,62.620069893631964,172.06823879206354,1.125523669689478,5.146197045505728,981.0654959357538
2025-10-02,Khavda Renewable Energy Park,SIMULATED,SIMULATED_PVLIB,2650.684646104717,2650.684646104717,19880.13,19780.73,2075.99,12040.74,0.0414,0.1097,0.994,2.29,100.0,578.1034482758621,0.3841979166666664,0.11458333333333326,37.080688088608724,0.9577175916898695,0.82,0.0414,27.75416774530693,62.24583225469307,172.34358682958896,1.129360280863288,5.1324097582749335,979.7358440373694
2025-10-03,Khavda Renewable Energy Park,SIMULATED,SIMULATED_PVLIB,0.0,0.0,0.0,0.0,0.0,0.0,0.0,0.0,0.0,2.57,95.0,203.6206896551724,0.0,0.0,29.926906210383883,0.9827558282636564,0.82,0.0,28.12836461132551,61.87163538867449,172.60923057100763,1.1332711097842683,5.118355103604328,975.4650923371461
2025-10-04,Khavda Renewable Energy Park,SIMULATED,SIMULATED_PVLIB,11211.990709228554,11211.990709228554,84089.93,83669.48,8188.84,47495.27,0.1752,0.4328,4.2045,2.86,100.0,845.344827586207,1.5669170833333332,0.31958333333333333,46.06202781859421,0.9262829026349203,0.82,0.1752,28.50239937825912,61.49760062174088,172.86532918680632,1.1372559372143263,5.104039513639373,983.0464917888864
2025-10-05,Khavda Renewable Energy Park,SIMULATED,SIMULATED_PVLIB,19218.0349441993,19218.0349441993,144135.26,143414.58,14525.43,84247.49,0.3003,0.7677,7.2068,3.14,100.0,855.5172413793103,3.4382525000000004,0.6929166666666667,43.23165751103298,0.9361891987113846,0.82,0.3003,28.876153731067795,61.123846268932205,173.11203047419417,1.1413145063408514,5.0894696123577905,983.1827072792141
2025-10-06,Khavda Renewable Energy Park,SIMULATED,SIMULATED_PVLIB,19117.142115476854,19117.142115476854,143378.57,142661.68,14594.52,84648.22,0.2987,0.7713,7.1689,3.43,100.0,928.6206896551724,4.351439166666667,0.8079166666666667,41.959211873381264,0.9406427584431656,0.82,0.2987,29.24951259335478,60.75048740664522,173.34947177354002,1.1454465256303576,5.074652189986681,984.0076761061249
2025-10-07,Khavda Renewable Energy Park,SIMULATED,SIMULATED_PVLIB,19962.49561725024,19962.49561725024,149718.72,148970.13,14443.3,83771.14,0.3119,0.7633,7.4859,3.71,100.0,962.9310344827586,4.9287625,0.8825000000000001,44.74391835898453,0.9308962857435541,0.82,0.3119,29.62236367271622,60.37763632728378,173.57778161361534,1.1496516642580186,5.0595942162333944,984.3305879247847
2025-10-08,Khavda Renewable Energy Park,SIMULATED,SIMULATED_PVLIB,17941.864753552993,17941.864753552993,134563.99,133891.17,14007.24,81241.99,0.2803,0.7403,6.7282,4.0,100.0,993.9655172413793,5.486358333333333,0.9516666666666667,52.77395737305082,0.9027911491943221,0.82,0.2803,29.9945961023326,60.0054038976674,173.79708187456117,1.1539295365289812,5.044302908894689,984.5679939473703
2025-10-09,Khavda Renewable Energy Park,SIMULATED,SIMULATED_PVLIB,18040.769261624606,18040.769261624606,135305.77,134629.24,14018.33,81306.31,0.2819,0.7409,6.7653,4.29,100.0,965.8620689655173,5.356912500000001,0.95625,52.56980601619766,0.9035056789433082,0.82,0.2819,30.36609840816258,59.63390159183742,174.0074902470201,1.1582796765930803,5.028785848505441,984.0663186287205
2025-10-10,Khavda Renewable Energy Park,SIMULATED,SIMULATED_PVLIB,18575.64491664513,18575.64491664513,139317.34,138620.75,14041.46,81440.47,0.2902,0.7421,6.9659,4.57,100.0,956.3793103448276,4.985366249999999,0.8987499999999999,52.14372569558678,0.9049969600654463,0.82,0.2902,30.736756469493834,59.263243530506166,174.20912270444433,1.1627015103641516,5.013051101674384,983.7369636489213
2025-10-11,Khavda Renewable Energy Park,SIMULATED,SIMULATED_PVLIB,18563.04000668716,18563.04000668716,139222.8,138526.69,13999.34,81196.17,0.29,0.7399,6.9611,4.86,100.0,974.4827586206897,5.4753750000000005,0.96875,52.9193841395045,0.9022821555117342,0.82,0.29,31.106452208385974,58.893547791614026,174.40209579028942,1.1671943335295738,4.997107307792083,983.6857417902279
2025-10-12,Khavda Renewable Energy Park,SIMULATED,SIMULATED_PVLIB,18523.92552563735,18523.92552563735,138929.44,138234.79,13968.06,81014.75,0.2894,0.7382,6.9465,5.14,100.0,1005.344827586207,5.831,1.0,53.495365801577066,0.9002662196944803,0.82,0.2894,31.475063364184145,58.524936635815855,174.5865285591981,1.1717573011352178,4.980963703283617,983.7398994531814
2025-10-13,Khavda Renewable Energy Park,SIMULATED,SIMULATED_PVLIB,18753.06975803429,18753.06975803429,140648.02,139944.78,14011.73,81268.03,0.293,0.7405,7.0324,5.43,100.0,995.6896551724138,5.56565625,0.96375,52.691267291595594,0.9030805644794154,0.82,0.293,31.84246415290746,58.15753584709254,174.76254399113213,1.1763894278710738,4.964630090642004,983.2764814083589
2025-10-14,Khavda Renewable Energy Park,SIMULATED,SIMULATED_PVLIB,18362.797269164614,18362.797269164614,137720.98,137032.38,14054.19,81514.3,0.2869,0.7428,6.886,5.71,100.0,993.6206896551724,5.72698125,0.99375,51.909446118303094,0.9058169385859391,0.82,0.2869,32.20852627061038,57.79147372938962,174.93026977695956,1.1810895934865604,4.948116782328702,982.8599218587503
2025-10-15,Khavda Renewable Energy Park,SIMULATED,SIMULATED_PVLIB,17863.41533255915,17863.41533255915,133975.61,133305.73,14016.11,81293.44,0.2791,0.7408,6.6988,6.0,97.0,990.1724137931035,5.743,1.0,52.610616122059355,0.9033628435727923,0.82,0.2791,32.57311977244754,57.42688022755246,175.0898383650922,1.1858565477747063,4.931434548007932,982.3863693656422
2025-10-16,Khavda Renewable Energy Park,SIMULATED,SIMULATED_PVLIB,18441.944273951678,18441.944273951678,138314.58,137623.01,13767.76,79853.01,0.2882,0.7276,6.9157,2.0,100.0,994.4827586206897,5.768,1.0,57.18388381818187,0.8873564066363635,0.82,0.2882,32.93611367969564,57.06388632030436,175.24138630159075,1.1906889130026257,4.914222599682664,981.8744551080337
2025-10-17,Khavda Renewable Energy Park,SIMULATED,SIMULATED_PVLIB,18853.308658825674,18853.308658825674,141399.81,140692.81,13979.95,81083.71,0.2946,0.7388,7.07,2.29,100.0,988.448275862069,5.733,1.0,53.27642451638627,0.9010325141926481,0.82,0.2946,33.29737642812891,56.70262357187109,175.38505299662552,1.1955851849409327,4.896491884190523,981.1118152749664
2025-10-18,Khavda Renewable Energy Park,SIMULATED,SIMULATED_PVLIB,18785.432460764852,18785.432460764852,140890.74,140186.29,13951.74,80920.09,0.2935,0.7374,7.0445,2.57,100.0,986.2068965517242,5.72,1.0,53.79595357693913,0.8992141624807131,0.82,0.2935,33.65677629446106,56.34322370553894,175.5209791631703,1.200543734170021,4.8786261050191335,980.3544492158917
2025-10-19,Khavda Renewable Energy Park,SIMULATED,SIMULATED_PVLIB,18938.873975012095,18938.873975012095,142041.55,141331.34,14061.84,81558.67,0.2959,0.7432,7.1021,2.86,100.0,970.5172413793103,5.629,1.0,51.76851153564513,0.906310209625242,0.82,0.2959,34.01418180566173,55.98581819433827,175.64930521535098,1.2055628077312164,4.8606375209370585,979.4018563041947
2025-10-20,Khavda Renewable Energy Park,SIMULATED,SIMULATED_PVLIB,19008.282082517297,19008.282082517297,142562.12,141849.31,13923.65,80757.17,0.297,0.7359,7.1281,3.14,100.0,966.7241379310345,5.6023275,0.9991666666666666,54.31323029016103,0.8974036939844364,0.82,0.297,34.36946204538552,55.63053795461448,175.77016987690445,1.210640529893226,4.842538682362562,978.5523484475323
2025-10-21,Khavda Renewable Energy Park,SIMULATED,SIMULATED_PVLIB,18993.022014911166,18993.022014911166,142447.67,141735.43,14043.15,81450.27,0.2968,0.7422,7.1224,3.43,100.0,960.1724137931035,5.536514166666667,0.9941666666666666,52.11274684674436,0.9051053860363948,0.82,0.2968,34.72248681032577,55.27751318967423,175.88370915985786,1.2157749011953987,4.824342411702235,977.635836974456
2025-10-22,Khavda Renewable Energy Park,SIMULATED,SIMULATED_PVLIB,18817.949915682308,18817.949915682308,141134.62,140428.95,14168.6,82177.88,0.294,0.7488,7.0567,3.71,100.0,949.3103448275863,5.506,1.0,49.8024630230646,0.9131913794192739,0.82,0.294,35.07312665933709,54.92687334066291,175.99005579281152,1.220963796169009,4.806061790208307,976.6357531641274
2025-10-23,Khavda Renewable Energy Park,SIMULATED,SIMULATED_PVLIB,18190.04985245573,18190.04985245573,136425.37,135743.24,14097.01,81762.66,0.2842,0.745,6.8213,4.0,100.0,947.2413793103449,5.001829166666666,0.9104166666666667,51.12085283240491,0.9085770150865828,0.82,0.2842,35.4212529292318,54.5787470707682,176.08933902805597,1.2262049606873069,4.7877101467328655,975.7072196095593
2025-10-24,Khavda Renewable Energy Park,SIMULATED,SIMULATED_PVLIB,18759.594865314488,18759.594865314488,140696.96,139993.48,14199.01,82354.26,0.2931,0.7504,7.0348,4.29,100.0,938.448275862069,5.443,1.0,49.242441726000806,0.9151514539589972,0.82,0.2931,35.76673774595295,54.23326225404705,176.18168472973343,1.2314960093440706,4.769301046536,974.6702221401457
2025-10-25,Khavda Renewable Energy Park,SIMULATED,SIMULATED_PVLIB,18816.120624758536,18816.120624758536,141120.9,140415.3,14325.48,83087.78,0.294,0.7571,7.056,4.57,100.0,936.3793103448276,5.417422500000001,0.9975,46.91362445615171,0.923302314403469,0.82,0.294,36.109454028938174,53.890545971061826,176.26721555375934,1.2368344228341674,4.750848280340173,973.6840305437884
2025-10-26,Khavda Renewable Energy Park,SIMULATED,SIMULATED_PVLIB,10738.776950862379,10738.776950862379,80540.83,80138.13,8146.32,47248.66,0.1678,0.4305,4.027,4.86,100.0,924.8275862068966,1.5488549999999996,0.28874999999999995,44.36599120187711,0.9322190307934302,0.82,0.1678,36.44927551301888,53.55072448698112,176.34605107227867,1.242217545729421,4.7323658519415615,972.5606589237386
2025-10-27,Khavda Renewable Energy Park,SIMULATED,SIMULATED_PVLIB,1375.007203962789,1375.007203962789,10312.55,10260.99,986.94,5724.25,0.0215,0.0522,0.5156,5.14,100.0,826.2068965517242,0.18568999999999977,0.03874999999999995,41.56007266795611,0.9420397456621536,0.82,0.0215,36.78607685205899,53.21392314794101,176.41830768889827,1.2476425857430886,4.713867959704579,970.393325036781
2025-10-28,Khavda Renewable Energy Park,SIMULATED,SIMULATED_PVLIB,847.7750014398849,847.7750014398849,6358.31,6326.52,661.14,3834.61,0.0132,0.0349,0.3179,5.43,100.0,746.8965517241379,0.12273999999999899,0.0283333333333331,37.939273045096144,0.9547125443421635,0.82,0.0132,37.11973384050411,52.88026615949589,176.4840982623066,1.2531066152539163,4.695368968994508,968.42980915261
2025-10-29,Khavda Renewable Energy Park,SIMULATED,SIMULATED_PVLIB,3749.0333367611333,3749.0333367611333,28117.75,27977.16,2850.35,16532.03,0.0586,0.1506,1.4059,5.71,100.0,614.8275862068966,0.5259849999999998,0.14749999999999996,36.28883361877131,0.9604890823343004,0.82,0.0586,37.45012371280994,52.54987628719006,176.5435314054546,1.2586065746657802,4.676883378018794,965.8280307877329
2025-10-30,Khavda Renewable Energy Park,SIMULATED,SIMULATED_PVLIB,571.0557872884738,571.0557872884738,4282.92,4261.51,427.31,2478.4,0.0089,0.0226,0.2141,6.0,100.0,619.3103448275863,0.07932333333333258,0.02208333333333312,37.91760645491332,0.9547883774078034,0.82,0.0089,37.77712545732066,52.22287454267934,176.596710524105,1.2641392766986221,4.658425781483454,964.8070962688046
2025-10-31,Khavda Renewable Energy Park,SIMULATED,SIMULATED_PVLIB,11234.909487561028,11234.909487561028,84261.82,83840.51,8297.76,48127.01,0.1755,0.4385,4.2131,2.0,100.0,800.344827586207,1.574411666666667,0.3391666666666667,43.81836218899353,0.9341357323385227,0.82,0.1755,38.100620164390385,51.899379835609615,176.64373276158608,1.2697014120121333,4.640010830603454,965.8374904265065
2025-11-01,Khavda Renewable Energy Park,SIMULATED,SIMULATED_PVLIB,2947.096252150528,2947.096252150528,22103.22,21992.7,2045.93,11866.39,0.046,0.1081,1.1052,2.29,100.0,863.2758620689656,0.39221499999999904,0.07833333333333314,46.55549814705083,0.9245557564853221,0.82,0.046,38.42049151637141,51.57950848362859,176.68468810632692,1.275289558153095,4.621653181351999,965.4703988965742
2025-11-02,Khavda Renewable Energy Park,SIMULATED,SIMULATED_PVLIB,17158.093009689626,17158.093009689626,128685.7,128042.27,12930.89,74999.16,0.2681,0.6834,6.4343,2.57,100.0,743.448275862069,2.4794,0.575,46.60640791707488,0.9243775722902379,0.82,0.2681,38.736626449447186,51.263373550552814,176.71965898744384,1.280900192667401,4.603367428214926,962.9506737727124
2025-11-03,Khavda Renewable Energy Park,SIMULATED,SIMULATED_PVLIB,19534.307943972297,19534.307943972297,146507.31,145774.77,14456.97,83850.43,0.3052,0.7641,7.3254,2.86,100.0,817.7586206896552,4.08490875,0.86125,44.492208107575095,0.9317772716234871,0.82,0.3052,39.04891575120586,50.95108424879414,176.74872058724225,1.2865297064534442,4.585168040816815,962.694418979881
2025-11-04,Khavda Renewable Energy Park,SIMULATED,SIMULATED_PVLIB,18733.301632514067,18733.301632514067,140499.76,139797.26,14384.98,83432.88,0.2927,0.7603,7.025,3.14,100.0,867.0689655172414,4.78383625,0.95125,45.817960536116836,0.9271371381235911,0.82,0.2927,39.35725411340628,50.64274588659372,176.7719419650458,1.2921744083948898,4.567069340537504,962.1372675887518
2025-11-05,Khavda Renewable Energy Park,SIMULATED,SIMULATED_PVLIB,18728.502725557442,18728.502725557442,140463.77,139761.45,14228.23,82523.73,0.2926,0.752,7.0232,3.43,100.0,891.3793103448276,3.7331708333333333,0.7220833333333333,48.70438532308915,0.9170346513691879,0.82,0.2926,39.661539232464406,50.338460767535594,176.78938779410964,1.2978305125878231,4.54908555064564,961.2812988273258
2025-11-06,Khavda Renewable Energy Park,SIMULATED,SIMULATED_PVLIB,18959.445622143594,18959.445622143594,142195.84,141484.86,14188.12,82291.1,0.2962,0.7498,7.1098,3.71,100.0,879.1379310344828,5.037387083333334,0.9879166666666667,49.44309116356195,0.9144491809275331,0.82,0.2962,39.961670004108825,50.038329995891175,176.80112037121614,1.3034941071665054,4.531230919871819,959.9933217481981
2025-11-07,Khavda Renewable Energy Park,SIMULATED,SIMULATED_PVLIB,19008.66110460418,19008.66110460418,142564.96,141852.14,14017.93,81303.99,0.297,0.7409,7.1282,4.0,100.0,866.3793103448276,5.025,1.0,52.57707661150351,0.9034802318597377,0.82,0.297,40.25754441885501,49.74245558114499,176.8072015604788,1.3091611146270237,4.513519875210661,958.6974861011194
2025-11-08,Khavda Renewable Energy Park,SIMULATED,SIMULATED_PVLIB,18987.721285273168,18987.721285273168,142407.91,141695.87,14408.39,83568.66,0.2967,0.7615,7.1204,4.29,99.0,860.6896551724138,4.992,1.0,45.386793955851275,0.9286462211545206,0.82,0.2967,40.54905800792809,49.45094199207191,176.8076944695979,1.3148272596784607,4.495967137974179,957.4848145927249
2025-11-09,Khavda Renewable Energy Park,SIMULATED,SIMULATED_PVLIB,19771.41825313717,19771.41825313717,148285.64,147544.21,14492.7,84057.66,0.3089,0.7659,7.4143,4.57,100.0,842.5862068965517,3.91570875,0.80125,43.83438438642891,0.9340796546474988,0.82,0.3089,40.83610340533189,49.16389659466811,176.8026649039565,1.3204880569584847,4.478587756091772,956.1293602566698
2025-11-10,Khavda Renewable Energy Park,SIMULATED,SIMULATED_PVLIB,18947.820687175845,18947.820687175845,142108.66,141398.12,14498.21,84089.62,0.2961,0.7662,7.1054,4.86,100.0,831.551724137931,3.9126587500000003,0.81125,43.732796443241696,0.934435212448654,0.82,0.2961,41.11857098575294,48.88142901424706,176.79218267272643,1.3261388200519235,4.461397051755558,954.8615654768528
2025-11-11,Khavda Renewable Energy Park,SIMULATED,SIMULATED_PVLIB,18569.98002496431,18569.98002496431,139274.85,138578.48,14354.34,83255.17,0.2902,0.7586,6.9637,5.14,100.0,822.9310344827586,3.86613,0.81,46.38219270988333,0.9251623255154083,0.82,0.2902,41.39635003890219,48.60364996109781,176.7763227560971,1.331774682977551,4.444410523863389,953.6292134738829
2025-11-12,Khavda Renewable Energy Park,SIMULATED,SIMULATED_PVLIB,20000.0,20000.0,150000.0,149250.0,14336.95,83154.31,0.3125,0.7577,7.5,5.43,100.0,830.5172413793103,4.817,1.0,46.70248735123906,0.9240412942706633,0.82,0.3125,41.66932986051043,48.33067013948957,176.75516617671667,1.3373906224151701,4.427643753482183,952.5961668579379
2025-11-13,Khavda Renewable Energy Park,SIMULATED,SIMULATED_PVLIB,18917.084511026722,18917.084511026722,141878.13,141168.74,14394.42,83487.64,0.2956,0.7608,7.0939,5.71,100.0,827.4137931034483,4.799,1.0,45.64402210137578,0.9277459226451847,0.82,0.2956,41.93740043527338,48.06259956472662,176.72880031817112,1.3429814737220405,4.411112339102223,951.4497640348577
2025-11-14,Khavda Renewable Energy Park,SIMULATED,SIMULATED_PVLIB,18257.698507296634,18257.698507296634,136932.74,136248.08,14410.77,83582.47,0.2853,0.7616,6.8466,6.0,100.0,827.2413793103449,4.798,1.0,45.34304750408042,0.9287993337357185,0.82,0.2853,42.20045275491369,47.79954724508631,176.69731858630462,1.3485419408701518,4.39483185967476,950.3518705053382
2025-11-15,Khavda Renewable Energy Park,SIMULATED,SIMULATED_PVLIB,18986.91561199943,18986.91561199943,142401.87,141689.86,14363.54,83308.53,0.2967,0.7591,7.1201,2.0,100.0,823.9655172413793,4.779,1.0,46.21266290433893,0.9257556798348138,0.82,0.2967,42.45837899257918,47.54162100742082,176.66081948538624,1.354066604369258,4.378817848603283,949.2341635754098
2025-11-16,Khavda Renewable Energy Park,SIMULATED,SIMULATED_PVLIB,19024.276690557388,19024.276690557388,142682.08,141968.67,14544.59,84358.62,0.2973,0.7687,7.1341,2.29,100.0,829.4827586206897,4.811,1.0,42.878779733708356,0.9374242709320207,0.82,0.2973,42.71107269727635,47.28892730272365,176.6194053937329,1.359549930482307,4.359317065975959,947.1765821623762
2025-11-17,Khavda Renewable Energy Park,SIMULATED,SIMULATED_PVLIB,19909.000768835507,19909.000768835507,149317.51,148570.92,14428.5,83685.3,0.3111,0.7626,7.4659,2.57,100.0,827.4137931034483,4.799,1.0,45.01644563005344,0.929942440294813,0.82,0.3111,42.95842902817061,47.04157097182939,176.5731813602306,1.3649862822219494,4.340113513012213,945.0427324548341
2025-11-18,Khavda Renewable Energy Park,SIMULATED,SIMULATED_PVLIB,19075.261270620085,19075.261270620085,143064.46,142349.14,14412.04,83589.83,0.2981,0.7617,7.1532,2.86,100.0,827.7586206896552,4.801,1.0,45.31961761955087,0.9288813383315719,0.82,0.2981,43.200344967091695,46.799655032908305,176.52225411588665,1.3703699308297983,4.3212223873685085,942.9522433623604
2025-11-19,Khavda Renewable Energy Park,SIMULATED,SIMULATED_PVLIB,19187.67221677535,19187.67221677535,143907.54,143188.0,14326.06,83091.15,0.2998,0.7571,7.1954,3.14,100.0,823.7931034482759,4.778,1.0,46.90296045323453,0.9233396384136792,0.82,0.2998,43.436719454180206,46.563280545819794,176.4667313995783,1.375695066446834,4.302658718363258,940.8288734929581
2025-11-20,Khavda Renewable Energy Park,SIMULATED,SIMULATED_PVLIB,19106.61667285787,19106.61667285787,143299.63,142583.13,14389.83,83461.01,0.2985,0.7605,7.165,3.43,100.0,814.6551724137931,4.5163125,0.9558333333333333,45.72861539169156,0.9274498461290795,0.82,0.2985,43.66745343526143,46.33254656473857,176.40672155630318,1.3809558075604105,4.284437349993784,938.6650264761888
2025-11-21,Khavda Renewable Energy Park,SIMULATED,SIMULATED_PVLIB,19582.44184503198,19582.44184503198,146868.31,146133.97,14446.74,83791.09,0.306,0.7635,7.3434,3.71,100.0,801.7241379310345,4.630625,0.9958333333333333,44.680629147796175,0.9311177979827134,0.82,0.306,43.892449838939214,46.107550161060786,176.34233334920623,1.386146209471024,4.266572930054029,936.4793442272888
2025-11-22,Khavda Renewable Energy Park,SIMULATED,SIMULATED_PVLIB,18733.38051458943,18733.38051458943,140500.35,139797.85,14534.89,84302.36,0.2927,0.7682,7.025,4.0,100.0,795.344827586207,3.348269166666667,0.7258333333333333,43.05730735226837,0.9367994242670608,0.82,0.2927,44.111613523941,45.888386476059,176.27367589689754,1.3912602725914265,4.2490799021194325,934.3954542750813
2025-11-23,Khavda Renewable Energy Park,SIMULATED,SIMULATED_PVLIB,18477.78248097848,18477.78248097848,138583.37,137890.45,14481.38,83992.0,0.2887,0.7653,6.9292,4.29,100.0,793.6206896551724,4.4668279166666665,0.9704166666666667,44.042767416075066,0.9333503140437373,0.82,0.2887,44.32485126218249,45.67514873781751,176.20085858617597,1.3962919520696373,4.231972494914802,932.3936017041681
2025-11-24,Khavda Renewable Energy Park,SIMULATED,SIMULATED_PVLIB,19333.178516449872,19333.178516449872,144998.84,144273.85,14608.47,84729.13,0.3021,0.7721,7.2499,4.57,100.0,797.9310344827586,4.628,1.0,41.702494946778955,0.9415412676862737,0.82,0.3021,44.532071821885694,45.467928178114306,176.1239908355958,1.4012351703345254,4.215264703491832,930.4923757739751
2025-11-25,Khavda Renewable Energy Park,SIMULATED,SIMULATED_PVLIB,19655.94229290018,19655.94229290018,147419.57,146682.47,14731.6,85443.28,0.3071,0.7786,7.371,4.86,100.0,789.4827586206897,4.579,1.0,39.43499249878873,0.9494775262542394,0.82,0.3071,44.733186168409304,45.266813831590696,176.04318157287548,1.4060838331540024,4.198970260476985,928.4740895113703
2025-11-26,Khavda Renewable Energy Park,SIMULATED,SIMULATED_PVLIB,19426.338889503237,19426.338889503237,145697.54,144969.05,14719.81,85374.9,0.3035,0.7779,7.2849,5.14,100.0,777.2413793103449,4.508,1.0,39.65212127456201,0.9487175755390329,0.82,0.3035,44.92810773259186,45.07189226740814,175.95853838929997,1.4108318481527573,4.18310260146063,926.4461190826526
2025-11-27,Khavda Renewable Energy Park,SIMULATED,SIMULATED_PVLIB,18742.792596383264,18742.792596383264,140570.94,139868.09,14744.94,85520.65,0.2929,0.7793,7.0285,5.43,100.0,781.2068965517242,4.531,1.0,39.18931739429139,0.9503373891199801,0.82,0.2929,45.116752687485416,44.883247312514584,175.87016641939135,1.4154731443963744,4.167674829523585,924.6450320572568
2025-11-28,Khavda Renewable Energy Park,SIMULATED,SIMULATED_PVLIB,19681.453895764455,19681.453895764455,147610.9,146872.85,14851.33,86137.71,0.3075,0.7849,7.3805,5.71,100.0,751.8965517241379,4.361,1.0,37.2302572238095,0.9571940997166667,0.82,0.3075,45.299040255786856,44.700959744213144,175.7781670462175,1.4200016935511024,4.152699677017336,922.4936005009914
2025-11-29,Khavda Renewable Energy Park,SIMULATED,SIMULATED_PVLIB,18754.808394520536,18754.808394520536,140661.06,139957.75,14814.21,85922.42,0.293,0.7829,7.0331,6.0,100.0,735.344827586207,3.069022916666666,0.7195833333333332,37.913752549219524,0.9548018660777317,0.82,0.293,45.474893154634344,44.525106845365656,175.68263665344364,1.4244115352843445,4.138189455349887,920.5331941794695
2025-11-30,Khavda Renewable Energy Park,SIMULATED,SIMULATED_PVLIB,19510.360967495606,19510.360967495606,146327.71,145596.07,14681.83,85154.61,0.3048,0.7759,7.3164,2.0,100.0,695.344827586207,3.001224166666667,0.7441666666666666,40.351439453419616,0.9462699619130314,0.82,0.3048,45.644238240016186,44.355761759983814,175.58366567707776,1.428696808619273,4.12415598717126,918.341944827933
2025-12-01,Khavda Renewable Energy Park,SIMULATED,SIMULATED_PVLIB,19112.18821090295,19112.18821090295,143341.41,142624.7,14612.37,84751.75,0.2986,0.7723,7.1671,2.29,100.0,737.5862068965517,4.1140099999999995,0.9616666666666667,41.63052665142557,0.9417931567200105,0.82,0.2986,45.80700719016963,44.19299280983037,175.4813382542352,1.4328517853177902,4.110610534710864,917.1597321165178
2025-12-02,Khavda Renewable Energy Park,SIMULATED,SIMULATED_PVLIB,20000.0,20000.0,150000.0,149250.0,14600.88,84685.1,0.3125,0.7717,7.5,2.57,100.0,760.1724137931035,3.6741666666666664,0.8333333333333333,41.84209359939681,0.9410526724021111,0.82,0.3125,45.96313681988717,44.03686318011283,175.37573265013157,1.4368708946476159,4.097563760053516,915.7951996642342
2025-12-03,Khavda Renewable Energy Park,SIMULATED,SIMULATED_PVLIB,20000.0,20000.0,150000.0,149250.0,14855.02,86159.12,0.3125,0.7851,7.5,2.86,100.0,768.7931034482759,3.2086220833333328,0.7195833333333332,37.162282727888694,0.9574320104523896,0.82,0.3125,46.11256859292843,43.88743140707157,175.26692239579972,1.4407487275537094,4.08502575609913,914.3169067385893
2025-12-04,Khavda Renewable Energy Park,SIMULATED,SIMULATED_PVLIB,20000.0,20000.0,150000.0,149250.0,14866.55,86225.99,0.3125,0.7857,7.5,3.14,100.0,747.7586206896552,4.270137916666666,0.9845833333333334,36.950016007011044,0.9581749439754613,0.82,0.3125,46.25524722091722,43.74475277908278,175.15497783205137,1.4444800160631919,4.073006159370115,912.5429572354826
2025-12-05,Khavda Renewable Energy Park,SIMULATED,SIMULATED_PVLIB,20000.0,20000.0,150000.0,149250.0,14854.91,86158.48,0.3125,0.7851,7.5,3.43,100.0,739.8275862068966,4.031752083333334,0.9395833333333333,37.16419230569548,0.9574253269300659,0.82,0.3125,46.391118753377945,43.608881246622055,175.03996767665194,1.4480595973994688,4.061514310248512,910.9759209844722
2025-12-06,Khavda Renewable Energy Park,SIMULATED,SIMULATED_PVLIB,9599.387021403081,9599.387021403081,71995.4,71635.42,6674.1,38709.78,0.15,0.3527,3.5998,3.71,100.0,600.3448275862069,1.2201508333333335,0.3504166666666667,33.715063548781124,0.9694972775792661,0.82,0.15,46.52012892466404,43.47987107533596,174.92196038076486,1.451482382694844,4.050559393360734,907.9234299775657
2025-12-07,Khavda Renewable Energy Park,SIMULATED,SIMULATED_PVLIB,18563.036740129606,18563.036740129606,139222.78,138526.67,14795.53,85814.07,0.29,0.782,6.9611,4.0,100.0,747.5862068965517,4.05416,0.935,38.257716458530425,0.9535979923951435,0.82,0.29,46.64222244858091,43.35777755141909,174.80102532027342,1.4547433493863748,4.040150496119018,908.285868356007
2025-12-08,Khavda Renewable Energy Park,SIMULATED,SIMULATED_PVLIB,19134.613171107394,19134.613171107394,143509.6,142792.05,14841.01,86077.86,0.299,0.7844,7.1755,4.29,100.0,749.3103448275863,4.3297025,0.99625,37.42016969752056,0.956529406058678,0.82,0.299,46.757343466575996,43.242656533424004,174.67723400324394,1.4578375641857013,4.030296565539564,907.002729362255
2025-12-09,Khavda Renewable Energy Park,SIMULATED,SIMULATED_PVLIB,19016.936890094203,19016.936890094203,142627.03,141913.89,14738.65,85484.17,0.2971,0.7789,7.1314,4.57,100.0,757.0689655172414,4.391,1.0,39.30522965264608,0.9499316962157387,0.82,0.2971,46.865436776042465,43.134563223957535,174.55066140574536,1.4607602278503868,4.021006294990183,905.8505644356064
2025-12-10,Khavda Renewable Energy Park,SIMULATED,SIMULATED_PVLIB,18673.30653997649,18673.30653997649,140049.8,139349.55,14620.64,84799.71,0.2918,0.7727,7.0025,4.86,100.0,754.6551724137931,4.377,1.0,41.4782585596063,0.942326095041378,0.82,0.2918,46.966449169744514,43.033550830255486,174.42138726268354,1.4635067242006246,4.012287999690634,904.6411489266146
2025-12-11,Khavda Renewable Energy Park,SIMULATED,SIMULATED_PVLIB,18224.765022134397,18224.765022134397,136685.74,136002.31,14413.05,83595.69,0.2848,0.7617,6.8343,5.14,100.0,752.4137931034483,4.364,1.0,45.30108517217475,0.9289462018973884,0.82,0.2848,47.06033034544926,42.93966965455074,174.28949699158557,1.4660726583833368,4.0041495294034775,903.497141009633
2025-12-12,Khavda Renewable Energy Park,SIMULATED,SIMULATED_PVLIB,19112.944819383072,19112.944819383072,143347.09,142630.35,14804.09,85863.72,0.2986,0.7824,7.1674,5.43,100.0,688.2758620689656,3.01895,0.75625,38.100093061069046,0.9541496742862583,0.82,0.2986,47.14703324373895,42.85296675626105,174.15508196015094,1.468453879763614,3.996598231733582,901.6930385848839
2025-12-13,Khavda Renewable Energy Park,SIMULATED,SIMULATED_PVLIB,14230.13091480728,14230.13091480728,106725.98,106192.35,11722.79,67992.18,0.2223,0.6196,5.3363,5.71,97.0,665.6896551724138,2.1975525,0.5691666666666666,40.57288260564293,0.9454949108802497,0.82,0.2223,47.22651402583412,42.77348597416588,174.018239059616,1.4706464945727225,3.989640947790772,900.4417129273122
2025-12-14,Khavda Renewable Energy Park,SIMULATED,SIMULATED_PVLIB,13670.408586272657,13670.408586272657,102528.06,102015.42,10452.08,60622.06,0.2136,0.5524,5.1264,6.0,100.0,681.551724137931,1.9468525,0.49250000000000005,38.839527627955746,0.9515616533021549,0.82,0.2136,47.2987320000254,42.7012679999746,173.87906981730066,1.4726468764615537,3.9832840129211893,899.7080642482848
2025-12-15,Khavda Renewable Energy Park,SIMULATED,SIMULATED_PVLIB,20000.0,20000.0,150000.0,149250.0,14908.1,86466.98,0.3125,0.7879,7.5,2.0,100.0,731.7241379310345,3.976981666666666,0.9370833333333333,36.18485069024331,0.9608530225841484,0.82,0.3125,47.36364966631804,42.63635033368196,173.73767936271452,1.4744516795797393,3.977533247313608,899.4447868640009
2025-12-16,Khavda Renewable Energy Park,SIMULATED,SIMULATED_PVLIB,20000.0,20000.0,150000.0,149250.0,14952.3,86723.34,0.3125,0.7902,7.5,2.29,100.0,735.0,4.263,1.0,35.370933286215546,0.9637017334982456,0.82,0.3125,47.4212328501317,42.5787671498683,173.5941754884534,1.476057853383763,3.9740501836921074,899.2030138007887
2025-12-17,Khavda Renewable Energy Park,SIMULATED,SIMULATED_PVLIB,19994.41126484299,19994.41126484299,149958.08,149208.29,14822.25,85969.05,0.3124,0.7834,7.4979,2.57,99.0,733.6206896551724,4.208904166666667,0.9891666666666666,37.765681845526345,0.9553201135406578,0.82,0.3124,47.47145080101228,42.52854919898772,173.44866793602387,1.4774626556705115,3.972840698835158,899.4800187033632
2025-12-18,Khavda Renewable Energy Park,SIMULATED,SIMULATED_PVLIB,20000.0,20000.0,150000.0,149250.0,14753.47,85570.13,0.3125,0.7797,7.5,2.86,100.0,709.1379310344828,2.9305125000000003,0.7125,39.032250601845504,0.9508871228935407,0.82,0.3125,47.514276177762774,42.485723822237226,173.3012679119713,1.4786636615211974,3.9722532644658637,899.55973765492
2025-12-19,Khavda Renewable Energy Park,SIMULATED,SIMULATED_PVLIB,19451.48096479812,19451.48096479812,145886.11,145156.68,14743.68,85513.34,0.3039,0.7792,7.2943,3.14,100.0,705.0000000000001,3.7175825000000002,0.9091666666666667,39.21257006919499,0.9502560047578176,0.82,0.3039,47.549684933913994,42.450315066086006,173.15208782609602,1.4796587684239602,3.9722917073650925,899.9514475970788
2025-12-20,Khavda Renewable Energy Park,SIMULATED,SIMULATED_PVLIB,20000.0,20000.0,150000.0,149250.0,14461.16,83874.73,0.3125,0.7643,7.5,3.43,100.0,713.7931034482759,3.45345,0.8341666666666667,44.41518411087954,0.9320468556119216,0.82,0.3125,47.5776561748753,42.4223438251247,173.00124117010375,1.4804461995063551,3.972959323123564,900.5686510112929
2025-12-21,Khavda Renewable Energy Park,SIMULATED,SIMULATED_PVLIB,19451.75108484349,19451.75108484349,145888.13,145158.69,14562.82,84464.36,0.3039,0.7697,7.2944,3.71,100.0,711.0344827586207,3.5706966666666666,0.8658333333333333,42.543049266839816,0.9385993275660607,0.82,0.3039,47.598172049356776,42.401827950643224,172.84884240736142,1.4810245066177392,3.9742588824050706,901.1248454428336
2025-12-22,Khavda Renewable Energy Park,SIMULATED,SIMULATED_PVLIB,18331.219717845386,18331.219717845386,137484.15,136796.73,14681.92,85155.14,0.2864,0.7759,6.8742,4.0,100.0,718.1034482758621,4.165,1.0,40.349924788654405,0.9462752632397096,0.82,0.2864,47.61121770520152,42.38878229479848,172.69500669619413,1.4813925741117133,3.976192631805838,901.8705420127694
2025-12-23,Khavda Renewable Energy Park,SIMULATED,SIMULATED_PVLIB,19075.998217703916,19075.998217703916,143069.99,142354.64,14916.36,86514.89,0.2981,0.7883,7.1535,4.29,100.0,721.2068965517242,4.183,1.0,36.032596767030846,0.9613859113153921,0.82,0.2981,47.616781317203305,42.383218682796695,172.53984931450657,1.4815496235401868,3.978762288588429,902.644227087049
2025-12-24,Khavda Renewable Energy Park,SIMULATED,SIMULATED_PVLIB,18455.10856684644,18455.10856684644,138413.31,137721.24,14812.24,85910.99,0.2884,0.7828,6.9207,4.57,100.0,732.7586206896552,4.25,1.0,37.95005806257304,0.9546747967809943,0.82,0.2884,47.61485419017056,42.38514580982944,172.38348474347322,1.4814952193353044,3.9819690289782743,903.5912059276918
2025-12-25,Khavda Renewable Energy Park,SIMULATED,SIMULATED_PVLIB,9323.275070902184,9323.275070902184,69924.56,69574.94,7109.82,41236.96,0.1457,0.3758,3.4962,4.86,100.0,734.6551724137931,1.3262362500000002,0.31125,39.23459988377462,0.9501789004067889,0.82,0.1457,47.60543094276771,42.39456905723229,172.22602544645542,1.4812292756032688,3.9858134695292837,904.4992736525741
2025-12-26,Khavda Renewable Energy Park,SIMULATED,SIMULATED_PVLIB,19115.005153567803,19115.005153567803,143362.54,142645.73,14682.05,85155.89,0.2987,0.776,7.1681,5.14,100.0,741.7241379310345,3.8718,0.9,40.34753107797471,0.9462836412270885,0.82,0.2987,47.588509780102534,42.411490219897466,172.06758043793047,1.4807520642049505,3.990295640869886,905.541787560901
2025-12-27,Khavda Renewable Energy Park,SIMULATED,SIMULATED_PVLIB,18950.831673848872,18950.831673848872,142131.24,141420.58,14753.9,85572.62,0.2961,0.7798,7.1066,5.43,100.0,723.448275862069,3.8113666666666663,0.9083333333333333,39.02427238922509,0.9509150466377122,0.82,0.2961,47.56409286402097,42.43590713597903,171.90825378282932,1.4800642243057025,3.9954149530792082,906.3609323805813
2025-12-28,Khavda Renewable Energy Park,SIMULATED,SIMULATED_PVLIB,20000.0,20000.0,150000.0,149250.0,14746.05,85527.09,0.3125,0.7793,7.5,5.71,100.0,730.344827586207,3.9553649999999996,0.93375,39.16883801356656,0.950409066952517,0.82,0.3125,47.53218676546721,42.46781323453279,171.74814323312125,1.4791667728620874,4.00117015419475,907.5478092950086
2025-12-29,Khavda Renewable Energy Park,SIMULATED,SIMULATED_PVLIB,19318.331029013203,19318.331029013203,144887.48,144163.04,14677.08,85127.06,0.3018,0.7757,7.2444,6.0,100.0,728.2758620689656,3.94416,0.93375,40.438943880534765,0.9459636964181283,0.82,0.3018,47.492802899666074,42.507197100333926,171.58733928112724,1.4780611131547006,4.00755929092183,908.7019521553892
2025-12-30,Khavda Renewable Energy Park,SIMULATED,SIMULATED_PVLIB,20000.0,20000.0,150000.0,149250.0,14915.18,86508.04,0.3125,0.7883,7.5,2.0,100.0,634.6551724137931,3.15799125,0.8579166666666667,36.05443652768348,0.9613094721531078,0.82,0.3125,47.44595772264082,42.55404227735918,171.4259248729726,1.4767490350977268,4.014579691622656,908.8553639261645
2025-12-31,Khavda Renewable Energy Park,SIMULATED,SIMULATED_PVLIB,19628.27390351188,19628.27390351188,147212.05,146475.99,15000.99,87005.74,0.3067,0.7928,7.3606,2.29,100.0,641.551724137931,3.183005416666667,0.8554166666666667,34.47431835564956,0.9668398857552265,0.82,0.3067,47.39167240802175,42.60832759197825,171.26397583391008,1.4752326995564111,4.022227996912775,910.2565563710025
2026-01-01,Khavda Renewable Energy Park,SIMULATED,SIMULATED_PVLIB,19477.976999924016,19477.976999924016,146084.83,145354.41,14961.21,86775.02,0.3043,0.7907,7.3042,2.57,100.0,735.5172413793103,4.1860124999999995,0.98125,35.20685579483512,0.9642760047180771,0.82,0.3043,47.32997184632637,42.67002815367363,171.10156182656306,1.473514602621621,4.03050025185735,912.7470113297633
2026-01-02,Khavda Renewable Energy Park,SIMULATED,SIMULATED_PVLIB,19068.447389645822,19068.447389645822,143013.36,142298.29,14982.83,86900.41,0.2979,0.7918,7.1507,2.86,95.0,743.2758620689656,4.311,1.0,34.808626914323256,0.9656698057998686,0.82,0.2979,47.26088313440799,42.73911686559201,170.93874751705096,1.4715975251015827,4.03939204421012,914.2962955733601
2026-01-03,Khavda Renewable Energy Park,SIMULATED,SIMULATED_PVLIB,19933.97307071217,19933.97307071217,149504.8,148757.28,14862.99,86205.34,0.3115,0.7855,7.4752,3.14,100.0,755.6896551724138,4.383,1.0,37.01542944390853,0.9579459969463201,0.82,0.3115,47.18443407316925,42.81556592683075,170.77559372818405,1.4694844822063777,4.0488986415719985,915.9673633001172
2026-01-04,Khavda Renewable Energy Park,SIMULATED,SIMULATED_PVLIB,18596.170198629035,18596.170198629035,139471.28,138773.92,14803.09,85857.92,0.2906,0.7823,6.9736,3.43,100.0,749.6551724137931,4.348,1.0,38.1185934772918,0.9540849228294787,0.82,0.2906,47.10065230973655,42.89934769026345,170.61215856533863,1.4671786912726565,4.059015070035905,917.4883992217308
2026-01-05,Khavda Renewable Energy Park,SIMULATED,SIMULATED_PVLIB,19614.76814149542,19614.76814149542,147110.76,146375.21,14868.57,86237.71,0.3065,0.7858,7.3555,3.71,100.0,754.8275862068966,4.378,1.0,36.91273057209216,0.9583054429976774,0.82,0.3065,47.00956549644208,42.99043450355792,170.448498657757,1.464683567470497,4.069736101140701,919.2054131622828
2026-01-06,Khavda Renewable Energy Park,SIMULATED,SIMULATED_PVLIB,19871.100831995027,19871.100831995027,149033.26,148288.09,15019.65,87113.97,0.3105,0.7938,7.4517,4.0,100.0,755.344827586207,4.381,1.0,34.13069462673999,0.96804256880641,0.82,0.3105,46.911202323736994,43.088797676263006,170.28467062526988,1.462002742809776,4.0810561606568125,920.9312708104987
2026-01-07,Khavda Renewable Energy Park,SIMULATED,SIMULATED_PVLIB,19787.518600348405,19787.518600348405,148406.39,147664.36,15104.94,87608.65,0.3092,0.7983,7.4203,4.29,100.0,763.9655172413793,4.431,1.0,32.559956969078456,0.9735401506082254,0.82,0.3092,46.80559386393154,43.19440613606846,170.12073262693593,1.4591400922981947,4.092969210430207,922.8139503170253
2026-01-08,Khavda Renewable Energy Park,SIMULATED,SIMULATED_PVLIB,19446.19308534695,19446.19308534695,145846.45,145117.22,15162.73,87943.83,0.3038,0.8014,7.2923,4.57,100.0,759.1379310344828,4.401165416666666,0.9995833333333334,31.495802872362532,0.9772646899467311,0.82,0.3038,46.6927746063227,43.3072253936773,169.95674568482968,1.4560997500957682,4.105468659120818,924.5995158605438
2026-01-09,Khavda Renewable Energy Park,SIMULATED,SIMULATED_PVLIB,19531.031402735047,19531.031402735047,146482.74,145750.33,15147.06,87852.95,0.3052,0.8005,7.3241,4.86,100.0,779.8275862068966,4.523,1.0,31.78440803490559,0.9762545718778305,0.82,0.3052,46.57278288551556,43.42721711448444,169.79277445079288,1.4528861078720656,4.118547328354139,926.7426921869423
2026-01-10,Khavda Renewable Energy Park,SIMULATED,SIMULATED_PVLIB,19731.099732034294,19731.099732034294,147983.25,147243.33,15180.43,88046.49,0.3083,0.8023,7.3992,5.14,100.0,782.5862068965517,4.539,1.0,31.169962458400914,0.9784051313955968,0.82,0.3083,46.44566081939976,43.55433918060024,169.62888729264546,1.4495037990937965,4.132197463445842,928.7329277963221
2026-01-11,Khavda Renewable Energy Park,SIMULATED,SIMULATED_PVLIB,19888.733970041536,19888.733970041536,149165.5,148419.67,15225.03,88305.17,0.3108,0.8046,7.4583,5.43,100.0,802.5862068965517,4.655,1.0,30.348637697270128,0.9812797680595545,0.82,0.3108,46.31145408243588,43.68854591756412,169.46515582776192,1.4459576784638453,4.1464107592962485,930.9803597912169
2026-01-12,Khavda Renewable Energy Park,SIMULATED,SIMULATED_PVLIB,19915.580543228352,19915.580543228352,149366.85,148620.02,15060.18,87349.04,0.3112,0.7959,7.4683,5.71,100.0,809.1379310344828,4.693,1.0,33.38419239354597,0.9706553266225891,0.82,0.3112,46.17021175860193,43.82978824139807,169.30165415276224,1.442252803216669,4.161178379607431,933.1237043104835
2026-01-13,Khavda Renewable Energy Park,SIMULATED,SIMULATED_PVLIB,20000.0,20000.0,150000.0,149250.0,15054.93,87318.59,0.3125,0.7957,7.5,6.0,100.0,801.551724137931,4.649,1.0,33.48088486730583,0.9703169029644296,0.82,0.3125,46.02198629488848,43.97801370511152,169.13845805637618,1.4383944168177583,4.1764909676535575,935.1529507293452
2026-01-14,Khavda Renewable Energy Park,SIMULATED,SIMULATED_PVLIB,19935.963919148722,19935.963919148722,149519.73,148772.13,14898.94,86413.85,0.3115,0.7874,7.476,2.0,100.0,781.2068965517242,4.531,1.0,36.35338184170567,0.9602631635540302,0.82,0.3115,45.86683345061139,44.13316654938861,168.97564437565188,1.4343879323284534,4.192338657952372,937.0822498351911
2026-01-15,Khavda Renewable Energy Park,SIMULATED,SIMULATED_PVLIB,19362.694500281377,19362.694500281377,145220.21,144494.11,14584.26,84588.71,0.3025,0.7708,7.261,2.29,100.0,782.0689655172414,3.9500999999999995,0.8708333333333333,42.14831933259265,0.9399808823359257,0.82,0.3025,45.704812166351154,44.295187833648846,168.8132905884504,1.4302389135848645,4.2087110955148415,939.3073216275523
2026-01-16,Khavda Renewable Energy Park,SIMULATED,SIMULATED_PVLIB,20000.0,20000.0,150000.0,149250.0,14799.11,85834.84,0.3125,0.7821,7.5,2.57,100.0,775.1724137931035,3.261473333333334,0.7254166666666667,38.191823244660625,0.9538286186436878,0.82,0.3125,45.53598437257265,44.46401562742735,168.65147465569999,1.4259530549080603,4.223685210090863,940.9234646760765
2026-01-17,Khavda Renewable Energy Park,SIMULATED,SIMULATED_PVLIB,20000.0,20000.0,150000.0,149250.0,15058.48,87339.18,0.3125,0.7958,7.5,2.86,100.0,630.8620689655172,3.1360679166666663,0.8570833333333333,33.415494965260756,0.9705457676215874,0.82,0.3125,45.36041479241571,44.63958520758429,168.4902750390463,1.42153616089949,4.237246543495402,940.4143318399003
2026-01-18,Khavda Renewable Energy Park,SIMULATED,SIMULATED_PVLIB,19444.924325916934,19444.924325916934,145836.93,145107.75,14765.94,85642.45,0.3038,0.7804,7.2918,3.14,100.0,781.0344827586207,4.3431375,0.95875,38.80257122763915,0.951691000703263,0.82,0.3038,45.1781707462056,44.8218292537944,168.32977075888732,1.416994126612965,4.251294571482307,943.4009015649576
2026-01-19,Khavda Renewable Energy Park,SIMULATED,SIMULATED_PVLIB,19956.63793584497,19956.63793584497,149674.78,148926.41,14653.9,84992.62,0.3118,0.7745,7.4837,3.43,100.0,797.0689655172414,4.61336875,0.9979166666666667,40.86577079266278,0.9444698022256802,0.82,0.3118,44.98932193459546,45.01067806540454,168.17004129816473,1.41233291762172,4.265817202536321,944.8614076899892
2026-01-20,Khavda Renewable Energy Park,SIMULATED,SIMULATED_PVLIB,19975.83463458391,19975.83463458391,149818.76,149069.67,14630.41,84856.38,0.3121,0.7732,7.4909,3.71,100.0,800.5172413793103,4.641065416666667,0.9995833333333334,41.29841025727652,0.9429555640995322,0.82,0.3121,44.79394021952185,45.20605978047815,168.0111661834369,1.4075585505653108,4.280801998849634,946.217393797428
2026-01-21,Khavda Renewable Energy Park,SIMULATED,SIMULATED_PVLIB,20000.0,20000.0,150000.0,149250.0,14664.1,85051.78,0.3125,0.775,7.5,4.0,100.0,811.551724137931,4.707,1.0,40.67790809250141,0.945127321676245,0.82,0.3125,44.592099492041186,45.407900507958814,167.85322418356566,1.4026770763991294,4.296236197023046,947.7030512510112
2026-01-22,Khavda Renewable Energy Park,SIMULATED,SIMULATED_PVLIB,20000.0,20000.0,150000.0,149250.0,14911.13,86484.55,0.3125,0.7881,7.5,4.29,100.0,809.1379310344828,3.7446229166666667,0.7979166666666667,36.1290429521771,0.9610483496673802,0.82,0.3125,44.3838757278868,45.6161242721132,167.69629212773884,1.397694568657606,4.312106712808372,949.0699311187639
2026-01-23,Khavda Renewable Energy Park,SIMULATED,SIMULATED_PVLIB,19197.90894636777,19197.90894636777,143984.32,143264.4,14993.59,86962.82,0.3,0.7924,7.1992,4.57,100.0,848.9655172413793,4.509563333333333,0.9158333333333333,34.610591050394525,0.9663629313236192,0.82,0.3,44.16934723793102,45.83065276206898,167.54044344252327,1.3926171166071193,4.3284001296992605,950.9680955266476
2026-01-24,Khavda Renewable Energy Park,SIMULATED,SIMULATED_PVLIB,16687.662478210306,16687.662478210306,125157.47,124531.68,12727.13,73817.35,0.2607,0.6726,6.2579,4.86,100.0,818.6206896551724,2.3067366666666675,0.48583333333333345,31.3107006304662,0.9779125477933683,0.82,0.2607,43.948595014268925,46.051404985731075,167.3857465235062,1.3874508206443448,4.3451026803072885,952.0788107680424
2026-01-25,Khavda Renewable Energy Park,SIMULATED,SIMULATED_PVLIB,5303.450928563,5303.450928563,39775.88,39577.0,4057.27,23532.17,0.0829,0.2144,1.9888,5.14,100.0,811.551724137931,0.7295850000000002,0.15500000000000003,29.098222175031665,0.9856562223873891,0.82,0.0829,43.721703030539636,46.278296969460364,167.2322631165232,1.382201786519395,4.362200232796106,953.4942529291908
2026-01-26,Khavda Renewable Energy Park,SIMULATED,SIMULATED_PVLIB,16317.635962881057,16317.635962881057,122382.27,121770.36,12562.3,72861.34,0.255,0.6639,6.1191,5.43,100.0,831.7241379310345,2.30949,0.47875,35.258063336883765,0.9640967783209068,0.82,0.255,43.488758389331906,46.511241610668094,167.08004692831992,1.3768761160424463,4.3796782913664405,955.2585694553118
2026-01-27,Khavda Renewable Energy Park,SIMULATED,SIMULATED_PVLIB,19013.213664027888,19013.213664027888,142599.1,141886.1,14929.48,86590.98,0.2971,0.789,7.13,5.71,100.0,831.3793103448276,4.805926666666667,0.9966666666666667,35.79116682947207,0.9622309160968477,0.82,0.2971,43.24985124672667,46.75014875327333,166.92914266942478,1.3714798930111556,4.397522016316535,956.8100932890628
2026-01-28,Khavda Renewable Energy Park,SIMULATED,SIMULATED_PVLIB,18399.928479152677,18399.928479152677,137999.46,137309.46,14872.37,86259.75,0.2875,0.786,6.9,6.0,100.0,857.9310344827586,4.356073333333333,0.8754166666666666,36.842684183717964,0.9585506053569871,0.82,0.2875,43.00507443349809,46.99492556650191,166.77958566680832,1.366019163031724,4.415716269809535,958.7017322497876
2026-01-29,Khavda Renewable Energy Park,SIMULATED,SIMULATED_PVLIB,7040.238921633752,7040.238921633752,52801.79,52537.78,5200.53,30163.07,0.11,0.2749,2.6401,2.0,100.0,829.4827586206897,0.9561862499999999,0.19874999999999998,35.28842623377483,0.9639905081817881,0.82,0.11,42.75452270854097,47.24547729145903,166.63140200411522,1.3604999064521286,4.434245691811922,959.9719435637696
2026-01-30,Khavda Renewable Energy Park,SIMULATED,SIMULATED_PVLIB,15513.227748713893,15513.227748713893,116349.21,115767.46,11796.8,68421.44,0.2424,0.6235,5.8175,2.29,100.0,845.8620689655173,2.1893025,0.44625000000000004,37.84289192094167,0.9550498782767042,0.82,0.2424,42.498291695889975,47.501708304110025,166.48460907693584,1.3549280062858033,4.453094800784304,961.7874358115849
2026-01-31,Khavda Renewable Energy Park,SIMULATED,SIMULATED_PVLIB,19674.516557125153,19674.516557125153,147558.87,146821.08,14621.47,84804.53,0.3074,0.7728,7.3779,2.57,100.0,855.8620689655173,4.964,1.0,41.462988655603695,0.942379539705387,0.82,0.3074,42.23647677813057,47.76352322186943,166.33921643518738,1.3493092176147743,4.4722480955618575,963.5460709358498
2026-02-01,Khavda Renewable Energy Park,SIMULATED,SIMULATED_PVLIB,19076.814233978443,19076.814233978443,143076.11,142360.73,14603.53,84700.47,0.2981,0.7718,7.1538,2.86,100.0,865.8620689655173,5.022,1.0,41.793312236364834,0.9412234071727231,0.82,0.2981,41.96917237332814,48.03082762667186,166.19522687895972,1.3436491475775663,4.491690123108324,965.3201406381314
2026-02-02,Khavda Renewable Energy Park,SIMULATED,SIMULATED_PVLIB,18982.673290726754,18982.673290726754,142370.05,141658.2,14712.52,85332.62,0.2966,0.7776,7.1185,3.14,100.0,864.1379310344828,5.012,1.0,39.78642784555666,0.9482475025405517,0.82,0.2966,41.696471934262355,48.303528065737645,166.05263786436683,1.337953252211694,4.511405485548007,966.9699280813385
2026-02-03,Khavda Renewable Energy Park,SIMULATED,SIMULATED_PVLIB,19672.74882287492,19672.74882287492,147545.62,146807.89,14684.76,85171.61,0.3074,0.7761,7.3773,3.43,100.0,876.2068965517242,4.93801,0.9716666666666667,40.29761840858113,0.9464583355699661,0.82,0.3074,41.41846868268111,48.58153131731889,165.91144320917772,1.332226848938844,4.531378787623983,968.7918772987414
2026-02-04,Khavda Renewable Energy Park,SIMULATED,SIMULATED_PVLIB,19661.633275129298,19661.633275129298,147462.25,146724.94,14756.66,85588.63,0.3072,0.7799,7.3731,3.71,100.0,879.4827586206897,5.101,1.0,38.973477613344784,0.9510928283532932,0.82,0.3072,41.13525672593482,48.86474327406518,165.7716349488934,1.3264751360592726,4.551594555371094,970.519069292632
2026-02-05,Khavda Renewable Energy Park,SIMULATED,SIMULATED_PVLIB,19708.534394261736,19708.534394261736,147814.01,147074.94,14648.49,84961.24,0.3079,0.7742,7.3907,4.0,100.0,868.7931034482759,5.039,1.0,40.96544952964959,0.9441209266462265,0.82,0.3079,40.84693206437035,49.15306793562965,165.63320504122396,1.3207032086693549,4.57203716675043,972.0885247966206
2026-02-06,Khavda Renewable Energy Park,SIMULATED,SIMULATED_PVLIB,20000.0,20000.0,150000.0,149250.0,14482.61,83999.14,0.3125,0.7654,7.5,4.29,100.0,891.7241379310345,4.2345749999999995,0.81875,44.020021004353154,0.933429926484764,0.82,0.3125,40.553593162180434,49.446406837819566,165.49614660147154,1.3149160647836877,4.592690820105171,974.0551458909099
2026-02-07,Khavda Renewable Energy Park,SIMULATED,SIMULATED_PVLIB,16691.085740466555,16691.085740466555,125183.14,124557.22,12592.17,73034.59,0.2608,0.6655,6.2592,4.57,100.0,913.2758620689656,2.414549166666667,0.4558333333333334,46.6169549028684,0.9243406578399606,0.82,0.2608,40.255341067473374,49.744658932526626,165.36045448026584,1.309118602257055,4.613539540231657,976.0066246300937
2026-02-08,Khavda Renewable Energy Park,SIMULATED,SIMULATED_PVLIB,19100.146930369945,19100.146930369945,143251.1,142534.84,14364.1,83311.78,0.2984,0.7591,7.1626,4.86,100.0,909.1379310344828,5.270802916666667,0.9995833333333334,46.20249545643625,0.9257912659024731,0.82,0.2984,39.95227928034219,50.04772071965781,165.22612522026543,1.303315611190622,4.634567204968893,977.6558504520825
2026-02-09,Khavda Renewable Energy Park,SIMULATED,SIMULATED_PVLIB,18610.97676961453,18610.97676961453,139582.33,138884.42,14718.47,85367.13,0.2908,0.7779,6.9791,5.14,100.0,897.9310344827586,5.15809,0.9904166666666666,39.67674163414447,0.9486314042804943,0.82,0.2908,39.64451357034354,50.35548642965646,165.09315660289803,1.2975117660945918,4.655757575707286,979.218510484812
2026-02-10,Khavda Renewable Energy Park,SIMULATED,SIMULATED_PVLIB,18452.332485438383,18452.332485438383,138392.49,137700.53,14732.71,85449.72,0.2883,0.7786,6.9196,5.43,100.0,805.1724137931035,4.1465708333333335,0.8879166666666667,39.41447652384571,0.94954933216654,0.82,0.2883,39.332151820144745,50.667848179855255,164.96154704750506,1.2917116193121432,4.67709432564769,979.819922102272
2026-02-11,Khavda Renewable Energy Park,SIMULATED,SIMULATED_PVLIB,19876.375440018393,19876.375440018393,149072.82,148327.46,14609.52,84735.22,0.3106,0.7721,7.4536,5.71,100.0,917.0689655172414,5.048617500000001,0.9491666666666667,41.683145144641635,0.9416089919937543,0.82,0.3106,39.01530387303965,50.98469612696035,164.83129510159438,1.2859195952317268,4.698561067568395,982.8096468968973
2026-02-12,Khavda Renewable Energy Park,SIMULATED,SIMULATED_PVLIB,18329.646428960787,18329.646428960787,137472.35,136784.99,14558.62,84440.0,0.2864,0.7694,6.8736,6.0,100.0,927.2413793103449,3.217836666666667,0.5983333333333334,42.62038607943734,0.9383286487219693,0.82,0.2864,38.694081365640415,51.305918634359585,164.70239915643742,1.2801399849279058,4.7201413824910405,984.5971792370326
2026-02-13,Khavda Renewable Energy Park,SIMULATED,SIMULATED_PVLIB,18600.072324257133,18600.072324257133,139500.54,138803.04,14223.28,82495.02,0.2906,0.7517,6.975,2.0,100.0,947.9310344827586,3.3217083333333335,0.6041666666666666,48.79559382135079,0.9167154216252722,0.82,0.2906,38.36859756063736,51.63140243936264,164.57485745347458,1.2743769415010697,4.741818848011296,986.4947271227272
2026-02-14,Khavda Renewable Energy Park,SIMULATED,SIMULATED_PVLIB,19080.61449100148,19080.61449100148,143104.61,142389.09,14191.76,82312.21,0.2981,0.75,7.1552,2.29,100.0,962.4137931034483,5.582,1.0,49.37600546052044,0.9146839808881785,0.82,0.2981,38.038967188622394,51.961032811377606,164.44866832822925,1.2686344762478095,4.76357706556779,988.3041461596844
2026-02-15,Khavda Renewable Energy Park,SIMULATED,SIMULATED_PVLIB,19456.628168426694,19456.628168426694,145924.71,145195.09,14536.18,84309.84,0.304,0.7682,7.2962,2.57,100.0,914.8275862068966,4.3177575,0.81375,43.0336466393528,0.9368822367622652,0.82,0.304,37.70530625253902,52.29469374746098,164.32383055608943,1.2629164548292293,4.782223262823336,988.5518751471036
2026-02-16,Khavda Renewable Energy Park,SIMULATED,SIMULATED_PVLIB,19024.327053488614,19024.327053488614,142682.45,141969.04,14612.06,84749.95,0.2973,0.7723,7.1341,2.86,100.0,955.6896551724138,4.325849583333334,0.7804166666666668,41.63629500217041,0.9417729674924036,0.82,0.2973,37.3677317346132,52.6322682653868,164.20034359562374,1.2572265924785981,4.8009193926686144,989.8250635361428
2026-02-17,Khavda Renewable Energy Park,SIMULATED,SIMULATED_PVLIB,19050.178171411655,19050.178171411655,142876.34,142161.96,14409.58,83575.56,0.2977,0.7616,7.1438,3.14,100.0,949.4827586206897,5.2362391666666666,0.9508333333333333,45.36486531930211,0.9287229713824426,0.82,0.2977,37.026361226072275,52.973638773927725,164.07820750266842,1.251568448743316,4.819649389286829,990.5344428795273
2026-02-18,Khavda Renewable Energy Park,SIMULATED,SIMULATED_PVLIB,19815.084289787526,19815.084289787526,148613.13,147870.06,14365.16,83317.93,0.3096,0.7592,7.4307,3.43,100.0,953.6206896551724,5.051646666666667,0.9133333333333333,46.18286819653268,0.9258599613121357,0.82,0.3096,36.68131261022685,53.31868738977315,163.95742239050378,1.2459454239862795,4.8383973574961905,991.3503043871536
2026-02-19,Khavda Renewable Energy Park,SIMULATED,SIMULATED_PVLIB,18720.93849905002,18720.93849905002,140407.04,139705.0,14464.0,83891.2,0.2925,0.7644,7.0204,3.71,100.0,966.551724137931,5.606,1.0,44.36288754020079,0.9322298936092972,0.82,0.2925,36.33270397268496,53.66729602731504,163.83798738883615,1.2403607602640494,4.857147590596842,992.2524073600965
2026-02-20,Khavda Renewable Energy Park,SIMULATED,SIMULATED_PVLIB,18297.32278451879,18297.32278451879,137229.92,136543.77,14439.66,83750.03,0.2859,0.7631,6.8615,4.0,100.0,984.6551724137931,5.711,1.0,44.81095171910732,0.9306616689831244,0.82,0.2859,35.98065380720322,54.01934619279678,163.7198991940246,1.2348175471779081,4.875884566657956,993.196323719346
2026-02-21,Khavda Renewable Energy Park,SIMULATED,SIMULATED_PVLIB,19288.89897633472,19288.89897633472,144666.74,143943.41,14226.97,82516.43,0.3014,0.7519,7.2333,4.29,100.0,1000.1724137931035,5.801,1.0,48.72759225968524,0.9169534270911017,0.82,0.3014,35.62528141896414,54.37471858103586,163.60315032580422,1.2293187306018334,4.894592931499695,994.089204803706
2026-02-22,Khavda Renewable Energy Park,SIMULATED,SIMULATED_PVLIB,19196.493091799177,19196.493091799177,143973.7,143253.83,14390.26,83463.51,0.2999,0.7605,7.1987,4.57,100.0,996.0344827586207,5.777,1.0,45.720711010441164,0.9274775114634559,0.82,0.2999,35.266707309565014,54.733292690434986,163.4877272064141,1.223867120651995,4.91325748441741,994.7292022652694
2026-02-23,Khavda Renewable Energy Park,SIMULATED,SIMULATED_PVLIB,18369.436727552857,18369.436727552857,137770.78,137081.93,14281.47,82832.53,0.287,0.7548,6.8885,4.86,100.0,994.6551724137931,5.5142025,0.9558333333333333,47.724123466965324,0.9204655678656214,0.82,0.287,34.90505333419746,55.09494666580254,163.3736081945857,1.2184653958291656,4.931863181166664,995.3769092514619
2026-02-24,Khavda Renewable Energy Park,SIMULATED,SIMULATED_PVLIB,11923.51265151918,11923.51265151918,89426.34,88979.21,9579.56,55561.45,0.1863,0.5063,4.4713,5.14,100.0,723.6206896551724,1.8291925000000004,0.4358333333333334,45.506943736365656,0.9282256969227202,0.82,0.1863,34.54044253128352,55.45955746871648,163.26076170004603,1.2131161023052703,4.950395160048479,992.840077616303
2026-02-25,Khavda Renewable Energy Park,SIMULATED,SIMULATED_PVLIB,17640.38411746456,17640.38411746456,132302.88,131641.37,14278.42,82814.84,0.2756,0.7546,6.6151,5.43,97.0,956.2068965517242,3.7504825000000004,0.67625,47.78016296706517,0.9202694296152719,0.82,0.2756,34.17299863966551,55.82700136033449,163.14914454911195,1.2078216491591953,4.968838788522167,996.1731250543708
2026-02-26,Khavda Renewable Energy Park,SIMULATED,SIMULATED_PVLIB,18857.524019113862,18857.524019113862,141431.43,140724.27,14542.68,84347.54,0.2946,0.7686,7.0716,5.71,100.0,949.3103448275863,5.4555283333333335,0.9908333333333333,42.913950840490344,0.9373011720582838,0.82,0.2946,33.80284539512387,56.19715460487613,163.03870078304158,1.2025843013877737,4.987179722617144,996.671401401145
2026-02-27,Khavda Renewable Energy Park,SIMULATED,SIMULATED_PVLIB,19416.28261552301,19416.28261552301,145622.12,144894.01,14487.81,84029.3,0.3034,0.7657,7.2811,6.0,100.0,1018.1034482758621,5.902539583333334,0.9995833333333334,43.92436207820101,0.9337647327262965,0.82,0.3034,33.430105746173744,56.569894253826256,162.92936102831447,1.1974061729697056,5.005403968646618,998.0243369429747
2026-02-28,Khavda Renewable Energy Park,SIMULATED,SIMULATED_PVLIB,18730.23767478796,18730.23767478796,140476.78,139774.4,14464.19,83892.3,0.2927,0.7644,7.0238,2.0,99.0,1020.8620689655173,5.834652083333334,0.9854166666666667,44.35923007987183,0.9322426947204486,0.82,0.2927,33.05490116429866,56.94509883570134,162.82104254892374,1.192289222435071,5.023497935145189,998.570465620071
2026-03-01,Khavda Renewable Energy Park,SIMULATED,SIMULATED_PVLIB,18864.738827107296,18864.738827107296,141485.54,140778.11,14386.9,83444.02,0.2948,0.7604,7.0743,4.57,100.0,1007.2413793103449,5.209116666666666,0.8916666666666666,45.78254700531488,0.9272610854813979,0.82,0.2948,32.67735124770555,57.32264875229445,162.71364999756815,1.1872352533528703,5.041448462369256,998.8897288104281
2026-03-02,Khavda Renewable Energy Park,SIMULATED,SIMULATED_PVLIB,18412.45502091096,18412.45502091096,138093.41,137402.94,14238.16,82581.33,0.2877,0.7525,6.9047,5.14,97.0,1014.1379310344828,5.2227258333333335,0.8879166666666667,48.52164617035139,0.9176742384037702,0.82,0.2877,32.2975737682581,57.7024262317419,162.6070768227911,1.1822459211191658,5.0592428210513605,999.4127101739601
2026-03-03,Khavda Renewable Energy Park,SIMULATED,SIMULATED_PVLIB,16914.80173531526,16914.80173531526,126861.01,126226.7,14024.99,81344.94,0.2643,0.7412,6.3431,5.71,100.0,1046.0344827586207,6.031609166666667,0.9941666666666666,52.4471536787257,0.9039349621244601,0.82,0.2643,31.91568517820724,58.08431482179276,162.50120718991457,1.177322745460901,5.07686868151825,1000.1904432739069
2026-03-04,Khavda Renewable Energy Park,SIMULATED,SIMULATED_PVLIB,18998.870445095992,18998.870445095992,142491.53,141779.07,14274.14,82790.01,0.2969,0.7544,7.1246,6.29,100.0,1063.9655172413793,6.16842875,0.9995833333333334,47.859060084295145,0.919993289704967,0.82,0.2969,31.531801426845014,58.468198573154986,162.39591814587266,1.1724671259896384,5.094314064976901,1000.7651795738954
2026-03-05,Khavda Renewable Energy Park,SIMULATED,SIMULATED_PVLIB,17385.839104831768,17385.839104831768,130393.79,129741.82,14482.8,84000.24,0.2717,0.7654,6.5197,6.86,97.0,1055.8620689655172,6.124,1.0,44.016609951258935,0.9334418651705937,0.82,0.2717,31.146038827861112,58.85396117213889,162.29108167629443,1.1676803571210201,5.111567294801931,1000.9942325492668
2026-03-06,Khavda Renewable Energy Park,SIMULATED,SIMULATED_PVLIB,18632.35161252724,18632.35161252724,139742.64,139043.93,14467.01,83908.66,0.2911,0.7646,6.9871,7.43,100.0,1069.4827586206898,6.107370416666667,0.9845833333333334,44.30729858731509,0.9324244549443972,0.82,0.2911,30.758514736202635,59.241485263797365,162.1865663034564,1.1629636394091654,5.128616963066121,1001.435650182655
2026-03-07,Khavda Renewable Energy Park,SIMULATED,SIMULATED_PVLIB,18276.2117137886,18276.2117137886,137071.59,136386.23,14314.91,83026.48,0.2856,0.7565,6.8536,8.0,100.0,1076.7241379310344,5.945760416666666,0.9520833333333333,47.10833223954724,0.9226208371615847,0.82,0.2856,30.36934791926,59.63065208074,162.08223798453378,1.1583180862900855,5.145451918442705,1001.7590829164452
2026-03-08,Khavda Renewable Energy Park,SIMULATED,SIMULATED_PVLIB,18259.040799845134,18259.040799845134,136942.81,136258.1,14040.5,81434.9,0.2853,0.742,6.8471,8.57,100.0,1074.655172413793,4.482565833333333,0.7191666666666667,52.16152804638113,0.9049346518376661,0.82,0.2853,29.978658648494623,60.02134135150538,161.97796029438769,1.1537447270634176,5.1620612723740775,1001.929053400579
2026-03-09,Khavda Renewable Energy Park,SIMULATED,SIMULATED_PVLIB,17922.32813153173,17922.32813153173,134417.46,133745.37,14086.67,81702.69,0.28,0.7445,6.7209,9.14,100.0,1058.6206896551726,4.533366666666666,0.7383333333333333,51.311199360424155,0.9079108022385155,0.82,0.28,29.586568622493196,60.413431377506804,161.8735940511217,1.1492445078345734,5.178434415459704,1001.889958704056
2026-03-10,Khavda Renewable Energy Park,SIMULATED,SIMULATED_PVLIB,16156.303539371702,16156.303539371702,121172.28,120566.42,13987.77,81129.07,0.2524,0.7393,6.0586,9.71,100.0,1091.7241379310344,6.332,1.0,53.13241491945982,0.9015365477818906,0.82,0.2524,29.193200825563153,60.80679917443685,161.76899668293277,1.1448182918415428,5.194561037047779,1002.3798212756813
2026-03-11,Khavda Renewable Energy Park,SIMULATED,SIMULATED_PVLIB,17064.82615435654,17064.82615435654,127986.2,127346.27,14140.98,82017.68,0.2666,0.7474,6.3993,10.29,100.0,1107.0689655172414,5.348157916666667,0.8329166666666666,50.311077502298694,0.9114112287419546,0.82,0.2666,28.798679384109747,61.20132061589025,161.6640216054966,1.1404668599358485,5.210431144051916,1002.6142352223384
2026-03-12,Khavda Renewable Energy Park,SIMULATED,SIMULATED_PVLIB,17483.856758959686,17483.856758959686,131128.93,130473.29,14179.02,82238.32,0.2732,0.7494,6.5564,10.86,100.0,1105.5172413793105,5.789501666666667,0.9029166666666667,49.610732388347195,0.9138624366407848,0.82,0.2732,28.403129439825115,61.596870560174885,161.55851783158028,1.1361909114113067,5.226035077859487,1002.6024232688748
2026-03-13,Khavda Renewable Energy Park,SIMULATED,SIMULATED_PVLIB,17220.719125958756,17220.719125958756,129155.39,128509.61,14197.04,82342.83,0.2691,0.7503,6.4578,11.43,100.0,1107.9310344827586,6.391192500000001,0.9945833333333334,49.27883686007469,0.9150240709897386,0.82,0.2691,28.006677038689496,61.993322961310504,161.45232994017897,1.1319910651317722,5.241363529446897,1002.587912118035
2026-03-14,Khavda Renewable Energy Park,SIMULATED,SIMULATED_PVLIB,17629.688822950025,17629.688822950025,132222.67,131561.56,14337.58,83157.96,0.2755,0.7577,6.6111,12.0,100.0,1094.4827586206898,6.348,1.0,46.6908708923862,0.9240819518766483,0.82,0.2755,27.60944901937731,62.39055098062269,161.3452984031369,1.1278678607543517,5.25640755367278,1002.3377658151821
2026-03-15,Khavda Renewable Energy Park,SIMULATED,SIMULATED_PVLIB,19214.36067288868,19214.36067288868,144107.71,143387.17,14193.27,82320.97,0.3002,0.7501,7.2054,4.0,100.0,1113.6206896551726,5.7242887499999995,0.88625,49.34828926337269,0.9147809875781956,0.82,0.3002,27.21157285058885,62.78842714941115,161.2372601653792,1.123821759530928,5.2711585854923335,1002.4187403978368
2026-03-16,Khavda Renewable Energy Park,SIMULATED,SIMULATED_PVLIB,19171.552778228335,19171.552778228335,143786.65,143067.72,14322.38,83069.8,0.2996,0.7569,7.1893,4.57,100.0,1115.8620689655172,6.329076666666667,0.9779166666666667,46.97067077446805,0.9231026522893618,0.82,0.2996,26.813176355769237,63.18682364423076,161.1280492163404,1.1198531441456312,5.286431259392277,1002.4293895490805
2026-03-17,Khavda Renewable Energy Park,SIMULATED,SIMULATED_PVLIB,18483.867879047655,18483.867879047655,138629.01,137935.86,14236.91,82574.08,0.2888,0.7524,6.9315,5.14,100.0,1105.6896551724137,4.4490187500000005,0.69375,48.54452250128307,0.9175941712455092,0.82,0.2888,26.41438730334724,63.58561269665276,161.01749685413108,1.1159623175254532,5.302216232476279,1002.418289374581
2026-03-18,Khavda Renewable Energy Park,SIMULATED,SIMULATED_PVLIB,12916.876470825071,12916.876470825071,96876.57,96392.19,10528.13,61063.15,0.2018,0.5564,4.8438,5.71,100.0,937.7586206896552,2.021495,0.3716666666666666,46.97297138347925,0.9230946001578226,0.82,0.2018,26.015332949395557,63.98466705060444,160.90543140970874,1.1121495016161516,5.3176828513821,1000.5030770149204
2026-03-19,Khavda Renewable Energy Park,SIMULATED,SIMULATED_PVLIB,9730.84076530626,9730.84076530626,72981.31,72616.4,7642.09,44324.12,0.152,0.4039,3.6491,6.29,100.0,655.5172413793103,1.4305025,0.37625,40.17959144348802,0.9468714299477919,0.82,0.152,25.616139732292098,64.3838602677079,160.79167732882706,1.108414838011113,5.332824260317359,997.192321527154
2026-03-20,Khavda Renewable Energy Park,SIMULATED,SIMULATED_PVLIB,18152.900011614332,18152.900011614332,136146.75,135466.02,13973.25,81044.85,0.2836,0.7385,6.8073,6.86,100.0,1076.7241379310344,5.904127083333334,0.9454166666666667,53.39976765162052,0.9006008132193282,0.82,0.2836,25.216933319897777,64.78306668010222,160.67605367252884,1.1047583920153543,5.34763407134015,1002.0630294777941
2026-03-21,Khavda Renewable Energy Park,SIMULATED,SIMULATED_PVLIB,16876.636048479257,16876.636048479257,126574.77,125941.9,13681.89,79354.96,0.2637,0.7231,6.3287,7.43,100.0,973.7931034482759,2.635733333333333,0.4666666666666667,47.84248427089958,0.9200513050518515,0.82,0.2637,24.817839062854688,65.18216093714531,160.55837207563377,1.1011801601287396,5.362106340260719,1000.7381745753554
2026-03-22,Khavda Renewable Energy Park,SIMULATED,SIMULATED_PVLIB,18306.201096825287,18306.201096825287,137296.51,136610.03,14176.04,82221.03,0.286,0.7492,6.8648,8.0,100.0,1059.4827586206898,2.7959749999999994,0.45499999999999996,49.66557022264795,0.9136705042207321,0.82,0.286,24.418982664787393,65.58101733521261,160.43843413857905,1.0976800787719654,5.376235533488347,1001.5652037668491
2026-03-23,Khavda Renewable Energy Park,SIMULATED,SIMULATED_PVLIB,18448.033486765165,18448.033486765165,138360.25,137668.45,14258.82,82701.16,0.2883,0.7536,6.918,8.57,100.0,1036.896551724138,3.0796691666666676,0.5120833333333334,48.14117154211713,0.91900589960259,0.82,0.2883,24.020490714839113,65.97950928516089,160.31602817372152,1.0942580309884569,5.390016504279595,1001.0670297078871
2026-03-24,Khavda Renewable Energy Park,SIMULATED,SIMULATED_PVLIB,6807.048271783708,6807.048271783708,51052.86,50797.6,5472.77,31742.07,0.1064,0.2892,2.5526,9.14,99.0,901.7241379310345,1.0481791666666669,0.2004166666666667,46.3084961959064,0.9254202633143276,0.82,0.1064,23.62249077254974,66.37750922745026,160.19092531292245,1.09091384876325,5.403444492475332,999.1932623619825
2026-03-25,Khavda Renewable Energy Park,SIMULATED,SIMULATED_PVLIB,11739.095200442429,11739.095200442429,88043.21,87602.99,10393.95,60284.91,0.1834,0.5493,4.4022,9.71,100.0,1068.6206896551726,2.01435,0.32499999999999996,49.41086239704691,0.9145619816103359,0.82,0.1834,23.225110931629388,66.77488906837061,160.0628752491757,1.0876473109605695,5.416515148714452,1000.8003016830849
2026-03-26,Khavda Renewable Energy Park,SIMULATED,SIMULATED_PVLIB,16864.768432585865,16864.768432585865,126485.76,125853.33,14190.27,82303.57,0.2635,0.75,6.3243,10.29,100.0,1040.1724137931035,2.95868375,0.4904166666666666,49.403434346592675,0.9145879797869256,0.82,0.2635,22.8284790641858,67.1715209358142,159.9316021424611,1.084458139138853,5.429224570912423,1000.0628904249093
2026-03-27,Khavda Renewable Energy Park,SIMULATED,SIMULATED_PVLIB,17486.5751252343,17486.5751252343,131149.31,130493.56,14186.73,82283.03,0.2732,0.7498,6.5575,10.86,95.0,1133.448275862069,5.6673358333333335,0.8620833333333333,49.468732982686895,0.9143594345605959,0.82,0.2732,22.43272208037169,67.56727791962831,159.7968012865747,1.0813459942172359,5.441569335995657,1000.6946693248194
2026-03-28,Khavda Renewable Energy Park,SIMULATED,SIMULATED_PVLIB,17291.41727462027,17291.41727462027,129685.63,129037.2,14408.18,83567.44,0.2702,0.7615,6.4843,11.43,100.0,1111.0344827586207,4.91892,0.7633333333333333,45.390774599216286,0.928632288902743,0.82,0.2702,22.037965465138043,67.96203453486196,159.65813700525507,1.0783104759241453,5.453546515280295,999.9154997398057
2026-03-29,Khavda Renewable Energy Park,SIMULATED,SIMULATED_PVLIB,6032.199947729551,6032.199947729551,45241.5,45015.29,5291.0,30687.8,0.0943,0.2796,2.2621,12.0,100.0,1067.5862068965519,1.0062,0.16249999999999998,44.425499462440754,0.9320107518814573,0.82,0.0943,21.64433318157424,68.35566681842576,159.5152419114845,1.0753511253246686,5.465153671106047,998.8343366894427
2026-03-30,Khavda Renewable Energy Park,SIMULATED,SIMULATED_PVLIB,19611.099280860464,19611.099280860464,147083.24,146347.82,14299.48,82936.98,0.3064,0.7557,7.3542,4.0,100.0,1143.9655172413793,4.666616666666667,0.7033333333333334,47.39242057482715,0.921626527988105,0.82,0.3064,21.251947888735316,68.74805211126468,159.36771741150437,1.0724674295962677,5.476388839008926,999.1013469884028
2026-03-31,Khavda Renewable Energy Park,SIMULATED,SIMULATED_PVLIB,4508.7925885174745,4508.7925885174745,33815.94,33646.86,3428.47,19885.13,0.0704,0.1812,1.6908,4.57,100.0,925.0,0.6527416666666669,0.1216666666666667,44.72861479570087,0.9309498482150469,0.82,0.0704,20.860931393474942,69.13906860652506,159.21513510231603,1.069658828117025,5.487250500585557,995.8547431406228
2026-04-01,Khavda Renewable Energy Park,SIMULATED,SIMULATED_PVLIB,2938.752514787978,2938.752514787978,22040.64,21930.44,2176.82,12625.56,0.0459,0.115,1.102,5.14,100.0,1028.103448275862,0.4174099999999997,0.06999999999999995,46.61987463051137,0.9243304387932102,0.82,0.0459,20.471405271036573,69.52859472896343,159.05703863740007,1.0669247191637115,5.497737551051839,996.325957045956
2026-04-02,Khavda Renewable Energy Park,SIMULATED,SIMULATED_PVLIB,3520.180458630287,3520.180458630287,26401.35,26269.34,2687.93,15589.99,0.055,0.1421,1.3201,5.71,100.0,573.6206896551724,0.49489125000000017,0.14875000000000005,35.66695689823511,0.9626656508561772,0.82,0.055,20.083491579823672,69.91650842017633,158.89294559251994,1.0642644665535201,5.507849265455507,990.2135165130345
2026-04-03,Khavda Renewable Energy Park,SIMULATED,SIMULATED_PVLIB,9584.246411138492,9584.246411138492,71881.85,71522.44,7323.37,42475.55,0.1498,0.387,3.5941,6.29,100.0,1018.9655172413793,1.3839250000000005,0.23416666666666675,42.737260000953825,0.9379195899966616,0.82,0.1498,19.69731355399915,70.30268644600085,158.72234884544298,1.061677405391938,5.517585268691853,994.5866541056716
2026-04-04,Khavda Renewable Energy Park,SIMULATED,SIMULATED_PVLIB,18387.573734961574,18387.573734961574,137906.8,137217.27,14176.31,82222.6,0.2873,0.7492,6.8953,6.86,100.0,1152.5862068965519,5.049960416666667,0.7554166666666667,49.660573599481715,0.913687992401814,0.82,0.2873,19.312996137131904,70.6870038628681,158.54471713143812,1.0591628461070435,5.526945514535439,995.2570012725728
2026-04-05,Khavda Renewable Energy Park,SIMULATED,SIMULATED_PVLIB,18027.064673186647,18027.064673186647,135202.99,134526.98,14274.96,82794.77,0.2817,0.7544,6.7601,7.43,97.0,1108.9655172413793,3.19188,0.49624999999999997,47.84390856703264,0.9200463200153858,0.82,0.2817,18.930666289403746,71.06933371059625,158.35949461346445,1.056720076552477,5.535930275380926,993.8003676133212
2026-04-06,Khavda Renewable Energy Park,SIMULATED,SIMULATED_PVLIB,19533.847406336557,19533.847406336557,146503.86,145771.34,14427.45,83679.21,0.3052,0.7625,7.3252,8.0,100.0,1115.1724137931035,5.8697099999999995,0.9075,45.0357669022454,0.929874815842141,0.82,0.3052,18.55045310473791,71.44954689526209,158.16609960011976,1.054348362670747,5.544540140059085,992.8769474818932
2026-04-07,Khavda Renewable Energy Park,SIMULATED,SIMULATED_PVLIB,18852.159402064503,18852.159402064503,141391.2,140684.24,14544.58,84358.56,0.2946,0.7687,7.0696,8.57,100.0,1138.6206896551726,5.8335333333333335,0.8833333333333333,42.8789509013694,0.9374236718452071,0.82,0.2946,18.17248783604498,71.82751216395502,157.96392275244955,1.0520469485217556,5.552776015046183,992.1060347997601
2026-04-08,Khavda Renewable Energy Park,SIMULATED,SIMULATED_PVLIB,16886.527803171113,16886.527803171113,126648.96,126015.72,14163.4,82147.72,0.2639,0.7485,6.3324,9.14,100.0,1208.103448275862,6.79679,0.97,49.8982024697506,0.9128562913558729,0.82,0.2639,17.796903904534332,72.20309609546567,157.75232516640904,1.0498150562237984,5.560639125802862,991.825825900393
2026-04-09,Khavda Renewable Energy Park,SIMULATED,SIMULATED_PVLIB,17507.592326611568,17507.592326611568,131306.94,130650.41,13890.53,80565.07,0.2736,0.7341,6.5653,9.71,100.0,1207.4137931034484,6.973820833333334,0.9958333333333333,54.92310036271282,0.8952691487305051,0.82,0.2736,17.423836898511496,72.5761631014885,157.53063672761732,1.0476518858575194,5.568131017945242,990.6764018138008
2026-04-10,Khavda Renewable Energy Park,SIMULATED,SIMULATED_PVLIB,17531.441385978935,17531.441385978935,131485.81,130828.38,13715.93,79552.39,0.2739,0.7249,6.5743,10.29,100.0,1205.1724137931035,6.9579625,0.9954166666666666,58.13841794256969,0.8840155372010061,0.82,0.2739,17.053424543144857,72.94657545685514,157.29815499448705,1.045556615242619,5.575253558815193,989.4625121587702
2026-04-11,Khavda Renewable Energy Park,SIMULATED,SIMULATED_PVLIB,17934.564975766654,17934.564975766654,134509.24,133836.69,14096.23,81758.13,0.2802,0.745,6.7255,10.86,100.0,1206.3793103448277,6.932860833333334,0.9908333333333333,51.13525964789733,0.9085265912323593,0.82,0.2802,16.685806636118585,73.31419336388142,157.05414475792566,1.0435283995903073,5.58200893945175,988.2438661848571
2026-04-12,Khavda Renewable Energy Park,SIMULATED,SIMULATED_PVLIB,16439.83738820228,16439.83738820228,123298.78,122682.29,13648.67,79162.29,0.2569,0.7213,6.1649,11.43,100.0,1237.4137931034484,7.156067083333332,0.9970833333333333,59.376995523606304,0.8796805156673779,0.82,0.2569,16.321124947013885,73.67887505298611,156.79783822380648,1.041566371053892,5.588399676842956,987.3306123624743
2026-04-13,Khavda Renewable Energy Park,SIMULATED,SIMULATED_PVLIB,17607.508685219032,17607.508685219032,132056.32,131396.04,14034.24,81398.59,0.2751,0.7417,6.6028,12.0,100.0,1240.1724137931035,6.1050587499999995,0.84875,52.276750260897174,0.9045313740868599,0.82,0.2751,15.95952303444406,74.04047696555594,156.52843548494832,1.0396696379733144,5.5944286177524285,986.0435316485224
2026-04-14,Khavda Renewable Energy Park,SIMULATED,SIMULATED_PVLIB,19223.130693725798,19223.130693725798,144173.48,143452.61,14142.39,82025.86,0.3004,0.7474,7.2087,4.0,100.0,1229.3103448275863,6.084266666666666,0.8533333333333333,50.28509751601492,0.9115021586939478,0.82,0.3004,15.601145892771257,74.39885410722874,156.24510483271217,1.037837283442675,5.600098946492645,984.5555732452798
2026-04-15,Khavda Renewable Energy Park,SIMULATED,SIMULATED_PVLIB,19997.03910720886,19997.03910720886,149977.79,149227.9,14121.9,81907.02,0.3125,0.7463,7.4989,4.57,100.0,1236.5517241379312,5.6897866666666665,0.7933333333333333,50.662513145477725,0.9101812039908279,0.82,0.3125,15.246139424087986,74.75386057591201,155.94698246210498,1.0360683633281937,5.60541419592432,983.2396419178444
2026-04-16,Khavda Renewable Energy Park,SIMULATED,SIMULATED_PVLIB,10818.729730786967,10818.729730786967,81140.47,80734.77,8469.97,49125.83,0.169,0.4476,4.057,5.14,100.0,1192.2413793103449,1.63943125,0.2370833333333333,49.08401224560208,0.9157059571403927,0.82,0.169,14.894649925326135,75.10535007467386,155.63317142508743,1.0343619047882273,5.611485179631979,981.4839858375163
2026-04-17,Khavda Renewable Energy Park,SIMULATED,SIMULATED_PVLIB,18052.867599958267,18052.867599958267,135396.51,134719.53,14114.14,81862.01,0.2821,0.7459,6.7698,5.71,100.0,1252.4137931034484,4.773053333333333,0.6570833333333334,50.80548072071481,0.9096808174774982,0.82,0.2821,14.546823940538516,75.45317605946148,155.30273993321612,1.032716906894744,5.617207730325688,980.9125296424621
2026-04-18,Khavda Renewable Energy Park,SIMULATED,SIMULATED_PVLIB,18126.086058047695,18126.086058047695,135945.65,135265.92,14170.9,82191.22,0.2832,0.7489,6.7973,6.29,100.0,1167.9310344827586,3.1188625,0.4604166666666667,49.760224307488336,0.9133392149237908,0.82,0.2832,14.202808758396856,75.79719124160314,154.95471903057887,1.0311323442966982,5.622586393888986,978.6090281288075
2026-04-19,Khavda Renewable Energy Park,SIMULATED,SIMULATED_PVLIB,17864.237820736464,17864.237820736464,133981.78,133311.87,14130.64,81957.71,0.2791,0.7468,6.6991,6.86,100.0,1256.7241379310344,6.8911420833333334,0.9454166666666667,50.50163189657201,0.910744288361998,0.82,0.2791,13.86275349411953,76.13724650588047,154.58809935183376,1.029607173112349,5.627626001358435,978.2985187842564
2026-04-20,Khavda Renewable Energy Park,SIMULATED,SIMULATED_PVLIB,17482.285666735675,17482.285666735675,131117.14,130461.55,14085.33,81694.91,0.2732,0.7444,6.5559,7.43,100.0,1252.4137931034484,6.658666666666667,0.9166666666666666,51.33587660547765,0.9078244318808282,0.82,0.2732,13.526810324366451,76.47318967563355,154.20182629568762,1.0281403367390758,5.632331627993395,976.8629087063621
2026-04-21,Khavda Renewable Energy Park,SIMULATED,SIMULATED_PVLIB,16316.23543710262,16316.23543710262,122371.77,121759.91,14037.78,81419.12,0.2549,0.7419,6.1186,8.0,100.0,1296.5517241379312,5.7058,0.75875,52.21156496626852,0.9047595226180601,0.82,0.2549,13.195135322754311,76.80486467724569,153.7947931446604,1.026730769197688,5.6367085673662825,975.9616311672618
2026-04-22,Khavda Renewable Energy Park,SIMULATED,SIMULATED_PVLIB,17686.678656294254,17686.678656294254,132650.09,131986.84,14228.45,82525.01,0.2764,0.752,6.6325,8.57,100.0,1253.448275862069,5.267720833333334,0.7245833333333334,48.70043254612362,0.9170484860885673,0.82,0.2764,12.867888599654478,77.13211140034552,153.36583245845668,1.0253773951820502,5.640762326112201,974.0072243188214
2026-04-23,Khavda Renewable Energy Park,SIMULATED,SIMULATED_PVLIB,17909.175481646096,17909.175481646096,134318.82,133647.23,14152.17,82082.59,0.2798,0.7479,6.7159,9.14,100.0,1246.896551724138,5.680133333333333,0.7854166666666667,50.10511214182332,0.9121321075036184,0.82,0.2798,12.545233895409027,77.45476610459097,152.91370704443398,1.024079127990343,5.644498632137504,972.4511828484203
2026-04-24,Khavda Renewable Energy Park,SIMULATED,SIMULATED_PVLIB,17296.277473544436,17296.277473544436,129722.08,129073.47,14115.62,81870.6,0.2703,0.746,6.4861,9.71,100.0,1222.5862068965519,4.851425833333334,0.6841666666666667,50.77809562416962,0.9097766653154064,0.82,0.2703,12.22733806652056,77.77266193347944,152.4371024377075,1.0228348674619678,5.647923442816631,970.6591484511739
2026-04-25,Khavda Renewable Energy Park,SIMULATED,SIMULATED_PVLIB,17808.88593701304,17808.88593701304,133566.64,132898.81,14040.57,81435.31,0.2783,0.7421,6.6783,10.29,97.0,1237.7586206896551,5.87780625,0.81875,52.16011357439719,0.9049396024896098,0.82,0.2783,11.914370875048832,78.08562912495117,151.9346224957534,1.0216434995259671,5.651042942813931,969.3032088314005
2026-04-26,Khavda Renewable Energy Park,SIMULATED,SIMULATED_PVLIB,17192.26392333134,17192.26392333134,128941.98,128297.27,13994.73,81169.43,0.2686,0.7396,6.4471,10.86,100.0,1258.103448275862,7.227070416666666,0.9904166666666666,53.0042656641679,0.9019850701754123,0.82,0.2686,11.606505213276094,78.3934947867239,151.40478887576722,1.020503897603833,5.653863529827684,967.9832434220085
2026-04-27,Khavda Renewable Energy Park,SIMULATED,SIMULATED_PVLIB,17932.10888865756,17932.10888865756,134490.82,133818.37,14149.04,82064.43,0.2802,0.7478,6.7245,11.43,100.0,1270.1724137931035,7.367,1.0,50.16271251331992,0.9119305062033802,0.82,0.2802,11.303917635963813,78.69608236403619,150.84604430224897,1.0194149251003617,5.656391793088028,966.5434598554949
2026-04-28,Khavda Renewable Energy Park,SIMULATED,SIMULATED_PVLIB,17341.726065092702,17341.726065092702,130062.95,129412.64,14194.15,82326.07,0.271,0.7502,6.5031,12.0,100.0,1267.4137931034484,7.34181125,0.99875,49.332118818466874,0.914837584135366,0.82,0.271,11.00678900194464,78.99321099805536,150.2567591065593,1.018375438102767,5.6586344902657535,964.9088372453688
2026-04-29,Khavda Renewable Energy Park,SIMULATED,SIMULATED_PVLIB,19173.68008963247,19173.68008963247,143802.6,143083.59,14147.86,82057.59,0.2996,0.7477,7.1901,4.0,100.0,1258.2758620689656,7.258469166666667,0.9945833333333334,50.18446194514347,0.9118543831919979,0.82,0.2996,10.715305096890162,79.28469490310984,149.63524064055156,1.0173842878177137,5.660598525874853,963.1800315858403
2026-04-30,Khavda Renewable Energy Park,SIMULATED,SIMULATED_PVLIB,18773.937710145397,18773.937710145397,140804.53,140100.51,14162.71,82143.72,0.2933,0.7485,7.0402,4.57,100.0,1255.0,7.279,1.0,49.91107492106312,0.912811237776279,0.82,0.2933,10.429657200714331,79.57034279928567,148.9797452297791,1.016440322679508,5.662290931665054,961.5021278968683
2026-05-01,Khavda Renewable Energy Park,SIMULATED,SIMULATED_PVLIB,19292.120493412735,19292.120493412735,144690.9,143967.45,14181.59,82253.22,0.3014,0.7495,7.2345,5.14,100.0,1254.1379310344828,7.274,1.0,49.5632749560899,0.9140285376536854,0.82,0.3014,10.1500425676698,79.8499574323302,148.28849235192865,1.0155423901041563,5.663718849229337,959.8364692941991
2026-05-02,Khavda Renewable Energy Park,SIMULATED,SIMULATED_PVLIB,18422.01431727871,18422.01431727871,138165.11,137474.28,14159.74,82126.49,0.2878,0.7483,6.9083,5.71,100.0,1280.8620689655172,7.429,1.0,49.96566039679938,0.9126201886112022,0.82,0.2878,9.876664758521997,80.123335241478,147.5596806951944,1.0146893377964181,5.664889515486552,958.4796000641797
2026-05-03,Khavda Renewable Energy Park,SIMULATED,SIMULATED_PVLIB,18581.49393132229,18581.49393132229,139361.2,138664.39,14182.44,82258.15,0.2903,0.7495,6.9681,6.29,100.0,1245.1724137931035,7.167835000000001,0.9925,49.54770329498491,0.9140830384675528,0.82,0.2903,9.609733776482855,80.39026622351714,146.79150594124667,1.013880014591582,5.665810251211532,956.3792291724806
2026-05-04,Khavda Renewable Energy Park,SIMULATED,SIMULATED_PVLIB,18189.08678143586,18189.08678143586,136418.15,135736.06,14021.9,81327.02,0.2842,0.7411,6.8209,6.86,100.0,1238.9655172413793,7.120128333333334,0.9908333333333333,52.504019321479674,0.9037359323748211,0.82,0.2842,9.349465997146098,80.6505340028539,145.98218072265968,1.0131132709496613,5.666488451891068,954.6133606268539
2026-05-05,Khavda Renewable Energy Park,SIMULATED,SIMULATED_PVLIB,17702.39831619116,17702.39831619116,132767.99,132104.15,14002.96,81217.17,0.2766,0.7401,6.6384,7.43,100.0,1249.6551724137933,6.99734,0.9654166666666667,52.852774442956104,0.9025152894496536,0.82,0.2766,9.09608391131249,80.90391608868751,145.129957647457,1.0123879592944864,5.666931579682344,953.036353159445
2026-05-06,Khavda Renewable Energy Park,SIMULATED,SIMULATED_PVLIB,17963.181630753814,17963.181630753814,134723.86,134050.24,14003.71,81221.52,0.2807,0.7401,6.7362,8.0,100.0,1185.8620689655172,5.9752625,0.86875,52.83895189510245,0.9025636683671414,0.82,0.2807,8.849815655665438,81.15018434433456,144.2331565215036,1.0117029342439314,5.667147156192031,950.5797836336608
2026-05-07,Khavda Renewable Energy Park,SIMULATED,SIMULATED_PVLIB,18953.872535274164,18953.872535274164,142154.04,141443.27,14103.63,81801.05,0.2962,0.7454,7.1077,8.57,100.0,1282.0689655172414,7.277985,0.97875,50.998847055177,0.9090040353068805,0.82,0.2962,8.610894252504309,81.38910574749569,143.29019677277284,1.0110570526365952,5.667142756711401,949.9915751492476
2026-05-08,Khavda Renewable Energy Park,SIMULATED,SIMULATED_PVLIB,17340.159731642598,17340.159731642598,130051.2,129400.94,13967.66,81012.43,0.2709,0.7382,6.5026,9.14,100.0,1266.3793103448277,6.919602083333333,0.9420833333333334,53.502797054368486,0.9002402103097102,0.82,0.2709,8.379556484272342,81.62044351572766,142.2996358282387,1.010449173303065,5.666926006264352,948.0891783483003
2026-05-09,Khavda Renewable Energy Park,SIMULATED,SIMULATED_PVLIB,17582.39617897457,17582.39617897457,131867.97,131208.63,13961.12,80974.5,0.2747,0.7379,6.5934,9.71,100.0,1273.448275862069,6.6966399999999995,0.9066666666666666,53.623206918861655,0.8998187757839842,0.82,0.2747,8.156041367934193,81.8439586320658,141.2602140573531,1.0098781566486938,5.666504577045493,946.4513862306957
2026-05-10,Khavda Renewable Energy Park,SIMULATED,SIMULATED_PVLIB,17979.68634643389,17979.68634643389,134847.65,134173.41,14019.32,81312.06,0.2809,0.7409,6.7424,10.29,100.0,1281.2068965517242,7.3102462500000005,0.98375,52.55143566683739,0.9035699751660691,0.82,0.2809,7.9405882220167,82.0594117779833,140.1709063101788,1.009342864172131,5.6658861864443155,944.8215130425723
2026-05-11,Khavda Renewable Energy Park,SIMULATED,SIMULATED_PVLIB,17840.5074487677,17840.5074487677,133803.81,133134.79,14047.7,81476.66,0.2788,0.7424,6.6902,10.86,100.0,1273.448275862069,7.232125,0.9791666666666666,52.028866527159245,0.9053989671549426,0.82,0.2788,7.73343426158263,82.26656573841737,139.03097910207748,1.0088421578759041,5.665078595946784,943.0115261920532
2026-05-12,Khavda Renewable Energy Park,SIMULATED,SIMULATED_PVLIB,17024.127390247333,17024.127390247333,127680.96,127042.56,13947.97,80898.23,0.266,0.7372,6.384,11.43,100.0,1266.0344827586207,6.578104166666667,0.8958333333333334,53.86544630794528,0.8989709379221915,0.82,0.266,7.534811606688109,82.46518839331189,137.840051260319,1.0083748994055426,5.664089611992173,941.2089674318653
2026-05-13,Khavda Renewable Energy Park,SIMULATED,SIMULATED_PVLIB,15729.639557974508,15729.639557974508,117972.3,117382.44,13974.85,81054.13,0.2458,0.7386,5.8986,12.0,100.0,1256.3793103448277,7.2809275,0.9991666666666666,53.37032021767337,0.9007038792381432,0.82,0.2458,7.344943663732565,82.65505633626744,136.59815529320701,1.0079399489314853,5.66292708869807,939.3853156992375
2026-05-14,Khavda Renewable Energy Park,SIMULATED,SIMULATED_PVLIB,19024.477938141354,19024.477938141354,142683.58,141970.16,14166.2,82163.96,0.2973,0.7487,7.1342,4.0,100.0,1279.6551724137933,7.2766525,0.9804166666666667,49.84668464735708,0.9130366037342502,0.82,0.2973,7.164041074796117,82.83595892520388,135.30579726423247,1.007536164270117,5.661598929196868,937.9542512928809
2026-05-15,Khavda Renewable Energy Park,SIMULATED,SIMULATED_PVLIB,17459.846428549827,17459.846428549827,130948.85,130294.11,14229.16,82529.13,0.2728,0.752,6.5474,4.57,100.0,1211.5517241379312,6.0256525000000005,0.8575,48.687383094538774,0.9170941591691143,0.82,0.2728,6.992297653035237,83.00770234696476,133.96401414255223,1.0071624010735825,5.66011308012593,935.461654184805
2026-05-16,Khavda Renewable Energy Park,SIMULATED,SIMULATED_PVLIB,19182.800808941603,19182.800808941603,143871.01,143151.65,14060.25,81549.45,0.2997,0.7431,7.1936,5.14,100.0,1233.7931034482758,6.3390233333333335,0.8858333333333334,51.79781024405405,0.9062076641458108,0.82,0.2997,6.829886752439563,83.17011324756044,132.5744276775095,1.0068175147642628,5.658839725010048,934.0955174658077
2026-05-17,Khavda Renewable Energy Park,SIMULATED,SIMULATED_PVLIB,18247.499946507785,18247.499946507785,136856.25,136171.97,13978.07,81072.81,0.2851,0.7387,6.8428,5.71,100.0,1292.4137931034484,6.95254,0.9275,53.311025177666494,0.9009114118781673,0.82,0.2851,6.676958250778895,83.3230417492211,131.13929222622335,1.0065003641551598,5.657786222320828,933.2248222471372
2026-05-18,Khavda Renewable Energy Park,SIMULATED,SIMULATED_PVLIB,18699.291630808915,18699.291630808915,140244.69,139543.47,14063.02,81565.52,0.2922,0.7432,7.0122,6.29,100.0,1293.448275862069,5.976593333333334,0.7966666666666667,51.74677905848367,0.9063862732953072,0.82,0.2922,6.533635944359688,83.46636405564031,129.66153131005672,1.00620981590237,5.656598100579802,931.6925794735288
2026-05-19,Khavda Renewable Energy Park,SIMULATED,SIMULATED_PVLIB,17809.004522295454,17809.004522295454,133567.53,132899.69,14265.86,82741.99,0.2783,0.754,6.6784,6.86,100.0,1250.6896551724137,6.764354999999999,0.9325,48.01158399363425,0.9194594560222802,0.82,0.2783,6.400014943654909,83.59998505634509,128.14475624606064,1.0059447486429145,5.655283239912274,929.6620434352021
2026-05-20,Khavda Renewable Energy Park,SIMULATED,SIMULATED_PVLIB,17240.317328454094,17240.317328454094,129302.38,128655.87,14179.93,82243.59,0.2694,0.7494,6.4651,7.43,100.0,1270.6896551724137,6.636070833333333,0.9004166666666666,49.593840696829986,0.913921557561095,0.82,0.2694,6.276158754632874,83.72384124536713,126.59326189540536,1.00570405601987,5.653849433001736,928.3827915117178
2026-05-21,Khavda Renewable Energy Park,SIMULATED,SIMULATED_PVLIB,18009.721431019436,18009.721431019436,135072.91,134397.55,14100.27,81781.57,0.2814,0.7452,6.7536,8.0,100.0,1281.7241379310344,6.8919375,0.9270833333333334,51.06084458297188,0.9087870439595984,0.82,0.2814,6.162096080120989,83.83790391987901,125.01199853915006,1.0054866485505942,5.652304369592358,927.016486424912
2026-05-22,Khavda Renewable Energy Park,SIMULATED,SIMULATED_PVLIB,17664.01490924215,17664.01490924215,132480.11,131817.71,14039.05,81426.49,0.276,0.742,6.624,8.57,100.0,1272.7586206896551,6.766833333333333,0.9166666666666666,52.18809664374179,0.9048416617469037,0.82,0.276,6.057817687808537,83.94218231219146,123.40652293017388,1.0052914548435676,5.650655625497175,925.4355163762632
2026-05-23,Khavda Renewable Energy Park,SIMULATED,SIMULATED_PVLIB,17371.628070419523,17371.628070419523,130287.21,129635.77,14087.23,81705.93,0.2714,0.7445,6.5144,9.14,100.0,1261.7241379310344,5.756826666666667,0.7866666666666667,51.30091285235877,0.9079468050167443,0.82,0.2714,5.9632737891599135,84.03672621084009,121.78293306416151,1.0051174227517514,5.648910652243794,923.8514488676437
2026-05-24,Khavda Renewable Energy Park,SIMULATED,SIMULATED_PVLIB,17778.54867466864,17778.54867466864,133339.12,132672.42,14258.31,82698.2,0.2778,0.7536,6.667,9.71,100.0,1238.448275862069,6.054670416666666,0.8429166666666666,48.150606967322204,0.9189728756143722,0.82,0.2778,5.878372244840463,84.12162775515954,120.14778989017509,1.0049635207447702,5.647076765494785,922.1466624977083
2026-05-25,Khavda Renewable Energy Park,SIMULATED,SIMULATED_PVLIB,19204.084946659525,19204.084946659525,144030.64,143310.49,14347.84,83217.47,0.3001,0.7583,7.2015,10.29,100.0,1164.1379310344828,4.822053333333334,0.7141666666666667,46.50180710822418,0.9247436751212154,0.82,0.3001,5.802977678592498,84.1970223214075,118.50802705908433,1.00482873936968,5.645161133093066,919.8682899891401
2026-05-26,Khavda Renewable Energy Park,SIMULATED,SIMULATED_PVLIB,17895.447064353277,17895.447064353277,134215.85,133544.77,14217.04,82458.83,0.2796,0.7514,6.7108,10.86,100.0,1211.0344827586207,5.93528,0.845,48.910450397823084,0.9163134236076192,0.82,0.2796,5.73691143490376,84.26308856509624,116.8708488273848,1.0047120924892008,5.643170764772091,919.0349493298645
2026-05-27,Khavda Renewable Energy Park,SIMULATED,SIMULATED_PVLIB,17857.129921082127,17857.129921082127,133928.47,133258.83,14188.86,82295.39,0.279,0.7499,6.6964,11.43,100.0,1241.896551724138,6.3926625,0.8875,49.429494668585875,0.9144967686599494,0.82,0.279,5.67995230750347,84.32004769249653,115.24361716002807,1.0046126180767525,5.641112504974262,918.0406962439685
2026-05-28,Khavda Renewable Energy Park,SIMULATED,SIMULATED_PVLIB,17819.0711635734,17819.0711635734,133643.03,132974.81,14336.27,83150.37,0.2784,0.7577,6.6822,12.0,100.0,1217.5862068965519,6.043895,0.8558333333333333,46.714980218675535,0.9239975692346356,0.82,0.2784,5.63183802973019,84.36816197026981,113.6337310491287,1.0045293785537872,5.638993028863115,916.42848471959
2026-05-29,Khavda Renewable Energy Park,SIMULATED,SIMULATED_PVLIB,19854.287857067142,19854.287857067142,148907.16,148162.62,14375.24,83376.39,0.3102,0.7597,7.4454,4.0,100.0,1216.7241379310344,5.9896287500000005,0.84875,45.99721465252652,0.9265097487161572,0.82,0.3102,5.592267606886139,84.40773239311386,112.04850254168605,1.0044614608845268,5.636818840104341,915.1203622971515
2026-05-30,Khavda Renewable Energy Park,SIMULATED,SIMULATED_PVLIB,18775.283586330996,18775.283586330996,140814.63,140110.56,14364.28,83312.82,0.2934,0.7592,7.0407,4.57,100.0,1137.2413793103449,4.68316,0.71,46.1991035827532,0.9258031374603638,0.82,0.2934,5.560904555952675,84.43909544404733,110.49503480953558,1.0044079766808653,5.6345962687448,912.9221875788339
2026-05-31,Khavda Renewable Energy Park,SIMULATED,SIMULATED_PVLIB,17324.86915309162,17324.86915309162,129936.52,129286.84,14129.41,81950.58,0.2707,0.7467,6.4968,5.14,100.0,1180.1724137931035,5.3904375,0.7875,50.524182993376755,0.9106653595231814,0.82,0.2707,5.537381048837503,84.4626189511625,108.98010768459307,1.0043680625151787,5.632331467883626,912.1895875640043
2026-06-01,Khavda Renewable Energy Park,SIMULATED,SIMULATED_PVLIB,19174.62091343028,19174.62091343028,143809.66,143090.61,14160.39,82130.26,0.2996,0.7484,7.1905,1.14,100.0,1079.3103448275863,4.739341666666666,0.7570833333333333,49.953796182170535,0.9126617133624031,0.82,0.2996,5.5213028237026975,84.4786971762973,107.51007584911531,1.0043408804761247,5.630030408901538,909.8060443147452
2026-06-02,Khavda Renewable Energy Park,SIMULATED,SIMULATED_PVLIB,19516.009756175743,19516.009756175743,146370.07,145638.22,14006.46,81237.47,0.3049,0.7402,7.3185,1.26,100.0,1188.448275862069,4.9112625,0.7125,52.788294437521884,0.9027409694686734,0.82,0.3049,5.5122546220299995,84.48774537797,106.09078399702992,1.0043256188716088,5.62769887587586,909.916151163135
2026-06-03,Khavda Renewable Energy Park,SIMULATED,SIMULATED_PVLIB,18447.495967926676,18447.495967926676,138356.22,137664.44,13984.59,81110.62,0.2882,0.7391,6.9178,1.37,100.0,1217.9310344827586,6.58718,0.9325,53.19098926751057,0.901331537563713,0.82,0.2882,5.509805867736475,84.49019413226353,104.7275017546699,1.0043214929394797,5.625342460094477,909.1287038100797
2026-06-04,Khavda Renewable Energy Park,SIMULATED,SIMULATED_PVLIB,19221.539977867742,19221.539977867742,144161.55,143440.74,14239.19,82587.3,0.3003,0.7525,7.2081,1.49,100.0,1172.7586206896551,5.013640833333333,0.7370833333333333,48.50266744816861,0.9177406639314099,0.82,0.3003,5.513516296782413,84.48648370321759,103.42487954733679,1.004327745409515,5.6229665556912956,907.5033225722593
2026-06-05,Khavda Renewable Energy Park,SIMULATED,SIMULATED_PVLIB,18867.05841853356,18867.05841853356,141502.94,140795.43,14213.77,82439.87,0.2948,0.7512,7.0751,1.6,100.0,1120.1724137931035,4.645355,0.7150000000000001,48.97078410394147,0.9161022556362048,0.82,0.2948,5.522941297594116,84.47705870240588,102.18692526874179,1.0043436468163116,5.620576357054873,905.8285305914108
2026-06-06,Khavda Renewable Energy Park,SIMULATED,SIMULATED_PVLIB,19385.069939628047,19385.069939628047,145388.02,144661.08,14123.94,81918.85,0.3029,0.7465,7.2694,1.71,97.0,1192.2413793103449,5.58674375,0.8079166666666667,50.6248748401768,0.9103129380593812,0.82,0.3029,5.5376367639799895,84.46236323602001,101.01700071778555,1.004368495480531,5.618176858541801,905.6520410589985
2026-06-07,Khavda Renewable Energy Park,SIMULATED,SIMULATED_PVLIB,19607.95882893325,19607.95882893325,147059.69,146324.39,14180.23,82245.33,0.3064,0.7494,7.353,1.83,100.0,1207.7586206896551,5.9075500000000005,0.8433333333333334,49.58841635265121,0.9139405427657208,0.82,0.3064,5.55716332523258,84.44283667476742,99.91783561763395,1.0044016171190753,5.615772856741064,904.8525879847941
2026-06-08,Khavda Renewable Energy Park,SIMULATED,SIMULATED_PVLIB,19610.638681588134,19610.638681588134,147079.79,146344.39,14239.6,82589.68,0.3064,0.7526,7.354,1.94,100.0,1193.2758620689656,5.5656375,0.8041666666666667,48.49501440964963,0.9177674495662262,0.82,0.3064,5.581089906881758,84.41891009311824,98.89155545339179,1.004442364129313,5.613368954979603,903.7420350169173
2026-06-09,Khavda Renewable Energy Park,SIMULATED,SIMULATED_PVLIB,19692.037439255273,19692.037439255273,147690.28,146951.83,14328.02,83102.52,0.3077,0.7572,7.3845,2.06,100.0,1170.0,5.1206025,0.7545833333333334,46.86692670626519,0.9234657565280718,0.82,0.3077,5.608996644727199,84.3910033552728,97.93971827790267,1.004490114650262,5.610969569380812,902.5696076162096
2026-06-10,Khavda Renewable Energy Park,SIMULATED,SIMULATED_PVLIB,19294.52010887365,19294.52010887365,144708.9,143985.36,14333.3,83133.14,0.3015,0.7575,7.2354,2.17,100.0,1202.2413793103449,5.8050225,0.8325,46.769627804296654,0.9238063026849617,0.82,0.3015,5.64047725196653,84.35952274803347,97.06335621075732,1.0045442715874493,5.608578935240495,902.0892936510361
2026-06-11,Khavda Renewable Energy Park,SIMULATED,SIMULATED_PVLIB,19308.27945192346,19308.27945192346,144812.1,144088.04,14259.74,82706.49,0.3017,0.7536,7.2406,2.29,100.0,1255.344827586207,6.938186249999999,0.9529166666666666,48.12427276132505,0.9190650453353624,0.82,0.3017,5.675140965334478,84.32485903466552,96.26301999594682,1.0046042618000317,5.60620111241083,901.8959951185614
2026-06-12,Khavda Renewable Energy Park,SIMULATED,SIMULATED_PVLIB,18576.120353014987,18576.120353014987,139320.9,138624.3,14325.85,83089.93,0.2903,0.7571,6.966,2.4,100.0,1250.5172413793105,6.5820975,0.9075,46.9068722965625,0.9233259469620313,0.82,0.2903,5.712614223541195,84.2873857764588,95.53882798623846,1.0046695356767639,5.603839988203879,901.0676398893427
2026-06-13,Khavda Renewable Energy Park,SIMULATED,SIMULATED_PVLIB,18275.022252715098,18275.022252715098,137062.67,136377.36,14312.07,83010.01,0.2855,0.7564,6.8531,0.8,100.0,1181.2068965517242,4.966975,0.725,47.16047455568926,0.9224383390550875,0.82,0.2855,5.752542276593886,84.24745772340611,94.89052177346491,1.004739567400176,5.601499275855483,899.5281611684388
2026-06-14,Khavda Renewable Energy Park,SIMULATED,SIMULATED_PVLIB,19849.519465619298,19849.519465619298,148871.4,148127.04,14477.06,83966.95,0.3101,0.7651,7.4436,0.91,100.0,988.9655172413793,3.2958100000000004,0.5745833333333334,44.12236674189975,0.9330717164033508,0.82,0.3101,5.794590928745492,84.20540907125451,94.31752818349491,1.0048138562122886,5.599182506505355,896.5936565527072
2026-06-15,Khavda Renewable Energy Park,SIMULATED,SIMULATED_PVLIB,19385.659015477762,19385.659015477762,145392.44,144665.48,14081.93,81675.19,0.3029,0.7442,7.2696,1.03,100.0,899.3103448275863,2.662333333333333,0.5104166666666666,42.85964025048296,0.9374912591233097,0.82,0.3029,5.838448554577511,84.16155144542249,93.81902291270995,1.0048919288967981,5.596893013298708,894.905850838236
2026-06-16,Khavda Renewable Energy Park,SIMULATED,SIMULATED_PVLIB,20000.0,20000.0,150000.0,149250.0,14402.52,83534.62,0.3125,0.7612,7.5,1.14,100.0,925.0,3.283827083333334,0.6120833333333334,45.494847856338666,0.9282680325028146,0.82,0.3125,5.883828353285608,84.11617164671439,93.39398811059544,1.0049733433911388,5.592846911545965,894.3473503028113
2026-06-17,Khavda Renewable Energy Park,SIMULATED,SIMULATED_PVLIB,20000.0,20000.0,150000.0,149250.0,14292.92,82898.94,0.3125,0.7554,7.5,1.26,100.0,1047.4137931034484,4.79671875,0.7895833333333333,47.513141484801146,0.921204004803196,0.82,0.3125,5.930470568781146,84.06952943121885,93.04125738863706,1.005057693005373,5.588835754536656,894.9684489115215
2026-06-18,Khavda Renewable Energy Park,SIMULATED,SIMULATED_PVLIB,20000.0,20000.0,150000.0,149250.0,14318.06,83044.75,0.3125,0.7567,7.5,1.37,100.0,992.7586206896552,4.0881799999999995,0.71,47.05016062592931,0.9228244378092474,0.82,0.3125,5.978144294248665,84.02185570575134,92.75954670376791,1.0051446104912176,5.584862083458941,893.5629527338647
2026-06-19,Khavda Renewable Energy Park,SIMULATED,SIMULATED_PVLIB,18812.025540619496,18812.025540619496,141090.19,140384.74,14289.94,82881.65,0.2939,0.7552,7.0545,1.49,100.0,1013.9655172413793,4.251472916666667,0.7229166666666667,47.56809477779533,0.9210116682777163,0.82,0.2939,6.0266485291261205,83.97335147087388,92.5474752364097,1.0052337712463049,5.580928144355364,893.0933487423035
2026-06-20,Khavda Renewable Energy Park,SIMULATED,SIMULATED_PVLIB,19059.945966679898,19059.945966679898,142949.59,142234.84,14211.27,82425.37,0.2978,0.7511,7.1475,1.6,100.0,1093.103448275862,4.599141666666667,0.7254166666666667,49.01676135662876,0.9159413352517993,0.82,0.2978,6.075812391712134,83.92418760828787,92.40358304121236,1.005324895333058,5.577035875698092,893.3498435085965
2026-06-21,Khavda Renewable Energy Park,SIMULATED,SIMULATED_PVLIB,19542.643475310808,19542.643475310808,146569.83,145836.98,14228.91,82527.68,0.3054,0.752,7.3285,1.71,100.0,1098.6206896551726,4.181625,0.65625,48.69189922294807,0.9170783527196817,0.82,0.3054,6.125494610282075,83.87450538971792,92.32635056578147,1.0054177483916042,5.5731869031993835,892.7918959280158
2026-06-22,Khavda Renewable Energy Park,SIMULATED,SIMULATED_PVLIB,20000.0,20000.0,150000.0,149250.0,14276.16,82801.73,0.3125,0.7545,7.5,1.83,100.0,1090.6896551724137,4.496731666666666,0.7108333333333333,47.82187739554599,0.9201234291155891,0.82,0.3125,6.1755825176635,83.8244174823365,92.31422081502427,1.0055121417384336,5.569382539927771,892.1242730457593
2026-06-23,Khavda Renewable Energy Park,SIMULATED,SIMULATED_PVLIB,20000.0,20000.0,150000.0,149250.0,14349.99,83229.94,0.3125,0.7584,7.5,1.94,100.0,1027.2413793103449,3.847875,0.6458333333333334,46.46222435922529,0.9248822147427115,0.82,0.3125,6.225990743945729,83.77400925605427,92.36562126135823,1.0056079319203064,5.565623789953379,890.8542702858131
2026-06-24,Khavda Renewable Energy Park,SIMULATED,SIMULATED_PVLIB,20000.0,20000.0,150000.0,149250.0,14477.1,83967.18,0.3125,0.7651,7.5,2.06,100.0,951.551724137931,3.564354166666667,0.6458333333333334,44.12160519761005,0.9330743818083648,0.82,0.3125,6.276659706174911,83.72334029382509,92.47898180788235,1.0057050198422914,5.561911354733731,889.4886382463154
2026-06-25,Khavda Renewable Energy Park,SIMULATED,SIMULATED_PVLIB,19202.254905063535,19202.254905063535,144016.91,143296.83,14416.53,83615.87,0.3,0.7619,7.2008,2.17,100.0,965.8620689655173,3.6553050000000007,0.6525000000000001,45.236868306064686,0.9291709609287736,0.82,0.3,6.32755398040247,83.67244601959753,92.65274691594101,1.0058033495846046,5.55824564148324,889.2246456471931
2026-06-26,Khavda Renewable Energy Park,SIMULATED,SIMULATED_PVLIB,18650.717593744277,18650.717593744277,139880.38,139180.98,14232.86,82550.59,0.2914,0.7522,6.994,2.29,100.0,1048.9655172413793,4.073745000000001,0.6695833333333334,48.61927100852881,0.9173325514701491,0.82,0.2914,6.378660668627504,83.6213393313725,92.88538244393425,1.0059029070955787,5.554626772300748,889.8137390036393
2026-06-27,Khavda Renewable Energy Park,SIMULATED,SIMULATED_PVLIB,19483.939232226345,19483.939232226345,146129.54,145398.89,14156.65,82108.57,0.3044,0.7482,7.3065,2.4,100.0,1093.6206896551726,4.894681666666667,0.7716666666666667,50.02260836184356,0.9124208707335475,0.82,0.3044,6.429987901366957,83.57001209863304,93.17537893380546,1.006003719025632,5.551054592330409,889.999718124519
2026-06-28,Khavda Renewable Energy Park,SIMULATED,SIMULATED_PVLIB,18795.473224000114,18795.473224000114,140966.05,140261.22,14223.82,82498.16,0.2937,0.7517,7.0483,0.8,100.0,1128.9655172413793,4.804595,0.73375,48.785608786327295,0.9167503692478545,0.82,0.2937,6.481563591253661,83.51843640874634,93.52125267417927,1.0061058519411963,5.547528675405787,890.1235435677438
2026-06-29,Khavda Renewable Energy Park,SIMULATED,SIMULATED_PVLIB,19355.34951781779,19355.34951781779,145165.12,144439.29,14282.36,82837.69,0.3024,0.7548,7.2583,0.91,100.0,1117.7586206896551,3.7574387500000004,0.5795833333333335,47.70764959610992,0.9205232264136153,0.82,0.3024,6.53343443870169,83.46656556129831,93.92154487383573,1.0062094119486051,5.544048326989749,889.7487255445005
2026-06-30,Khavda Renewable Energy Park,SIMULATED,SIMULATED_PVLIB,19418.282148413793,19418.282148413793,145637.12,144908.93,14291.94,82893.25,0.3034,0.7553,7.2819,1.03,100.0,1100.0,4.495241666666667,0.7045833333333333,47.53118897150394,0.9211408385997362,0.82,0.3034,6.585665137340172,83.41433486265983,94.37481869116368,1.0063145446548696,5.5406125848931955,889.3433425376425
2026-07-01,Khavda Renewable Energy Park,SIMULATED,SIMULATED_PVLIB,20000.0,20000.0,150000.0,149250.0,14333.73,83135.63,0.3125,0.7575,7.5,1.14,100.0,1024.8275862068965,3.60355,0.60625,46.76160143173421,0.9238343949889303,0.82,0.3125,6.638337664757614,83.36166233524239,94.87965404893941,1.0064214352627177,5.537220219095876,888.3112935330558
2026-07-02,Khavda Renewable Energy Park,SIMULATED,SIMULATED_PVLIB,19048.156345643067,19048.156345643067,142861.17,142146.86,14154.21,82094.42,0.2976,0.7481,7.1431,1.26,100.0,1122.4137931034484,3.6971374999999997,0.5679166666666666,50.06752349142561,0.9122636677800103,0.82,0.2976,6.691550548065663,83.30844945193434,95.4346405940347,1.0065303085936408,5.533869732013031,889.3477740128089
2026-07-03,Khavda Renewable Energy Park,SIMULATED,SIMULATED_PVLIB,17877.865887163698,17877.865887163698,134083.99,133413.57,14197.4,82344.92,0.2793,0.7503,6.7042,1.37,100.0,1098.7931034482758,4.05482125,0.63625,49.272271934933784,0.9150470482277318,0.82,0.2793,6.745417995875016,83.25458200412498,96.03836939188523,1.0066414288248198,5.530559360599639,889.0094771897025
2026-07-04,Khavda Renewable Energy Park,SIMULATED,SIMULATED_PVLIB,9459.335568484474,9459.335568484474,70945.02,70590.29,6866.42,39825.24,0.1478,0.3629,3.5473,1.49,100.0,836.3793103448276,1.3057275,0.26916666666666667,44.41040681807621,0.9320635761367333,0.82,0.1478,6.800068777580378,83.19993122241962,96.68942391985348,1.006755098690332,5.52728708191163,885.9187198413649
2026-07-05,Khavda Renewable Energy Park,SIMULATED,SIMULATED_PVLIB,4627.264011196703,4627.264011196703,34704.48,34530.96,3486.79,20223.38,0.0723,0.1843,1.7352,1.6,100.0,731.8965517241379,0.6579750000000001,0.15500000000000003,42.35551496783597,0.9392556976125741,0.82,0.0723,6.855644784617411,83.14435521538259,97.38637074934138,1.0068716579939117,5.524050623111771,884.721130368971
2026-07-06,Khavda Renewable Energy Park,SIMULATED,SIMULATED_PVLIB,17642.481776440265,17642.481776440265,132318.61,131657.02,13013.87,75480.45,0.2757,0.6878,6.6159,1.71,100.0,997.4137931034483,2.5020125,0.4325,47.313878814286824,0.9219014241499961,0.82,0.2757,6.912299278790869,83.08770072120913,98.12775014445583,1.006991481418978,5.520847476009086,887.8996953990801
2026-07-07,Khavda Renewable Energy Park,SIMULATED,SIMULATED_PVLIB,841.9329819111946,841.9329819111946,6314.5,6282.93,624.19,3620.3,0.0132,0.033,0.3157,1.83,100.0,686.8965517241379,0.11785999999999941,0.029583333333333184,42.52043042660088,0.9386784935068969,0.82,0.0132,6.970194909868681,83.02980509013132,98.91206667767591,1.007114975783371,5.5176749151729005,884.374194032986
2026-07-08,Khavda Renewable Energy Park,SIMULATED,SIMULATED_PVLIB,19159.30637044165,19159.30637044165,143694.8,142976.33,14301.24,82947.19,0.2994,0.7558,7.1847,1.94,100.0,1141.3793103448277,3.1113999999999997,0.47,47.36003424626843,0.9217398801380605,0.82,0.2994,7.029501621430725,82.97049837856927,99.73778008391076,1.0072425769719024,5.514530018110396,889.8494254498161
2026-07-09,Khavda Renewable Energy Park,SIMULATED,SIMULATED_PVLIB,19948.52461893185,19948.52461893185,149613.93,148865.86,14442.86,83768.59,0.3117,0.7633,7.4807,2.06,100.0,1096.3793103448277,3.2351412500000003,0.50875,44.752037522813914,0.9308678686701513,0.82,0.3117,7.090394546308545,82.90960545369146,100.6032972514995,1.0073747467525653,5.5114096861767905,889.515554295931
2026-07-10,Khavda Renewable Energy Park,SIMULATED,SIMULATED_PVLIB,8785.321462026483,8785.321462026483,65889.91,65560.46,6902.31,40033.4,0.1373,0.3648,3.2945,2.17,99.0,1052.4137931034484,1.30473,0.21375,42.814081079652375,0.9376507162212167,0.82,0.1373,7.153052024480985,82.84694797551902,101.50696721224881,1.0075119697607393,5.508310664381829,889.2335395725656
2026-07-11,Khavda Renewable Energy Park,SIMULATED,SIMULATED_PVLIB,16860.23523883079,16860.23523883079,126451.76,125819.5,12722.92,73792.94,0.2634,0.6724,6.3226,2.29,100.0,1042.5862068965519,2.3936041666666674,0.3958333333333335,41.53983841975213,0.9421105655308676,0.82,0.2634,7.217653971992647,82.78234602800735,102.44708131065079,1.0076547511637235,5.505229556784476,889.3901631413337
2026-07-12,Khavda Renewable Energy Park,SIMULATED,SIMULATED_PVLIB,19952.74215041189,19952.74215041189,149645.57,148897.34,14541.96,84343.37,0.3118,0.7685,7.4823,2.4,100.0,1130.6896551724137,3.24621,0.495,42.92710110774363,0.9372551461228973,0.82,0.3118,7.284380893401831,82.71561910659817,103.42187941794373,1.0078036156957833,5.502162833024438,890.731586330564
2026-07-13,Khavda Renewable Energy Park,SIMULATED,SIMULATED_PVLIB,18649.330927206272,18649.330927206272,139869.98,139170.63,13903.35,80639.43,0.2914,0.7348,6.9935,0.8,100.0,1133.103448275862,2.634276666666667,0.4008333333333334,43.43990154827064,0.9354603445810528,0.82,0.2914,7.353413776146425,82.64658622385357,104.42956010942862,1.007959108683655,5.499106822004881,891.1063402483703
2026-07-14,Khavda Renewable Energy Park,SIMULATED,SIMULATED_PVLIB,12491.144553574279,12491.144553574279,93683.58,93215.16,9615.39,55769.26,0.1952,0.5082,4.6842,0.91,100.0,971.7241379310345,1.8176100000000002,0.3225,42.81855279083193,0.9376350652320883,0.82,0.1952,7.4249348103079456,82.57506518969205,105.4682900272685,1.0081217990607874,5.496057692771405,889.598691797985
2026-07-15,Khavda Renewable Energy Park,SIMULATED,SIMULATED_PVLIB,12108.345467935887,12108.345467935887,90812.59,90358.53,8706.49,50497.64,0.1892,0.4601,4.5406,1.03,100.0,1045.8620689655172,1.663095,0.27416666666666667,45.60476426211166,0.9278833250826092,0.82,0.1892,7.499128531968694,82.5008714680313,106.53620737947534,1.0082922835787138,5.49301142774057,890.8841204789272
2026-07-16,Khavda Renewable Energy Park,SIMULATED,SIMULATED_PVLIB,20000.0,20000.0,150000.0,149250.0,14220.22,82477.28,0.3125,0.7515,7.5,1.14,100.0,1094.1379310344828,5.2380941666666665,0.8254166666666667,48.8519495664492,0.9165181765174278,0.82,0.3125,7.576182779809955,82.42381722019005,107.63141762975943,1.0084711908797406,5.491195896324568,892.090859446556
2026-07-17,Khavda Renewable Energy Park,SIMULATED,SIMULATED_PVLIB,19522.129868190423,19522.129868190423,146415.97,145683.89,14371.45,83354.41,0.305,0.7595,7.3208,1.26,100.0,1018.9655172413793,3.67405,0.6216666666666666,46.06717290235099,0.9262648948417715,0.82,0.305,7.65628897065379,82.34371102934621,108.75198411913578,1.0086591842590513,5.490606100930109,892.076312048011
2026-07-18,Khavda Renewable Energy Park,SIMULATED,SIMULATED_PVLIB,15268.639762828074,15268.639762828074,114514.8,113942.23,11940.42,69254.44,0.2386,0.6311,5.7257,1.37,100.0,950.0,2.2613958333333333,0.41041666666666665,43.32591154410945,0.9358593095956169,0.82,0.2386,7.739641564781849,82.26035843521815,109.89591943519474,1.0088569627094734,5.4900051142891035,892.1678472395795
2026-07-19,Khavda Renewable Energy Park,SIMULATED,SIMULATED_PVLIB,11350.837568594347,11350.837568594347,85131.28,84705.62,8190.66,47505.83,0.1774,0.4329,4.2566,1.49,100.0,895.8620689655173,1.5566349999999998,0.2995833333333333,44.254480810922345,0.9326093171617718,0.82,0.1774,7.826436926591626,82.17356307340837,111.06118278341421,1.0090652606039416,5.48938806305329,892.4652988084309
2026-07-20,Khavda Renewable Energy Park,SIMULATED,SIMULATED_PVLIB,4367.154994911428,4367.154994911428,32753.66,32589.89,3390.62,19665.6,0.0682,0.1792,1.6377,1.6,100.0,685.1724137931035,0.6358400000000002,0.16000000000000003,40.67259806054503,0.9451459067880924,0.82,0.0682,7.916871908159436,82.08312809184056,112.24568502109935,1.0092848466905868,5.488749846895479,890.960370521724
2026-07-21,Khavda Renewable Energy Park,SIMULATED,SIMULATED_PVLIB,3915.4106217580284,3915.4106217580284,29365.58,29218.75,2865.33,16618.91,0.0612,0.1514,1.4683,1.71,100.0,650.0,0.5356541666666667,0.14208333333333334,39.82653266105308,0.9481071356863142,0.82,0.0612,8.011142370678556,81.98885762932144,113.44729923813605,1.009516522852967,5.488085147481538,891.5408637021419
2026-07-22,Khavda Renewable Energy Park,SIMULATED,SIMULATED_PVLIB,1841.3752287617,1841.3752287617,13810.31,13741.26,1398.84,8113.27,0.0288,0.0739,0.6905,1.83,100.0,711.7241379310345,0.2631599999999999,0.06374999999999997,41.5308381600221,0.9421420664399226,0.82,0.0288,8.109441668562141,81.89055833143786,114.66387338447521,1.0097611226515815,5.48738843896139,893.2847321909056
2026-07-23,Khavda Renewable Energy Park,SIMULATED,SIMULATED_PVLIB,880.0849882637758,880.0849882637758,6600.64,6567.64,675.02,3915.12,0.0138,0.0357,0.33,1.94,100.0,555.3448275862069,0.1261558333333341,0.039166666666666905,39.751109738041436,0.948371115916855,0.82,0.0138,8.211959080839009,81.78804091916099,115.89324254911963,1.010019509560051,5.486654000543196,892.5015273031775
2026-07-24,Khavda Renewable Energy Park,SIMULATED,SIMULATED_PVLIB,29.018039697062463,29.018039697062463,217.64,216.55,21.8,126.44,0.0005,0.0012,0.0109,2.06,100.0,330.51724137931035,0.00399374999999956,0.002083333333333104,34.33708155162531,0.9673202145693114,0.82,0.0005,8.318878236006228,81.68112176399377,117.13324056396925,1.010292574956637,5.485875930762379,890.9425853504174
2026-07-25,Khavda Renewable Energy Park,SIMULATED,SIMULATED_PVLIB,0.0,0.0,0.0,0.0,0.0,0.0,0.0,0.0,0.0,2.17,100.0,252.41379310344828,0.0,0.0,32.54141229266658,0.973605056975667,0.82,0.0,8.43037568345568,81.56962431654432,118.38171156531234,1.0105812362163447,5.485048161223495,891.1265159993892
2026-07-26,Khavda Renewable Energy Park,SIMULATED,SIMULATED_PVLIB,498.73941596081613,498.73941596081613,3740.55,3721.85,377.82,2191.36,0.0078,0.02,0.187,2.29,100.0,665.6896551724138,0.07078499999999907,0.01833333333333309,40.417079030717645,0.9460402233924883,0.82,0.0078,8.546619749705684,81.45338025029432,119.63652179340829,1.0108864352497446,5.484164467592933,897.0883387423472
2026-07-27,Khavda Renewable Energy Park,SIMULATED,SIMULATED_PVLIB,9388.26673320457,9388.26673320457,70412.0,70059.94,6861.59,39797.22,0.1467,0.3626,3.5206,2.4,100.0,1008.7931034482759,1.30916125,0.22375,45.29590090489436,0.9289643468328698,0.82,0.1467,8.667769719957008,81.33223028004299,120.8955711176979,1.0112091376173187,5.483218477026932,902.2499781692002
2026-07-28,Khavda Renewable Energy Park,SIMULATED,SIMULATED_PVLIB,16197.216392075741,16197.216392075741,121479.12,120871.72,12013.57,69678.71,0.2531,0.6349,6.074,0.8,100.0,1009.6551724137931,2.2862799999999996,0.39041666666666663,44.616040111143676,0.9313438596109971,0.82,0.2531,8.793975296462335,81.20602470353766,122.15680354268687,1.0115503321281658,5.482203672638981,903.4236167506825
2026-07-29,Khavda Renewable Energy Park,SIMULATED,SIMULATED_PVLIB,5990.022775364581,5990.022775364581,44925.17,44700.54,4263.08,24725.86,0.0936,0.2253,2.2463,0.91,100.0,1008.6206896551724,0.8141249999999999,0.13916666666666666,45.539959922240726,0.9281101402721574,0.82,0.0936,8.925376226267659,81.07462377373234,123.41821651911482,1.0119110306654098,5.48111339668091,904.5937111712564
2026-07-30,Khavda Renewable Energy Park,SIMULATED,SIMULATED_PVLIB,2825.4910005763077,2825.4910005763077,21191.18,21085.22,2055.08,11919.46,0.0441,0.1086,1.0596,1.03,100.0,862.7586206896552,0.391979999999999,0.07833333333333314,45.214667189608065,0.9292486648363718,0.82,0.0441,9.06210201579546,80.93789798420454,124.67786926647796,1.0122922680249091,5.4799408538225265,904.0847943360816
2026-07-31,Khavda Renewable Energy Park,SIMULATED,SIMULATED_PVLIB,4437.548992739373,4437.548992739373,33281.62,33115.21,3328.22,19303.68,0.0693,0.1759,1.6641,1.14,100.0,1095.5172413793105,0.6486374999999999,0.1020833333333333,50.87215530154228,0.909447456444602,0.82,0.0693,9.204271614973692,80.79572838502631,125.93389043971905,1.0126951014322136,5.478679116690675,908.0256930478681
2026-08-01,Khavda Renewable Energy Park,SIMULATED,SIMULATED_PVLIB,9.46031747788296,9.46031747788296,70.95,70.6,7.14,41.41,0.0001,0.0004,0.0035,1.26,100.0,547.5862068965517,0.001323333333333893,0.0004166666666668428,37.46829023176139,0.9563609841888352,0.82,0.0001,9.351992937594815,80.64800706240518,127.1844852123159,1.0131206093156593,5.477321136376632,902.8375371042757
2026-08-02,Khavda Renewable Energy Park,SIMULATED,SIMULATED_PVLIB,255.51837573330957,255.51837573330957,1916.39,1906.81,197.85,1147.53,0.004,0.0105,0.0958,1.37,100.0,561.8965517241379,0.03666374999999994,0.011249999999999982,37.44690847109134,0.9564358203511804,0.82,0.004,9.50536211070056,80.49463788929944,128.4279417670533,1.0135698889359384,5.475859760460005,904.2464986490335
2026-08-03,Khavda Renewable Energy Park,SIMULATED,SIMULATED_PVLIB,6467.837078577764,6467.837078577764,48508.78,48266.24,4870.9,28251.22,0.1011,0.2574,2.4254,1.49,97.0,801.8965517241379,0.916634583333333,0.19708333333333328,41.61526932420125,0.9418465573652957,0.82,0.1011,9.664462428337742,80.33553757166226,129.6626374403054,1.0140440526672212,5.474287759828859,908.309419145432
2026-08-04,Khavda Renewable Energy Park,SIMULATED,SIMULATED_PVLIB,6411.7542420779555,6411.7542420779555,48088.16,47847.72,4781.0,27729.8,0.1002,0.2527,2.4044,1.6,100.0,983.448275862069,0.9126400000000001,0.16000000000000003,45.42568123478458,0.928510115678254,0.82,0.1002,9.829363117810814,80.17063688218919,130.88704482508138,1.014544223105119,5.47259786312269,911.6969628706211
2026-08-05,Khavda Renewable Energy Park,SIMULATED,SIMULATED_PVLIB,9239.117132233225,9239.117132233225,69293.38,68946.91,7346.73,42611.03,0.1444,0.3883,3.4647,1.71,100.0,1006.0344827586207,1.3979687499999995,0.23958333333333326,44.58286072563164,0.9314599874602892,0.82,0.1444,10.000118094597255,79.99988190540275,132.09973796259095,1.0150715274196398,5.4707827960649125,913.2302515655824
2026-08-06,Khavda Renewable Energy Park,SIMULATED,SIMULATED_PVLIB,16035.424875840956,16035.424875840956,120265.69,119664.36,12051.03,69895.97,0.2506,0.6369,6.0133,1.83,100.0,896.7241379310345,2.271103333333333,0.43666666666666665,42.00256069716923,0.9404910375599077,0.82,0.2506,10.176764889498912,79.82323511050109,133.29939845233525,1.0156270914647871,5.468835322358594,913.2246174599064
2026-08-07,Khavda Renewable Energy Park,SIMULATED,SIMULATED_PVLIB,19007.61664012203,19007.61664012203,142557.12,141844.33,14462.45,83882.21,0.297,0.7643,7.1279,1.94,100.0,1009.8275862068966,2.933380833333334,0.5008333333333335,44.39141923867613,0.9321300326646336,0.82,0.297,10.359323961522321,79.64067603847768,134.48482106274707,1.0162120343401422,5.466748281658136,915.8278732474577
2026-08-08,Khavda Renewable Energy Park,SIMULATED,SIMULATED_PVLIB,16258.512976408681,16258.512976408681,121938.85,121329.16,11862.33,68801.51,0.254,0.6269,6.0969,2.06,97.0,976.0344827586207,2.2643999999999997,0.4,45.42721230227049,0.9285047569420533,0.82,0.254,10.547798629784197,79.4522013702158,135.65491859053975,1.0168274642814747,5.464514618996503,916.7131169627157
2026-08-09,Khavda Renewable Energy Park,SIMULATED,SIMULATED_PVLIB,18397.593114499123,18397.593114499123,137981.95,137292.04,14386.65,83442.57,0.2875,0.7603,6.8991,2.17,100.0,977.4137931034483,4.221042916666667,0.7445833333333334,45.787264714668524,0.9272445734986602,0.82,0.2875,10.742175879179243,79.25782412082076,136.80872548010052,1.0174744769734263,5.462127398714346,918.0109331757868
2026-08-10,Khavda Renewable Energy Park,SIMULATED,SIMULATED_PVLIB,14571.910536721613,14571.910536721613,109289.33,108742.88,11314.83,65626.01,0.2277,0.598,5.4645,2.29,100.0,1062.4137931034484,2.1592675000000003,0.3504166666666667,45.3509430253939,0.9287716994111214,0.82,0.2277,10.942428130491379,79.05757186950862,137.94539926250928,1.0181541569894224,5.459579798475684,920.2870021898126
2026-08-11,Khavda Renewable Energy Park,SIMULATED,SIMULATED_PVLIB,3450.6082357953424,3450.6082357953424,25879.56,25750.16,2483.77,14405.87,0.0539,0.1313,1.294,2.4,100.0,742.7586206896552,0.46490499999999996,0.10791666666666666,40.164441456308495,0.9469244549029203,0.82,0.0539,11.1485157415879,78.8514842584121,139.06421841683647,1.0188675820359034,5.45686508555786,917.82114710049
2026-08-12,Khavda Renewable Energy Park,SIMULATED,SIMULATED_PVLIB,953.5478773151533,953.5478773151533,7151.61,7115.85,670.5,3888.9,0.0149,0.0354,0.3576,0.8,100.0,548.2758620689656,0.12455000000000076,0.039166666666666905,38.09783948181745,0.9541575618136389,0.82,0.0149,11.360389693030868,78.63961030696913,140.16457553709847,1.0196158284889711,5.453976585172499,916.816739770593
2026-08-13,Khavda Renewable Energy Park,SIMULATED,SIMULATED_PVLIB,15863.797451971746,15863.797451971746,118978.48,118383.59,11887.89,68949.76,0.2479,0.6283,5.9489,0.91,100.0,886.8965517241379,2.2505,0.4375,43.2134288590975,0.9362529989931587,0.82,0.2479,11.577993824065231,78.42200617593477,141.2459661637521,1.0203999761205833,5.450907654262109,922.0495588498798
2026-08-14,Khavda Renewable Energy Park,SIMULATED,SIMULATED_PVLIB,15711.719776218984,15711.719776218984,117837.9,117248.71,11746.83,68131.61,0.2455,0.6208,5.8919,1.03,100.0,904.1379310344828,2.2155899999999997,0.4225,42.222731459829006,0.9397204398905985,0.82,0.2455,11.801266273887606,78.1987337261124,142.30797524023575,1.0212211106161508,5.447651669628088,923.5105881682197
2026-08-15,Khavda Renewable Energy Park,SIMULATED,SIMULATED_PVLIB,20000.0,20000.0,150000.0,149250.0,14480.31,83985.8,0.3125,0.7653,7.5,1.14,100.0,948.448275862069,3.0530549999999996,0.5549999999999999,44.0625385622525,0.9332811150321163,0.82,0.3125,12.03014020491824,77.96985979508176,143.35026414851512,1.022080323844955,5.444202030536036,925.278964899552
2026-08-16,Khavda Renewable Energy Park,SIMULATED,SIMULATED_PVLIB,9126.522897617915,9126.522897617915,68448.92,68106.68,7213.1,41835.98,0.1426,0.3812,3.4224,1.26,100.0,782.7586206896552,1.3544333333333334,0.29833333333333334,41.02513766671439,0.9439120181664996,0.82,0.1426,12.264544188405807,77.73545581159419,144.37256062870603,1.022978713021204,5.44249861369517,924.9140469485094
2026-08-17,Khavda Renewable Energy Park,SIMULATED,SIMULATED_PVLIB,14097.482812577322,14097.482812577322,105731.12,105202.46,10989.64,63739.91,0.2203,0.5808,5.2866,1.37,100.0,972.5862068965517,2.08011875,0.36875,43.17048458360967,0.9364033039573662,0.82,0.2203,12.504402612605617,77.49559738739438,145.37465219430436,1.023917380019186,5.442538196067224,929.0424279872718
2026-08-18,Khavda Renewable Energy Park,SIMULATED,SIMULATED_PVLIB,2792.7185614216664,2792.7185614216664,20945.39,20840.66,2075.36,12037.09,0.0436,0.1097,1.0473,1.49,100.0,970.0,0.3914758333333321,0.06958333333333311,42.2491865827925,0.9396278469602263,0.82,0.0436,12.749636210755554,77.25036378924445,146.35638215367237,1.024897431265262,5.442368960870908,930.909601672833
2026-08-19,Khavda Renewable Energy Park,SIMULATED,SIMULATED_PVLIB,11570.242815887008,11570.242815887008,86776.82,86342.94,8156.46,47307.47,0.1808,0.4311,4.3388,1.6,100.0,1007.5862068965517,1.536485,0.2629166666666667,41.887279966366656,0.9408945201177167,0.82,0.1808,13.00016258591485,76.99983741408515,147.3176467173825,1.0259199777897983,5.441984483977924,933.237907570899
2026-08-20,Khavda Renewable Energy Park,SIMULATED,SIMULATED_PVLIB,19097.105798170083,19097.105798170083,143228.29,142512.15,14291.7,82891.86,0.2984,0.7553,7.1614,1.71,100.0,820.344827586207,2.676375,0.5625,40.29578966505851,0.9464647361722952,0.82,0.2984,13.255896571904728,76.74410342809527,148.2583921779418,1.026986134783081,5.441378395665524,932.9221935404196
2026-08-21,Khavda Renewable Energy Park,SIMULATED,SIMULATED_PVLIB,14329.741076354881,14329.741076354881,107473.06,106935.69,10564.1,61271.78,0.2239,0.5583,5.3737,1.83,100.0,882.5862068965517,1.9921441666666666,0.38916666666666666,42.17298898850614,0.9398945385402285,0.82,0.2239,13.51675041961903,76.48324958038097,149.17861179213844,1.0280970205280329,5.440544392204483,935.515765717387
2026-08-22,Khavda Renewable Energy Park,SIMULATED,SIMULATED_PVLIB,11419.620532989717,11419.620532989717,85647.15,85218.91,8175.95,47420.51,0.1784,0.4321,4.2824,1.94,100.0,764.6551724137931,1.5282270833333327,0.34458333333333324,39.78872726527448,0.9482394545715394,0.82,0.1784,13.782633923634364,76.21736607636564,150.0783424388477,1.0292537551168146,5.4394762488213075,935.9851222224986
2026-08-23,Khavda Renewable Energy Park,SIMULATED,SIMULATED_PVLIB,14729.64943915449,14729.64943915449,110472.37,109920.01,10268.2,59555.56,0.2302,0.5427,5.5236,2.06,100.0,815.344827586207,1.9349491666666667,0.4091666666666667,41.97933263886133,0.9405723357639854,0.82,0.2302,14.053454625098666,75.94654537490133,150.9576610002901,1.0304574595294678,5.438167830385239,938.4135894543981
2026-08-24,Khavda Renewable Energy Park,SIMULATED,SIMULATED_PVLIB,19106.29527529294,19106.29527529294,143297.21,142580.72,14427.28,83678.22,0.2985,0.7625,7.1649,2.17,100.0,852.0689655172414,3.078454166666666,0.6229166666666666,45.0389432306126,0.9298636986928559,0.82,0.2985,14.329118133303993,75.670881866696,151.8166803683598,1.031709255325444,5.436613098264754,940.6612434018765
2026-08-25,Khavda Renewable Energy Park,SIMULATED,SIMULATED_PVLIB,19334.84033915066,19334.84033915066,145011.3,144286.24,14371.24,83353.19,0.3021,0.7595,7.2506,2.29,100.0,987.4137931034483,4.6078487500000005,0.8045833333333333,46.070946382061194,0.9262516876627858,0.82,0.3021,14.609528539052775,75.39047146094723,152.65554502130135,1.0330102649124078,5.43480611361131,944.0450936256467
2026-08-26,Khavda Renewable Energy Park,SIMULATED,SIMULATED_PVLIB,20000.0,20000.0,150000.0,149250.0,14425.52,83668.02,0.3125,0.7624,7.5,2.4,100.0,1020.1724137931035,2.8870029166666664,0.48791666666666667,45.07144640560499,0.9297499375803826,0.82,0.3125,14.894588870567418,75.10541112943258,153.47442639508836,1.0343616122350803,5.432741038088434,946.2071684660259
2026-08-27,Khavda Renewable Energy Park,SIMULATED,SIMULATED_PVLIB,9147.20244491036,9147.20244491036,68604.02,68261.0,7014.04,40681.43,0.1429,0.3707,3.4302,0.8,100.0,929.6551724137931,1.32104,0.245,41.838334803357625,0.9410658281882484,0.82,0.1429,15.184201534161886,74.81579846583811,154.2735184637321,1.0357644236498613,5.430412133532593,946.9036447345634
2026-08-28,Khavda Renewable Energy Park,SIMULATED,SIMULATED_PVLIB,8908.831212018138,8908.831212018138,66816.23,66482.15,6331.64,36723.51,0.1392,0.3346,3.3408,0.91,100.0,932.2413793103449,1.1895399999999998,0.21999999999999997,41.1661182536798,0.9434185861121207,0.82,0.1392,15.478268649161151,74.52173135083885,155.05303379366933,1.0372198285407483,5.427813763312441,948.6671556712013
2026-08-29,Khavda Renewable Energy Park,SIMULATED,SIMULATED_PVLIB,15076.74324386363,15076.74324386363,113075.57,112510.19,11406.81,66159.5,0.2356,0.6029,5.6538,1.03,100.0,960.6896551724138,2.138255,0.38375000000000004,40.56472576571636,0.9455234598199928,0.82,0.2356,15.776692112586503,74.2233078874135,155.81320030487336,1.038728958774281,5.424940400928255,950.7087212852471
2026-08-30,Khavda Renewable Energy Park,SIMULATED,SIMULATED_PVLIB,11965.361230855528,11965.361230855528,89740.21,89291.51,8759.45,50804.81,0.187,0.4629,4.487,1.14,100.0,851.551724137931,1.6319279166666667,0.3304166666666667,38.898011298591356,0.9513569604549302,0.82,0.187,16.07937324377535,73.92062675622465,156.55425882223972,1.0402929460146526,5.4217866517506215,951.1126513983419
2026-08-31,Khavda Renewable Energy Park,SIMULATED,SIMULATED_PVLIB,7358.1929869508485,7358.1929869508485,55186.45,54910.52,5449.17,31605.19,0.115,0.288,2.7593,1.26,100.0,863.1034482758621,1.0178866666666664,0.20333333333333325,39.61374888787374,0.9488518788924419,0.82,0.115,16.386211966032192,73.61378803396781,157.27646158153163,1.0419129163370389,5.418347291095004,952.9023107854505
2026-09-01,Khavda Renewable Energy Park,SIMULATED,SIMULATED_PVLIB,14187.463281728587,14187.463281728587,106405.97,105873.94,10751.25,62357.25,0.2217,0.5682,5.3203,1.37,100.0,902.0689655172414,2.0252200000000005,0.38708333333333345,41.87906402293385,0.9409232759197315,0.82,0.2217,16.697105651128382,73.30289434887162,157.98007181575645,1.043589982429511,5.414617316501473,954.9838813204366
2026-09-02,Khavda Renewable Energy Park,SIMULATED,SIMULATED_PVLIB,2853.6103357777547,2853.6103357777547,21402.08,21295.07,2188.54,12693.53,0.0446,0.1157,1.0701,1.49,99.0,920.8620689655173,0.4161529166666677,0.07791666666666686,44.39636716841029,0.9321127149105639,0.82,0.0446,17.011947871502485,72.98805212849751,158.6653643515309,1.0453252344248896,5.4105920074980585,956.7986690183897
2026-09-03,Khavda Renewable Energy Park,SIMULATED,SIMULATED_PVLIB,13622.196148108587,13622.196148108587,102166.47,101655.64,9966.85,57807.73,0.2128,0.5268,5.1083,1.6,100.0,956.7241379310345,1.8959083333333335,0.3416666666666667,44.49476113681027,0.931768336021164,0.82,0.2128,17.330627323048603,72.6693726769514,159.3326268480074,1.0471197307195308,5.406266984310059,958.7814738627798
2026-09-04,Khavda Renewable Energy Park,SIMULATED,SIMULATED_PVLIB,8103.762788648488,8103.762788648488,60778.22,60474.33,5811.76,33708.21,0.1266,0.3072,3.0389,1.71,100.0,893.448275862069,1.0968566666666668,0.21166666666666667,42.39161923716731,0.9391293326699144,0.82,0.1266,17.653027130933452,72.34697286906655,159.98216110342923,1.048974490094222,5.401638257404454,959.5700209750363
2026-09-05,Khavda Renewable Energy Park,SIMULATED,SIMULATED_PVLIB,18760.340911949486,18760.340911949486,140702.56,139999.05,13926.49,80773.64,0.2931,0.736,7.0351,1.83,100.0,857.0689655172414,2.6449862500000005,0.5320833333333335,44.079062019788196,0.9332232829307413,0.82,0.2931,17.979024691201417,72.02097530879858,160.61428384597275,1.0508904863215491,5.396702260746309,960.639095574379
2026-09-06,Khavda Renewable Energy Park,SIMULATED,SIMULATED_PVLIB,19626.129526193472,19626.129526193472,147195.97,146459.99,14498.9,84093.62,0.3067,0.7663,7.3598,1.94,100.0,847.9310344827586,3.04916,0.62,43.72003249995426,0.9344798862501601,0.82,0.3067,18.308492136807175,71.69150786319283,161.22932657986212,1.0528686462365382,5.391455863100478,961.9915130699158
2026-09-07,Khavda Renewable Energy Park,SIMULATED,SIMULATED_PVLIB,,,,,14344.19,83196.3,,,,,,1015.8620689655173,4.372355,0.7420833333333333,46.56907652670194,0.9245082321565432,0.82,,18.64129740929951,71.35870259070049,161.82763419251683,1.0549098517101445,5.38589635513985,965.3808109486059
2026-09-08,Khavda Renewable Energy Park,SIMULATED,SIMULATED_PVLIB,,,,,11271.53,65374.87,,,,,,824.8275862068966,2.130873333333333,0.4454166666666667,42.84391633931323,0.9375462928124036,0.82,,18.97730573488451,71.02269426511549,162.4095622707074,1.0570149448325585,5.380021417039109,964.5280868114683
2026-09-09,Khavda Renewable Energy Park,SIMULATED,SIMULATED_PVLIB,,,,,12024.78,69743.72,,,,,,917.7586206896552,2.286672083333334,0.42958333333333343,44.41345433433061,0.9320529098298429,0.82,,19.316381153190292,70.68361884680971,162.97547317218869,1.0591847344648104,5.3738290780399804,966.9619759483066
2026-09-10,Khavda Renewable Energy Park,SIMULATED,SIMULATED_PVLIB,,,,,14455.26,83840.51,,,,,,890.0,3.5682324999999997,0.6912499999999999,44.5237719490924,0.9316667981781765,0.82,,19.658387716423803,70.3416122835762,163.5257312508212,1.0614200017557627,5.367317682548864,967.9423301881927
2026-09-11,Khavda Renewable Energy Park,SIMULATED,SIMULATED_PVLIB,,,,,14066.89,81587.96,,,,,,985.1724137931035,3.7260041666666672,0.6520833333333333,51.67554324706957,0.9066355986352566,0.82,,20.00319014866129,69.99680985133871,164.06069786738362,1.0637215029575047,5.360485872561788,970.3213500912628
2026-09-12,Khavda Renewable Energy Park,SIMULATED,SIMULATED_PVLIB,,,,,10529.31,61070.0,,,,,,889.8275862068966,2.0471966666666663,0.3966666666666666,50.25512605784901,0.9116070587975285,0.82,,20.35065402678238,69.64934597321762,164.5807269089364,1.066089969481745,5.353332586387577,970.4271558396414
2026-09-13,Khavda Renewable Energy Park,SIMULATED,SIMULATED_PVLIB,,,,,12969.09,75220.72,,,,,,903.2758620689656,2.486342083333334,0.47458333333333347,46.565848518338356,0.9245195301858158,0.82,,20.70064573980396,69.29935426019604,165.08616142655103,1.0685261065474123,5.345857065308814,971.7642539225249
2026-09-14,Khavda Renewable Energy Park,SIMULATED,SIMULATED_PVLIB,,,,,346.49,2009.64,,,,,,623.6206896551724,0.06480458333333383,0.017916666666666803,39.95073533489379,0.9476724263278717,0.82,,21.053032491396664,68.94696750860334,165.57733164277488,1.0710305920977579,5.338058858114458,969.6249955089754
2026-09-15,Khavda Renewable Energy Park,SIMULATED,SIMULATED_PVLIB,,,,,12096.4,70159.12,,,,,,882.2413793103449,2.30904625,0.45125000000000004,45.422949285733516,0.9285196774999327,0.82,,21.407682454721396,68.5923175452786,166.0545542061691,1.0736040768272401,5.329937818634263,973.7453236946772
2026-09-16,Khavda Renewable Energy Park,SIMULATED,SIMULATED_PVLIB,,,,,14363.91,83310.68,,,,,,942.4137931034483,3.0450175,0.5570833333333334,46.20598800368009,0.9257790419871197,0.82,,21.764465006488052,68.23553499351195,166.51813239426247,1.076247184931278,5.32113000869961,975.4222767271455
2026-09-17,Khavda Renewable Energy Park,SIMULATED,SIMULATED_PVLIB,,,,,14177.71,82230.72,,,,,,1022.9310344827586,4.9194458333333335,0.8291666666666667,49.63471055438575,0.9137785130596499,0.82,,22.123250903436073,67.87674909656393,166.9683568570366,1.078960514625396,5.311999355233766,977.2907048209936
2026-09-18,Khavda Renewable Energy Park,SIMULATED,SIMULATED_PVLIB,,,,,14106.25,81816.25,,,,,,1033.448275862069,5.42457,0.905,50.95072621922887,0.909172458232699,0.82,,22.483912321621943,67.51608767837806,167.40550658992981,1.081744637759108,5.302546597261042,978.2918969085214
