MAE,RMSE,R2_Score
1.7466434220107279,3.71742564714442,0.9930858218011189
