MAE,RMSE,R2_Score
1.0978775358103958,1.6781648740409163,0.9985631145966222
