MAE,RMSE,R2_Score,MAPE
36.229033403953245,47.76911979322208,0.9998713869312569,2629528867.3194404
