MAE,RMSE,R2_Score,MAPE
40.44267819144239,54.382528037439265,0.9998237711570642,6317550028.585649
