MAE,RMSE,R2_Score,MAPE
46.18893686923083,65.34755492333659,0.9997440318981456,22446154730.514965
