MAE,RMSE,R2_Score
1.2218079136557292,3.705734144177923,0.9929934951782857
