MAE,RMSE,R2_Score,MAPE
44.88721898330232,60.52078111582414,0.9997877379050416,14581641067.828905
