MAE,RMSE,R2_Score,MAPE
47.52959155347909,63.17654291954912,0.9997709063563652,6077757796.602195
