MAE,RMSE,R2_Score,MAPE
40.33828102721612,51.13394460499152,0.9997374943055313,3.082988655311356
