MAE,RMSE,R2_Score,MAPE
47.780951558900526,66.11017240691405,0.9997777994917145,11926968123.22141
