MAE,RMSE,R2_Score,MAPE
43.90964407467855,58.65298764781515,0.9998060897890523,9583566013.859484
