MAE,RMSE,R2_Score
1.1438347004827794,2.432356985702956,0.9969813862710704
