MAE,RMSE,R2_Score,MAPE
45.99144937573828,62.020094724363126,0.999780632282453,8609163767.646967
