feature,importance
cloud_cover_pct,0.6959019
solar_radiation_kwh_m2_day,0.30187935
week_of_year,0.00061706366
temperature_c,0.00040045255
rainfall_mm,0.00032788827
day_of_year,0.00023188713
month,0.00021910231
humidity_pct,0.0001846684
is_weekend,0.00013158422
year,0.00010610053
quarter,0.0
