feature,importance
cloud_cover_pct,0.6909397
solar_radiation_kwh_m2_day,0.30722693
rainfall_mm,0.00035585187
temperature_c,0.00032702138
week_of_year,0.00031752524
day_of_year,0.00025653545
humidity_pct,0.00020370055
month,0.0001390976
year,0.00013768947
is_weekend,9.590754e-05
quarter,0.0
