MAE,RMSE,R2_Score,MAPE
46.2591464403969,65.46250627458473,0.9997345023135641,20618922337.24002
