MAE,RMSE,R2_Score
1.0535390240812934,2.1283957282800667,0.9979922098434949
