MAE,RMSE,R2_Score
0.9875914016580166,1.3918963573776824,0.9991363650698252
