MAE,RMSE,R2_Score,MAPE
45.70271291707549,61.29084275492621,0.9996311702693047,5.545032721922835
