MAE,RMSE,R2_Score,MAPE
48.01799812100695,65.80677702530946,0.9997339020598878,16867631674.496677
