MAE,RMSE,R2_Score
767.0869984941762,970.1369893533899,0.8876090064761017
