MAE,RMSE,R2_Score
12.127101679293608,15.418371825198733,0.8810586081732322
