MAE,RMSE,R2_Score,MAPE
47.929930717913585,62.54480566417756,0.9997799095344578,7070210982.862947
