feature,importance
cloud_cover_pct,0.68513674
solar_radiation_kwh_m2_day,0.31271118
week_of_year,0.0007041013
temperature_c,0.00035979965
rainfall_mm,0.00029890367
day_of_year,0.00028234633
humidity_pct,0.0001838574
year,0.00012707095
month,0.00010345035
is_weekend,9.258605e-05
quarter,0.0
