MAE,RMSE,R2_Score,MAPE
1071.4443692435989,1354.9480754385352,0.8885921209935156,194.8164463451986
