MAE,RMSE,R2_Score
1.7520797457629218,3.724254458455023,0.9930603961492369
