MAE,RMSE,R2_Score
771.9302746645164,980.9855897952515,0.8850813173971604
