MAE,RMSE,R2_Score,MAPE
1069.8263261973925,1349.245534151612,0.8883214305038614,195.5946117428353
