MAE,RMSE,R2_Score
0.6381664768625613,1.0911804547076998,0.9994385680674405
