feature,importance
cloud_cover_pct,0.6833567
solar_radiation_kwh_m2_day,0.31468862
rainfall_mm,0.00043203353
temperature_c,0.0004170868
month,0.00036837842
day_of_year,0.00024186289
humidity_pct,0.00015768019
year,0.00013091831
week_of_year,0.000104307874
is_weekend,0.00010249105
quarter,0.0
