date,site_name,solar_generation_mw,predicted_solar_generation_mw,co2_avoided_tons,coal_saved_tons,trees_equivalent_million,overall_risk_level,risk_alert,active_high_risk_factors,ai_insight
2020-01-01,Khavda Renewable Energy Park,3448.8557486334994,0.0,16402.76,10001.68,0.75,LOW,NORMAL_OPERATIONS,NORMAL,Favorable weather conditions. Revenue outlook remains favorable.
2020-01-02,Khavda Renewable Energy Park,6816.088811549824,0.0,32417.32,19766.66,1.47,LOW,NORMAL_OPERATIONS,NORMAL,Favorable weather conditions. Revenue outlook remains favorable.
2020-01-03,Khavda Renewable Energy Park,5087.517334073524,0.0,24196.23,14753.8,1.1,LOW,NORMAL_OPERATIONS,NORMAL,Favorable weather conditions. Revenue outlook remains favorable.
2020-01-04,Khavda Renewable Energy Park,8508.91643183488,0.0,40468.41,24675.86,1.84,LOW,NORMAL_OPERATIONS,NORMAL,Favorable weather conditions. Revenue outlook remains favorable.
2020-01-05,Khavda Renewable Energy Park,7395.531457950378,0.0,35173.15,21447.04,1.6,LOW,NORMAL_OPERATIONS,NORMAL,Favorable weather conditions. Revenue outlook remains favorable.
2020-01-06,Khavda Renewable Energy Park,8999.482714706735,0.0,42801.54,26098.5,1.95,LOW,NORMAL_OPERATIONS,NORMAL,Favorable weather conditions. Revenue outlook remains favorable.
2020-01-07,Khavda Renewable Energy Park,9386.710017879212,0.0,44643.19,27221.46,2.03,LOW,NORMAL_OPERATIONS,NORMAL,Favorable weather conditions. Revenue outlook remains favorable.
2020-01-08,Khavda Renewable Energy Park,9341.361962103974,0.0,44427.52,27089.95,2.02,LOW,NORMAL_OPERATIONS,NORMAL,Favorable weather conditions. Revenue outlook remains favorable.
2020-01-09,Khavda Renewable Energy Park,10135.041427521975,0.0,48202.26,29391.62,2.19,LOW,NORMAL_OPERATIONS,NORMAL,Favorable weather conditions. Revenue outlook remains favorable.
2020-01-10,Khavda Renewable Energy Park,9579.702780040292,0.0,45561.07,27781.14,2.07,LOW,NORMAL_OPERATIONS,NORMAL,Favorable weather conditions. Revenue outlook remains favorable.
2020-01-11,Khavda Renewable Energy Park,8055.0314397512175,0.0,38309.73,23359.59,1.74,LOW,NORMAL_OPERATIONS,NORMAL,Favorable weather conditions. Revenue outlook remains favorable.
2020-01-12,Khavda Renewable Energy Park,6632.123543950898,0.0,31542.38,19233.16,1.43,LOW,NORMAL_OPERATIONS,NORMAL,Favorable weather conditions. Revenue outlook remains favorable.
2020-01-13,Khavda Renewable Energy Park,7091.680698377152,0.0,33728.04,20565.88,1.53,LOW,NORMAL_OPERATIONS,NORMAL,Favorable weather conditions. Revenue outlook remains favorable.
2020-01-14,Khavda Renewable Energy Park,9727.315419637373,0.0,46263.11,28209.22,2.1,LOW,NORMAL_OPERATIONS,NORMAL,Favorable weather conditions. Revenue outlook remains favorable.
2020-01-15,Khavda Renewable Energy Park,9816.813069848991,0.0,46688.77,28468.76,2.12,LOW,NORMAL_OPERATIONS,NORMAL,Favorable weather conditions. Revenue outlook remains favorable.
2020-01-16,Khavda Renewable Energy Park,10138.287323369172,0.0,48217.7,29401.04,2.19,LOW,NORMAL_OPERATIONS,NORMAL,Favorable weather conditions. Revenue outlook remains favorable.
2020-01-17,Khavda Renewable Energy Park,10475.357137661482,0.0,49820.8,30378.54,2.26,LOW,NORMAL_OPERATIONS,NORMAL,Favorable weather conditions. Revenue outlook remains favorable.
2020-01-18,Khavda Renewable Energy Park,10024.022707037102,0.0,47674.25,29069.66,2.17,LOW,NORMAL_OPERATIONS,NORMAL,Favorable weather conditions. Revenue outlook remains favorable.
2020-01-19,Khavda Renewable Energy Park,7951.718698540184,0.0,37818.38,23059.98,1.72,LOW,NORMAL_OPERATIONS,NORMAL,Favorable weather conditions. Revenue outlook remains favorable.
2020-01-20,Khavda Renewable Energy Park,8649.046991667054,0.0,41134.87,25082.24,1.87,LOW,NORMAL_OPERATIONS,NORMAL,Favorable weather conditions. Revenue outlook remains favorable.
2020-01-21,Khavda Renewable Energy Park,9846.89020845018,0.0,46831.81,28555.98,2.13,LOW,NORMAL_OPERATIONS,NORMAL,Favorable weather conditions. Revenue outlook remains favorable.
2020-01-22,Khavda Renewable Energy Park,10133.391777822048,0.0,48194.41,29386.84,2.19,LOW,NORMAL_OPERATIONS,NORMAL,Favorable weather conditions. Revenue outlook remains favorable.
2020-01-23,Khavda Renewable Energy Park,8016.003333892322,0.0,38124.11,23246.41,1.73,LOW,NORMAL_OPERATIONS,NORMAL,Favorable weather conditions. Revenue outlook remains favorable.
2020-01-24,Khavda Renewable Energy Park,10150.140974119264,0.0,48274.07,29435.41,2.19,LOW,NORMAL_OPERATIONS,NORMAL,Favorable weather conditions. Revenue outlook remains favorable.
2020-01-25,Khavda Renewable Energy Park,9790.79987589011,0.0,46565.04,28393.32,2.12,LOW,NORMAL_OPERATIONS,NORMAL,Favorable weather conditions. Revenue outlook remains favorable.
2020-01-26,Khavda Renewable Energy Park,9881.002959980491,0.0,46994.05,28654.91,2.14,LOW,NORMAL_OPERATIONS,NORMAL,Favorable weather conditions. Revenue outlook remains favorable.
2020-01-27,Khavda Renewable Energy Park,8849.837527370008,0.0,42089.83,25664.53,1.91,LOW,NORMAL_OPERATIONS,NORMAL,Favorable weather conditions. Revenue outlook remains favorable.
2020-01-28,Khavda Renewable Energy Park,10411.383217862089,0.0,49516.54,30193.01,2.25,LOW,NORMAL_OPERATIONS,NORMAL,Favorable weather conditions. Revenue outlook remains favorable.
2020-01-29,Khavda Renewable Energy Park,10850.22738087764,0.0,51603.68,31465.66,2.35,LOW,NORMAL_OPERATIONS,NORMAL,Favorable weather conditions. Revenue outlook remains favorable.
2020-01-30,Khavda Renewable Energy Park,10677.483297366663,0.0,50782.11,30964.7,2.31,LOW,NORMAL_OPERATIONS,NORMAL,Favorable weather conditions. Revenue outlook remains favorable.
2020-01-31,Khavda Renewable Energy Park,11978.229974507143,0.0,56968.46,34736.86,2.59,LOW,NORMAL_OPERATIONS,NORMAL,Favorable weather conditions. Revenue outlook remains favorable.
2020-02-01,Khavda Renewable Energy Park,10666.412285557248,0.0,50729.46,30932.6,2.31,LOW,NORMAL_OPERATIONS,NORMAL,Favorable weather conditions. Revenue outlook remains favorable.
2020-02-02,Khavda Renewable Energy Park,9839.20799950198,0.0,46795.28,28533.7,2.13,LOW,NORMAL_OPERATIONS,NORMAL,Favorable weather conditions. Revenue outlook remains favorable.
2020-02-03,Khavda Renewable Energy Park,10126.236078748016,0.0,48160.38,29366.08,2.19,LOW,NORMAL_OPERATIONS,NORMAL,Favorable weather conditions. Revenue outlook remains favorable.
2020-02-04,Khavda Renewable Energy Park,9656.97312002051,0.0,45928.56,28005.22,2.09,LOW,NORMAL_OPERATIONS,NORMAL,Favorable weather conditions. Revenue outlook remains favorable.
2020-02-05,Khavda Renewable Energy Park,10896.801173348693,0.0,51825.19,31600.72,2.36,LOW,NORMAL_OPERATIONS,NORMAL,Favorable weather conditions. Revenue outlook remains favorable.
2020-02-06,Khavda Renewable Energy Park,11404.211530480648,0.0,54238.43,33072.21,2.47,LOW,NORMAL_OPERATIONS,NORMAL,Favorable weather conditions. Revenue outlook remains favorable.
2020-02-07,Khavda Renewable Energy Park,11008.693193145924,0.0,52357.34,31925.21,2.38,LOW,NORMAL_OPERATIONS,NORMAL,Favorable weather conditions. Revenue outlook remains favorable.
2020-02-08,Khavda Renewable Energy Park,11459.176406046498,0.0,54499.84,33231.61,2.48,LOW,NORMAL_OPERATIONS,NORMAL,Favorable weather conditions. Revenue outlook remains favorable.
2020-02-09,Khavda Renewable Energy Park,11251.403747965947,0.0,53511.67,32629.07,2.43,LOW,NORMAL_OPERATIONS,NORMAL,Favorable weather conditions. Revenue outlook remains favorable.
2020-02-10,Khavda Renewable Energy Park,11677.070225944044,0.0,55536.15,33863.5,2.52,LOW,NORMAL_OPERATIONS,NORMAL,Favorable weather conditions. Revenue outlook remains favorable.
2020-02-11,Khavda Renewable Energy Park,7410.406536071206,0.0,35243.9,21490.18,1.6,LOW,NORMAL_OPERATIONS,NORMAL,Favorable weather conditions. Revenue outlook remains favorable.
2020-02-12,Khavda Renewable Energy Park,5467.517398440641,0.0,26003.51,15855.8,1.18,LOW,NORMAL_OPERATIONS,NORMAL,Favorable weather conditions. Revenue outlook remains favorable.
2020-02-13,Khavda Renewable Energy Park,7214.610999783638,0.0,34312.69,20922.37,1.56,LOW,NORMAL_OPERATIONS,NORMAL,Favorable weather conditions. Revenue outlook remains favorable.
2020-02-14,Khavda Renewable Energy Park,6029.687015358997,0.0,28677.19,17486.09,1.3,LOW,NORMAL_OPERATIONS,NORMAL,Favorable weather conditions. Revenue outlook remains favorable.
2020-02-15,Khavda Renewable Energy Park,11183.789960095568,0.0,53190.1,32432.99,2.42,LOW,NORMAL_OPERATIONS,NORMAL,Favorable weather conditions. Revenue outlook remains favorable.
2020-02-16,Khavda Renewable Energy Park,12102.975580291168,0.0,57561.75,35098.63,2.62,LOW,NORMAL_OPERATIONS,NORMAL,Favorable weather conditions. Revenue outlook remains favorable.
2020-02-17,Khavda Renewable Energy Park,11053.670271547708,0.0,52571.26,32055.64,2.39,LOW,NORMAL_OPERATIONS,NORMAL,Favorable weather conditions. Revenue outlook remains favorable.
2020-02-18,Khavda Renewable Energy Park,1674.2564359865971,0.0,7962.77,4855.34,0.36,MEDIUM,NORMAL_OPERATIONS,CLOUD_CURTAILMENT,Cloud cover and rainfall may reduce solar generation.
2020-02-19,Khavda Renewable Energy Park,6007.858770958295,0.0,28573.38,17422.79,1.3,LOW,NORMAL_OPERATIONS,NORMAL,Favorable weather conditions. Revenue outlook remains favorable.
2020-02-20,Khavda Renewable Energy Park,12035.103661903322,0.0,57238.95,34901.8,2.6,LOW,NORMAL_OPERATIONS,NORMAL,Favorable weather conditions. Revenue outlook remains favorable.
2020-02-21,Khavda Renewable Energy Park,7264.217922978262,0.0,34548.62,21066.23,1.57,LOW,NORMAL_OPERATIONS,NORMAL,Favorable weather conditions. Revenue outlook remains favorable.
2020-02-22,Khavda Renewable Energy Park,11619.9011550303,0.0,55264.25,33697.71,2.51,LOW,NORMAL_OPERATIONS,NORMAL,Favorable weather conditions. Revenue outlook remains favorable.
2020-02-23,Khavda Renewable Energy Park,11444.29208018102,0.0,54429.05,33188.44,2.47,LOW,NORMAL_OPERATIONS,NORMAL,Favorable weather conditions. Revenue outlook remains favorable.
2020-02-24,Khavda Renewable Energy Park,11800.82829790622,0.0,56124.74,34222.4,2.55,LOW,NORMAL_OPERATIONS,NORMAL,Favorable weather conditions. Revenue outlook remains favorable.
2020-02-25,Khavda Renewable Energy Park,8363.816393626103,0.0,39778.31,24255.07,1.81,LOW,NORMAL_OPERATIONS,NORMAL,Favorable weather conditions. Revenue outlook remains favorable.
2020-02-26,Khavda Renewable Energy Park,9015.140554860363,0.0,42876.01,26143.91,1.95,LOW,NORMAL_OPERATIONS,NORMAL,Favorable weather conditions. Revenue outlook remains favorable.
2020-02-27,Khavda Renewable Energy Park,12171.232043186674,0.0,57886.38,35296.57,2.63,LOW,NORMAL_OPERATIONS,NORMAL,Favorable weather conditions. Revenue outlook remains favorable.
2020-02-28,Khavda Renewable Energy Park,7435.616562236149,0.0,35363.8,21563.29,1.61,LOW,NORMAL_OPERATIONS,NORMAL,Favorable weather conditions. Revenue outlook remains favorable.
2020-02-29,Khavda Renewable Energy Park,8599.664565298812,0.0,40900.0,24939.02,1.86,LOW,NORMAL_OPERATIONS,NORMAL,Favorable weather conditions. Revenue outlook remains favorable.
2020-03-01,Khavda Renewable Energy Park,10996.970922242366,0.0,52301.59,31891.22,2.38,LOW,NORMAL_OPERATIONS,NORMAL,Favorable weather conditions. Revenue outlook remains favorable.
2020-03-02,Khavda Renewable Energy Park,12130.638184586614,0.0,57693.31,35178.85,2.62,LOW,NORMAL_OPERATIONS,NORMAL,Favorable weather conditions. Revenue outlook remains favorable.
2020-03-03,Khavda Renewable Energy Park,12747.58561440314,0.0,60627.52,36968.0,2.76,LOW,NORMAL_OPERATIONS,NORMAL,Favorable weather conditions. Revenue outlook remains favorable.
2020-03-04,Khavda Renewable Energy Park,12779.9235352377,0.0,60781.32,37061.78,2.76,LOW,NORMAL_OPERATIONS,NORMAL,Favorable weather conditions. Revenue outlook remains favorable.
2020-03-05,Khavda Renewable Energy Park,9418.525916294277,0.0,44794.51,27313.72,2.04,LOW,NORMAL_OPERATIONS,NORMAL,Favorable weather conditions. Revenue outlook remains favorable.
2020-03-06,Khavda Renewable Energy Park,12967.58610388141,0.0,61673.84,37606.0,2.8,LOW,NORMAL_OPERATIONS,NORMAL,Favorable weather conditions. Revenue outlook remains favorable.
2020-03-07,Khavda Renewable Energy Park,12514.6985824623,0.0,59519.9,36292.62,2.71,LOW,NORMAL_OPERATIONS,NORMAL,Favorable weather conditions. Revenue outlook remains favorable.
2020-03-08,Khavda Renewable Energy Park,12351.46276724524,0.0,58743.55,35819.24,2.67,LOW,NORMAL_OPERATIONS,NORMAL,Favorable weather conditions. Revenue outlook remains favorable.
2020-03-09,Khavda Renewable Energy Park,6757.239941684031,0.0,32137.43,19596.0,1.46,LOW,NORMAL_OPERATIONS,NORMAL,Favorable weather conditions. Revenue outlook remains favorable.
2020-03-10,Khavda Renewable Energy Park,11681.094258446838,0.0,55555.29,33875.18,2.53,LOW,NORMAL_OPERATIONS,NORMAL,Favorable weather conditions. Revenue outlook remains favorable.
2020-03-11,Khavda Renewable Energy Park,12889.87356517912,0.0,61304.24,37380.64,2.79,LOW,NORMAL_OPERATIONS,NORMAL,Favorable weather conditions. Revenue outlook remains favorable.
2020-03-12,Khavda Renewable Energy Park,12789.598914818209,0.0,60827.33,37089.84,2.76,LOW,NORMAL_OPERATIONS,NORMAL,Favorable weather conditions. Revenue outlook remains favorable.
2020-03-13,Khavda Renewable Energy Park,12477.803995146944,0.0,59344.43,36185.63,2.7,LOW,NORMAL_OPERATIONS,NORMAL,Favorable weather conditions. Revenue outlook remains favorable.
2020-03-14,Khavda Renewable Energy Park,10844.172183574465,0.0,51574.88,31448.1,2.34,LOW,NORMAL_OPERATIONS,NORMAL,Favorable weather conditions. Revenue outlook remains favorable.
2020-03-15,Khavda Renewable Energy Park,1989.2138068427485,0.0,9460.7,5768.72,0.43,MEDIUM,NORMAL_OPERATIONS,CLOUD_CURTAILMENT,Cloud cover and rainfall may reduce solar generation.
2020-03-16,Khavda Renewable Energy Park,912.6470496185974,0.0,4340.55,2646.68,0.2,MEDIUM,NORMAL_OPERATIONS,CLOUD_CURTAILMENT,Cloud cover and rainfall may reduce solar generation.
2020-03-17,Khavda Renewable Energy Park,12549.455248416498,0.0,59685.21,36393.42,2.71,LOW,NORMAL_OPERATIONS,NORMAL,Favorable weather conditions. Revenue outlook remains favorable.
2020-03-18,Khavda Renewable Energy Park,11814.361779455769,0.0,56189.11,34261.65,2.55,LOW,NORMAL_OPERATIONS,NORMAL,Favorable weather conditions. Revenue outlook remains favorable.
2020-03-19,Khavda Renewable Energy Park,7603.595438854806,0.0,36162.7,22050.42,1.64,LOW,NORMAL_OPERATIONS,NORMAL,Favorable weather conditions. Revenue outlook remains favorable.
2020-03-20,Khavda Renewable Energy Park,11382.806175301404,0.0,54136.63,33010.14,2.46,LOW,NORMAL_OPERATIONS,NORMAL,Favorable weather conditions. Revenue outlook remains favorable.
2020-03-21,Khavda Renewable Energy Park,9062.675579785777,0.0,43102.09,26281.76,1.96,LOW,NORMAL_OPERATIONS,NORMAL,Favorable weather conditions. Revenue outlook remains favorable.
2020-03-22,Khavda Renewable Energy Park,6803.988838475675,0.0,32359.77,19731.57,1.47,LOW,NORMAL_OPERATIONS,NORMAL,Favorable weather conditions. Revenue outlook remains favorable.
2020-03-23,Khavda Renewable Energy Park,3639.697651641855,0.0,17310.4,10555.12,0.79,LOW,NORMAL_OPERATIONS,NORMAL,Favorable weather conditions. Revenue outlook remains favorable.
2020-03-24,Khavda Renewable Energy Park,4985.583935923609,0.0,23711.44,14458.2,1.08,LOW,NORMAL_OPERATIONS,NORMAL,Favorable weather conditions. Revenue outlook remains favorable.
2020-03-25,Khavda Renewable Energy Park,1425.1322283319987,0.0,6777.93,4132.88,0.31,MEDIUM,NORMAL_OPERATIONS,CLOUD_CURTAILMENT,Cloud cover and rainfall may reduce solar generation.
2020-03-26,Khavda Renewable Energy Park,251.5300347412758,0.0,1196.27,729.44,0.05,MEDIUM,NORMAL_OPERATIONS,CLOUD_CURTAILMENT,Cloud cover and rainfall may reduce solar generation.
2020-03-27,Khavda Renewable Energy Park,11213.73171741609,0.0,53332.5,32519.82,2.42,LOW,NORMAL_OPERATIONS,NORMAL,Favorable weather conditions. Revenue outlook remains favorable.
2020-03-28,Khavda Renewable Energy Park,12366.17809616104,0.0,58813.54,35861.92,2.67,LOW,NORMAL_OPERATIONS,NORMAL,Favorable weather conditions. Revenue outlook remains favorable.
2020-03-29,Khavda Renewable Energy Park,12882.982988219868,0.0,61271.47,37360.65,2.79,LOW,NORMAL_OPERATIONS,NORMAL,Favorable weather conditions. Revenue outlook remains favorable.
2020-03-30,Khavda Renewable Energy Park,12478.855589060724,0.0,59349.44,36188.68,2.7,LOW,NORMAL_OPERATIONS,NORMAL,Favorable weather conditions. Revenue outlook remains favorable.
2020-03-31,Khavda Renewable Energy Park,10450.158277780503,0.0,49700.95,30305.46,2.26,LOW,NORMAL_OPERATIONS,NORMAL,Favorable weather conditions. Revenue outlook remains favorable.
2020-04-01,Khavda Renewable Energy Park,12683.402822828604,0.0,60322.27,36781.87,2.74,LOW,NORMAL_OPERATIONS,NORMAL,Favorable weather conditions. Revenue outlook remains favorable.
2020-04-02,Khavda Renewable Energy Park,13415.563416890114,0.0,63804.42,38905.14,2.9,LOW,NORMAL_OPERATIONS,NORMAL,Favorable weather conditions. Revenue outlook remains favorable.
2020-04-03,Khavda Renewable Energy Park,13130.662869328413,0.0,62449.43,38078.92,2.84,LOW,NORMAL_OPERATIONS,NORMAL,Favorable weather conditions. Revenue outlook remains favorable.
2020-04-04,Khavda Renewable Energy Park,12661.719976995388,0.0,60219.14,36718.99,2.74,LOW,NORMAL_OPERATIONS,NORMAL,Favorable weather conditions. Revenue outlook remains favorable.
2020-04-05,Khavda Renewable Energy Park,4893.01446387837,0.0,23271.17,14189.74,1.06,LOW,NORMAL_OPERATIONS,NORMAL,Favorable weather conditions. Revenue outlook remains favorable.
2020-04-06,Khavda Renewable Energy Park,12506.428751020658,0.0,59480.58,36268.64,2.7,LOW,NORMAL_OPERATIONS,NORMAL,Favorable weather conditions. Revenue outlook remains favorable.
2020-04-07,Khavda Renewable Energy Park,8358.007028198275,0.0,39750.68,24238.22,1.81,LOW,NORMAL_OPERATIONS,NORMAL,Favorable weather conditions. Revenue outlook remains favorable.
2020-04-08,Khavda Renewable Energy Park,10147.185677520552,0.0,48260.02,29426.84,2.19,LOW,NORMAL_OPERATIONS,NORMAL,Favorable weather conditions. Revenue outlook remains favorable.
2020-04-09,Khavda Renewable Energy Park,11726.94263205868,0.0,55773.34,34008.14,2.54,LOW,NORMAL_OPERATIONS,NORMAL,Favorable weather conditions. Revenue outlook remains favorable.
2020-04-10,Khavda Renewable Energy Park,12811.604256344544,0.0,60931.99,37153.65,2.77,LOW,NORMAL_OPERATIONS,NORMAL,Favorable weather conditions. Revenue outlook remains favorable.
2020-04-11,Khavda Renewable Energy Park,10142.529026194054,0.0,48237.87,29413.34,2.19,LOW,NORMAL_OPERATIONS,NORMAL,Favorable weather conditions. Revenue outlook remains favorable.
2020-04-12,Khavda Renewable Energy Park,12450.523876332629,0.0,59214.69,36106.52,2.69,LOW,NORMAL_OPERATIONS,NORMAL,Favorable weather conditions. Revenue outlook remains favorable.
2020-04-13,Khavda Renewable Energy Park,11401.881049221409,0.0,54227.35,33065.46,2.46,LOW,NORMAL_OPERATIONS,NORMAL,Favorable weather conditions. Revenue outlook remains favorable.
2020-04-14,Khavda Renewable Energy Park,6877.139210033096,0.0,32707.68,19943.71,1.49,LOW,NORMAL_OPERATIONS,NORMAL,Favorable weather conditions. Revenue outlook remains favorable.
2020-04-15,Khavda Renewable Energy Park,4310.079520872966,0.0,20498.74,12499.23,0.93,LOW,NORMAL_OPERATIONS,NORMAL,Favorable weather conditions. Revenue outlook remains favorable.
2020-04-16,Khavda Renewable Energy Park,3826.3756437063694,0.0,18198.24,11096.49,0.83,LOW,NORMAL_OPERATIONS,NORMAL,Favorable weather conditions. Revenue outlook remains favorable.
2020-04-17,Khavda Renewable Energy Park,9313.614217289189,0.0,44295.55,27009.48,2.01,LOW,NORMAL_OPERATIONS,NORMAL,Favorable weather conditions. Revenue outlook remains favorable.
2020-04-18,Khavda Renewable Energy Park,11070.405992557107,0.0,52650.85,32104.18,2.39,LOW,NORMAL_OPERATIONS,NORMAL,Favorable weather conditions. Revenue outlook remains favorable.
2020-04-19,Khavda Renewable Energy Park,2054.8546402826264,0.0,9772.89,5959.08,0.44,MEDIUM,NORMAL_OPERATIONS,CLOUD_CURTAILMENT,Cloud cover and rainfall may reduce solar generation.
2020-04-20,Khavda Renewable Energy Park,11505.141941879569,0.0,54718.45,33364.91,2.49,LOW,NORMAL_OPERATIONS,NORMAL,Favorable weather conditions. Revenue outlook remains favorable.
2020-04-21,Khavda Renewable Energy Park,9023.583103827645,0.0,42916.16,26168.39,1.95,LOW,NORMAL_OPERATIONS,NORMAL,Favorable weather conditions. Revenue outlook remains favorable.
2020-04-22,Khavda Renewable Energy Park,6111.610262246199,0.0,29066.82,17723.67,1.32,LOW,NORMAL_OPERATIONS,NORMAL,Favorable weather conditions. Revenue outlook remains favorable.
2020-04-23,Khavda Renewable Energy Park,11640.000576833803,0.0,55359.84,33756.0,2.52,LOW,NORMAL_OPERATIONS,NORMAL,Favorable weather conditions. Revenue outlook remains favorable.
2020-04-24,Khavda Renewable Energy Park,13349.28630168595,0.0,63489.21,38712.93,2.89,LOW,NORMAL_OPERATIONS,NORMAL,Favorable weather conditions. Revenue outlook remains favorable.
2020-04-25,Khavda Renewable Energy Park,13006.084252700302,0.0,61856.94,37717.64,2.81,LOW,NORMAL_OPERATIONS,NORMAL,Favorable weather conditions. Revenue outlook remains favorable.
2020-04-26,Khavda Renewable Energy Park,13155.886992808531,0.0,62569.39,38152.07,2.84,LOW,NORMAL_OPERATIONS,NORMAL,Favorable weather conditions. Revenue outlook remains favorable.
2020-04-27,Khavda Renewable Energy Park,13041.655335505096,0.0,62026.11,37820.8,2.82,LOW,NORMAL_OPERATIONS,NORMAL,Favorable weather conditions. Revenue outlook remains favorable.
2020-04-28,Khavda Renewable Energy Park,11942.618323623085,0.0,56799.1,34633.6,2.58,LOW,NORMAL_OPERATIONS,NORMAL,Favorable weather conditions. Revenue outlook remains favorable.
2020-04-29,Khavda Renewable Energy Park,12566.4499330608,0.0,59766.04,36442.7,2.72,LOW,NORMAL_OPERATIONS,NORMAL,Favorable weather conditions. Revenue outlook remains favorable.
2020-04-30,Khavda Renewable Energy Park,12725.555820435806,0.0,60522.74,36904.11,2.75,LOW,NORMAL_OPERATIONS,NORMAL,Favorable weather conditions. Revenue outlook remains favorable.
2020-05-01,Khavda Renewable Energy Park,13746.46742736559,0.0,65378.2,39864.75,2.97,LOW,NORMAL_OPERATIONS,NORMAL,Favorable weather conditions. Revenue outlook remains favorable.
2020-05-02,Khavda Renewable Energy Park,14030.089262239171,0.0,66727.11,40687.26,3.03,LOW,NORMAL_OPERATIONS,NORMAL,Favorable weather conditions. Revenue outlook remains favorable.
2020-05-03,Khavda Renewable Energy Park,14402.334721107118,0.0,68497.5,41766.77,3.11,LOW,NORMAL_OPERATIONS,NORMAL,Favorable weather conditions. Revenue outlook remains favorable.
2020-05-04,Khavda Renewable Energy Park,13488.423475232275,0.0,64150.95,39116.43,2.92,LOW,NORMAL_OPERATIONS,NORMAL,Favorable weather conditions. Revenue outlook remains favorable.
2020-05-05,Khavda Renewable Energy Park,13653.053248088636,0.0,64933.92,39593.86,2.95,LOW,NORMAL_OPERATIONS,NORMAL,Favorable weather conditions. Revenue outlook remains favorable.
2020-05-06,Khavda Renewable Energy Park,14075.246603176232,0.0,66941.87,40818.21,3.04,LOW,NORMAL_OPERATIONS,NORMAL,Favorable weather conditions. Revenue outlook remains favorable.
2020-05-07,Khavda Renewable Energy Park,12882.70675860422,0.0,61270.15,37359.85,2.79,LOW,NORMAL_OPERATIONS,NORMAL,Favorable weather conditions. Revenue outlook remains favorable.
2020-05-08,Khavda Renewable Energy Park,11939.85098446429,0.0,56785.93,34625.57,2.58,LOW,NORMAL_OPERATIONS,NORMAL,Favorable weather conditions. Revenue outlook remains favorable.
2020-05-09,Khavda Renewable Energy Park,11636.993916427762,0.0,55345.54,33747.28,2.52,LOW,NORMAL_OPERATIONS,NORMAL,Favorable weather conditions. Revenue outlook remains favorable.
2020-05-10,Khavda Renewable Energy Park,11484.275679263174,0.0,54619.22,33304.4,2.48,LOW,NORMAL_OPERATIONS,NORMAL,Favorable weather conditions. Revenue outlook remains favorable.
2020-05-11,Khavda Renewable Energy Park,8020.078617840894,0.0,38143.5,23258.23,1.73,LOW,NORMAL_OPERATIONS,NORMAL,Favorable weather conditions. Revenue outlook remains favorable.
2020-05-12,Khavda Renewable Energy Park,11047.141717845216,0.0,52540.2,32036.71,2.39,LOW,NORMAL_OPERATIONS,NORMAL,Favorable weather conditions. Revenue outlook remains favorable.
2020-05-13,Khavda Renewable Energy Park,11302.918028488022,0.0,53756.67,32778.46,2.44,LOW,NORMAL_OPERATIONS,NORMAL,Favorable weather conditions. Revenue outlook remains favorable.
2020-05-14,Khavda Renewable Energy Park,11158.52431211437,0.0,53069.94,32359.72,2.41,LOW,NORMAL_OPERATIONS,NORMAL,Favorable weather conditions. Revenue outlook remains favorable.
2020-05-15,Khavda Renewable Energy Park,13360.462057931943,0.0,63542.36,38745.34,2.89,LOW,NORMAL_OPERATIONS,NORMAL,Favorable weather conditions. Revenue outlook remains favorable.
2020-05-16,Khavda Renewable Energy Park,13529.073803641357,0.0,64344.28,39234.32,2.92,LOW,NORMAL_OPERATIONS,NORMAL,Favorable weather conditions. Revenue outlook remains favorable.
2020-05-17,Khavda Renewable Energy Park,14153.675718698005,0.0,67314.88,41045.66,3.06,LOW,NORMAL_OPERATIONS,NORMAL,Favorable weather conditions. Revenue outlook remains favorable.
2020-05-18,Khavda Renewable Energy Park,14546.295983807611,0.0,69182.19,42184.26,3.14,LOW,NORMAL_OPERATIONS,NORMAL,Favorable weather conditions. Revenue outlook remains favorable.
2020-05-19,Khavda Renewable Energy Park,14754.919109340217,0.0,70174.39,42789.26,3.19,LOW,NORMAL_OPERATIONS,NORMAL,Favorable weather conditions. Revenue outlook remains favorable.
2020-05-20,Khavda Renewable Energy Park,13565.937994259471,0.0,64519.6,39341.22,2.93,LOW,NORMAL_OPERATIONS,NORMAL,Favorable weather conditions. Revenue outlook remains favorable.
2020-05-21,Khavda Renewable Energy Park,12986.833236589651,0.0,61765.38,37661.82,2.81,LOW,NORMAL_OPERATIONS,NORMAL,Favorable weather conditions. Revenue outlook remains favorable.
2020-05-22,Khavda Renewable Energy Park,12589.717214635702,0.0,59876.7,36510.18,2.72,LOW,NORMAL_OPERATIONS,NORMAL,Favorable weather conditions. Revenue outlook remains favorable.
2020-05-23,Khavda Renewable Energy Park,13486.707849489892,0.0,64142.79,39111.46,2.92,LOW,NORMAL_OPERATIONS,NORMAL,Favorable weather conditions. Revenue outlook remains favorable.
2020-05-24,Khavda Renewable Energy Park,12280.814797483765,0.0,58407.56,35614.36,2.65,LOW,NORMAL_OPERATIONS,NORMAL,Favorable weather conditions. Revenue outlook remains favorable.
2020-05-25,Khavda Renewable Energy Park,13104.652276224757,0.0,62325.72,38003.49,2.83,LOW,NORMAL_OPERATIONS,NORMAL,Favorable weather conditions. Revenue outlook remains favorable.
2020-05-26,Khavda Renewable Energy Park,12964.802741096904,0.0,61660.61,37597.93,2.8,LOW,NORMAL_OPERATIONS,NORMAL,Favorable weather conditions. Revenue outlook remains favorable.
2020-05-27,Khavda Renewable Energy Park,12943.451259050811,0.0,61559.06,37536.01,2.8,LOW,NORMAL_OPERATIONS,NORMAL,Favorable weather conditions. Revenue outlook remains favorable.
2020-05-28,Khavda Renewable Energy Park,13488.704378318724,0.0,64152.28,39117.25,2.92,LOW,NORMAL_OPERATIONS,NORMAL,Favorable weather conditions. Revenue outlook remains favorable.
2020-05-29,Khavda Renewable Energy Park,11039.871193637802,0.0,52505.62,32015.62,2.39,LOW,NORMAL_OPERATIONS,NORMAL,Favorable weather conditions. Revenue outlook remains favorable.
2020-05-30,Khavda Renewable Energy Park,9767.501831002328,0.0,46454.24,28325.76,2.11,LOW,NORMAL_OPERATIONS,NORMAL,Favorable weather conditions. Revenue outlook remains favorable.
2020-05-31,Khavda Renewable Energy Park,6468.62662221295,0.0,30764.78,18759.02,1.4,LOW,NORMAL_OPERATIONS,NORMAL,Favorable weather conditions. Revenue outlook remains favorable.
2020-06-01,Khavda Renewable Energy Park,9620.023608852158,0.0,45752.83,27898.07,2.08,LOW,NORMAL_OPERATIONS,NORMAL,Favorable weather conditions. Revenue outlook remains favorable.
2020-06-02,Khavda Renewable Energy Park,11655.63833995408,0.0,55434.21,33801.35,2.52,LOW,NORMAL_OPERATIONS,NORMAL,Favorable weather conditions. Revenue outlook remains favorable.
2020-06-03,Khavda Renewable Energy Park,13370.801144567791,0.0,63591.53,38775.32,2.89,LOW,NORMAL_OPERATIONS,NORMAL,Favorable weather conditions. Revenue outlook remains favorable.
2020-06-04,Khavda Renewable Energy Park,13113.449268923954,0.0,62367.57,38029.0,2.83,LOW,NORMAL_OPERATIONS,NORMAL,Favorable weather conditions. Revenue outlook remains favorable.
2020-06-05,Khavda Renewable Energy Park,13397.022539777672,0.0,63716.24,38851.36,2.9,LOW,NORMAL_OPERATIONS,NORMAL,Favorable weather conditions. Revenue outlook remains favorable.
2020-06-06,Khavda Renewable Energy Park,11546.970241873974,0.0,54917.39,33486.21,2.5,LOW,NORMAL_OPERATIONS,NORMAL,Favorable weather conditions. Revenue outlook remains favorable.
2020-06-07,Khavda Renewable Energy Park,11087.467605349386,0.0,52731.99,32153.66,2.4,LOW,NORMAL_OPERATIONS,NORMAL,Favorable weather conditions. Revenue outlook remains favorable.
2020-06-08,Khavda Renewable Energy Park,11274.107309652129,0.0,53619.65,32694.91,2.44,LOW,NORMAL_OPERATIONS,NORMAL,Favorable weather conditions. Revenue outlook remains favorable.
2020-06-09,Khavda Renewable Energy Park,8754.96451930507,0.0,41638.61,25389.4,1.89,LOW,NORMAL_OPERATIONS,NORMAL,Favorable weather conditions. Revenue outlook remains favorable.
2020-06-10,Khavda Renewable Energy Park,10220.327133770836,0.0,48607.88,29638.95,2.21,LOW,NORMAL_OPERATIONS,NORMAL,Favorable weather conditions. Revenue outlook remains favorable.
2020-06-11,Khavda Renewable Energy Park,8788.927915597069,0.0,41800.14,25487.89,1.9,LOW,NORMAL_OPERATIONS,NORMAL,Favorable weather conditions. Revenue outlook remains favorable.
2020-06-12,Khavda Renewable Energy Park,4995.355687762373,0.0,23757.91,14486.53,1.08,LOW,NORMAL_OPERATIONS,NORMAL,Favorable weather conditions. Revenue outlook remains favorable.
2020-06-13,Khavda Renewable Energy Park,6745.991900355435,0.0,32083.94,19563.38,1.46,LOW,NORMAL_OPERATIONS,NORMAL,Favorable weather conditions. Revenue outlook remains favorable.
2020-06-14,Khavda Renewable Energy Park,3918.76432998432,0.0,18637.64,11364.42,0.85,MEDIUM,NORMAL_OPERATIONS,CLOUD_CURTAILMENT,Cloud cover and rainfall may reduce solar generation.
2020-06-15,Khavda Renewable Energy Park,5089.115255408534,0.0,24203.83,14758.44,1.1,LOW,NORMAL_OPERATIONS,NORMAL,Favorable weather conditions. Revenue outlook remains favorable.
2020-06-16,Khavda Renewable Energy Park,7819.265373419982,0.0,37188.43,22675.87,1.69,LOW,NORMAL_OPERATIONS,NORMAL,Favorable weather conditions. Revenue outlook remains favorable.
2020-06-17,Khavda Renewable Energy Park,6524.220178755392,0.0,31029.19,18920.24,1.41,LOW,NORMAL_OPERATIONS,NORMAL,Favorable weather conditions. Revenue outlook remains favorable.
2020-06-18,Khavda Renewable Energy Park,12810.892620897015,0.0,60928.61,37151.59,2.77,LOW,NORMAL_OPERATIONS,NORMAL,Favorable weather conditions. Revenue outlook remains favorable.
2020-06-19,Khavda Renewable Energy Park,6757.971512565942,0.0,32140.91,19598.12,1.46,LOW,NORMAL_OPERATIONS,NORMAL,Favorable weather conditions. Revenue outlook remains favorable.
2020-06-20,Khavda Renewable Energy Park,5184.200496175027,0.0,24656.06,15034.18,1.12,LOW,NORMAL_OPERATIONS,NORMAL,Favorable weather conditions. Revenue outlook remains favorable.
2020-06-21,Khavda Renewable Energy Park,4402.654779268865,0.0,20939.03,12767.7,0.95,LOW,NORMAL_OPERATIONS,NORMAL,Favorable weather conditions. Revenue outlook remains favorable.
2020-06-22,Khavda Renewable Energy Park,4475.104124793931,0.0,21283.59,12977.8,0.97,LOW,NORMAL_OPERATIONS,NORMAL,Favorable weather conditions. Revenue outlook remains favorable.
2020-06-23,Khavda Renewable Energy Park,8119.155440827057,0.0,38614.7,23545.55,1.76,LOW,NORMAL_OPERATIONS,NORMAL,Favorable weather conditions. Revenue outlook remains favorable.
2020-06-24,Khavda Renewable Energy Park,4551.206139249272,0.0,21645.54,13198.5,0.98,LOW,NORMAL_OPERATIONS,NORMAL,Favorable weather conditions. Revenue outlook remains favorable.
2020-06-25,Khavda Renewable Energy Park,1627.8285701951722,0.0,7741.96,4720.7,0.35,MEDIUM,NORMAL_OPERATIONS,CLOUD_CURTAILMENT,Cloud cover and rainfall may reduce solar generation.
2020-06-26,Khavda Renewable Energy Park,4332.132530153555,0.0,20603.62,12563.18,0.94,LOW,NORMAL_OPERATIONS,NORMAL,Favorable weather conditions. Revenue outlook remains favorable.
2020-06-27,Khavda Renewable Energy Park,6320.094377577577,0.0,30058.37,18328.28,1.37,LOW,NORMAL_OPERATIONS,NORMAL,Favorable weather conditions. Revenue outlook remains favorable.
2020-06-28,Khavda Renewable Energy Park,7707.729892371307,0.0,36657.96,22352.42,1.67,LOW,NORMAL_OPERATIONS,NORMAL,Favorable weather conditions. Revenue outlook remains favorable.
2020-06-29,Khavda Renewable Energy Park,8526.216368444087,0.0,40550.68,24726.02,1.84,LOW,NORMAL_OPERATIONS,NORMAL,Favorable weather conditions. Revenue outlook remains favorable.
2020-06-30,Khavda Renewable Energy Park,5001.487694007831,0.0,23787.08,14504.32,1.08,LOW,NORMAL_OPERATIONS,NORMAL,Favorable weather conditions. Revenue outlook remains favorable.
2020-07-01,Khavda Renewable Energy Park,10868.667905347662,0.0,51691.38,31519.14,2.35,LOW,NORMAL_OPERATIONS,NORMAL,Favorable weather conditions. Revenue outlook remains favorable.
2020-07-02,Khavda Renewable Energy Park,8404.130760269842,0.0,39970.05,24371.98,1.82,LOW,NORMAL_OPERATIONS,NORMAL,Favorable weather conditions. Revenue outlook remains favorable.
2020-07-03,Khavda Renewable Energy Park,10284.309361824444,0.0,48912.17,29824.5,2.22,LOW,NORMAL_OPERATIONS,NORMAL,Favorable weather conditions. Revenue outlook remains favorable.
2020-07-04,Khavda Renewable Energy Park,2406.9701690754287,0.0,11447.55,6980.22,0.52,MEDIUM,NORMAL_OPERATIONS,CLOUD_CURTAILMENT,Cloud cover and rainfall may reduce solar generation.
2020-07-05,Khavda Renewable Energy Park,1113.7427302888634,0.0,5296.96,3229.86,0.24,MEDIUM,NORMAL_OPERATIONS,CLOUD_CURTAILMENT,Cloud cover and rainfall may reduce solar generation.
2020-07-06,Khavda Renewable Energy Park,9.019911730886216,0.0,42.9,26.16,0.0,MEDIUM,NORMAL_OPERATIONS,CLOUD_CURTAILMENT,Cloud cover and rainfall may reduce solar generation.
2020-07-07,Khavda Renewable Energy Park,0.9232642815560308,0.0,4.39,2.68,0.0,MEDIUM,WEATHER_WARNING,CLOUD_CURTAILMENT|HEAVY_RAIN,Cloud cover and rainfall may reduce solar generation.
2020-07-08,Khavda Renewable Energy Park,206.61600500229912,0.0,982.66,599.18,0.04,MEDIUM,WEATHER_WARNING,CLOUD_CURTAILMENT,Cloud cover and rainfall may reduce solar generation.
2020-07-09,Khavda Renewable Energy Park,5109.911291696267,0.0,24302.74,14818.74,1.1,LOW,NORMAL_OPERATIONS,NORMAL,Favorable weather conditions. Revenue outlook remains favorable.
2020-07-10,Khavda Renewable Energy Park,2573.5907644165864,0.0,12240.0,7463.42,0.56,MEDIUM,NORMAL_OPERATIONS,CLOUD_CURTAILMENT,Cloud cover and rainfall may reduce solar generation.
2020-07-11,Khavda Renewable Energy Park,4498.800203517117,0.0,21396.29,13046.52,0.97,LOW,NORMAL_OPERATIONS,NORMAL,Favorable weather conditions. Revenue outlook remains favorable.
2020-07-12,Khavda Renewable Energy Park,4364.727034679374,0.0,20758.64,12657.71,0.94,LOW,NORMAL_OPERATIONS,NORMAL,Favorable weather conditions. Revenue outlook remains favorable.
2020-07-13,Khavda Renewable Energy Park,6426.104946969818,0.0,30562.56,18635.71,1.39,LOW,NORMAL_OPERATIONS,NORMAL,Favorable weather conditions. Revenue outlook remains favorable.
2020-07-14,Khavda Renewable Energy Park,5002.666008712675,0.0,23792.68,14507.73,1.08,LOW,NORMAL_OPERATIONS,NORMAL,Favorable weather conditions. Revenue outlook remains favorable.
2020-07-15,Khavda Renewable Energy Park,1985.084890781461,0.0,9441.06,5756.74,0.43,MEDIUM,NORMAL_OPERATIONS,CLOUD_CURTAILMENT,Cloud cover and rainfall may reduce solar generation.
2020-07-16,Khavda Renewable Energy Park,359.0308573851753,0.0,1707.55,1041.19,0.08,MEDIUM,NORMAL_OPERATIONS,CLOUD_CURTAILMENT,Cloud cover and rainfall may reduce solar generation.
2020-07-17,Khavda Renewable Energy Park,2467.6364624946905,0.0,11736.08,7156.14,0.53,MEDIUM,NORMAL_OPERATIONS,CLOUD_CURTAILMENT,Cloud cover and rainfall may reduce solar generation.
2020-07-18,Khavda Renewable Energy Park,9453.498959186783,0.0,44960.84,27415.14,2.04,LOW,NORMAL_OPERATIONS,NORMAL,Favorable weather conditions. Revenue outlook remains favorable.
2020-07-19,Khavda Renewable Energy Park,3562.13588382172,0.0,16941.52,10330.2,0.77,MEDIUM,NORMAL_OPERATIONS,CLOUD_CURTAILMENT,Cloud cover and rainfall may reduce solar generation.
2020-07-20,Khavda Renewable Energy Park,5333.863369071968,0.0,25367.86,15468.2,1.15,LOW,NORMAL_OPERATIONS,NORMAL,Favorable weather conditions. Revenue outlook remains favorable.
2020-07-21,Khavda Renewable Energy Park,4567.590433366064,0.0,21723.46,13246.01,0.99,LOW,NORMAL_OPERATIONS,NORMAL,Favorable weather conditions. Revenue outlook remains favorable.
2020-07-22,Khavda Renewable Energy Park,6582.440818768079,0.0,31306.09,19089.08,1.42,LOW,NORMAL_OPERATIONS,NORMAL,Favorable weather conditions. Revenue outlook remains favorable.
2020-07-23,Khavda Renewable Energy Park,7926.670118427768,0.0,37699.25,22987.34,1.71,LOW,NORMAL_OPERATIONS,NORMAL,Favorable weather conditions. Revenue outlook remains favorable.
2020-07-24,Khavda Renewable Energy Park,8945.356723089595,0.0,42544.12,25941.54,1.93,LOW,NORMAL_OPERATIONS,NORMAL,Favorable weather conditions. Revenue outlook remains favorable.
2020-07-25,Khavda Renewable Energy Park,2893.409626690444,0.0,13761.06,8390.89,0.63,MEDIUM,NORMAL_OPERATIONS,CLOUD_CURTAILMENT,Cloud cover and rainfall may reduce solar generation.
2020-07-26,Khavda Renewable Energy Park,2247.456189832369,0.0,10688.9,6517.62,0.49,MEDIUM,NORMAL_OPERATIONS,CLOUD_CURTAILMENT,Cloud cover and rainfall may reduce solar generation.
2020-07-27,Khavda Renewable Energy Park,8365.41920429786,0.0,39785.93,24259.72,1.81,LOW,NORMAL_OPERATIONS,NORMAL,Favorable weather conditions. Revenue outlook remains favorable.
2020-07-28,Khavda Renewable Energy Park,7620.378099774486,0.0,36242.52,22099.1,1.65,LOW,NORMAL_OPERATIONS,NORMAL,Favorable weather conditions. Revenue outlook remains favorable.
2020-07-29,Khavda Renewable Energy Park,2784.2601887364085,0.0,13241.94,8074.36,0.6,MEDIUM,NORMAL_OPERATIONS,CLOUD_CURTAILMENT,Cloud cover and rainfall may reduce solar generation.
2020-07-30,Khavda Renewable Energy Park,3149.899201104902,0.0,14980.92,9134.71,0.68,MEDIUM,NORMAL_OPERATIONS,CLOUD_CURTAILMENT,Cloud cover and rainfall may reduce solar generation.
2020-07-31,Khavda Renewable Energy Park,232.2613028995136,0.0,1104.64,673.56,0.05,MEDIUM,NORMAL_OPERATIONS,CLOUD_CURTAILMENT,Cloud cover and rainfall may reduce solar generation.
2020-08-01,Khavda Renewable Energy Park,5693.183429539725,0.0,27076.78,16510.23,1.23,LOW,NORMAL_OPERATIONS,NORMAL,Favorable weather conditions. Revenue outlook remains favorable.
2020-08-02,Khavda Renewable Energy Park,3578.1125619571244,0.0,17017.5,10376.52,0.77,LOW,NORMAL_OPERATIONS,NORMAL,Favorable weather conditions. Revenue outlook remains favorable.
2020-08-03,Khavda Renewable Energy Park,8929.083792609405,0.0,42466.73,25894.34,1.93,LOW,NORMAL_OPERATIONS,NORMAL,Favorable weather conditions. Revenue outlook remains favorable.
2020-08-04,Khavda Renewable Energy Park,3871.888512599065,0.0,18414.7,11228.48,0.84,LOW,NORMAL_OPERATIONS,NORMAL,Favorable weather conditions. Revenue outlook remains favorable.
2020-08-05,Khavda Renewable Energy Park,4677.585645949282,0.0,22246.6,13565.0,1.01,LOW,NORMAL_OPERATIONS,NORMAL,Favorable weather conditions. Revenue outlook remains favorable.
2020-08-06,Khavda Renewable Energy Park,177.92910062890093,0.0,846.23,516.0,0.04,MEDIUM,NORMAL_OPERATIONS,CLOUD_CURTAILMENT,Cloud cover and rainfall may reduce solar generation.
2020-08-07,Khavda Renewable Energy Park,366.87330408467903,0.0,1744.85,1063.94,0.08,MEDIUM,NORMAL_OPERATIONS,CLOUD_CURTAILMENT,Cloud cover and rainfall may reduce solar generation.
2020-08-08,Khavda Renewable Energy Park,2417.6274969364727,0.0,11498.24,7011.12,0.52,MEDIUM,NORMAL_OPERATIONS,CLOUD_CURTAILMENT,Cloud cover and rainfall may reduce solar generation.
2020-08-09,Khavda Renewable Energy Park,1341.2173572347283,0.0,6378.83,3889.53,0.29,MEDIUM,NORMAL_OPERATIONS,CLOUD_CURTAILMENT,Cloud cover and rainfall may reduce solar generation.
2020-08-10,Khavda Renewable Energy Park,373.314771910036,0.0,1775.49,1082.62,0.08,MEDIUM,NORMAL_OPERATIONS,CLOUD_CURTAILMENT,Cloud cover and rainfall may reduce solar generation.
2020-08-11,Khavda Renewable Energy Park,480.2989567084229,0.0,2284.3,1392.86,0.1,MEDIUM,NORMAL_OPERATIONS,CLOUD_CURTAILMENT,Cloud cover and rainfall may reduce solar generation.
2020-08-12,Khavda Renewable Energy Park,2953.280548863791,0.0,14045.8,8564.52,0.64,MEDIUM,NORMAL_OPERATIONS,CLOUD_CURTAILMENT,Cloud cover and rainfall may reduce solar generation.
2020-08-13,Khavda Renewable Energy Park,1817.1027185109288,0.0,8642.14,5269.6,0.39,MEDIUM,NORMAL_OPERATIONS,CLOUD_CURTAILMENT,Cloud cover and rainfall may reduce solar generation.
2020-08-14,Khavda Renewable Energy Park,584.5799662496146,0.0,2780.26,1695.28,0.13,MEDIUM,NORMAL_OPERATIONS,CLOUD_CURTAILMENT,Cloud cover and rainfall may reduce solar generation.
2020-08-15,Khavda Renewable Energy Park,903.3756797919312,0.0,4296.46,2619.79,0.2,MEDIUM,NORMAL_OPERATIONS,CLOUD_CURTAILMENT,Cloud cover and rainfall may reduce solar generation.
2020-08-16,Khavda Renewable Energy Park,144.0380104479388,0.0,685.04,417.71,0.03,MEDIUM,NORMAL_OPERATIONS,CLOUD_CURTAILMENT,Cloud cover and rainfall may reduce solar generation.
2020-08-17,Khavda Renewable Energy Park,961.504991256622,0.0,4572.92,2788.36,0.21,MEDIUM,NORMAL_OPERATIONS,CLOUD_CURTAILMENT,Cloud cover and rainfall may reduce solar generation.
2020-08-18,Khavda Renewable Energy Park,143.67062285788984,0.0,683.3,416.64,0.03,MEDIUM,NORMAL_OPERATIONS,CLOUD_CURTAILMENT,Cloud cover and rainfall may reduce solar generation.
2020-08-19,Khavda Renewable Energy Park,3149.925406500202,0.0,14981.05,9134.78,0.68,MEDIUM,NORMAL_OPERATIONS,CLOUD_CURTAILMENT,Cloud cover and rainfall may reduce solar generation.
2020-08-20,Khavda Renewable Energy Park,1276.4248004703177,0.0,6070.67,3701.63,0.28,MEDIUM,NORMAL_OPERATIONS,CLOUD_CURTAILMENT,Cloud cover and rainfall may reduce solar generation.
2020-08-21,Khavda Renewable Energy Park,876.2112132499003,0.0,4167.26,2541.02,0.19,MEDIUM,WEATHER_WARNING,CLOUD_CURTAILMENT|HEAVY_RAIN,Cloud cover and rainfall may reduce solar generation.
2020-08-22,Khavda Renewable Energy Park,303.25710114812296,0.0,1442.29,879.44,0.07,MEDIUM,NORMAL_OPERATIONS,CLOUD_CURTAILMENT,Cloud cover and rainfall may reduce solar generation.
2020-08-23,Khavda Renewable Energy Park,0.0,0.0,0.0,0.0,0.0,MEDIUM,WEATHER_WARNING,CLOUD_CURTAILMENT|HEAVY_RAIN,Cloud cover and rainfall may reduce solar generation.
2020-08-24,Khavda Renewable Energy Park,0.0,0.0,0.0,0.0,0.0,MEDIUM,WEATHER_WARNING,CLOUD_CURTAILMENT|HEAVY_RAIN,Cloud cover and rainfall may reduce solar generation.
2020-08-25,Khavda Renewable Energy Park,143.66524497338233,0.0,683.27,416.63,0.03,MEDIUM,WEATHER_WARNING,CLOUD_CURTAILMENT|HEAVY_RAIN,Cloud cover and rainfall may reduce solar generation.
2020-08-26,Khavda Renewable Energy Park,4794.057218746383,0.0,22800.53,13902.76,1.04,LOW,NORMAL_OPERATIONS,NORMAL,Favorable weather conditions. Revenue outlook remains favorable.
2020-08-27,Khavda Renewable Energy Park,5925.01565528001,0.0,28179.37,17182.54,1.28,LOW,NORMAL_OPERATIONS,NORMAL,Favorable weather conditions. Revenue outlook remains favorable.
2020-08-28,Khavda Renewable Energy Park,2721.643287075998,0.0,12944.13,7892.76,0.59,MEDIUM,NORMAL_OPERATIONS,CLOUD_CURTAILMENT,Cloud cover and rainfall may reduce solar generation.
2020-08-29,Khavda Renewable Energy Park,666.611386314089,0.0,3170.41,1933.18,0.14,MEDIUM,NORMAL_OPERATIONS,CLOUD_CURTAILMENT,Cloud cover and rainfall may reduce solar generation.
2020-08-30,Khavda Renewable Energy Park,791.3719879042036,0.0,3763.77,2294.98,0.17,MEDIUM,NORMAL_OPERATIONS,CLOUD_CURTAILMENT,Cloud cover and rainfall may reduce solar generation.
2020-08-31,Khavda Renewable Energy Park,63.61148106081801,0.0,302.54,184.48,0.01,MEDIUM,NORMAL_OPERATIONS,CLOUD_CURTAILMENT,Cloud cover and rainfall may reduce solar generation.
2020-09-01,Khavda Renewable Energy Park,7192.285626677762,0.0,34206.51,20857.63,1.55,LOW,NORMAL_OPERATIONS,NORMAL,Favorable weather conditions. Revenue outlook remains favorable.
2020-09-02,Khavda Renewable Energy Park,5554.1408517293385,0.0,26415.5,16107.01,1.2,LOW,NORMAL_OPERATIONS,NORMAL,Favorable weather conditions. Revenue outlook remains favorable.
2020-09-03,Khavda Renewable Energy Park,5914.750860743679,0.0,28130.55,17152.78,1.28,LOW,NORMAL_OPERATIONS,NORMAL,Favorable weather conditions. Revenue outlook remains favorable.
2020-09-04,Khavda Renewable Energy Park,9103.333020093853,0.0,43295.45,26399.66,1.97,LOW,NORMAL_OPERATIONS,NORMAL,Favorable weather conditions. Revenue outlook remains favorable.
2020-09-05,Khavda Renewable Energy Park,11023.145661979835,0.0,52426.08,31967.12,2.38,LOW,NORMAL_OPERATIONS,NORMAL,Favorable weather conditions. Revenue outlook remains favorable.
2020-09-06,Khavda Renewable Energy Park,7454.540270681136,0.0,35453.79,21618.16,1.61,LOW,NORMAL_OPERATIONS,NORMAL,Favorable weather conditions. Revenue outlook remains favorable.
2020-09-07,Khavda Renewable Energy Park,9205.180231277542,0.0,43779.84,26695.02,1.99,LOW,NORMAL_OPERATIONS,NORMAL,Favorable weather conditions. Revenue outlook remains favorable.
2020-09-08,Khavda Renewable Energy Park,9202.390672967573,0.0,43766.57,26686.94,1.99,LOW,NORMAL_OPERATIONS,NORMAL,Favorable weather conditions. Revenue outlook remains favorable.
2020-09-09,Khavda Renewable Energy Park,10590.358191689927,0.0,50367.75,30712.04,2.29,LOW,NORMAL_OPERATIONS,NORMAL,Favorable weather conditions. Revenue outlook remains favorable.
2020-09-10,Khavda Renewable Energy Park,7233.189405557096,0.0,34401.05,20976.25,1.56,LOW,NORMAL_OPERATIONS,NORMAL,Favorable weather conditions. Revenue outlook remains favorable.
2020-09-11,Khavda Renewable Energy Park,3864.674675450824,0.0,18380.39,11207.56,0.84,LOW,NORMAL_OPERATIONS,NORMAL,Favorable weather conditions. Revenue outlook remains favorable.
2020-09-12,Khavda Renewable Energy Park,715.4228090731375,0.0,3402.55,2074.72,0.15,MEDIUM,NORMAL_OPERATIONS,CLOUD_CURTAILMENT,Cloud cover and rainfall may reduce solar generation.
2020-09-13,Khavda Renewable Energy Park,2554.3429208107214,0.0,12148.46,7407.6,0.55,MEDIUM,NORMAL_OPERATIONS,CLOUD_CURTAILMENT,Cloud cover and rainfall may reduce solar generation.
2020-09-14,Khavda Renewable Energy Park,2779.277520837494,0.0,13218.24,8059.9,0.6,MEDIUM,NORMAL_OPERATIONS,CLOUD_CURTAILMENT,Cloud cover and rainfall may reduce solar generation.
2020-09-15,Khavda Renewable Energy Park,2520.8288666461845,0.0,11989.06,7310.4,0.54,MEDIUM,NORMAL_OPERATIONS,CLOUD_CURTAILMENT,Cloud cover and rainfall may reduce solar generation.
2020-09-16,Khavda Renewable Energy Park,2702.069169626198,0.0,12851.04,7836.0,0.58,MEDIUM,NORMAL_OPERATIONS,CLOUD_CURTAILMENT,Cloud cover and rainfall may reduce solar generation.
2020-09-17,Khavda Renewable Energy Park,2944.036241344409,0.0,14001.84,8537.7,0.64,MEDIUM,NORMAL_OPERATIONS,CLOUD_CURTAILMENT,Cloud cover and rainfall may reduce solar generation.
2020-09-18,Khavda Renewable Energy Park,4071.334314529747,0.0,19363.27,11806.87,0.88,LOW,NORMAL_OPERATIONS,NORMAL,Favorable weather conditions. Revenue outlook remains favorable.
2020-09-19,Khavda Renewable Energy Park,6314.21819482331,0.0,30030.43,18311.24,1.37,LOW,NORMAL_OPERATIONS,NORMAL,Favorable weather conditions. Revenue outlook remains favorable.
2020-09-20,Khavda Renewable Energy Park,4634.776031511291,0.0,22042.99,13440.85,1.0,LOW,NORMAL_OPERATIONS,NORMAL,Favorable weather conditions. Revenue outlook remains favorable.
2020-09-21,Khavda Renewable Energy Park,4928.174312540973,0.0,23438.4,14291.7,1.07,LOW,NORMAL_OPERATIONS,NORMAL,Favorable weather conditions. Revenue outlook remains favorable.
2020-09-22,Khavda Renewable Energy Park,3855.758661846015,0.0,18337.99,11181.7,0.83,LOW,NORMAL_OPERATIONS,NORMAL,Favorable weather conditions. Revenue outlook remains favorable.
2020-09-23,Khavda Renewable Energy Park,5232.687531169564,0.0,24886.66,15174.8,1.13,LOW,NORMAL_OPERATIONS,NORMAL,Favorable weather conditions. Revenue outlook remains favorable.
2020-09-24,Khavda Renewable Energy Park,7805.567153746054,0.0,37123.28,22636.14,1.69,LOW,NORMAL_OPERATIONS,NORMAL,Favorable weather conditions. Revenue outlook remains favorable.
2020-09-25,Khavda Renewable Energy Park,6553.15972280578,0.0,31166.83,19004.16,1.42,LOW,NORMAL_OPERATIONS,NORMAL,Favorable weather conditions. Revenue outlook remains favorable.
2020-09-26,Khavda Renewable Energy Park,7159.724085611245,0.0,34051.65,20763.2,1.55,LOW,NORMAL_OPERATIONS,NORMAL,Favorable weather conditions. Revenue outlook remains favorable.
2020-09-27,Khavda Renewable Energy Park,10305.04007922003,0.0,49010.77,29884.62,2.23,LOW,NORMAL_OPERATIONS,NORMAL,Favorable weather conditions. Revenue outlook remains favorable.
2020-09-28,Khavda Renewable Energy Park,9289.164543548144,0.0,44179.26,26938.58,2.01,LOW,NORMAL_OPERATIONS,NORMAL,Favorable weather conditions. Revenue outlook remains favorable.
2020-09-29,Khavda Renewable Energy Park,12449.445377343063,0.0,59209.56,36103.39,2.69,LOW,NORMAL_OPERATIONS,NORMAL,Favorable weather conditions. Revenue outlook remains favorable.
2020-09-30,Khavda Renewable Energy Park,13540.506423979346,0.0,64398.65,39267.47,2.93,LOW,NORMAL_OPERATIONS,NORMAL,Favorable weather conditions. Revenue outlook remains favorable.
2020-10-01,Khavda Renewable Energy Park,12964.81364653995,0.0,61660.65,37597.96,2.8,LOW,NORMAL_OPERATIONS,NORMAL,Favorable weather conditions. Revenue outlook remains favorable.
2020-10-02,Khavda Renewable Energy Park,11866.411843205577,0.0,56436.66,34412.6,2.57,LOW,NORMAL_OPERATIONS,NORMAL,Favorable weather conditions. Revenue outlook remains favorable.
2020-10-03,Khavda Renewable Energy Park,10764.370402384002,0.0,51195.35,31216.68,2.33,LOW,NORMAL_OPERATIONS,NORMAL,Favorable weather conditions. Revenue outlook remains favorable.
2020-10-04,Khavda Renewable Energy Park,10238.59090733533,0.0,48694.74,29691.92,2.21,LOW,NORMAL_OPERATIONS,NORMAL,Favorable weather conditions. Revenue outlook remains favorable.
2020-10-05,Khavda Renewable Energy Park,10789.380123560968,0.0,51314.29,31289.2,2.33,LOW,NORMAL_OPERATIONS,NORMAL,Favorable weather conditions. Revenue outlook remains favorable.
2020-10-06,Khavda Renewable Energy Park,10871.822668476816,0.0,51706.39,31528.28,2.35,LOW,NORMAL_OPERATIONS,NORMAL,Favorable weather conditions. Revenue outlook remains favorable.
2020-10-07,Khavda Renewable Energy Park,11125.944884999542,0.0,52914.99,32265.24,2.41,LOW,NORMAL_OPERATIONS,NORMAL,Favorable weather conditions. Revenue outlook remains favorable.
2020-10-08,Khavda Renewable Energy Park,11035.121902605037,0.0,52483.04,32001.86,2.39,LOW,NORMAL_OPERATIONS,NORMAL,Favorable weather conditions. Revenue outlook remains favorable.
2020-10-09,Khavda Renewable Energy Park,11520.349983088854,0.0,54790.78,33409.02,2.49,LOW,NORMAL_OPERATIONS,NORMAL,Favorable weather conditions. Revenue outlook remains favorable.
2020-10-10,Khavda Renewable Energy Park,9749.727495920017,0.0,46369.7,28274.21,2.11,LOW,NORMAL_OPERATIONS,NORMAL,Favorable weather conditions. Revenue outlook remains favorable.
2020-10-11,Khavda Renewable Energy Park,6633.458648592807,0.0,31548.73,19237.03,1.43,LOW,NORMAL_OPERATIONS,NORMAL,Favorable weather conditions. Revenue outlook remains favorable.
2020-10-12,Khavda Renewable Energy Park,9894.205415519218,0.0,47056.84,28693.2,2.14,LOW,NORMAL_OPERATIONS,NORMAL,Favorable weather conditions. Revenue outlook remains favorable.
2020-10-13,Khavda Renewable Energy Park,10181.096747198111,0.0,48421.3,29525.18,2.2,LOW,NORMAL_OPERATIONS,NORMAL,Favorable weather conditions. Revenue outlook remains favorable.
2020-10-14,Khavda Renewable Energy Park,4894.6126436198565,0.0,23278.78,14194.38,1.06,LOW,NORMAL_OPERATIONS,NORMAL,Favorable weather conditions. Revenue outlook remains favorable.
2020-10-15,Khavda Renewable Energy Park,3649.9072787623454,0.0,17358.96,10584.73,0.79,LOW,NORMAL_OPERATIONS,NORMAL,Favorable weather conditions. Revenue outlook remains favorable.
2020-10-16,Khavda Renewable Energy Park,2663.878042130749,0.0,12669.4,7725.24,0.58,MEDIUM,NORMAL_OPERATIONS,CLOUD_CURTAILMENT,Cloud cover and rainfall may reduce solar generation.
2020-10-17,Khavda Renewable Energy Park,849.2347791481938,0.0,4038.96,2462.78,0.18,MEDIUM,NORMAL_OPERATIONS,CLOUD_CURTAILMENT,Cloud cover and rainfall may reduce solar generation.
2020-10-18,Khavda Renewable Energy Park,762.0427210331619,0.0,3624.28,2209.93,0.16,MEDIUM,NORMAL_OPERATIONS,CLOUD_CURTAILMENT,Cloud cover and rainfall may reduce solar generation.
2020-10-19,Khavda Renewable Energy Park,1597.7777511078,0.0,7599.03,4633.56,0.35,MEDIUM,NORMAL_OPERATIONS,CLOUD_CURTAILMENT,Cloud cover and rainfall may reduce solar generation.
2020-10-20,Khavda Renewable Energy Park,7962.785302665197,0.0,37871.0,23092.08,1.72,LOW,NORMAL_OPERATIONS,NORMAL,Favorable weather conditions. Revenue outlook remains favorable.
2020-10-21,Khavda Renewable Energy Park,10855.980566657872,0.0,51631.05,31482.34,2.35,LOW,NORMAL_OPERATIONS,NORMAL,Favorable weather conditions. Revenue outlook remains favorable.
2020-10-22,Khavda Renewable Energy Park,10295.807862910531,0.0,48966.87,29857.84,2.23,LOW,NORMAL_OPERATIONS,NORMAL,Favorable weather conditions. Revenue outlook remains favorable.
2020-10-23,Khavda Renewable Energy Park,11584.69308601375,0.0,55096.8,33595.61,2.5,LOW,NORMAL_OPERATIONS,NORMAL,Favorable weather conditions. Revenue outlook remains favorable.
2020-10-24,Khavda Renewable Energy Park,11232.524463187285,0.0,53421.88,32574.32,2.43,LOW,NORMAL_OPERATIONS,NORMAL,Favorable weather conditions. Revenue outlook remains favorable.
2020-10-25,Khavda Renewable Energy Park,10723.560368513514,0.0,51001.25,31098.32,2.32,LOW,NORMAL_OPERATIONS,NORMAL,Favorable weather conditions. Revenue outlook remains favorable.
2020-10-26,Khavda Renewable Energy Park,11067.420972789385,0.0,52636.65,32095.52,2.39,LOW,NORMAL_OPERATIONS,NORMAL,Favorable weather conditions. Revenue outlook remains favorable.
2020-10-27,Khavda Renewable Energy Park,12004.558613522397,0.0,57093.68,34813.22,2.6,LOW,NORMAL_OPERATIONS,NORMAL,Favorable weather conditions. Revenue outlook remains favorable.
2020-10-28,Khavda Renewable Energy Park,10866.24546532994,0.0,51679.86,31512.11,2.35,LOW,NORMAL_OPERATIONS,NORMAL,Favorable weather conditions. Revenue outlook remains favorable.
2020-10-29,Khavda Renewable Energy Park,11399.218762191407,0.0,54214.69,33057.74,2.46,LOW,NORMAL_OPERATIONS,NORMAL,Favorable weather conditions. Revenue outlook remains favorable.
2020-10-30,Khavda Renewable Energy Park,10907.934156591517,0.0,51878.14,31633.01,2.36,LOW,NORMAL_OPERATIONS,NORMAL,Favorable weather conditions. Revenue outlook remains favorable.
2020-10-31,Khavda Renewable Energy Park,10474.374778370262,0.0,49816.12,30375.68,2.26,LOW,NORMAL_OPERATIONS,NORMAL,Favorable weather conditions. Revenue outlook remains favorable.
2020-11-01,Khavda Renewable Energy Park,10594.70216015746,0.0,50388.4,30724.64,2.29,LOW,NORMAL_OPERATIONS,NORMAL,Favorable weather conditions. Revenue outlook remains favorable.
2020-11-02,Khavda Renewable Energy Park,10729.891973569243,0.0,51031.36,31116.68,2.32,LOW,NORMAL_OPERATIONS,NORMAL,Favorable weather conditions. Revenue outlook remains favorable.
2020-11-03,Khavda Renewable Energy Park,11358.561309109313,0.0,54021.32,32939.83,2.46,LOW,NORMAL_OPERATIONS,NORMAL,Favorable weather conditions. Revenue outlook remains favorable.
2020-11-04,Khavda Renewable Energy Park,10928.602646607564,0.0,51976.44,31692.95,2.36,LOW,NORMAL_OPERATIONS,NORMAL,Favorable weather conditions. Revenue outlook remains favorable.
2020-11-05,Khavda Renewable Energy Park,11125.363722989992,0.0,52912.23,32263.56,2.41,LOW,NORMAL_OPERATIONS,NORMAL,Favorable weather conditions. Revenue outlook remains favorable.
2020-11-06,Khavda Renewable Energy Park,9137.7490995813,0.0,43459.13,26499.47,1.98,LOW,NORMAL_OPERATIONS,NORMAL,Favorable weather conditions. Revenue outlook remains favorable.
2020-11-07,Khavda Renewable Energy Park,9040.408264080988,0.0,42996.18,26217.18,1.95,LOW,NORMAL_OPERATIONS,NORMAL,Favorable weather conditions. Revenue outlook remains favorable.
2020-11-08,Khavda Renewable Energy Park,10713.472166918997,0.0,50953.27,31069.07,2.32,LOW,NORMAL_OPERATIONS,NORMAL,Favorable weather conditions. Revenue outlook remains favorable.
2020-11-09,Khavda Renewable Energy Park,10230.736163840302,0.0,48657.38,29669.14,2.21,LOW,NORMAL_OPERATIONS,NORMAL,Favorable weather conditions. Revenue outlook remains favorable.
2020-11-10,Khavda Renewable Energy Park,10324.939677189572,0.0,49105.41,29942.32,2.23,LOW,NORMAL_OPERATIONS,NORMAL,Favorable weather conditions. Revenue outlook remains favorable.
2020-11-11,Khavda Renewable Energy Park,10346.921415682147,0.0,49209.95,30006.07,2.24,LOW,NORMAL_OPERATIONS,NORMAL,Favorable weather conditions. Revenue outlook remains favorable.
2020-11-12,Khavda Renewable Energy Park,10328.45173846994,0.0,49122.12,29952.51,2.23,LOW,NORMAL_OPERATIONS,NORMAL,Favorable weather conditions. Revenue outlook remains favorable.
2020-11-13,Khavda Renewable Energy Park,10208.991765896517,0.0,48553.96,29606.08,2.21,LOW,NORMAL_OPERATIONS,NORMAL,Favorable weather conditions. Revenue outlook remains favorable.
2020-11-14,Khavda Renewable Energy Park,10412.398573388586,0.0,49521.37,30195.96,2.25,LOW,NORMAL_OPERATIONS,NORMAL,Favorable weather conditions. Revenue outlook remains favorable.
2020-11-15,Khavda Renewable Energy Park,9234.323107459411,0.0,43918.44,26779.54,2.0,LOW,NORMAL_OPERATIONS,NORMAL,Favorable weather conditions. Revenue outlook remains favorable.
2020-11-16,Khavda Renewable Energy Park,10102.190038849843,0.0,48046.01,29296.35,2.18,LOW,NORMAL_OPERATIONS,NORMAL,Favorable weather conditions. Revenue outlook remains favorable.
2020-11-17,Khavda Renewable Energy Park,10032.194300293437,0.0,47713.12,29093.36,2.17,LOW,NORMAL_OPERATIONS,NORMAL,Favorable weather conditions. Revenue outlook remains favorable.
2020-11-18,Khavda Renewable Energy Park,6663.3372964167975,0.0,31690.84,19323.68,1.44,LOW,NORMAL_OPERATIONS,NORMAL,Favorable weather conditions. Revenue outlook remains favorable.
2020-11-19,Khavda Renewable Energy Park,9005.754245450891,0.0,42831.36,26116.68,1.95,LOW,NORMAL_OPERATIONS,NORMAL,Favorable weather conditions. Revenue outlook remains favorable.
2020-11-20,Khavda Renewable Energy Park,8712.768665054922,0.0,41437.93,25267.03,1.88,LOW,NORMAL_OPERATIONS,NORMAL,Favorable weather conditions. Revenue outlook remains favorable.
2020-11-21,Khavda Renewable Energy Park,10256.580938244771,0.0,48780.3,29744.08,2.22,LOW,NORMAL_OPERATIONS,NORMAL,Favorable weather conditions. Revenue outlook remains favorable.
2020-11-22,Khavda Renewable Energy Park,8415.93291867153,0.0,40026.18,24406.2,1.82,LOW,NORMAL_OPERATIONS,NORMAL,Favorable weather conditions. Revenue outlook remains favorable.
2020-11-23,Khavda Renewable Energy Park,9703.084505628503,0.0,46147.87,28138.94,2.1,LOW,NORMAL_OPERATIONS,NORMAL,Favorable weather conditions. Revenue outlook remains favorable.
2020-11-24,Khavda Renewable Energy Park,8884.136577025223,0.0,42252.95,25764.0,1.92,LOW,NORMAL_OPERATIONS,NORMAL,Favorable weather conditions. Revenue outlook remains favorable.
2020-11-25,Khavda Renewable Energy Park,8578.797076658066,0.0,40800.76,24878.51,1.85,LOW,NORMAL_OPERATIONS,NORMAL,Favorable weather conditions. Revenue outlook remains favorable.
2020-11-26,Khavda Renewable Energy Park,10581.148046134418,0.0,50323.94,30685.33,2.29,LOW,NORMAL_OPERATIONS,NORMAL,Favorable weather conditions. Revenue outlook remains favorable.
2020-11-27,Khavda Renewable Energy Park,10214.955007319511,0.0,48582.33,29623.37,2.21,LOW,NORMAL_OPERATIONS,NORMAL,Favorable weather conditions. Revenue outlook remains favorable.
2020-11-28,Khavda Renewable Energy Park,9846.959045620357,0.0,46832.14,28556.18,2.13,LOW,NORMAL_OPERATIONS,NORMAL,Favorable weather conditions. Revenue outlook remains favorable.
2020-11-29,Khavda Renewable Energy Park,9584.087694364842,0.0,45581.92,27793.86,2.07,LOW,NORMAL_OPERATIONS,NORMAL,Favorable weather conditions. Revenue outlook remains favorable.
2020-11-30,Khavda Renewable Energy Park,9157.411351000545,0.0,43552.65,26556.5,1.98,LOW,NORMAL_OPERATIONS,NORMAL,Favorable weather conditions. Revenue outlook remains favorable.
2020-12-01,Khavda Renewable Energy Park,8889.438798961777,0.0,42278.18,25779.38,1.92,LOW,NORMAL_OPERATIONS,NORMAL,Favorable weather conditions. Revenue outlook remains favorable.
2020-12-02,Khavda Renewable Energy Park,9040.674177365569,0.0,42997.45,26217.96,1.95,LOW,NORMAL_OPERATIONS,NORMAL,Favorable weather conditions. Revenue outlook remains favorable.
2020-12-03,Khavda Renewable Energy Park,9315.063738559658,0.0,44302.44,27013.68,2.01,LOW,NORMAL_OPERATIONS,NORMAL,Favorable weather conditions. Revenue outlook remains favorable.
2020-12-04,Khavda Renewable Energy Park,6583.112476181452,0.0,31309.28,19091.03,1.42,LOW,NORMAL_OPERATIONS,NORMAL,Favorable weather conditions. Revenue outlook remains favorable.
2020-12-05,Khavda Renewable Energy Park,5397.330569641254,0.0,25669.71,15652.26,1.17,LOW,NORMAL_OPERATIONS,NORMAL,Favorable weather conditions. Revenue outlook remains favorable.
2020-12-06,Khavda Renewable Energy Park,5516.053074153851,0.0,26234.35,15996.56,1.19,LOW,NORMAL_OPERATIONS,NORMAL,Favorable weather conditions. Revenue outlook remains favorable.
2020-12-07,Khavda Renewable Energy Park,8871.909202977302,0.0,42194.8,25728.54,1.92,LOW,NORMAL_OPERATIONS,NORMAL,Favorable weather conditions. Revenue outlook remains favorable.
2020-12-08,Khavda Renewable Energy Park,8811.776046354851,0.0,41908.81,25554.15,1.9,LOW,NORMAL_OPERATIONS,NORMAL,Favorable weather conditions. Revenue outlook remains favorable.
2020-12-09,Khavda Renewable Energy Park,8906.224032467027,0.0,42358.0,25828.05,1.93,LOW,NORMAL_OPERATIONS,NORMAL,Favorable weather conditions. Revenue outlook remains favorable.
2020-12-10,Khavda Renewable Energy Park,9046.350758744544,0.0,43024.44,26234.42,1.96,LOW,NORMAL_OPERATIONS,NORMAL,Favorable weather conditions. Revenue outlook remains favorable.
2020-12-11,Khavda Renewable Energy Park,8533.722292105616,0.0,40586.38,24747.8,1.84,LOW,NORMAL_OPERATIONS,NORMAL,Favorable weather conditions. Revenue outlook remains favorable.
2020-12-12,Khavda Renewable Energy Park,9211.24163078972,0.0,43808.66,26712.6,1.99,LOW,NORMAL_OPERATIONS,NORMAL,Favorable weather conditions. Revenue outlook remains favorable.
2020-12-13,Khavda Renewable Energy Park,9771.90168985848,0.0,46475.16,28338.52,2.11,LOW,NORMAL_OPERATIONS,NORMAL,Favorable weather conditions. Revenue outlook remains favorable.
2020-12-14,Khavda Renewable Energy Park,9356.972208491889,0.0,44501.76,27135.22,2.02,LOW,NORMAL_OPERATIONS,NORMAL,Favorable weather conditions. Revenue outlook remains favorable.
2020-12-15,Khavda Renewable Energy Park,10091.228512786243,0.0,47993.89,29264.56,2.18,LOW,NORMAL_OPERATIONS,NORMAL,Favorable weather conditions. Revenue outlook remains favorable.
2020-12-16,Khavda Renewable Energy Park,8568.157573137156,0.0,40750.15,24847.66,1.85,LOW,NORMAL_OPERATIONS,NORMAL,Favorable weather conditions. Revenue outlook remains favorable.
2020-12-17,Khavda Renewable Energy Park,9993.905146017449,0.0,47531.01,28982.32,2.16,LOW,NORMAL_OPERATIONS,NORMAL,Favorable weather conditions. Revenue outlook remains favorable.
2020-12-18,Khavda Renewable Energy Park,9320.401948725674,0.0,44327.83,27029.16,2.01,LOW,NORMAL_OPERATIONS,NORMAL,Favorable weather conditions. Revenue outlook remains favorable.
2020-12-19,Khavda Renewable Energy Park,2927.4372505553074,0.0,13922.89,8489.57,0.63,LOW,NORMAL_OPERATIONS,NORMAL,Favorable weather conditions. Revenue outlook remains favorable.
2020-12-20,Khavda Renewable Energy Park,1932.65029650885,0.0,9191.68,5604.68,0.42,MEDIUM,NORMAL_OPERATIONS,CLOUD_CURTAILMENT,Cloud cover and rainfall may reduce solar generation.
2020-12-21,Khavda Renewable Energy Park,4885.78345013947,0.0,23236.78,14168.77,1.06,LOW,NORMAL_OPERATIONS,NORMAL,Favorable weather conditions. Revenue outlook remains favorable.
2020-12-22,Khavda Renewable Energy Park,7460.863839339689,0.0,35483.87,21636.5,1.61,LOW,NORMAL_OPERATIONS,NORMAL,Favorable weather conditions. Revenue outlook remains favorable.
2020-12-23,Khavda Renewable Energy Park,9272.885168624389,0.0,44101.84,26891.36,2.0,LOW,NORMAL_OPERATIONS,NORMAL,Favorable weather conditions. Revenue outlook remains favorable.
2020-12-24,Khavda Renewable Energy Park,8975.506121844106,0.0,42687.51,26028.97,1.94,LOW,NORMAL_OPERATIONS,NORMAL,Favorable weather conditions. Revenue outlook remains favorable.
2020-12-25,Khavda Renewable Energy Park,9187.75079294882,0.0,43696.94,26644.48,1.99,LOW,NORMAL_OPERATIONS,NORMAL,Favorable weather conditions. Revenue outlook remains favorable.
2020-12-26,Khavda Renewable Energy Park,9311.886003041263,0.0,44287.33,27004.47,2.01,LOW,NORMAL_OPERATIONS,NORMAL,Favorable weather conditions. Revenue outlook remains favorable.
2020-12-27,Khavda Renewable Energy Park,9725.358232226434,0.0,46253.81,28203.54,2.1,LOW,NORMAL_OPERATIONS,NORMAL,Favorable weather conditions. Revenue outlook remains favorable.
2020-12-28,Khavda Renewable Energy Park,10217.694334728136,0.0,48595.36,29631.32,2.21,LOW,NORMAL_OPERATIONS,NORMAL,Favorable weather conditions. Revenue outlook remains favorable.
2020-12-29,Khavda Renewable Energy Park,9696.64657906306,0.0,46117.25,28120.28,2.1,LOW,NORMAL_OPERATIONS,NORMAL,Favorable weather conditions. Revenue outlook remains favorable.
2020-12-30,Khavda Renewable Energy Park,9917.291262096096,0.0,47166.64,28760.14,2.14,LOW,NORMAL_OPERATIONS,NORMAL,Favorable weather conditions. Revenue outlook remains favorable.
2020-12-31,Khavda Renewable Energy Park,10099.245567502932,0.0,48032.01,29287.81,2.18,LOW,NORMAL_OPERATIONS,NORMAL,Favorable weather conditions. Revenue outlook remains favorable.
2021-01-01,Khavda Renewable Energy Park,9653.792318596028,0.0,45913.44,27996.0,2.09,LOW,NORMAL_OPERATIONS,NORMAL,Favorable weather conditions. Revenue outlook remains favorable.
2021-01-02,Khavda Renewable Energy Park,9561.645390548743,0.0,45475.18,27728.77,2.07,LOW,NORMAL_OPERATIONS,NORMAL,Favorable weather conditions. Revenue outlook remains favorable.
2021-01-03,Khavda Renewable Energy Park,9800.93407387995,0.0,46613.24,28422.71,2.12,LOW,NORMAL_OPERATIONS,NORMAL,Favorable weather conditions. Revenue outlook remains favorable.
2021-01-04,Khavda Renewable Energy Park,9908.479583231405,0.0,47124.73,28734.59,2.14,LOW,NORMAL_OPERATIONS,NORMAL,Favorable weather conditions. Revenue outlook remains favorable.
2021-01-05,Khavda Renewable Energy Park,9518.111889982834,0.0,45268.14,27602.52,2.06,LOW,NORMAL_OPERATIONS,NORMAL,Favorable weather conditions. Revenue outlook remains favorable.
2021-01-06,Khavda Renewable Energy Park,9955.201888431036,0.0,47346.94,28870.08,2.15,LOW,NORMAL_OPERATIONS,NORMAL,Favorable weather conditions. Revenue outlook remains favorable.
2021-01-07,Khavda Renewable Energy Park,9974.01459162976,0.0,47436.41,28924.64,2.16,LOW,NORMAL_OPERATIONS,NORMAL,Favorable weather conditions. Revenue outlook remains favorable.
2021-01-08,Khavda Renewable Energy Park,9957.657906606042,0.0,47358.62,28877.21,2.15,LOW,NORMAL_OPERATIONS,NORMAL,Favorable weather conditions. Revenue outlook remains favorable.
2021-01-09,Khavda Renewable Energy Park,10059.38377718781,0.0,47842.43,29172.22,2.17,LOW,NORMAL_OPERATIONS,NORMAL,Favorable weather conditions. Revenue outlook remains favorable.
2021-01-10,Khavda Renewable Energy Park,10611.271654775606,0.0,50467.21,30772.69,2.29,LOW,NORMAL_OPERATIONS,NORMAL,Favorable weather conditions. Revenue outlook remains favorable.
2021-01-11,Khavda Renewable Energy Park,9396.329153996614,0.0,44688.94,27249.36,2.03,LOW,NORMAL_OPERATIONS,NORMAL,Favorable weather conditions. Revenue outlook remains favorable.
2021-01-12,Khavda Renewable Energy Park,8929.084941761585,0.0,42466.73,25894.34,1.93,LOW,NORMAL_OPERATIONS,NORMAL,Favorable weather conditions. Revenue outlook remains favorable.
2021-01-13,Khavda Renewable Energy Park,9890.665458567611,0.0,47040.01,28682.93,2.14,LOW,NORMAL_OPERATIONS,NORMAL,Favorable weather conditions. Revenue outlook remains favorable.
2021-01-14,Khavda Renewable Energy Park,5364.339691771084,0.0,25512.8,15556.58,1.16,LOW,NORMAL_OPERATIONS,NORMAL,Favorable weather conditions. Revenue outlook remains favorable.
2021-01-15,Khavda Renewable Energy Park,9803.720014327811,0.0,46626.5,28430.79,2.12,LOW,NORMAL_OPERATIONS,NORMAL,Favorable weather conditions. Revenue outlook remains favorable.
2021-01-16,Khavda Renewable Energy Park,10678.35750741873,0.0,50786.27,30967.24,2.31,LOW,NORMAL_OPERATIONS,NORMAL,Favorable weather conditions. Revenue outlook remains favorable.
2021-01-17,Khavda Renewable Energy Park,9689.073286648165,0.0,46081.24,28098.32,2.09,LOW,NORMAL_OPERATIONS,NORMAL,Favorable weather conditions. Revenue outlook remains favorable.
2021-01-18,Khavda Renewable Energy Park,9904.29244341004,0.0,47104.82,28722.45,2.14,LOW,NORMAL_OPERATIONS,NORMAL,Favorable weather conditions. Revenue outlook remains favorable.
2021-01-19,Khavda Renewable Energy Park,9511.662021740269,0.0,45237.46,27583.82,2.06,LOW,NORMAL_OPERATIONS,NORMAL,Favorable weather conditions. Revenue outlook remains favorable.
2021-01-20,Khavda Renewable Energy Park,9832.453270682628,0.0,46763.15,28514.12,2.13,LOW,NORMAL_OPERATIONS,NORMAL,Favorable weather conditions. Revenue outlook remains favorable.
2021-01-21,Khavda Renewable Energy Park,10004.799942125594,0.0,47582.83,29013.92,2.16,LOW,NORMAL_OPERATIONS,NORMAL,Favorable weather conditions. Revenue outlook remains favorable.
2021-01-22,Khavda Renewable Energy Park,9229.355771913288,0.0,43894.81,26765.13,2.0,LOW,NORMAL_OPERATIONS,NORMAL,Favorable weather conditions. Revenue outlook remains favorable.
2021-01-23,Khavda Renewable Energy Park,6027.260530422871,0.0,28665.65,17479.06,1.3,LOW,NORMAL_OPERATIONS,NORMAL,Favorable weather conditions. Revenue outlook remains favorable.
2021-01-24,Khavda Renewable Energy Park,10329.76063277292,0.0,49128.34,29956.3,2.23,LOW,NORMAL_OPERATIONS,NORMAL,Favorable weather conditions. Revenue outlook remains favorable.
2021-01-25,Khavda Renewable Energy Park,10437.416448615764,0.0,49640.36,30268.51,2.26,LOW,NORMAL_OPERATIONS,NORMAL,Favorable weather conditions. Revenue outlook remains favorable.
2021-01-26,Khavda Renewable Energy Park,10131.37849789562,0.0,48184.84,29381.0,2.19,LOW,NORMAL_OPERATIONS,NORMAL,Favorable weather conditions. Revenue outlook remains favorable.
2021-01-27,Khavda Renewable Energy Park,10962.813009703925,0.0,52139.14,31792.16,2.37,LOW,NORMAL_OPERATIONS,NORMAL,Favorable weather conditions. Revenue outlook remains favorable.
2021-01-28,Khavda Renewable Energy Park,10776.81980630518,0.0,51254.55,31252.78,2.33,LOW,NORMAL_OPERATIONS,NORMAL,Favorable weather conditions. Revenue outlook remains favorable.
2021-01-29,Khavda Renewable Energy Park,11472.830437665509,0.0,54564.78,33271.21,2.48,LOW,NORMAL_OPERATIONS,NORMAL,Favorable weather conditions. Revenue outlook remains favorable.
2021-01-30,Khavda Renewable Energy Park,11151.231732150172,0.0,53035.25,32338.57,2.41,LOW,NORMAL_OPERATIONS,NORMAL,Favorable weather conditions. Revenue outlook remains favorable.
2021-01-31,Khavda Renewable Energy Park,10257.242079665137,0.0,48783.44,29746.0,2.22,LOW,NORMAL_OPERATIONS,NORMAL,Favorable weather conditions. Revenue outlook remains favorable.
2021-02-01,Khavda Renewable Energy Park,8278.22214943668,0.0,39371.23,24006.84,1.79,LOW,NORMAL_OPERATIONS,NORMAL,Favorable weather conditions. Revenue outlook remains favorable.
2021-02-02,Khavda Renewable Energy Park,8216.455575870208,0.0,39077.46,23827.72,1.78,LOW,NORMAL_OPERATIONS,NORMAL,Favorable weather conditions. Revenue outlook remains favorable.
2021-02-03,Khavda Renewable Energy Park,9010.744328635928,0.0,42855.1,26131.16,1.95,LOW,NORMAL_OPERATIONS,NORMAL,Favorable weather conditions. Revenue outlook remains favorable.
2021-02-04,Khavda Renewable Energy Park,9317.441442615707,0.0,44313.75,27020.58,2.01,LOW,NORMAL_OPERATIONS,NORMAL,Favorable weather conditions. Revenue outlook remains favorable.
2021-02-05,Khavda Renewable Energy Park,11277.76767326764,0.0,53637.06,32705.52,2.44,LOW,NORMAL_OPERATIONS,NORMAL,Favorable weather conditions. Revenue outlook remains favorable.
2021-02-06,Khavda Renewable Energy Park,11719.81400382875,0.0,55739.43,33987.46,2.53,LOW,NORMAL_OPERATIONS,NORMAL,Favorable weather conditions. Revenue outlook remains favorable.
2021-02-07,Khavda Renewable Energy Park,10674.631303581324,0.0,50768.55,30956.43,2.31,LOW,NORMAL_OPERATIONS,NORMAL,Favorable weather conditions. Revenue outlook remains favorable.
2021-02-08,Khavda Renewable Energy Park,11245.71345590372,0.0,53484.61,32612.57,2.43,LOW,NORMAL_OPERATIONS,NORMAL,Favorable weather conditions. Revenue outlook remains favorable.
2021-02-09,Khavda Renewable Energy Park,2975.1832751964985,0.0,14149.97,8628.03,0.64,MEDIUM,NORMAL_OPERATIONS,CLOUD_CURTAILMENT,Cloud cover and rainfall may reduce solar generation.
2021-02-10,Khavda Renewable Energy Park,1855.3094691540043,0.0,8823.85,5380.4,0.4,MEDIUM,NORMAL_OPERATIONS,CLOUD_CURTAILMENT,Cloud cover and rainfall may reduce solar generation.
2021-02-11,Khavda Renewable Energy Park,6730.083617041049,0.0,32008.27,19517.24,1.45,LOW,NORMAL_OPERATIONS,NORMAL,Favorable weather conditions. Revenue outlook remains favorable.
2021-02-12,Khavda Renewable Energy Park,10590.600758549876,0.0,50368.89,30712.74,2.29,LOW,NORMAL_OPERATIONS,NORMAL,Favorable weather conditions. Revenue outlook remains favorable.
2021-02-13,Khavda Renewable Energy Park,10903.421342149528,0.0,51856.67,31619.92,2.36,LOW,NORMAL_OPERATIONS,NORMAL,Favorable weather conditions. Revenue outlook remains favorable.
2021-02-14,Khavda Renewable Energy Park,11048.525642482278,0.0,52546.79,32040.72,2.39,LOW,NORMAL_OPERATIONS,NORMAL,Favorable weather conditions. Revenue outlook remains favorable.
2021-02-15,Khavda Renewable Energy Park,7384.299736138239,0.0,35119.73,21414.47,1.6,LOW,NORMAL_OPERATIONS,NORMAL,Favorable weather conditions. Revenue outlook remains favorable.
2021-02-16,Khavda Renewable Energy Park,8700.310521096855,0.0,41378.68,25230.9,1.88,LOW,NORMAL_OPERATIONS,NORMAL,Favorable weather conditions. Revenue outlook remains favorable.
2021-02-17,Khavda Renewable Energy Park,10577.758134833268,0.0,50307.82,30675.5,2.29,LOW,NORMAL_OPERATIONS,NORMAL,Favorable weather conditions. Revenue outlook remains favorable.
2021-02-18,Khavda Renewable Energy Park,11870.616297574496,0.0,56456.65,34424.79,2.57,LOW,NORMAL_OPERATIONS,NORMAL,Favorable weather conditions. Revenue outlook remains favorable.
2021-02-19,Khavda Renewable Energy Park,12208.639682117551,0.0,58064.29,35405.06,2.64,LOW,NORMAL_OPERATIONS,NORMAL,Favorable weather conditions. Revenue outlook remains favorable.
2021-02-20,Khavda Renewable Energy Park,11912.973331128764,0.0,56658.1,34547.62,2.58,LOW,NORMAL_OPERATIONS,NORMAL,Favorable weather conditions. Revenue outlook remains favorable.
2021-02-21,Khavda Renewable Energy Park,12290.84739729682,0.0,58455.27,35643.46,2.66,LOW,NORMAL_OPERATIONS,NORMAL,Favorable weather conditions. Revenue outlook remains favorable.
2021-02-22,Khavda Renewable Energy Park,11895.572150762113,0.0,56575.34,34497.16,2.57,LOW,NORMAL_OPERATIONS,NORMAL,Favorable weather conditions. Revenue outlook remains favorable.
2021-02-23,Khavda Renewable Energy Park,12692.93009703196,0.0,60367.57,36809.5,2.74,LOW,NORMAL_OPERATIONS,NORMAL,Favorable weather conditions. Revenue outlook remains favorable.
2021-02-24,Khavda Renewable Energy Park,12595.85712250722,0.0,59905.9,36527.98,2.72,LOW,NORMAL_OPERATIONS,NORMAL,Favorable weather conditions. Revenue outlook remains favorable.
2021-02-25,Khavda Renewable Energy Park,12266.27880780145,0.0,58338.42,35572.21,2.65,LOW,NORMAL_OPERATIONS,NORMAL,Favorable weather conditions. Revenue outlook remains favorable.
2021-02-26,Khavda Renewable Energy Park,12184.147458615204,0.0,57947.81,35334.03,2.63,LOW,NORMAL_OPERATIONS,NORMAL,Favorable weather conditions. Revenue outlook remains favorable.
2021-02-27,Khavda Renewable Energy Park,8980.19619825729,0.0,42709.81,26042.57,1.94,LOW,NORMAL_OPERATIONS,NORMAL,Favorable weather conditions. Revenue outlook remains favorable.
2021-02-28,Khavda Renewable Energy Park,11884.846843550884,0.0,56524.33,34466.06,2.57,LOW,NORMAL_OPERATIONS,NORMAL,Favorable weather conditions. Revenue outlook remains favorable.
2021-03-01,Khavda Renewable Energy Park,12338.470587953076,0.0,58681.77,35781.56,2.67,LOW,NORMAL_OPERATIONS,NORMAL,Favorable weather conditions. Revenue outlook remains favorable.
2021-03-02,Khavda Renewable Energy Park,12717.203079406543,0.0,60483.02,36879.89,2.75,LOW,NORMAL_OPERATIONS,NORMAL,Favorable weather conditions. Revenue outlook remains favorable.
2021-03-03,Khavda Renewable Energy Park,13253.075947159012,0.0,63031.63,38433.92,2.87,LOW,NORMAL_OPERATIONS,NORMAL,Favorable weather conditions. Revenue outlook remains favorable.
2021-03-04,Khavda Renewable Energy Park,11523.798453274332,0.0,54807.18,33419.02,2.49,LOW,NORMAL_OPERATIONS,NORMAL,Favorable weather conditions. Revenue outlook remains favorable.
2021-03-05,Khavda Renewable Energy Park,12136.553618274736,0.0,57721.45,35196.0,2.62,LOW,NORMAL_OPERATIONS,NORMAL,Favorable weather conditions. Revenue outlook remains favorable.
2021-03-06,Khavda Renewable Energy Park,11909.347326807409,0.0,56640.85,34537.11,2.57,LOW,NORMAL_OPERATIONS,NORMAL,Favorable weather conditions. Revenue outlook remains favorable.
2021-03-07,Khavda Renewable Energy Park,12494.032842143104,0.0,59421.62,36232.7,2.7,LOW,NORMAL_OPERATIONS,NORMAL,Favorable weather conditions. Revenue outlook remains favorable.
2021-03-08,Khavda Renewable Energy Park,12186.00097043165,0.0,57956.62,35339.4,2.63,LOW,NORMAL_OPERATIONS,NORMAL,Favorable weather conditions. Revenue outlook remains favorable.
2021-03-09,Khavda Renewable Energy Park,9469.245263739822,0.0,45035.73,27460.81,2.05,LOW,NORMAL_OPERATIONS,NORMAL,Favorable weather conditions. Revenue outlook remains favorable.
2021-03-10,Khavda Renewable Energy Park,11751.23869922038,0.0,55888.89,34078.59,2.54,LOW,NORMAL_OPERATIONS,NORMAL,Favorable weather conditions. Revenue outlook remains favorable.
2021-03-11,Khavda Renewable Energy Park,13066.719397045974,0.0,62145.32,37893.48,2.82,LOW,NORMAL_OPERATIONS,NORMAL,Favorable weather conditions. Revenue outlook remains favorable.
2021-03-12,Khavda Renewable Energy Park,12008.473899332072,0.0,57112.3,34824.57,2.6,LOW,NORMAL_OPERATIONS,NORMAL,Favorable weather conditions. Revenue outlook remains favorable.
2021-03-13,Khavda Renewable Energy Park,11313.45610021017,0.0,53806.8,32809.02,2.45,LOW,NORMAL_OPERATIONS,NORMAL,Favorable weather conditions. Revenue outlook remains favorable.
2021-03-14,Khavda Renewable Energy Park,9123.184068461363,0.0,43389.87,26457.24,1.97,LOW,NORMAL_OPERATIONS,NORMAL,Favorable weather conditions. Revenue outlook remains favorable.
2021-03-15,Khavda Renewable Energy Park,12510.216190254598,0.0,59498.58,36279.62,2.7,LOW,NORMAL_OPERATIONS,NORMAL,Favorable weather conditions. Revenue outlook remains favorable.
2021-03-16,Khavda Renewable Energy Park,10320.359904047124,0.0,49083.63,29929.04,2.23,LOW,NORMAL_OPERATIONS,NORMAL,Favorable weather conditions. Revenue outlook remains favorable.
2021-03-17,Khavda Renewable Energy Park,9551.644772853628,0.0,45427.62,27699.77,2.06,LOW,NORMAL_OPERATIONS,NORMAL,Favorable weather conditions. Revenue outlook remains favorable.
2021-03-18,Khavda Renewable Energy Park,11314.54974622497,0.0,53812.0,32812.2,2.45,LOW,NORMAL_OPERATIONS,NORMAL,Favorable weather conditions. Revenue outlook remains favorable.
2021-03-19,Khavda Renewable Energy Park,12337.768071961507,0.0,58678.42,35779.52,2.67,LOW,NORMAL_OPERATIONS,NORMAL,Favorable weather conditions. Revenue outlook remains favorable.
2021-03-20,Khavda Renewable Energy Park,12318.891120095595,0.0,58588.65,35724.79,2.66,LOW,NORMAL_OPERATIONS,NORMAL,Favorable weather conditions. Revenue outlook remains favorable.
2021-03-21,Khavda Renewable Energy Park,11800.919545360202,0.0,56125.17,34222.66,2.55,LOW,NORMAL_OPERATIONS,NORMAL,Favorable weather conditions. Revenue outlook remains favorable.
2021-03-22,Khavda Renewable Energy Park,12145.61197665391,0.0,57764.53,35222.28,2.63,LOW,NORMAL_OPERATIONS,NORMAL,Favorable weather conditions. Revenue outlook remains favorable.
2021-03-23,Khavda Renewable Energy Park,11767.000348870351,0.0,55963.85,34124.3,2.54,LOW,NORMAL_OPERATIONS,NORMAL,Favorable weather conditions. Revenue outlook remains favorable.
2021-03-24,Khavda Renewable Energy Park,13099.670438140603,0.0,62302.03,37989.04,2.83,LOW,NORMAL_OPERATIONS,NORMAL,Favorable weather conditions. Revenue outlook remains favorable.
2021-03-25,Khavda Renewable Energy Park,11786.486477079105,0.0,56056.53,34180.81,2.55,LOW,NORMAL_OPERATIONS,NORMAL,Favorable weather conditions. Revenue outlook remains favorable.
2021-03-26,Khavda Renewable Energy Park,13582.4106542585,0.0,64597.94,39388.99,2.94,LOW,NORMAL_OPERATIONS,NORMAL,Favorable weather conditions. Revenue outlook remains favorable.
2021-03-27,Khavda Renewable Energy Park,13885.903534062734,0.0,66041.36,40269.12,3.0,LOW,NORMAL_OPERATIONS,NORMAL,Favorable weather conditions. Revenue outlook remains favorable.
2021-03-28,Khavda Renewable Energy Park,10238.456187918884,0.0,48694.1,29691.52,2.21,LOW,NORMAL_OPERATIONS,NORMAL,Favorable weather conditions. Revenue outlook remains favorable.
2021-03-29,Khavda Renewable Energy Park,13156.394847159345,0.0,62571.81,38153.54,2.84,LOW,NORMAL_OPERATIONS,NORMAL,Favorable weather conditions. Revenue outlook remains favorable.
2021-03-30,Khavda Renewable Energy Park,12639.107963054574,0.0,60111.6,36653.42,2.73,LOW,NORMAL_OPERATIONS,NORMAL,Favorable weather conditions. Revenue outlook remains favorable.
2021-03-31,Khavda Renewable Energy Park,13403.877030121776,0.0,63748.84,38871.25,2.9,LOW,NORMAL_OPERATIONS,NORMAL,Favorable weather conditions. Revenue outlook remains favorable.
2021-04-01,Khavda Renewable Energy Park,13364.77552860199,0.0,63562.87,38757.85,2.89,LOW,NORMAL_OPERATIONS,NORMAL,Favorable weather conditions. Revenue outlook remains favorable.
2021-04-02,Khavda Renewable Energy Park,12806.711340753249,0.0,60908.72,37139.46,2.77,LOW,NORMAL_OPERATIONS,NORMAL,Favorable weather conditions. Revenue outlook remains favorable.
2021-04-03,Khavda Renewable Energy Park,12570.926390742588,0.0,59787.32,36455.68,2.72,LOW,NORMAL_OPERATIONS,NORMAL,Favorable weather conditions. Revenue outlook remains favorable.
2021-04-04,Khavda Renewable Energy Park,13063.293571565451,0.0,62129.02,37883.55,2.82,LOW,NORMAL_OPERATIONS,NORMAL,Favorable weather conditions. Revenue outlook remains favorable.
2021-04-05,Khavda Renewable Energy Park,13322.638303630829,0.0,63362.47,38635.65,2.88,LOW,NORMAL_OPERATIONS,NORMAL,Favorable weather conditions. Revenue outlook remains favorable.
2021-04-06,Khavda Renewable Energy Park,12821.950600203589,0.0,60981.19,37183.66,2.77,LOW,NORMAL_OPERATIONS,NORMAL,Favorable weather conditions. Revenue outlook remains favorable.
2021-04-07,Khavda Renewable Energy Park,12352.90415638682,0.0,58750.41,35823.42,2.67,LOW,NORMAL_OPERATIONS,NORMAL,Favorable weather conditions. Revenue outlook remains favorable.
2021-04-08,Khavda Renewable Energy Park,11680.023639766192,0.0,55550.19,33872.07,2.53,LOW,NORMAL_OPERATIONS,NORMAL,Favorable weather conditions. Revenue outlook remains favorable.
2021-04-09,Khavda Renewable Energy Park,12086.334195454852,0.0,57482.61,35050.37,2.61,LOW,NORMAL_OPERATIONS,NORMAL,Favorable weather conditions. Revenue outlook remains favorable.
2021-04-10,Khavda Renewable Energy Park,13370.720836241891,0.0,63591.15,38775.09,2.89,LOW,NORMAL_OPERATIONS,NORMAL,Favorable weather conditions. Revenue outlook remains favorable.
2021-04-11,Khavda Renewable Energy Park,13559.610244278068,0.0,64489.51,39322.87,2.93,LOW,NORMAL_OPERATIONS,NORMAL,Favorable weather conditions. Revenue outlook remains favorable.
2021-04-12,Khavda Renewable Energy Park,14542.523685323304,0.0,69164.24,42173.32,3.14,LOW,NORMAL_OPERATIONS,NORMAL,Favorable weather conditions. Revenue outlook remains favorable.
2021-04-13,Khavda Renewable Energy Park,14055.366762248104,0.0,66847.33,40760.56,3.04,LOW,NORMAL_OPERATIONS,NORMAL,Favorable weather conditions. Revenue outlook remains favorable.
2021-04-14,Khavda Renewable Energy Park,12659.068629329602,0.0,60206.53,36711.3,2.74,LOW,NORMAL_OPERATIONS,NORMAL,Favorable weather conditions. Revenue outlook remains favorable.
2021-04-15,Khavda Renewable Energy Park,11976.905039521233,0.0,56962.16,34733.02,2.59,LOW,NORMAL_OPERATIONS,NORMAL,Favorable weather conditions. Revenue outlook remains favorable.
2021-04-16,Khavda Renewable Energy Park,13116.278233886786,0.0,62381.02,38037.2,2.84,LOW,NORMAL_OPERATIONS,NORMAL,Favorable weather conditions. Revenue outlook remains favorable.
2021-04-17,Khavda Renewable Energy Park,10739.535305132033,0.0,51077.23,31144.65,2.32,LOW,NORMAL_OPERATIONS,NORMAL,Favorable weather conditions. Revenue outlook remains favorable.
2021-04-18,Khavda Renewable Energy Park,12767.322111703934,0.0,60721.39,37025.24,2.76,LOW,NORMAL_OPERATIONS,NORMAL,Favorable weather conditions. Revenue outlook remains favorable.
2021-04-19,Khavda Renewable Energy Park,7505.63836718274,0.0,35696.81,21766.35,1.62,LOW,NORMAL_OPERATIONS,NORMAL,Favorable weather conditions. Revenue outlook remains favorable.
2021-04-20,Khavda Renewable Energy Park,8232.12898628442,0.0,39152.01,23873.18,1.78,LOW,NORMAL_OPERATIONS,NORMAL,Favorable weather conditions. Revenue outlook remains favorable.
2021-04-21,Khavda Renewable Energy Park,13075.079828126827,0.0,62185.08,37917.73,2.83,LOW,NORMAL_OPERATIONS,NORMAL,Favorable weather conditions. Revenue outlook remains favorable.
2021-04-22,Khavda Renewable Energy Park,12470.173919163604,0.0,59308.15,36163.5,2.7,LOW,NORMAL_OPERATIONS,NORMAL,Favorable weather conditions. Revenue outlook remains favorable.
2021-04-23,Khavda Renewable Energy Park,12951.264981148688,0.0,61596.22,37558.67,2.8,LOW,NORMAL_OPERATIONS,NORMAL,Favorable weather conditions. Revenue outlook remains favorable.
2021-04-24,Khavda Renewable Energy Park,9062.175415509952,0.0,43099.71,26280.31,1.96,LOW,NORMAL_OPERATIONS,NORMAL,Favorable weather conditions. Revenue outlook remains favorable.
2021-04-25,Khavda Renewable Energy Park,11949.01502298262,0.0,56829.52,34652.14,2.58,LOW,NORMAL_OPERATIONS,NORMAL,Favorable weather conditions. Revenue outlook remains favorable.
2021-04-26,Khavda Renewable Energy Park,11983.891575661642,0.0,56995.39,34753.29,2.59,LOW,NORMAL_OPERATIONS,NORMAL,Favorable weather conditions. Revenue outlook remains favorable.
2021-04-27,Khavda Renewable Energy Park,13459.92049209206,0.0,64015.38,39033.77,2.91,LOW,NORMAL_OPERATIONS,NORMAL,Favorable weather conditions. Revenue outlook remains favorable.
2021-04-28,Khavda Renewable Energy Park,13805.19882295936,0.0,65657.52,40035.07,2.98,LOW,NORMAL_OPERATIONS,NORMAL,Favorable weather conditions. Revenue outlook remains favorable.
2021-04-29,Khavda Renewable Energy Park,9873.9179826554,0.0,46960.35,28634.36,2.13,LOW,NORMAL_OPERATIONS,NORMAL,Favorable weather conditions. Revenue outlook remains favorable.
2021-04-30,Khavda Renewable Energy Park,9527.49963960765,0.0,45312.79,27629.75,2.06,LOW,NORMAL_OPERATIONS,NORMAL,Favorable weather conditions. Revenue outlook remains favorable.
2021-05-01,Khavda Renewable Energy Park,3582.408297035792,0.0,17037.94,10388.98,0.77,MEDIUM,NORMAL_OPERATIONS,CLOUD_CURTAILMENT,Cloud cover and rainfall may reduce solar generation.
2021-05-02,Khavda Renewable Energy Park,10825.738316555213,0.0,51487.21,31394.64,2.34,LOW,NORMAL_OPERATIONS,NORMAL,Favorable weather conditions. Revenue outlook remains favorable.
2021-05-03,Khavda Renewable Energy Park,11684.74677348139,0.0,55572.65,33885.76,2.53,LOW,NORMAL_OPERATIONS,NORMAL,Favorable weather conditions. Revenue outlook remains favorable.
2021-05-04,Khavda Renewable Energy Park,10494.301811046982,0.0,49910.9,30433.48,2.27,LOW,NORMAL_OPERATIONS,NORMAL,Favorable weather conditions. Revenue outlook remains favorable.
2021-05-05,Khavda Renewable Energy Park,13576.797368395026,0.0,64571.24,39372.71,2.94,LOW,NORMAL_OPERATIONS,NORMAL,Favorable weather conditions. Revenue outlook remains favorable.
2021-05-06,Khavda Renewable Energy Park,13190.222132938396,0.0,62732.7,38251.64,2.85,LOW,NORMAL_OPERATIONS,NORMAL,Favorable weather conditions. Revenue outlook remains favorable.
2021-05-07,Khavda Renewable Energy Park,12003.939581973553,0.0,57090.74,34811.43,2.6,LOW,NORMAL_OPERATIONS,NORMAL,Favorable weather conditions. Revenue outlook remains favorable.
2021-05-08,Khavda Renewable Energy Park,10154.097088531556,0.0,48292.88,29446.88,2.2,LOW,NORMAL_OPERATIONS,NORMAL,Favorable weather conditions. Revenue outlook remains favorable.
2021-05-09,Khavda Renewable Energy Park,7304.966729604149,0.0,34742.42,21184.4,1.58,LOW,NORMAL_OPERATIONS,NORMAL,Favorable weather conditions. Revenue outlook remains favorable.
2021-05-10,Khavda Renewable Energy Park,11874.687388054495,0.0,56476.02,34436.6,2.57,LOW,NORMAL_OPERATIONS,NORMAL,Favorable weather conditions. Revenue outlook remains favorable.
2021-05-11,Khavda Renewable Energy Park,12611.39178748278,0.0,59979.78,36573.04,2.73,LOW,NORMAL_OPERATIONS,NORMAL,Favorable weather conditions. Revenue outlook remains favorable.
2021-05-12,Khavda Renewable Energy Park,12508.129625539665,0.0,59488.66,36273.57,2.7,LOW,NORMAL_OPERATIONS,NORMAL,Favorable weather conditions. Revenue outlook remains favorable.
2021-05-13,Khavda Renewable Energy Park,13056.254156749968,0.0,62095.54,37863.14,2.82,LOW,NORMAL_OPERATIONS,NORMAL,Favorable weather conditions. Revenue outlook remains favorable.
2021-05-14,Khavda Renewable Energy Park,12241.694161391812,0.0,58221.5,35500.92,2.65,LOW,NORMAL_OPERATIONS,NORMAL,Favorable weather conditions. Revenue outlook remains favorable.
2021-05-15,Khavda Renewable Energy Park,10549.12950307454,0.0,50171.66,30592.48,2.28,LOW,NORMAL_OPERATIONS,NORMAL,Favorable weather conditions. Revenue outlook remains favorable.
2021-05-16,Khavda Renewable Energy Park,5223.276923364113,0.0,24841.91,15147.5,1.13,LOW,NORMAL_OPERATIONS,NORMAL,Favorable weather conditions. Revenue outlook remains favorable.
2021-05-17,Khavda Renewable Energy Park,1417.564985446668,0.0,6741.94,4110.94,0.31,MEDIUM,NORMAL_OPERATIONS,CLOUD_CURTAILMENT,Cloud cover and rainfall may reduce solar generation.
2021-05-18,Khavda Renewable Energy Park,314.6110570451238,0.0,1496.29,912.37,0.07,MEDIUM,NORMAL_OPERATIONS,CLOUD_CURTAILMENT,Cloud cover and rainfall may reduce solar generation.
2021-05-19,Khavda Renewable Energy Park,1628.2884538973274,0.0,7744.14,4722.04,0.35,MEDIUM,NORMAL_OPERATIONS,CLOUD_CURTAILMENT,Cloud cover and rainfall may reduce solar generation.
2021-05-20,Khavda Renewable Energy Park,10683.160341534069,0.0,50809.11,30981.16,2.31,LOW,NORMAL_OPERATIONS,NORMAL,Favorable weather conditions. Revenue outlook remains favorable.
2021-05-21,Khavda Renewable Energy Park,11180.30836158949,0.0,53173.55,32422.9,2.42,LOW,NORMAL_OPERATIONS,NORMAL,Favorable weather conditions. Revenue outlook remains favorable.
2021-05-22,Khavda Renewable Energy Park,11502.264496849955,0.0,54704.77,33356.56,2.49,LOW,NORMAL_OPERATIONS,NORMAL,Favorable weather conditions. Revenue outlook remains favorable.
2021-05-23,Khavda Renewable Energy Park,11104.318370432136,0.0,52812.14,32202.52,2.4,LOW,NORMAL_OPERATIONS,NORMAL,Favorable weather conditions. Revenue outlook remains favorable.
2021-05-24,Khavda Renewable Energy Park,12971.976156205235,0.0,61694.72,37618.73,2.8,LOW,NORMAL_OPERATIONS,NORMAL,Favorable weather conditions. Revenue outlook remains favorable.
2021-05-25,Khavda Renewable Energy Park,10660.479157921,0.0,50701.24,30915.39,2.3,LOW,NORMAL_OPERATIONS,NORMAL,Favorable weather conditions. Revenue outlook remains favorable.
2021-05-26,Khavda Renewable Energy Park,10488.908675654347,0.0,49885.25,30417.84,2.27,LOW,NORMAL_OPERATIONS,NORMAL,Favorable weather conditions. Revenue outlook remains favorable.
2021-05-27,Khavda Renewable Energy Park,10346.884872068094,0.0,49209.78,30005.96,2.24,LOW,NORMAL_OPERATIONS,NORMAL,Favorable weather conditions. Revenue outlook remains favorable.
2021-05-28,Khavda Renewable Energy Park,11946.410631960724,0.0,56817.13,34644.59,2.58,LOW,NORMAL_OPERATIONS,NORMAL,Favorable weather conditions. Revenue outlook remains favorable.
2021-05-29,Khavda Renewable Energy Park,10669.7435046008,0.0,50745.3,30942.26,2.31,LOW,NORMAL_OPERATIONS,NORMAL,Favorable weather conditions. Revenue outlook remains favorable.
2021-05-30,Khavda Renewable Energy Park,7718.672186027164,0.0,36710.01,22384.15,1.67,MEDIUM,NORMAL_OPERATIONS,NORMAL,Moderate weather patterns observed. Monitor generation closely.
2021-05-31,Khavda Renewable Energy Park,12313.556779632843,0.0,58563.28,35709.32,2.66,LOW,NORMAL_OPERATIONS,NORMAL,Favorable weather conditions. Revenue outlook remains favorable.
2021-06-01,Khavda Renewable Energy Park,10456.086251056082,0.0,49729.15,30322.65,2.26,LOW,NORMAL_OPERATIONS,NORMAL,Favorable weather conditions. Revenue outlook remains favorable.
2021-06-02,Khavda Renewable Energy Park,12183.092852939288,0.0,57942.79,35330.97,2.63,LOW,NORMAL_OPERATIONS,NORMAL,Favorable weather conditions. Revenue outlook remains favorable.
2021-06-03,Khavda Renewable Energy Park,9879.817694848758,0.0,46988.41,28651.47,2.14,LOW,NORMAL_OPERATIONS,NORMAL,Favorable weather conditions. Revenue outlook remains favorable.
2021-06-04,Khavda Renewable Energy Park,9239.302792272876,0.0,43942.13,26793.98,2.0,LOW,NORMAL_OPERATIONS,NORMAL,Favorable weather conditions. Revenue outlook remains favorable.
2021-06-05,Khavda Renewable Energy Park,12403.6971361948,0.0,58991.98,35970.72,2.68,LOW,NORMAL_OPERATIONS,NORMAL,Favorable weather conditions. Revenue outlook remains favorable.
2021-06-06,Khavda Renewable Energy Park,12869.84573756443,0.0,61208.99,37322.56,2.78,LOW,NORMAL_OPERATIONS,NORMAL,Favorable weather conditions. Revenue outlook remains favorable.
2021-06-07,Khavda Renewable Energy Park,13083.113339047415,0.0,62223.29,37941.03,2.83,LOW,NORMAL_OPERATIONS,NORMAL,Favorable weather conditions. Revenue outlook remains favorable.
2021-06-08,Khavda Renewable Energy Park,9977.381731689758,0.0,47452.42,28934.4,2.16,LOW,NORMAL_OPERATIONS,NORMAL,Favorable weather conditions. Revenue outlook remains favorable.
2021-06-09,Khavda Renewable Energy Park,9144.734160667833,0.0,43492.36,26519.73,1.98,LOW,NORMAL_OPERATIONS,NORMAL,Favorable weather conditions. Revenue outlook remains favorable.
2021-06-10,Khavda Renewable Energy Park,11380.693453032183,0.0,54126.58,33004.01,2.46,LOW,NORMAL_OPERATIONS,NORMAL,Favorable weather conditions. Revenue outlook remains favorable.
2021-06-11,Khavda Renewable Energy Park,9967.975881244178,0.0,47407.69,28907.13,2.15,LOW,NORMAL_OPERATIONS,NORMAL,Favorable weather conditions. Revenue outlook remains favorable.
2021-06-12,Khavda Renewable Energy Park,7402.127450167866,0.0,35204.52,21466.17,1.6,MEDIUM,NORMAL_OPERATIONS,NORMAL,Moderate weather patterns observed. Monitor generation closely.
2021-06-13,Khavda Renewable Energy Park,7195.795585617784,0.0,34223.2,20867.8,1.56,LOW,NORMAL_OPERATIONS,NORMAL,Favorable weather conditions. Revenue outlook remains favorable.
2021-06-14,Khavda Renewable Energy Park,5846.2346918265885,0.0,27804.69,16954.08,1.26,LOW,NORMAL_OPERATIONS,NORMAL,Favorable weather conditions. Revenue outlook remains favorable.
2021-06-15,Khavda Renewable Energy Park,6265.070839298475,0.0,29796.68,18168.71,1.35,LOW,NORMAL_OPERATIONS,NORMAL,Favorable weather conditions. Revenue outlook remains favorable.
2021-06-16,Khavda Renewable Energy Park,4902.182312983406,0.0,23314.78,14216.33,1.06,LOW,NORMAL_OPERATIONS,NORMAL,Favorable weather conditions. Revenue outlook remains favorable.
2021-06-17,Khavda Renewable Energy Park,10400.916118658644,0.0,49466.75,30162.66,2.25,LOW,NORMAL_OPERATIONS,NORMAL,Favorable weather conditions. Revenue outlook remains favorable.
2021-06-18,Khavda Renewable Energy Park,7494.331840468485,0.0,35643.04,21733.56,1.62,LOW,NORMAL_OPERATIONS,NORMAL,Favorable weather conditions. Revenue outlook remains favorable.
2021-06-19,Khavda Renewable Energy Park,2264.2564491277967,0.0,10768.81,6566.34,0.49,MEDIUM,NORMAL_OPERATIONS,CLOUD_CURTAILMENT,Cloud cover and rainfall may reduce solar generation.
2021-06-20,Khavda Renewable Energy Park,2354.6202232493497,0.0,11198.58,6828.4,0.51,MEDIUM,NORMAL_OPERATIONS,CLOUD_CURTAILMENT,Cloud cover and rainfall may reduce solar generation.
2021-06-21,Khavda Renewable Energy Park,6286.372450296636,0.0,29897.99,18230.48,1.36,LOW,NORMAL_OPERATIONS,NORMAL,Favorable weather conditions. Revenue outlook remains favorable.
2021-06-22,Khavda Renewable Energy Park,8280.72173255375,0.0,39383.12,24014.1,1.79,LOW,NORMAL_OPERATIONS,NORMAL,Favorable weather conditions. Revenue outlook remains favorable.
2021-06-23,Khavda Renewable Energy Park,10944.818631867794,0.0,52053.56,31739.98,2.37,LOW,NORMAL_OPERATIONS,NORMAL,Favorable weather conditions. Revenue outlook remains favorable.
2021-06-24,Khavda Renewable Energy Park,5252.738573368146,0.0,24982.02,15232.94,1.14,LOW,NORMAL_OPERATIONS,NORMAL,Favorable weather conditions. Revenue outlook remains favorable.
2021-06-25,Khavda Renewable Energy Park,7077.287708797026,0.0,33659.58,20524.13,1.53,MEDIUM,NORMAL_OPERATIONS,NORMAL,Moderate weather patterns observed. Monitor generation closely.
2021-06-26,Khavda Renewable Energy Park,5267.25697075813,0.0,25051.07,15275.04,1.14,LOW,NORMAL_OPERATIONS,NORMAL,Favorable weather conditions. Revenue outlook remains favorable.
2021-06-27,Khavda Renewable Energy Park,12096.634300220903,0.0,57531.59,35080.24,2.62,LOW,NORMAL_OPERATIONS,NORMAL,Favorable weather conditions. Revenue outlook remains favorable.
2021-06-28,Khavda Renewable Energy Park,7660.714036944398,0.0,36434.35,22216.07,1.66,LOW,NORMAL_OPERATIONS,NORMAL,Favorable weather conditions. Revenue outlook remains favorable.
2021-06-29,Khavda Renewable Energy Park,8771.316695887263,0.0,41716.38,25436.82,1.9,LOW,NORMAL_OPERATIONS,NORMAL,Favorable weather conditions. Revenue outlook remains favorable.
2021-06-30,Khavda Renewable Energy Park,6024.191713866154,0.0,28651.05,17470.16,1.3,MEDIUM,NORMAL_OPERATIONS,NORMAL,Moderate weather patterns observed. Monitor generation closely.
2021-07-01,Khavda Renewable Energy Park,5482.45338165099,0.0,26074.55,15899.12,1.19,MEDIUM,NORMAL_OPERATIONS,NORMAL,Moderate weather patterns observed. Monitor generation closely.
2021-07-02,Khavda Renewable Energy Park,6242.510689478328,0.0,29689.38,18103.28,1.35,MEDIUM,NORMAL_OPERATIONS,NORMAL,Moderate weather patterns observed. Monitor generation closely.
2021-07-03,Khavda Renewable Energy Park,5450.154812518823,0.0,25920.94,15805.45,1.18,MEDIUM,NORMAL_OPERATIONS,NORMAL,Moderate weather patterns observed. Monitor generation closely.
2021-07-04,Khavda Renewable Energy Park,6326.807087485406,0.0,30090.29,18347.74,1.37,LOW,NORMAL_OPERATIONS,NORMAL,Favorable weather conditions. Revenue outlook remains favorable.
2021-07-05,Khavda Renewable Energy Park,8295.823563483404,0.0,39454.94,24057.89,1.79,LOW,NORMAL_OPERATIONS,NORMAL,Favorable weather conditions. Revenue outlook remains favorable.
2021-07-06,Khavda Renewable Energy Park,6146.809336876181,0.0,29234.22,17825.74,1.33,LOW,NORMAL_OPERATIONS,NORMAL,Favorable weather conditions. Revenue outlook remains favorable.
2021-07-07,Khavda Renewable Energy Park,8078.856060451832,0.0,38423.04,23428.68,1.75,LOW,NORMAL_OPERATIONS,NORMAL,Favorable weather conditions. Revenue outlook remains favorable.
2021-07-08,Khavda Renewable Energy Park,1760.1555503375378,0.0,8371.3,5104.45,0.38,MEDIUM,NORMAL_OPERATIONS,CLOUD_CURTAILMENT,Cloud cover and rainfall may reduce solar generation.
2021-07-09,Khavda Renewable Energy Park,2884.1286826731066,0.0,13716.92,8363.98,0.62,LOW,NORMAL_OPERATIONS,NORMAL,Favorable weather conditions. Revenue outlook remains favorable.
2021-07-10,Khavda Renewable Energy Park,6134.921562516693,0.0,29177.69,17791.28,1.33,LOW,NORMAL_OPERATIONS,NORMAL,Favorable weather conditions. Revenue outlook remains favorable.
2021-07-11,Khavda Renewable Energy Park,654.2839312957029,0.0,3111.78,1897.42,0.14,MEDIUM,NORMAL_OPERATIONS,CLOUD_CURTAILMENT,Cloud cover and rainfall may reduce solar generation.
2021-07-12,Khavda Renewable Energy Park,62.09653431573073,0.0,295.33,180.08,0.01,MEDIUM,NORMAL_OPERATIONS,CLOUD_CURTAILMENT,Cloud cover and rainfall may reduce solar generation.
2021-07-13,Khavda Renewable Energy Park,834.1933847328431,0.0,3967.42,2419.16,0.18,MEDIUM,NORMAL_OPERATIONS,CLOUD_CURTAILMENT,Cloud cover and rainfall may reduce solar generation.
2021-07-14,Khavda Renewable Energy Park,2982.098261103239,0.0,14182.86,8648.08,0.64,MEDIUM,NORMAL_OPERATIONS,CLOUD_CURTAILMENT,Cloud cover and rainfall may reduce solar generation.
2021-07-15,Khavda Renewable Energy Park,1498.7357989963975,0.0,7127.99,4346.34,0.32,MEDIUM,WEATHER_WARNING,CLOUD_CURTAILMENT|HEAVY_RAIN,Cloud cover and rainfall may reduce solar generation.
2021-07-16,Khavda Renewable Energy Park,4652.403481286266,0.0,22126.83,13491.97,1.01,MEDIUM,NORMAL_OPERATIONS,NORMAL,Moderate weather patterns observed. Monitor generation closely.
2021-07-17,Khavda Renewable Energy Park,5394.98404788701,0.0,25658.55,15645.46,1.17,LOW,NORMAL_OPERATIONS,NORMAL,Favorable weather conditions. Revenue outlook remains favorable.
2021-07-18,Khavda Renewable Energy Park,1460.259776100021,0.0,6945.0,4234.76,0.32,MEDIUM,NORMAL_OPERATIONS,CLOUD_CURTAILMENT,Cloud cover and rainfall may reduce solar generation.
2021-07-19,Khavda Renewable Energy Park,867.8738609197167,0.0,4127.61,2516.84,0.19,MEDIUM,NORMAL_OPERATIONS,CLOUD_CURTAILMENT,Cloud cover and rainfall may reduce solar generation.
2021-07-20,Khavda Renewable Energy Park,1996.631270121785,0.0,9495.98,5790.23,0.43,MEDIUM,NORMAL_OPERATIONS,CLOUD_CURTAILMENT,Cloud cover and rainfall may reduce solar generation.
2021-07-21,Khavda Renewable Energy Park,4230.731285097282,0.0,20121.36,12269.12,0.91,MEDIUM,NORMAL_OPERATIONS,NORMAL,Moderate weather patterns observed. Monitor generation closely.
2021-07-22,Khavda Renewable Energy Park,3498.28745271534,0.0,16637.86,10145.04,0.76,MEDIUM,NORMAL_OPERATIONS,NORMAL,Moderate weather patterns observed. Monitor generation closely.
2021-07-23,Khavda Renewable Energy Park,1596.035971626154,0.0,7590.75,4628.5,0.35,MEDIUM,NORMAL_OPERATIONS,CLOUD_CURTAILMENT,Cloud cover and rainfall may reduce solar generation.
2021-07-24,Khavda Renewable Energy Park,17.791258680825962,0.0,84.62,51.6,0.0,MEDIUM,NORMAL_OPERATIONS,CLOUD_CURTAILMENT,Cloud cover and rainfall may reduce solar generation.
2021-07-25,Khavda Renewable Energy Park,96.15282031311642,0.0,457.31,278.85,0.02,MEDIUM,NORMAL_OPERATIONS,CLOUD_CURTAILMENT,Cloud cover and rainfall may reduce solar generation.
2021-07-26,Khavda Renewable Energy Park,255.47084561657013,0.0,1215.02,740.86,0.06,MEDIUM,NORMAL_OPERATIONS,CLOUD_CURTAILMENT,Cloud cover and rainfall may reduce solar generation.
2021-07-27,Khavda Renewable Energy Park,19.314071978287576,0.0,91.86,56.01,0.0,MEDIUM,NORMAL_OPERATIONS,CLOUD_CURTAILMENT,Cloud cover and rainfall may reduce solar generation.
2021-07-28,Khavda Renewable Energy Park,98.19833158949848,0.0,467.03,284.77,0.02,MEDIUM,NORMAL_OPERATIONS,CLOUD_CURTAILMENT,Cloud cover and rainfall may reduce solar generation.
2021-07-29,Khavda Renewable Energy Park,565.3608558643622,0.0,2688.85,1639.54,0.12,MEDIUM,NORMAL_OPERATIONS,CLOUD_CURTAILMENT,Cloud cover and rainfall may reduce solar generation.
2021-07-30,Khavda Renewable Energy Park,1632.2650233120069,0.0,7763.05,4733.57,0.35,MEDIUM,NORMAL_OPERATIONS,CLOUD_CURTAILMENT,Cloud cover and rainfall may reduce solar generation.
2021-07-31,Khavda Renewable Energy Park,439.4089510546795,0.0,2089.83,1274.29,0.09,MEDIUM,NORMAL_OPERATIONS,CLOUD_CURTAILMENT,Cloud cover and rainfall may reduce solar generation.
2021-08-01,Khavda Renewable Energy Park,201.66924674758704,0.0,959.14,584.84,0.04,MEDIUM,NORMAL_OPERATIONS,CLOUD_CURTAILMENT,Cloud cover and rainfall may reduce solar generation.
2021-08-02,Khavda Renewable Energy Park,1245.045573616567,0.0,5921.43,3610.63,0.27,MEDIUM,NORMAL_OPERATIONS,CLOUD_CURTAILMENT,Cloud cover and rainfall may reduce solar generation.
2021-08-03,Khavda Renewable Energy Park,91.30289270078536,0.0,434.24,264.78,0.02,MEDIUM,NORMAL_OPERATIONS,CLOUD_CURTAILMENT,Cloud cover and rainfall may reduce solar generation.
2021-08-04,Khavda Renewable Energy Park,1704.292386302742,0.0,8105.62,4942.45,0.37,MEDIUM,NORMAL_OPERATIONS,CLOUD_CURTAILMENT,Cloud cover and rainfall may reduce solar generation.
2021-08-05,Khavda Renewable Energy Park,2072.554095864553,0.0,9857.06,6010.4,0.45,MEDIUM,NORMAL_OPERATIONS,CLOUD_CURTAILMENT,Cloud cover and rainfall may reduce solar generation.
2021-08-06,Khavda Renewable Energy Park,551.3169431267721,0.0,2622.06,1598.82,0.12,MEDIUM,NORMAL_OPERATIONS,CLOUD_CURTAILMENT,Cloud cover and rainfall may reduce solar generation.
2021-08-07,Khavda Renewable Energy Park,6639.305051795531,0.0,31576.54,19253.98,1.44,LOW,NORMAL_OPERATIONS,NORMAL,Favorable weather conditions. Revenue outlook remains favorable.
2021-08-08,Khavda Renewable Energy Park,8149.869001804835,0.0,38760.78,23634.62,1.76,LOW,NORMAL_OPERATIONS,NORMAL,Favorable weather conditions. Revenue outlook remains favorable.
2021-08-09,Khavda Renewable Energy Park,5363.858958830401,0.0,25510.51,15555.19,1.16,LOW,NORMAL_OPERATIONS,NORMAL,Favorable weather conditions. Revenue outlook remains favorable.
2021-08-10,Khavda Renewable Energy Park,3518.279159419673,0.0,16732.94,10203.01,0.76,LOW,NORMAL_OPERATIONS,NORMAL,Favorable weather conditions. Revenue outlook remains favorable.
2021-08-11,Khavda Renewable Energy Park,3941.440177592591,0.0,18745.49,11430.18,0.85,LOW,NORMAL_OPERATIONS,NORMAL,Favorable weather conditions. Revenue outlook remains favorable.
2021-08-12,Khavda Renewable Energy Park,1925.843846067652,0.0,9159.31,5584.94,0.42,MEDIUM,NORMAL_OPERATIONS,CLOUD_CURTAILMENT,Cloud cover and rainfall may reduce solar generation.
2021-08-13,Khavda Renewable Energy Park,2383.969778873335,0.0,11338.16,6913.51,0.52,MEDIUM,NORMAL_OPERATIONS,CLOUD_CURTAILMENT,Cloud cover and rainfall may reduce solar generation.
2021-08-14,Khavda Renewable Energy Park,3490.4159642133386,0.0,16600.42,10122.2,0.75,MEDIUM,NORMAL_OPERATIONS,NORMAL,Moderate weather patterns observed. Monitor generation closely.
2021-08-15,Khavda Renewable Energy Park,3787.655092990175,0.0,18014.09,10984.2,0.82,LOW,NORMAL_OPERATIONS,NORMAL,Favorable weather conditions. Revenue outlook remains favorable.
2021-08-16,Khavda Renewable Energy Park,5791.784029431105,0.0,27545.73,16796.18,1.25,LOW,NORMAL_OPERATIONS,NORMAL,Favorable weather conditions. Revenue outlook remains favorable.
2021-08-17,Khavda Renewable Energy Park,7933.767203603189,0.0,37733.0,23007.92,1.72,LOW,NORMAL_OPERATIONS,NORMAL,Favorable weather conditions. Revenue outlook remains favorable.
2021-08-18,Khavda Renewable Energy Park,7935.55480561767,0.0,37741.5,23013.11,1.72,LOW,NORMAL_OPERATIONS,NORMAL,Favorable weather conditions. Revenue outlook remains favorable.
2021-08-19,Khavda Renewable Energy Park,9766.5131963581,0.0,46449.54,28322.89,2.11,LOW,NORMAL_OPERATIONS,NORMAL,Favorable weather conditions. Revenue outlook remains favorable.
2021-08-20,Khavda Renewable Energy Park,5116.781773242952,0.0,24335.41,14838.66,1.11,LOW,NORMAL_OPERATIONS,NORMAL,Favorable weather conditions. Revenue outlook remains favorable.
2021-08-21,Khavda Renewable Energy Park,2457.0933166484087,0.0,11685.93,7125.57,0.53,MEDIUM,NORMAL_OPERATIONS,CLOUD_CURTAILMENT,Cloud cover and rainfall may reduce solar generation.
2021-08-22,Khavda Renewable Energy Park,1098.510149196046,0.0,5224.52,3185.68,0.24,MEDIUM,NORMAL_OPERATIONS,CLOUD_CURTAILMENT,Cloud cover and rainfall may reduce solar generation.
2021-08-23,Khavda Renewable Energy Park,7363.9189224191505,0.0,35022.8,21355.36,1.59,LOW,NORMAL_OPERATIONS,NORMAL,Favorable weather conditions. Revenue outlook remains favorable.
2021-08-24,Khavda Renewable Energy Park,3110.462795055181,0.0,14793.36,9020.34,0.67,MEDIUM,NORMAL_OPERATIONS,CLOUD_CURTAILMENT,Cloud cover and rainfall may reduce solar generation.
2021-08-25,Khavda Renewable Energy Park,2718.366619320476,0.0,12928.55,7883.26,0.59,MEDIUM,NORMAL_OPERATIONS,CLOUD_CURTAILMENT,Cloud cover and rainfall may reduce solar generation.
2021-08-26,Khavda Renewable Energy Park,1891.7878497676145,0.0,8997.34,5486.18,0.41,MEDIUM,NORMAL_OPERATIONS,CLOUD_CURTAILMENT,Cloud cover and rainfall may reduce solar generation.
2021-08-27,Khavda Renewable Energy Park,2510.637468459437,0.0,11940.59,7280.85,0.54,MEDIUM,NORMAL_OPERATIONS,CLOUD_CURTAILMENT,Cloud cover and rainfall may reduce solar generation.
2021-08-28,Khavda Renewable Energy Park,6979.984510268363,0.0,33196.81,20241.96,1.51,LOW,NORMAL_OPERATIONS,NORMAL,Favorable weather conditions. Revenue outlook remains favorable.
2021-08-29,Khavda Renewable Energy Park,9888.74705266392,0.0,47030.88,28677.36,2.14,LOW,NORMAL_OPERATIONS,NORMAL,Favorable weather conditions. Revenue outlook remains favorable.
2021-08-30,Khavda Renewable Energy Park,5868.993526254288,0.0,27912.93,17020.08,1.27,LOW,NORMAL_OPERATIONS,NORMAL,Favorable weather conditions. Revenue outlook remains favorable.
2021-08-31,Khavda Renewable Energy Park,3156.2734948310163,0.0,15011.24,9153.2,0.68,MEDIUM,NORMAL_OPERATIONS,CLOUD_CURTAILMENT,Cloud cover and rainfall may reduce solar generation.
2021-09-01,Khavda Renewable Energy Park,92.24480260269692,0.0,438.72,267.51,0.02,MEDIUM,NORMAL_OPERATIONS,CLOUD_CURTAILMENT,Cloud cover and rainfall may reduce solar generation.
2021-09-02,Khavda Renewable Energy Park,66.03823240222995,0.0,314.08,191.51,0.01,MEDIUM,WEATHER_WARNING,CLOUD_CURTAILMENT|HEAVY_RAIN,Cloud cover and rainfall may reduce solar generation.
2021-09-03,Khavda Renewable Energy Park,2632.8157212737624,0.0,12521.67,7635.16,0.57,MEDIUM,NORMAL_OPERATIONS,CLOUD_CURTAILMENT,Cloud cover and rainfall may reduce solar generation.
2021-09-04,Khavda Renewable Energy Park,1519.7171622974165,0.0,7227.78,4407.18,0.33,MEDIUM,NORMAL_OPERATIONS,CLOUD_CURTAILMENT,Cloud cover and rainfall may reduce solar generation.
2021-09-05,Khavda Renewable Energy Park,3064.2573639777497,0.0,14573.61,8886.34,0.66,MEDIUM,NORMAL_OPERATIONS,CLOUD_CURTAILMENT,Cloud cover and rainfall may reduce solar generation.
2021-09-06,Khavda Renewable Energy Park,3334.028688192089,0.0,15856.64,9668.68,0.72,LOW,NORMAL_OPERATIONS,NORMAL,Favorable weather conditions. Revenue outlook remains favorable.
2021-09-07,Khavda Renewable Energy Park,1076.7661801842803,0.0,5121.1,3122.62,0.23,MEDIUM,NORMAL_OPERATIONS,CLOUD_CURTAILMENT,Cloud cover and rainfall may reduce solar generation.
2021-09-08,Khavda Renewable Energy Park,220.876082504024,0.0,1050.49,640.54,0.05,MEDIUM,NORMAL_OPERATIONS,CLOUD_CURTAILMENT,Cloud cover and rainfall may reduce solar generation.
2021-09-09,Khavda Renewable Energy Park,58.16351559345485,0.0,276.63,168.68,0.01,MEDIUM,WEATHER_WARNING,CLOUD_CURTAILMENT|HEAVY_RAIN,Cloud cover and rainfall may reduce solar generation.
2021-09-10,Khavda Renewable Energy Park,124.30266840570673,0.0,591.19,360.48,0.03,MEDIUM,NORMAL_OPERATIONS,CLOUD_CURTAILMENT,Cloud cover and rainfall may reduce solar generation.
2021-09-11,Khavda Renewable Energy Park,443.16086762661735,0.0,2107.67,1285.16,0.1,MEDIUM,NORMAL_OPERATIONS,CLOUD_CURTAILMENT,Cloud cover and rainfall may reduce solar generation.
2021-09-12,Khavda Renewable Energy Park,385.2143224940112,0.0,1832.08,1117.12,0.08,MEDIUM,NORMAL_OPERATIONS,CLOUD_CURTAILMENT,Cloud cover and rainfall may reduce solar generation.
2021-09-13,Khavda Renewable Energy Park,148.84268239943788,0.0,707.9,431.64,0.03,MEDIUM,NORMAL_OPERATIONS,CLOUD_CURTAILMENT,Cloud cover and rainfall may reduce solar generation.
2021-09-14,Khavda Renewable Energy Park,539.9304183542604,0.0,2567.91,1565.8,0.12,MEDIUM,NORMAL_OPERATIONS,CLOUD_CURTAILMENT,Cloud cover and rainfall may reduce solar generation.
2021-09-15,Khavda Renewable Energy Park,1856.80989984638,0.0,8830.99,5384.75,0.4,MEDIUM,NORMAL_OPERATIONS,CLOUD_CURTAILMENT,Cloud cover and rainfall may reduce solar generation.
2021-09-16,Khavda Renewable Energy Park,9776.115102414484,0.0,46495.21,28350.74,2.11,LOW,NORMAL_OPERATIONS,NORMAL,Favorable weather conditions. Revenue outlook remains favorable.
2021-09-17,Khavda Renewable Energy Park,9034.314115819618,0.0,42967.2,26199.51,1.95,LOW,NORMAL_OPERATIONS,NORMAL,Favorable weather conditions. Revenue outlook remains favorable.
2021-09-18,Khavda Renewable Energy Park,3445.2268618941694,0.0,16385.5,9991.16,0.74,LOW,NORMAL_OPERATIONS,NORMAL,Favorable weather conditions. Revenue outlook remains favorable.
2021-09-19,Khavda Renewable Energy Park,1073.094097083581,0.0,5103.64,3111.98,0.23,MEDIUM,NORMAL_OPERATIONS,CLOUD_CURTAILMENT,Cloud cover and rainfall may reduce solar generation.
2021-09-20,Khavda Renewable Energy Park,2732.2494964212165,0.0,12994.58,7923.52,0.59,MEDIUM,NORMAL_OPERATIONS,CLOUD_CURTAILMENT,Cloud cover and rainfall may reduce solar generation.
2021-09-21,Khavda Renewable Energy Park,1939.000578517658,0.0,9221.88,5623.1,0.42,MEDIUM,NORMAL_OPERATIONS,CLOUD_CURTAILMENT,Cloud cover and rainfall may reduce solar generation.
2021-09-22,Khavda Renewable Energy Park,5108.555475141755,0.0,24296.29,14814.81,1.1,LOW,NORMAL_OPERATIONS,NORMAL,Favorable weather conditions. Revenue outlook remains favorable.
2021-09-23,Khavda Renewable Energy Park,1681.1838175089604,0.0,7995.71,4875.44,0.36,MEDIUM,NORMAL_OPERATIONS,CLOUD_CURTAILMENT,Cloud cover and rainfall may reduce solar generation.
2021-09-24,Khavda Renewable Energy Park,1308.0335916062722,0.0,6221.0,3793.3,0.28,MEDIUM,NORMAL_OPERATIONS,CLOUD_CURTAILMENT,Cloud cover and rainfall may reduce solar generation.
2021-09-25,Khavda Renewable Energy Park,4709.160615159083,0.0,22396.77,13656.56,1.02,LOW,NORMAL_OPERATIONS,NORMAL,Favorable weather conditions. Revenue outlook remains favorable.
2021-09-26,Khavda Renewable Energy Park,7114.493060212358,0.0,33836.53,20632.03,1.54,LOW,NORMAL_OPERATIONS,NORMAL,Favorable weather conditions. Revenue outlook remains favorable.
2021-09-27,Khavda Renewable Energy Park,3781.717369486374,0.0,17985.85,10966.98,0.82,LOW,NORMAL_OPERATIONS,NORMAL,Favorable weather conditions. Revenue outlook remains favorable.
2021-09-28,Khavda Renewable Energy Park,1499.750068922221,0.0,7132.81,4349.27,0.32,MEDIUM,NORMAL_OPERATIONS,CLOUD_CURTAILMENT,Cloud cover and rainfall may reduce solar generation.
2021-09-29,Khavda Renewable Energy Park,533.515617761136,0.0,2537.4,1547.2,0.12,MEDIUM,NORMAL_OPERATIONS,CLOUD_CURTAILMENT,Cloud cover and rainfall may reduce solar generation.
2021-09-30,Khavda Renewable Energy Park,38.7377012063921,0.0,184.24,112.34,0.01,HIGH,CRITICAL_WEATHER_ALERT,CLOUD_CURTAILMENT|HEAVY_RAIN,Cloud cover and rainfall may reduce solar generation.
2021-10-01,Khavda Renewable Energy Park,1524.4813300927551,0.0,7250.43,4421.0,0.33,MEDIUM,NORMAL_OPERATIONS,CLOUD_CURTAILMENT,Cloud cover and rainfall may reduce solar generation.
2021-10-02,Khavda Renewable Energy Park,6580.061391891605,0.0,31294.78,19082.18,1.42,LOW,NORMAL_OPERATIONS,NORMAL,Favorable weather conditions. Revenue outlook remains favorable.
2021-10-03,Khavda Renewable Energy Park,6988.079010958438,0.0,33235.31,20265.43,1.51,LOW,NORMAL_OPERATIONS,NORMAL,Favorable weather conditions. Revenue outlook remains favorable.
2021-10-04,Khavda Renewable Energy Park,6683.828007177543,0.0,31788.28,19383.1,1.44,LOW,NORMAL_OPERATIONS,NORMAL,Favorable weather conditions. Revenue outlook remains favorable.
2021-10-05,Khavda Renewable Energy Park,8282.142406138528,0.0,39389.87,24018.22,1.79,LOW,NORMAL_OPERATIONS,NORMAL,Favorable weather conditions. Revenue outlook remains favorable.
2021-10-06,Khavda Renewable Energy Park,9264.942534308886,0.0,44064.07,26868.34,2.0,LOW,NORMAL_OPERATIONS,NORMAL,Favorable weather conditions. Revenue outlook remains favorable.
2021-10-07,Khavda Renewable Energy Park,6597.641432278832,0.0,31378.38,19133.16,1.43,LOW,NORMAL_OPERATIONS,NORMAL,Favorable weather conditions. Revenue outlook remains favorable.
2021-10-08,Khavda Renewable Energy Park,11917.172214520937,0.0,56678.07,34559.8,2.58,LOW,NORMAL_OPERATIONS,NORMAL,Favorable weather conditions. Revenue outlook remains favorable.
2021-10-09,Khavda Renewable Energy Park,11034.860497333482,0.0,52481.8,32001.1,2.39,LOW,NORMAL_OPERATIONS,NORMAL,Favorable weather conditions. Revenue outlook remains favorable.
2021-10-10,Khavda Renewable Energy Park,11297.21127314433,0.0,53729.54,32761.92,2.44,LOW,NORMAL_OPERATIONS,NORMAL,Favorable weather conditions. Revenue outlook remains favorable.
2021-10-11,Khavda Renewable Energy Park,11592.064365260214,0.0,55131.86,33616.98,2.51,LOW,NORMAL_OPERATIONS,NORMAL,Favorable weather conditions. Revenue outlook remains favorable.
2021-10-12,Khavda Renewable Energy Park,11468.950388027051,0.0,54546.33,33259.96,2.48,LOW,NORMAL_OPERATIONS,NORMAL,Favorable weather conditions. Revenue outlook remains favorable.
2021-10-13,Khavda Renewable Energy Park,11936.941139343038,0.0,56772.09,34617.13,2.58,LOW,NORMAL_OPERATIONS,NORMAL,Favorable weather conditions. Revenue outlook remains favorable.
2021-10-14,Khavda Renewable Energy Park,12609.314043291406,0.0,59969.9,36567.01,2.73,LOW,NORMAL_OPERATIONS,NORMAL,Favorable weather conditions. Revenue outlook remains favorable.
2021-10-15,Khavda Renewable Energy Park,11552.860897306373,0.0,54945.4,33503.3,2.5,LOW,NORMAL_OPERATIONS,NORMAL,Favorable weather conditions. Revenue outlook remains favorable.
2021-10-16,Khavda Renewable Energy Park,12108.432782707489,0.0,57587.71,35114.46,2.62,LOW,NORMAL_OPERATIONS,NORMAL,Favorable weather conditions. Revenue outlook remains favorable.
2021-10-17,Khavda Renewable Energy Park,12111.412532939396,0.0,57601.88,35123.1,2.62,LOW,NORMAL_OPERATIONS,NORMAL,Favorable weather conditions. Revenue outlook remains favorable.
2021-10-18,Khavda Renewable Energy Park,11682.661482174117,0.0,55562.74,33879.72,2.53,LOW,NORMAL_OPERATIONS,NORMAL,Favorable weather conditions. Revenue outlook remains favorable.
2021-10-19,Khavda Renewable Energy Park,11454.57162643584,0.0,54477.95,33218.26,2.48,LOW,NORMAL_OPERATIONS,NORMAL,Favorable weather conditions. Revenue outlook remains favorable.
2021-10-20,Khavda Renewable Energy Park,10861.399217416396,0.0,51656.82,31498.06,2.35,LOW,NORMAL_OPERATIONS,NORMAL,Favorable weather conditions. Revenue outlook remains favorable.
2021-10-21,Khavda Renewable Energy Park,9433.69698265339,0.0,44866.66,27357.72,2.04,LOW,NORMAL_OPERATIONS,NORMAL,Favorable weather conditions. Revenue outlook remains favorable.
2021-10-22,Khavda Renewable Energy Park,8073.554274573543,0.0,38397.82,23413.3,1.75,LOW,NORMAL_OPERATIONS,NORMAL,Favorable weather conditions. Revenue outlook remains favorable.
2021-10-23,Khavda Renewable Energy Park,8739.844208173472,0.0,41566.7,25345.55,1.89,LOW,NORMAL_OPERATIONS,NORMAL,Favorable weather conditions. Revenue outlook remains favorable.
2021-10-24,Khavda Renewable Energy Park,11021.69501562222,0.0,52419.18,31962.92,2.38,LOW,NORMAL_OPERATIONS,NORMAL,Favorable weather conditions. Revenue outlook remains favorable.
2021-10-25,Khavda Renewable Energy Park,11139.47265385479,0.0,52979.33,32304.47,2.41,LOW,NORMAL_OPERATIONS,NORMAL,Favorable weather conditions. Revenue outlook remains favorable.
2021-10-26,Khavda Renewable Energy Park,11026.989098693562,0.0,52444.36,31978.27,2.38,LOW,NORMAL_OPERATIONS,NORMAL,Favorable weather conditions. Revenue outlook remains favorable.
2021-10-27,Khavda Renewable Energy Park,10515.046787756728,0.0,50009.56,30493.64,2.27,LOW,NORMAL_OPERATIONS,NORMAL,Favorable weather conditions. Revenue outlook remains favorable.
2021-10-28,Khavda Renewable Energy Park,10592.594160748986,0.0,50378.38,30718.52,2.29,LOW,NORMAL_OPERATIONS,NORMAL,Favorable weather conditions. Revenue outlook remains favorable.
2021-10-29,Khavda Renewable Energy Park,10449.171176283382,0.0,49696.26,30302.6,2.26,LOW,NORMAL_OPERATIONS,NORMAL,Favorable weather conditions. Revenue outlook remains favorable.
2021-10-30,Khavda Renewable Energy Park,7743.888009577063,0.0,36829.93,22457.28,1.67,LOW,NORMAL_OPERATIONS,NORMAL,Favorable weather conditions. Revenue outlook remains favorable.
2021-10-31,Khavda Renewable Energy Park,8579.778684941373,0.0,40805.43,24881.36,1.85,LOW,NORMAL_OPERATIONS,NORMAL,Favorable weather conditions. Revenue outlook remains favorable.
2021-11-01,Khavda Renewable Energy Park,11077.177832237958,0.0,52683.06,32123.82,2.39,LOW,NORMAL_OPERATIONS,NORMAL,Favorable weather conditions. Revenue outlook remains favorable.
2021-11-02,Khavda Renewable Energy Park,10690.935271972785,0.0,50846.08,31003.71,2.31,LOW,NORMAL_OPERATIONS,NORMAL,Favorable weather conditions. Revenue outlook remains favorable.
2021-11-03,Khavda Renewable Energy Park,10092.56159516263,0.0,48000.23,29268.43,2.18,LOW,NORMAL_OPERATIONS,NORMAL,Favorable weather conditions. Revenue outlook remains favorable.
2021-11-04,Khavda Renewable Energy Park,9796.862175410091,0.0,46593.88,28410.9,2.12,LOW,NORMAL_OPERATIONS,NORMAL,Favorable weather conditions. Revenue outlook remains favorable.
2021-11-05,Khavda Renewable Energy Park,3848.0208062634088,0.0,18301.19,11159.26,0.83,LOW,NORMAL_OPERATIONS,NORMAL,Favorable weather conditions. Revenue outlook remains favorable.
2021-11-06,Khavda Renewable Energy Park,1636.1693640362614,0.0,7781.62,4744.89,0.35,MEDIUM,NORMAL_OPERATIONS,CLOUD_CURTAILMENT,Cloud cover and rainfall may reduce solar generation.
2021-11-07,Khavda Renewable Energy Park,10014.704068569996,0.0,47629.93,29042.64,2.16,LOW,NORMAL_OPERATIONS,NORMAL,Favorable weather conditions. Revenue outlook remains favorable.
2021-11-08,Khavda Renewable Energy Park,5186.827039834634,0.0,24668.55,15041.8,1.12,LOW,NORMAL_OPERATIONS,NORMAL,Favorable weather conditions. Revenue outlook remains favorable.
2021-11-09,Khavda Renewable Energy Park,4205.044605888762,0.0,19999.19,12194.63,0.91,LOW,NORMAL_OPERATIONS,NORMAL,Favorable weather conditions. Revenue outlook remains favorable.
2021-11-10,Khavda Renewable Energy Park,5651.247600636805,0.0,26877.34,16388.62,1.22,LOW,NORMAL_OPERATIONS,NORMAL,Favorable weather conditions. Revenue outlook remains favorable.
2021-11-11,Khavda Renewable Energy Park,7627.981525988643,0.0,36278.68,22121.14,1.65,LOW,NORMAL_OPERATIONS,NORMAL,Favorable weather conditions. Revenue outlook remains favorable.
2021-11-12,Khavda Renewable Energy Park,7994.658123580626,0.0,38022.6,23184.51,1.73,LOW,NORMAL_OPERATIONS,NORMAL,Favorable weather conditions. Revenue outlook remains favorable.
2021-11-13,Khavda Renewable Energy Park,9885.29129685819,0.0,47014.45,28667.34,2.14,LOW,NORMAL_OPERATIONS,NORMAL,Favorable weather conditions. Revenue outlook remains favorable.
2021-11-14,Khavda Renewable Energy Park,10025.582342658228,0.0,47681.67,29074.19,2.17,LOW,NORMAL_OPERATIONS,NORMAL,Favorable weather conditions. Revenue outlook remains favorable.
2021-11-15,Khavda Renewable Energy Park,10094.29461829434,0.0,48008.47,29273.46,2.18,LOW,NORMAL_OPERATIONS,NORMAL,Favorable weather conditions. Revenue outlook remains favorable.
2021-11-16,Khavda Renewable Energy Park,8750.750765548346,0.0,41618.57,25377.18,1.89,LOW,NORMAL_OPERATIONS,NORMAL,Favorable weather conditions. Revenue outlook remains favorable.
2021-11-17,Khavda Renewable Energy Park,9621.808919025536,0.0,45761.32,27903.24,2.08,LOW,NORMAL_OPERATIONS,NORMAL,Favorable weather conditions. Revenue outlook remains favorable.
2021-11-18,Khavda Renewable Energy Park,6350.067599431698,0.0,30200.92,18415.2,1.37,LOW,NORMAL_OPERATIONS,NORMAL,Favorable weather conditions. Revenue outlook remains favorable.
2021-11-19,Khavda Renewable Energy Park,4619.14274650867,0.0,21968.64,13395.52,1.0,LOW,NORMAL_OPERATIONS,NORMAL,Favorable weather conditions. Revenue outlook remains favorable.
2021-11-20,Khavda Renewable Energy Park,5101.967172985745,0.0,24264.96,14795.7,1.1,LOW,NORMAL_OPERATIONS,NORMAL,Favorable weather conditions. Revenue outlook remains favorable.
2021-11-21,Khavda Renewable Energy Park,6193.664079056323,0.0,29457.06,17961.62,1.34,LOW,NORMAL_OPERATIONS,NORMAL,Favorable weather conditions. Revenue outlook remains favorable.
2021-11-22,Khavda Renewable Energy Park,8783.895771786063,0.0,41776.21,25473.3,1.9,LOW,NORMAL_OPERATIONS,NORMAL,Favorable weather conditions. Revenue outlook remains favorable.
2021-11-23,Khavda Renewable Energy Park,10379.871259515903,0.0,49366.66,30101.62,2.24,LOW,NORMAL_OPERATIONS,NORMAL,Favorable weather conditions. Revenue outlook remains favorable.
2021-11-24,Khavda Renewable Energy Park,8578.619634127694,0.0,40799.91,24878.0,1.85,LOW,NORMAL_OPERATIONS,NORMAL,Favorable weather conditions. Revenue outlook remains favorable.
2021-11-25,Khavda Renewable Energy Park,5063.416783875975,0.0,24081.61,14683.91,1.09,LOW,NORMAL_OPERATIONS,NORMAL,Favorable weather conditions. Revenue outlook remains favorable.
2021-11-26,Khavda Renewable Energy Park,7439.27051756469,0.0,35381.17,21573.88,1.61,LOW,NORMAL_OPERATIONS,NORMAL,Favorable weather conditions. Revenue outlook remains favorable.
2021-11-27,Khavda Renewable Energy Park,8433.575271643442,0.0,40110.09,24457.37,1.82,LOW,NORMAL_OPERATIONS,NORMAL,Favorable weather conditions. Revenue outlook remains favorable.
2021-11-28,Khavda Renewable Energy Park,8548.846361538286,0.0,40658.31,24791.66,1.85,LOW,NORMAL_OPERATIONS,NORMAL,Favorable weather conditions. Revenue outlook remains favorable.
2021-11-29,Khavda Renewable Energy Park,2676.704929373396,0.0,12730.41,7762.44,0.58,LOW,NORMAL_OPERATIONS,NORMAL,Favorable weather conditions. Revenue outlook remains favorable.
2021-11-30,Khavda Renewable Energy Park,2065.937806760033,0.0,9825.6,5991.22,0.45,MEDIUM,NORMAL_OPERATIONS,CLOUD_CURTAILMENT,Cloud cover and rainfall may reduce solar generation.
2021-12-01,Khavda Renewable Energy Park,1378.5766734654298,0.0,6556.51,3997.87,0.3,MEDIUM,NORMAL_OPERATIONS,CLOUD_CURTAILMENT,Cloud cover and rainfall may reduce solar generation.
2021-12-02,Khavda Renewable Energy Park,8268.2000117375,0.0,39323.56,23977.78,1.79,LOW,NORMAL_OPERATIONS,NORMAL,Favorable weather conditions. Revenue outlook remains favorable.
2021-12-03,Khavda Renewable Energy Park,8836.808810430004,0.0,42027.86,25626.74,1.91,LOW,NORMAL_OPERATIONS,NORMAL,Favorable weather conditions. Revenue outlook remains favorable.
2021-12-04,Khavda Renewable Energy Park,8988.142012425733,0.0,42747.6,26065.61,1.94,LOW,NORMAL_OPERATIONS,NORMAL,Favorable weather conditions. Revenue outlook remains favorable.
2021-12-05,Khavda Renewable Energy Park,9493.419935452084,0.0,45150.71,27530.92,2.05,LOW,NORMAL_OPERATIONS,NORMAL,Favorable weather conditions. Revenue outlook remains favorable.
2021-12-06,Khavda Renewable Energy Park,9323.977560230833,0.0,44344.84,27039.54,2.02,LOW,NORMAL_OPERATIONS,NORMAL,Favorable weather conditions. Revenue outlook remains favorable.
2021-12-07,Khavda Renewable Energy Park,9055.529164748645,0.0,43068.1,26261.04,1.96,LOW,NORMAL_OPERATIONS,NORMAL,Favorable weather conditions. Revenue outlook remains favorable.
2021-12-08,Khavda Renewable Energy Park,9467.71702392003,0.0,45028.46,27456.38,2.05,LOW,NORMAL_OPERATIONS,NORMAL,Favorable weather conditions. Revenue outlook remains favorable.
2021-12-09,Khavda Renewable Energy Park,9528.701182223813,0.0,45318.51,27633.24,2.06,LOW,NORMAL_OPERATIONS,NORMAL,Favorable weather conditions. Revenue outlook remains favorable.
2021-12-10,Khavda Renewable Energy Park,9427.052009202724,0.0,44835.06,27338.45,2.04,LOW,NORMAL_OPERATIONS,NORMAL,Favorable weather conditions. Revenue outlook remains favorable.
2021-12-11,Khavda Renewable Energy Park,8950.507467074593,0.0,42568.61,25956.47,1.93,LOW,NORMAL_OPERATIONS,NORMAL,Favorable weather conditions. Revenue outlook remains favorable.
2021-12-12,Khavda Renewable Energy Park,7794.65731352311,0.0,37071.39,22604.5,1.69,LOW,NORMAL_OPERATIONS,NORMAL,Favorable weather conditions. Revenue outlook remains favorable.
2021-12-13,Khavda Renewable Energy Park,8755.510814499426,0.0,41641.21,25390.98,1.89,LOW,NORMAL_OPERATIONS,NORMAL,Favorable weather conditions. Revenue outlook remains favorable.
2021-12-14,Khavda Renewable Energy Park,9479.541380377368,0.0,45084.7,27490.67,2.05,LOW,NORMAL_OPERATIONS,NORMAL,Favorable weather conditions. Revenue outlook remains favorable.
2021-12-15,Khavda Renewable Energy Park,9414.60695320215,0.0,44775.87,27302.36,2.04,LOW,NORMAL_OPERATIONS,NORMAL,Favorable weather conditions. Revenue outlook remains favorable.
2021-12-16,Khavda Renewable Energy Park,9023.721999877076,0.0,42916.82,26168.8,1.95,LOW,NORMAL_OPERATIONS,NORMAL,Favorable weather conditions. Revenue outlook remains favorable.
2021-12-17,Khavda Renewable Energy Park,8215.739620805534,0.0,39074.06,23825.64,1.78,LOW,NORMAL_OPERATIONS,NORMAL,Favorable weather conditions. Revenue outlook remains favorable.
2021-12-18,Khavda Renewable Energy Park,9440.801152333355,0.0,44900.45,27378.32,2.04,LOW,NORMAL_OPERATIONS,NORMAL,Favorable weather conditions. Revenue outlook remains favorable.
2021-12-19,Khavda Renewable Energy Park,6140.217358780546,0.0,29202.87,17806.63,1.33,LOW,NORMAL_OPERATIONS,NORMAL,Favorable weather conditions. Revenue outlook remains favorable.
2021-12-20,Khavda Renewable Energy Park,6749.824036696963,0.0,32102.16,19574.49,1.46,LOW,NORMAL_OPERATIONS,NORMAL,Favorable weather conditions. Revenue outlook remains favorable.
2021-12-21,Khavda Renewable Energy Park,8817.797033076153,0.0,41937.44,25571.61,1.91,LOW,NORMAL_OPERATIONS,NORMAL,Favorable weather conditions. Revenue outlook remains favorable.
2021-12-22,Khavda Renewable Energy Park,7977.019578314417,0.0,37938.7,23133.36,1.72,LOW,NORMAL_OPERATIONS,NORMAL,Favorable weather conditions. Revenue outlook remains favorable.
2021-12-23,Khavda Renewable Energy Park,6460.40222059474,0.0,30725.67,18735.16,1.4,LOW,NORMAL_OPERATIONS,NORMAL,Favorable weather conditions. Revenue outlook remains favorable.
2021-12-24,Khavda Renewable Energy Park,7107.32389163683,0.0,33802.43,20611.24,1.54,LOW,NORMAL_OPERATIONS,NORMAL,Favorable weather conditions. Revenue outlook remains favorable.
2021-12-25,Khavda Renewable Energy Park,8106.299493532982,0.0,38553.56,23508.27,1.75,LOW,NORMAL_OPERATIONS,NORMAL,Favorable weather conditions. Revenue outlook remains favorable.
2021-12-26,Khavda Renewable Energy Park,1612.1512357975205,0.0,7667.39,4675.24,0.35,MEDIUM,NORMAL_OPERATIONS,CLOUD_CURTAILMENT,Cloud cover and rainfall may reduce solar generation.
2021-12-27,Khavda Renewable Energy Park,1335.597611148423,0.0,6352.11,3873.24,0.29,MEDIUM,NORMAL_OPERATIONS,CLOUD_CURTAILMENT,Cloud cover and rainfall may reduce solar generation.
2021-12-28,Khavda Renewable Energy Park,5554.692848206134,0.0,26418.12,16108.61,1.2,LOW,NORMAL_OPERATIONS,NORMAL,Favorable weather conditions. Revenue outlook remains favorable.
2021-12-29,Khavda Renewable Energy Park,9068.924428707607,0.0,43131.8,26299.88,1.96,LOW,NORMAL_OPERATIONS,NORMAL,Favorable weather conditions. Revenue outlook remains favorable.
2021-12-30,Khavda Renewable Energy Park,6158.040820769187,0.0,29287.64,17858.32,1.33,LOW,NORMAL_OPERATIONS,NORMAL,Favorable weather conditions. Revenue outlook remains favorable.
2021-12-31,Khavda Renewable Energy Park,6084.565986000207,0.0,28938.19,17645.24,1.32,LOW,NORMAL_OPERATIONS,NORMAL,Favorable weather conditions. Revenue outlook remains favorable.
2022-01-01,Khavda Renewable Energy Park,5654.641345861096,0.0,26893.47,16398.46,1.22,LOW,NORMAL_OPERATIONS,NORMAL,Favorable weather conditions. Revenue outlook remains favorable.
2022-01-02,Khavda Renewable Energy Park,8209.952657796834,0.0,39046.54,23808.86,1.77,LOW,NORMAL_OPERATIONS,NORMAL,Favorable weather conditions. Revenue outlook remains favorable.
2022-01-03,Khavda Renewable Energy Park,3642.023388221565,0.0,17321.47,10561.87,0.79,LOW,NORMAL_OPERATIONS,NORMAL,Favorable weather conditions. Revenue outlook remains favorable.
2022-01-04,Khavda Renewable Energy Park,3445.2561786256542,0.0,16385.64,9991.25,0.74,LOW,NORMAL_OPERATIONS,NORMAL,Favorable weather conditions. Revenue outlook remains favorable.
2022-01-05,Khavda Renewable Energy Park,1327.2057113317703,0.0,6312.19,3848.9,0.29,MEDIUM,NORMAL_OPERATIONS,CLOUD_CURTAILMENT,Cloud cover and rainfall may reduce solar generation.
2022-01-06,Khavda Renewable Energy Park,4761.422862825382,0.0,22645.32,13808.12,1.03,LOW,NORMAL_OPERATIONS,NORMAL,Favorable weather conditions. Revenue outlook remains favorable.
2022-01-07,Khavda Renewable Energy Park,4431.178587939296,0.0,21074.69,12850.42,0.96,LOW,NORMAL_OPERATIONS,NORMAL,Favorable weather conditions. Revenue outlook remains favorable.
2022-01-08,Khavda Renewable Energy Park,8480.534495216541,0.0,40333.42,24593.55,1.83,LOW,NORMAL_OPERATIONS,NORMAL,Favorable weather conditions. Revenue outlook remains favorable.
2022-01-09,Khavda Renewable Energy Park,9085.722557564435,0.0,43211.7,26348.6,1.96,LOW,NORMAL_OPERATIONS,NORMAL,Favorable weather conditions. Revenue outlook remains favorable.
2022-01-10,Khavda Renewable Energy Park,10176.417997699516,0.0,48399.04,29511.61,2.2,LOW,NORMAL_OPERATIONS,NORMAL,Favorable weather conditions. Revenue outlook remains favorable.
2022-01-11,Khavda Renewable Energy Park,10273.995110204374,0.0,48863.12,29794.58,2.22,LOW,NORMAL_OPERATIONS,NORMAL,Favorable weather conditions. Revenue outlook remains favorable.
2022-01-12,Khavda Renewable Energy Park,9589.168403171,0.0,45606.09,27808.59,2.07,LOW,NORMAL_OPERATIONS,NORMAL,Favorable weather conditions. Revenue outlook remains favorable.
2022-01-13,Khavda Renewable Energy Park,9387.374615441382,0.0,44646.35,27223.38,2.03,LOW,NORMAL_OPERATIONS,NORMAL,Favorable weather conditions. Revenue outlook remains favorable.
2022-01-14,Khavda Renewable Energy Park,10087.22876220079,0.0,47974.86,29252.96,2.18,LOW,NORMAL_OPERATIONS,NORMAL,Favorable weather conditions. Revenue outlook remains favorable.
2022-01-15,Khavda Renewable Energy Park,10333.9489634975,0.0,49148.26,29968.45,2.23,LOW,NORMAL_OPERATIONS,NORMAL,Favorable weather conditions. Revenue outlook remains favorable.
2022-01-16,Khavda Renewable Energy Park,10511.533698801026,0.0,49992.86,30483.45,2.27,LOW,NORMAL_OPERATIONS,NORMAL,Favorable weather conditions. Revenue outlook remains favorable.
2022-01-17,Khavda Renewable Energy Park,7807.070373950309,0.0,37130.43,22640.5,1.69,LOW,NORMAL_OPERATIONS,NORMAL,Favorable weather conditions. Revenue outlook remains favorable.
2022-01-18,Khavda Renewable Energy Park,9545.333150497649,0.0,45397.6,27681.46,2.06,LOW,NORMAL_OPERATIONS,NORMAL,Favorable weather conditions. Revenue outlook remains favorable.
2022-01-19,Khavda Renewable Energy Park,9427.747350360189,0.0,44838.36,27340.46,2.04,LOW,NORMAL_OPERATIONS,NORMAL,Favorable weather conditions. Revenue outlook remains favorable.
2022-01-20,Khavda Renewable Energy Park,9663.891888743316,0.0,45961.47,28025.28,2.09,LOW,NORMAL_OPERATIONS,NORMAL,Favorable weather conditions. Revenue outlook remains favorable.
2022-01-21,Khavda Renewable Energy Park,9116.283492955354,0.0,43357.04,26437.22,1.97,LOW,NORMAL_OPERATIONS,NORMAL,Favorable weather conditions. Revenue outlook remains favorable.
2022-01-22,Khavda Renewable Energy Park,9776.558734189912,0.0,46497.31,28352.02,2.11,LOW,NORMAL_OPERATIONS,NORMAL,Favorable weather conditions. Revenue outlook remains favorable.
2022-01-23,Khavda Renewable Energy Park,11674.3171238406,0.0,55523.05,33855.52,2.52,LOW,NORMAL_OPERATIONS,NORMAL,Favorable weather conditions. Revenue outlook remains favorable.
2022-01-24,Khavda Renewable Energy Park,11305.628493621472,0.0,53769.57,32786.32,2.44,LOW,NORMAL_OPERATIONS,NORMAL,Favorable weather conditions. Revenue outlook remains favorable.
2022-01-25,Khavda Renewable Energy Park,11091.913840323716,0.0,52753.14,32166.55,2.4,LOW,NORMAL_OPERATIONS,NORMAL,Favorable weather conditions. Revenue outlook remains favorable.
2022-01-26,Khavda Renewable Energy Park,10450.865032478356,0.0,49704.32,30307.51,2.26,LOW,NORMAL_OPERATIONS,NORMAL,Favorable weather conditions. Revenue outlook remains favorable.
2022-01-27,Khavda Renewable Energy Park,11196.1479302718,0.0,53248.88,32468.83,2.42,LOW,NORMAL_OPERATIONS,NORMAL,Favorable weather conditions. Revenue outlook remains favorable.
2022-01-28,Khavda Renewable Energy Park,11131.55756187817,0.0,52941.68,32281.52,2.41,LOW,NORMAL_OPERATIONS,NORMAL,Favorable weather conditions. Revenue outlook remains favorable.
2022-01-29,Khavda Renewable Energy Park,10879.3074652409,0.0,51741.98,31549.99,2.35,LOW,NORMAL_OPERATIONS,NORMAL,Favorable weather conditions. Revenue outlook remains favorable.
2022-01-30,Khavda Renewable Energy Park,9100.96613226928,0.0,43284.19,26392.8,1.97,LOW,NORMAL_OPERATIONS,NORMAL,Favorable weather conditions. Revenue outlook remains favorable.
2022-01-31,Khavda Renewable Energy Park,10611.463524149662,0.0,50468.12,30773.24,2.29,LOW,NORMAL_OPERATIONS,NORMAL,Favorable weather conditions. Revenue outlook remains favorable.
2022-02-01,Khavda Renewable Energy Park,7911.741223973679,0.0,37628.24,22944.05,1.71,LOW,NORMAL_OPERATIONS,NORMAL,Favorable weather conditions. Revenue outlook remains favorable.
2022-02-02,Khavda Renewable Energy Park,8737.365779300826,0.0,41554.91,25338.36,1.89,LOW,NORMAL_OPERATIONS,NORMAL,Favorable weather conditions. Revenue outlook remains favorable.
2022-02-03,Khavda Renewable Energy Park,11197.916328118148,0.0,53257.29,32473.96,2.42,LOW,NORMAL_OPERATIONS,NORMAL,Favorable weather conditions. Revenue outlook remains favorable.
2022-02-04,Khavda Renewable Energy Park,10725.870923032531,0.0,51012.24,31105.02,2.32,LOW,NORMAL_OPERATIONS,NORMAL,Favorable weather conditions. Revenue outlook remains favorable.
2022-02-05,Khavda Renewable Energy Park,11477.742013468733,0.0,54588.14,33285.45,2.48,LOW,NORMAL_OPERATIONS,NORMAL,Favorable weather conditions. Revenue outlook remains favorable.
2022-02-06,Khavda Renewable Energy Park,10402.632117481728,0.0,49474.92,30167.64,2.25,LOW,NORMAL_OPERATIONS,NORMAL,Favorable weather conditions. Revenue outlook remains favorable.
2022-02-07,Khavda Renewable Energy Park,9439.922400722686,0.0,44896.27,27375.78,2.04,LOW,NORMAL_OPERATIONS,NORMAL,Favorable weather conditions. Revenue outlook remains favorable.
2022-02-08,Khavda Renewable Energy Park,10268.890408243093,0.0,48838.84,29779.78,2.22,LOW,NORMAL_OPERATIONS,NORMAL,Favorable weather conditions. Revenue outlook remains favorable.
2022-02-09,Khavda Renewable Energy Park,11847.153962229584,0.0,56345.06,34356.75,2.56,LOW,NORMAL_OPERATIONS,NORMAL,Favorable weather conditions. Revenue outlook remains favorable.
2022-02-10,Khavda Renewable Energy Park,12299.600005297185,0.0,58496.9,35668.84,2.66,LOW,NORMAL_OPERATIONS,NORMAL,Favorable weather conditions. Revenue outlook remains favorable.
2022-02-11,Khavda Renewable Energy Park,11976.795228396992,0.0,56961.64,34732.7,2.59,LOW,NORMAL_OPERATIONS,NORMAL,Favorable weather conditions. Revenue outlook remains favorable.
2022-02-12,Khavda Renewable Energy Park,12084.52546997326,0.0,57474.0,35045.12,2.61,LOW,NORMAL_OPERATIONS,NORMAL,Favorable weather conditions. Revenue outlook remains favorable.
2022-02-13,Khavda Renewable Energy Park,11839.189328048384,0.0,56307.19,34333.65,2.56,LOW,NORMAL_OPERATIONS,NORMAL,Favorable weather conditions. Revenue outlook remains favorable.
2022-02-14,Khavda Renewable Energy Park,11636.720637290502,0.0,55344.24,33746.49,2.52,LOW,NORMAL_OPERATIONS,NORMAL,Favorable weather conditions. Revenue outlook remains favorable.
2022-02-15,Khavda Renewable Energy Park,11116.999541348729,0.0,52872.45,32239.3,2.4,LOW,NORMAL_OPERATIONS,NORMAL,Favorable weather conditions. Revenue outlook remains favorable.
2022-02-16,Khavda Renewable Energy Park,11744.67804433347,0.0,55857.69,34059.56,2.54,LOW,NORMAL_OPERATIONS,NORMAL,Favorable weather conditions. Revenue outlook remains favorable.
2022-02-17,Khavda Renewable Energy Park,11505.797339455374,0.0,54721.57,33366.81,2.49,LOW,NORMAL_OPERATIONS,NORMAL,Favorable weather conditions. Revenue outlook remains favorable.
2022-02-18,Khavda Renewable Energy Park,11220.744300235694,0.0,53365.86,32540.16,2.43,LOW,NORMAL_OPERATIONS,NORMAL,Favorable weather conditions. Revenue outlook remains favorable.
2022-02-19,Khavda Renewable Energy Park,12264.955321283736,0.0,58332.13,35568.37,2.65,LOW,NORMAL_OPERATIONS,NORMAL,Favorable weather conditions. Revenue outlook remains favorable.
2022-02-20,Khavda Renewable Energy Park,12387.72213031157,0.0,58916.01,35924.39,2.68,LOW,NORMAL_OPERATIONS,NORMAL,Favorable weather conditions. Revenue outlook remains favorable.
2022-02-21,Khavda Renewable Energy Park,13277.519692033771,0.0,63147.88,38504.8,2.87,LOW,NORMAL_OPERATIONS,NORMAL,Favorable weather conditions. Revenue outlook remains favorable.
2022-02-22,Khavda Renewable Energy Park,12821.00028965222,0.0,60976.68,37180.9,2.77,LOW,NORMAL_OPERATIONS,NORMAL,Favorable weather conditions. Revenue outlook remains favorable.
2022-02-23,Khavda Renewable Energy Park,12504.93821912083,0.0,59473.48,36264.32,2.7,LOW,NORMAL_OPERATIONS,NORMAL,Favorable weather conditions. Revenue outlook remains favorable.
2022-02-24,Khavda Renewable Energy Park,12442.080702640178,0.0,59174.54,36082.04,2.69,LOW,NORMAL_OPERATIONS,NORMAL,Favorable weather conditions. Revenue outlook remains favorable.
2022-02-25,Khavda Renewable Energy Park,12614.220094417376,0.0,59993.23,36581.24,2.73,LOW,NORMAL_OPERATIONS,NORMAL,Favorable weather conditions. Revenue outlook remains favorable.
2022-02-26,Khavda Renewable Energy Park,12476.2848469763,0.0,59337.21,36181.22,2.7,LOW,NORMAL_OPERATIONS,NORMAL,Favorable weather conditions. Revenue outlook remains favorable.
2022-02-27,Khavda Renewable Energy Park,12199.307065496429,0.0,58019.9,35377.99,2.64,LOW,NORMAL_OPERATIONS,NORMAL,Favorable weather conditions. Revenue outlook remains favorable.
2022-02-28,Khavda Renewable Energy Park,12385.647629524852,0.0,58906.14,35918.38,2.68,LOW,NORMAL_OPERATIONS,NORMAL,Favorable weather conditions. Revenue outlook remains favorable.
2022-03-01,Khavda Renewable Energy Park,11470.174757306457,0.0,54552.15,33263.5,2.48,LOW,NORMAL_OPERATIONS,NORMAL,Favorable weather conditions. Revenue outlook remains favorable.
2022-03-02,Khavda Renewable Energy Park,10819.669913895634,0.0,51458.35,31377.04,2.34,LOW,NORMAL_OPERATIONS,NORMAL,Favorable weather conditions. Revenue outlook remains favorable.
2022-03-03,Khavda Renewable Energy Park,11350.33723506907,0.0,53982.21,32915.98,2.45,LOW,NORMAL_OPERATIONS,NORMAL,Favorable weather conditions. Revenue outlook remains favorable.
2022-03-04,Khavda Renewable Energy Park,11867.251051629888,0.0,56440.65,34415.03,2.57,LOW,NORMAL_OPERATIONS,NORMAL,Favorable weather conditions. Revenue outlook remains favorable.
2022-03-05,Khavda Renewable Energy Park,8632.625322776059,0.0,41056.77,25034.62,1.87,LOW,NORMAL_OPERATIONS,NORMAL,Favorable weather conditions. Revenue outlook remains favorable.
2022-03-06,Khavda Renewable Energy Park,4057.0074820750942,0.0,19295.12,11765.32,0.88,LOW,NORMAL_OPERATIONS,NORMAL,Favorable weather conditions. Revenue outlook remains favorable.
2022-03-07,Khavda Renewable Energy Park,8315.739042662513,0.0,39549.66,24115.64,1.8,LOW,NORMAL_OPERATIONS,NORMAL,Favorable weather conditions. Revenue outlook remains favorable.
2022-03-08,Khavda Renewable Energy Park,10728.794558642432,0.0,51026.15,31113.5,2.32,LOW,NORMAL_OPERATIONS,NORMAL,Favorable weather conditions. Revenue outlook remains favorable.
2022-03-09,Khavda Renewable Energy Park,12970.319959946995,0.0,61686.85,37613.93,2.8,LOW,NORMAL_OPERATIONS,NORMAL,Favorable weather conditions. Revenue outlook remains favorable.
2022-03-10,Khavda Renewable Energy Park,12024.28136704482,0.0,57187.48,34870.42,2.6,LOW,NORMAL_OPERATIONS,NORMAL,Favorable weather conditions. Revenue outlook remains favorable.
2022-03-11,Khavda Renewable Energy Park,12013.716975783937,0.0,57137.24,34839.78,2.6,LOW,NORMAL_OPERATIONS,NORMAL,Favorable weather conditions. Revenue outlook remains favorable.
2022-03-12,Khavda Renewable Energy Park,12060.964407555151,0.0,57361.94,34976.8,2.61,LOW,NORMAL_OPERATIONS,NORMAL,Favorable weather conditions. Revenue outlook remains favorable.
2022-03-13,Khavda Renewable Energy Park,12674.832798167146,0.0,60281.5,36757.02,2.74,LOW,NORMAL_OPERATIONS,NORMAL,Favorable weather conditions. Revenue outlook remains favorable.
2022-03-14,Khavda Renewable Energy Park,12226.371498873486,0.0,58148.62,35456.48,2.64,LOW,NORMAL_OPERATIONS,NORMAL,Favorable weather conditions. Revenue outlook remains favorable.
2022-03-15,Khavda Renewable Energy Park,11009.996737945678,0.0,52363.54,31928.99,2.38,LOW,NORMAL_OPERATIONS,NORMAL,Favorable weather conditions. Revenue outlook remains favorable.
2022-03-16,Khavda Renewable Energy Park,11881.685543336907,0.0,56509.3,34456.89,2.57,LOW,NORMAL_OPERATIONS,NORMAL,Favorable weather conditions. Revenue outlook remains favorable.
2022-03-17,Khavda Renewable Energy Park,12845.36039334668,0.0,61092.53,37251.54,2.78,LOW,NORMAL_OPERATIONS,NORMAL,Favorable weather conditions. Revenue outlook remains favorable.
2022-03-18,Khavda Renewable Energy Park,11995.415732423864,0.0,57050.2,34786.7,2.59,LOW,NORMAL_OPERATIONS,NORMAL,Favorable weather conditions. Revenue outlook remains favorable.
2022-03-19,Khavda Renewable Energy Park,12447.013099454103,0.0,59198.0,36096.34,2.69,LOW,NORMAL_OPERATIONS,NORMAL,Favorable weather conditions. Revenue outlook remains favorable.
2022-03-20,Khavda Renewable Energy Park,12994.158533105709,0.0,61800.22,37683.06,2.81,LOW,NORMAL_OPERATIONS,NORMAL,Favorable weather conditions. Revenue outlook remains favorable.
2022-03-21,Khavda Renewable Energy Park,13940.933595070252,0.0,66303.08,40428.7,3.01,LOW,NORMAL_OPERATIONS,NORMAL,Favorable weather conditions. Revenue outlook remains favorable.
2022-03-22,Khavda Renewable Energy Park,13499.57351737765,0.0,64203.97,39148.76,2.92,LOW,NORMAL_OPERATIONS,NORMAL,Favorable weather conditions. Revenue outlook remains favorable.
2022-03-23,Khavda Renewable Energy Park,14018.928234687552,0.0,66674.02,40654.89,3.03,LOW,NORMAL_OPERATIONS,NORMAL,Favorable weather conditions. Revenue outlook remains favorable.
2022-03-24,Khavda Renewable Energy Park,13509.113674365137,0.0,64249.35,39176.43,2.92,LOW,NORMAL_OPERATIONS,NORMAL,Favorable weather conditions. Revenue outlook remains favorable.
2022-03-25,Khavda Renewable Energy Park,12946.301087140424,0.0,61572.61,37544.28,2.8,LOW,NORMAL_OPERATIONS,NORMAL,Favorable weather conditions. Revenue outlook remains favorable.
2022-03-26,Khavda Renewable Energy Park,13514.595193398409,0.0,64275.41,39192.32,2.92,LOW,NORMAL_OPERATIONS,NORMAL,Favorable weather conditions. Revenue outlook remains favorable.
2022-03-27,Khavda Renewable Energy Park,13222.249794740948,0.0,62885.02,38344.52,2.86,LOW,NORMAL_OPERATIONS,NORMAL,Favorable weather conditions. Revenue outlook remains favorable.
2022-03-28,Khavda Renewable Energy Park,13537.362740971632,0.0,64383.69,39258.35,2.93,LOW,NORMAL_OPERATIONS,NORMAL,Favorable weather conditions. Revenue outlook remains favorable.
2022-03-29,Khavda Renewable Energy Park,13543.150078431088,0.0,64411.22,39275.14,2.93,LOW,NORMAL_OPERATIONS,NORMAL,Favorable weather conditions. Revenue outlook remains favorable.
2022-03-30,Khavda Renewable Energy Park,12669.572154362968,0.0,60256.49,36741.76,2.74,LOW,NORMAL_OPERATIONS,NORMAL,Favorable weather conditions. Revenue outlook remains favorable.
2022-03-31,Khavda Renewable Energy Park,12699.266337913425,0.0,60397.71,36827.87,2.75,LOW,NORMAL_OPERATIONS,NORMAL,Favorable weather conditions. Revenue outlook remains favorable.
2022-04-01,Khavda Renewable Energy Park,13183.382234407443,0.0,62700.17,38231.81,2.85,LOW,NORMAL_OPERATIONS,NORMAL,Favorable weather conditions. Revenue outlook remains favorable.
2022-04-02,Khavda Renewable Energy Park,12353.961347412682,0.0,58755.44,35826.49,2.67,LOW,NORMAL_OPERATIONS,NORMAL,Favorable weather conditions. Revenue outlook remains favorable.
2022-04-03,Khavda Renewable Energy Park,11927.589887433767,0.0,56727.62,34590.01,2.58,LOW,NORMAL_OPERATIONS,NORMAL,Favorable weather conditions. Revenue outlook remains favorable.
2022-04-04,Khavda Renewable Energy Park,10286.087875419404,0.0,48920.63,29829.66,2.22,LOW,NORMAL_OPERATIONS,NORMAL,Favorable weather conditions. Revenue outlook remains favorable.
2022-04-05,Khavda Renewable Energy Park,2626.757536313351,0.0,12492.86,7617.6,0.57,MEDIUM,NORMAL_OPERATIONS,CLOUD_CURTAILMENT,Cloud cover and rainfall may reduce solar generation.
2022-04-06,Khavda Renewable Energy Park,5274.423980142595,0.0,25085.16,15295.83,1.14,LOW,NORMAL_OPERATIONS,NORMAL,Favorable weather conditions. Revenue outlook remains favorable.
2022-04-07,Khavda Renewable Energy Park,5337.799217449599,0.0,25386.58,15479.62,1.15,LOW,NORMAL_OPERATIONS,NORMAL,Favorable weather conditions. Revenue outlook remains favorable.
2022-04-08,Khavda Renewable Energy Park,7243.592793672541,0.0,34450.53,21006.42,1.57,LOW,NORMAL_OPERATIONS,NORMAL,Favorable weather conditions. Revenue outlook remains favorable.
2022-04-09,Khavda Renewable Energy Park,6717.759476786613,0.0,31949.66,19481.5,1.45,LOW,NORMAL_OPERATIONS,NORMAL,Favorable weather conditions. Revenue outlook remains favorable.
2022-04-10,Khavda Renewable Energy Park,11156.46208589853,0.0,53060.13,32353.74,2.41,LOW,NORMAL_OPERATIONS,NORMAL,Favorable weather conditions. Revenue outlook remains favorable.
2022-04-11,Khavda Renewable Energy Park,4376.950283546108,0.0,20816.77,12693.16,0.95,MEDIUM,NORMAL_OPERATIONS,CLOUD_CURTAILMENT,Cloud cover and rainfall may reduce solar generation.
2022-04-12,Khavda Renewable Energy Park,11221.757141222542,0.0,53370.68,32543.1,2.43,LOW,NORMAL_OPERATIONS,NORMAL,Favorable weather conditions. Revenue outlook remains favorable.
2022-04-13,Khavda Renewable Energy Park,13237.251359605209,0.0,62956.37,38388.03,2.86,LOW,NORMAL_OPERATIONS,NORMAL,Favorable weather conditions. Revenue outlook remains favorable.
2022-04-14,Khavda Renewable Energy Park,12982.925898563628,0.0,61746.8,37650.48,2.81,LOW,NORMAL_OPERATIONS,NORMAL,Favorable weather conditions. Revenue outlook remains favorable.
2022-04-15,Khavda Renewable Energy Park,12853.711109981174,0.0,61132.25,37275.76,2.78,LOW,NORMAL_OPERATIONS,NORMAL,Favorable weather conditions. Revenue outlook remains favorable.
2022-04-16,Khavda Renewable Energy Park,13002.905935321716,0.0,61841.82,37708.43,2.81,LOW,NORMAL_OPERATIONS,NORMAL,Favorable weather conditions. Revenue outlook remains favorable.
2022-04-17,Khavda Renewable Energy Park,13602.576747178882,0.0,64693.86,39447.48,2.94,LOW,NORMAL_OPERATIONS,NORMAL,Favorable weather conditions. Revenue outlook remains favorable.
2022-04-18,Khavda Renewable Energy Park,11948.04337157898,0.0,56824.89,34649.32,2.58,LOW,NORMAL_OPERATIONS,NORMAL,Favorable weather conditions. Revenue outlook remains favorable.
2022-04-19,Khavda Renewable Energy Park,9720.418985188207,0.0,46230.31,28189.22,2.1,LOW,NORMAL_OPERATIONS,NORMAL,Favorable weather conditions. Revenue outlook remains favorable.
2022-04-20,Khavda Renewable Energy Park,4862.540487440516,0.0,23126.24,14101.36,1.05,LOW,NORMAL_OPERATIONS,NORMAL,Favorable weather conditions. Revenue outlook remains favorable.
2022-04-21,Khavda Renewable Energy Park,11322.3097653461,0.0,53848.91,32834.7,2.45,LOW,NORMAL_OPERATIONS,NORMAL,Favorable weather conditions. Revenue outlook remains favorable.
2022-04-22,Khavda Renewable Energy Park,10890.57730578094,0.0,51795.59,31582.68,2.35,LOW,NORMAL_OPERATIONS,NORMAL,Favorable weather conditions. Revenue outlook remains favorable.
2022-04-23,Khavda Renewable Energy Park,13002.73913981422,0.0,61841.03,37707.94,2.81,LOW,NORMAL_OPERATIONS,NORMAL,Favorable weather conditions. Revenue outlook remains favorable.
2022-04-24,Khavda Renewable Energy Park,11449.519562943618,0.0,54453.91,33203.61,2.48,LOW,NORMAL_OPERATIONS,NORMAL,Favorable weather conditions. Revenue outlook remains favorable.
2022-04-25,Khavda Renewable Energy Park,13713.226395458789,0.0,65220.1,39768.36,2.96,LOW,NORMAL_OPERATIONS,NORMAL,Favorable weather conditions. Revenue outlook remains favorable.
2022-04-26,Khavda Renewable Energy Park,14699.81144466628,0.0,69912.31,42629.46,3.18,LOW,NORMAL_OPERATIONS,NORMAL,Favorable weather conditions. Revenue outlook remains favorable.
2022-04-27,Khavda Renewable Energy Park,13604.745035179349,0.0,64704.17,39453.76,2.94,LOW,NORMAL_OPERATIONS,NORMAL,Favorable weather conditions. Revenue outlook remains favorable.
2022-04-28,Khavda Renewable Energy Park,12898.504879989894,0.0,61345.29,37405.66,2.79,LOW,NORMAL_OPERATIONS,NORMAL,Favorable weather conditions. Revenue outlook remains favorable.
2022-04-29,Khavda Renewable Energy Park,13633.27020002262,0.0,64839.84,39536.48,2.95,LOW,NORMAL_OPERATIONS,NORMAL,Favorable weather conditions. Revenue outlook remains favorable.
2022-04-30,Khavda Renewable Energy Park,12977.460527811398,0.0,61720.8,37634.64,2.81,LOW,NORMAL_OPERATIONS,NORMAL,Favorable weather conditions. Revenue outlook remains favorable.
2022-05-01,Khavda Renewable Energy Park,12857.005459784878,0.0,61147.92,37285.32,2.78,LOW,NORMAL_OPERATIONS,NORMAL,Favorable weather conditions. Revenue outlook remains favorable.
2022-05-02,Khavda Renewable Energy Park,13338.672707146356,0.0,63438.73,38682.15,2.88,LOW,NORMAL_OPERATIONS,NORMAL,Favorable weather conditions. Revenue outlook remains favorable.
2022-05-03,Khavda Renewable Energy Park,13009.74757889456,0.0,61874.36,37728.27,2.81,LOW,NORMAL_OPERATIONS,NORMAL,Favorable weather conditions. Revenue outlook remains favorable.
2022-05-04,Khavda Renewable Energy Park,12909.028514552354,0.0,61395.34,37436.18,2.79,LOW,NORMAL_OPERATIONS,NORMAL,Favorable weather conditions. Revenue outlook remains favorable.
2022-05-05,Khavda Renewable Energy Park,12706.900119441723,0.0,60434.02,36850.01,2.75,LOW,NORMAL_OPERATIONS,NORMAL,Favorable weather conditions. Revenue outlook remains favorable.
2022-05-06,Khavda Renewable Energy Park,13982.580819129083,0.0,66501.16,40549.48,3.02,LOW,NORMAL_OPERATIONS,NORMAL,Favorable weather conditions. Revenue outlook remains favorable.
2022-05-07,Khavda Renewable Energy Park,13807.024935381636,0.0,65666.21,40040.37,2.98,LOW,NORMAL_OPERATIONS,NORMAL,Favorable weather conditions. Revenue outlook remains favorable.
2022-05-08,Khavda Renewable Energy Park,12889.001607618357,0.0,61300.09,37378.11,2.79,LOW,NORMAL_OPERATIONS,NORMAL,Favorable weather conditions. Revenue outlook remains favorable.
2022-05-09,Khavda Renewable Energy Park,13881.038834869052,0.0,66018.22,40255.02,3.0,LOW,NORMAL_OPERATIONS,NORMAL,Favorable weather conditions. Revenue outlook remains favorable.
2022-05-10,Khavda Renewable Energy Park,13084.707886592016,0.0,62230.87,37945.66,2.83,LOW,NORMAL_OPERATIONS,NORMAL,Favorable weather conditions. Revenue outlook remains favorable.
2022-05-11,Khavda Renewable Energy Park,12770.3768209667,0.0,60735.92,37034.1,2.76,LOW,NORMAL_OPERATIONS,NORMAL,Favorable weather conditions. Revenue outlook remains favorable.
2022-05-12,Khavda Renewable Energy Park,13376.857420252143,0.0,63620.33,38792.88,2.89,LOW,NORMAL_OPERATIONS,NORMAL,Favorable weather conditions. Revenue outlook remains favorable.
2022-05-13,Khavda Renewable Energy Park,13341.686061741872,0.0,63453.06,38690.89,2.88,LOW,NORMAL_OPERATIONS,NORMAL,Favorable weather conditions. Revenue outlook remains favorable.
2022-05-14,Khavda Renewable Energy Park,12988.745509767386,0.0,61774.47,37667.36,2.81,LOW,NORMAL_OPERATIONS,NORMAL,Favorable weather conditions. Revenue outlook remains favorable.
2022-05-15,Khavda Renewable Energy Park,13533.126757513764,0.0,64363.55,39246.07,2.93,LOW,NORMAL_OPERATIONS,NORMAL,Favorable weather conditions. Revenue outlook remains favorable.
2022-05-16,Khavda Renewable Energy Park,12634.473213123056,0.0,60089.55,36639.97,2.73,LOW,NORMAL_OPERATIONS,NORMAL,Favorable weather conditions. Revenue outlook remains favorable.
2022-05-17,Khavda Renewable Energy Park,12897.889729358109,0.0,61342.36,37403.88,2.79,LOW,NORMAL_OPERATIONS,NORMAL,Favorable weather conditions. Revenue outlook remains favorable.
2022-05-18,Khavda Renewable Energy Park,12686.341006618646,0.0,60336.24,36790.39,2.74,LOW,NORMAL_OPERATIONS,NORMAL,Favorable weather conditions. Revenue outlook remains favorable.
2022-05-19,Khavda Renewable Energy Park,12791.0196059954,0.0,60834.09,37093.96,2.77,LOW,NORMAL_OPERATIONS,NORMAL,Favorable weather conditions. Revenue outlook remains favorable.
2022-05-20,Khavda Renewable Energy Park,14235.17036409173,0.0,67702.47,41282.0,3.08,LOW,NORMAL_OPERATIONS,NORMAL,Favorable weather conditions. Revenue outlook remains favorable.
2022-05-21,Khavda Renewable Energy Park,12961.173455100916,0.0,61643.34,37587.4,2.8,LOW,NORMAL_OPERATIONS,NORMAL,Favorable weather conditions. Revenue outlook remains favorable.
2022-05-22,Khavda Renewable Energy Park,12625.361175719843,0.0,60046.21,36613.54,2.73,LOW,NORMAL_OPERATIONS,NORMAL,Favorable weather conditions. Revenue outlook remains favorable.
2022-05-23,Khavda Renewable Energy Park,13120.291438312132,0.0,62400.11,38048.84,2.84,LOW,NORMAL_OPERATIONS,NORMAL,Favorable weather conditions. Revenue outlook remains favorable.
2022-05-24,Khavda Renewable Energy Park,12887.499748102224,0.0,61292.95,37373.75,2.79,LOW,NORMAL_OPERATIONS,NORMAL,Favorable weather conditions. Revenue outlook remains favorable.
2022-05-25,Khavda Renewable Energy Park,10904.582359130964,0.0,51862.2,31623.29,2.36,LOW,NORMAL_OPERATIONS,NORMAL,Favorable weather conditions. Revenue outlook remains favorable.
2022-05-26,Khavda Renewable Energy Park,9273.156801055087,0.0,44103.13,26892.16,2.0,LOW,NORMAL_OPERATIONS,NORMAL,Favorable weather conditions. Revenue outlook remains favorable.
2022-05-27,Khavda Renewable Energy Park,12944.841495069451,0.0,61565.67,37540.04,2.8,LOW,NORMAL_OPERATIONS,NORMAL,Favorable weather conditions. Revenue outlook remains favorable.
2022-05-28,Khavda Renewable Energy Park,11238.578114326629,0.0,53450.68,32591.88,2.43,LOW,NORMAL_OPERATIONS,NORMAL,Favorable weather conditions. Revenue outlook remains favorable.
2022-05-29,Khavda Renewable Energy Park,12069.763308816227,0.0,57403.8,35002.32,2.61,LOW,NORMAL_OPERATIONS,NORMAL,Favorable weather conditions. Revenue outlook remains favorable.
2022-05-30,Khavda Renewable Energy Park,13317.144849475746,0.0,63336.34,38619.72,2.88,LOW,NORMAL_OPERATIONS,NORMAL,Favorable weather conditions. Revenue outlook remains favorable.
2022-05-31,Khavda Renewable Energy Park,13642.427697453311,0.0,64883.39,39563.04,2.95,LOW,NORMAL_OPERATIONS,NORMAL,Favorable weather conditions. Revenue outlook remains favorable.
2022-06-01,Khavda Renewable Energy Park,13950.080125048176,0.0,66346.58,40455.23,3.02,LOW,NORMAL_OPERATIONS,NORMAL,Favorable weather conditions. Revenue outlook remains favorable.
2022-06-02,Khavda Renewable Energy Park,13891.83544290292,0.0,66069.57,40286.32,3.0,LOW,NORMAL_OPERATIONS,NORMAL,Favorable weather conditions. Revenue outlook remains favorable.
2022-06-03,Khavda Renewable Energy Park,13501.099413766013,0.0,64211.23,39153.19,2.92,LOW,NORMAL_OPERATIONS,NORMAL,Favorable weather conditions. Revenue outlook remains favorable.
2022-06-04,Khavda Renewable Energy Park,14724.432278495404,0.0,70029.4,42700.86,3.18,LOW,NORMAL_OPERATIONS,NORMAL,Favorable weather conditions. Revenue outlook remains favorable.
2022-06-05,Khavda Renewable Energy Park,15130.72539019052,0.0,71961.73,43879.1,3.27,LOW,NORMAL_OPERATIONS,NORMAL,Favorable weather conditions. Revenue outlook remains favorable.
2022-06-06,Khavda Renewable Energy Park,14350.264085152035,0.0,68249.85,41615.76,3.1,LOW,NORMAL_OPERATIONS,NORMAL,Favorable weather conditions. Revenue outlook remains favorable.
2022-06-07,Khavda Renewable Energy Park,12389.021655456392,0.0,58922.19,35928.16,2.68,LOW,NORMAL_OPERATIONS,NORMAL,Favorable weather conditions. Revenue outlook remains favorable.
2022-06-08,Khavda Renewable Energy Park,10700.1911431299,0.0,50890.11,31030.56,2.31,LOW,NORMAL_OPERATIONS,NORMAL,Favorable weather conditions. Revenue outlook remains favorable.
2022-06-09,Khavda Renewable Energy Park,13002.68559984756,0.0,61840.78,37707.79,2.81,LOW,NORMAL_OPERATIONS,NORMAL,Favorable weather conditions. Revenue outlook remains favorable.
2022-06-10,Khavda Renewable Energy Park,9818.430817333188,0.0,46696.46,28473.45,2.12,LOW,NORMAL_OPERATIONS,NORMAL,Favorable weather conditions. Revenue outlook remains favorable.
2022-06-11,Khavda Renewable Energy Park,9955.47950271231,0.0,47348.26,28870.89,2.15,LOW,NORMAL_OPERATIONS,NORMAL,Favorable weather conditions. Revenue outlook remains favorable.
2022-06-12,Khavda Renewable Energy Park,9280.523371498026,0.0,44138.17,26913.52,2.01,LOW,NORMAL_OPERATIONS,NORMAL,Favorable weather conditions. Revenue outlook remains favorable.
2022-06-13,Khavda Renewable Energy Park,7011.197657128641,0.0,33345.26,20332.47,1.52,LOW,NORMAL_OPERATIONS,NORMAL,Favorable weather conditions. Revenue outlook remains favorable.
2022-06-14,Khavda Renewable Energy Park,7602.148568408091,0.0,36155.82,22046.23,1.64,LOW,NORMAL_OPERATIONS,NORMAL,Favorable weather conditions. Revenue outlook remains favorable.
2022-06-15,Khavda Renewable Energy Park,11111.171819465011,0.0,52844.74,32222.4,2.4,LOW,NORMAL_OPERATIONS,NORMAL,Favorable weather conditions. Revenue outlook remains favorable.
2022-06-16,Khavda Renewable Energy Park,3860.792477296426,0.0,18361.93,11196.3,0.83,MEDIUM,NORMAL_OPERATIONS,NORMAL,Moderate weather patterns observed. Monitor generation closely.
2022-06-17,Khavda Renewable Energy Park,7849.326237088567,0.0,37331.39,22763.04,1.7,LOW,NORMAL_OPERATIONS,NORMAL,Favorable weather conditions. Revenue outlook remains favorable.
2022-06-18,Khavda Renewable Energy Park,8514.546399593532,0.0,40495.18,24692.18,1.84,LOW,NORMAL_OPERATIONS,NORMAL,Favorable weather conditions. Revenue outlook remains favorable.
2022-06-19,Khavda Renewable Energy Park,8721.742539235544,0.0,41480.61,25293.06,1.89,LOW,NORMAL_OPERATIONS,NORMAL,Favorable weather conditions. Revenue outlook remains favorable.
2022-06-20,Khavda Renewable Energy Park,8316.579643548619,0.0,39553.65,24118.08,1.8,LOW,NORMAL_OPERATIONS,NORMAL,Favorable weather conditions. Revenue outlook remains favorable.
2022-06-21,Khavda Renewable Energy Park,10528.159444698233,0.0,50071.92,30531.66,2.28,LOW,NORMAL_OPERATIONS,NORMAL,Favorable weather conditions. Revenue outlook remains favorable.
2022-06-22,Khavda Renewable Energy Park,13566.7779479508,0.0,64523.59,39343.66,2.93,LOW,NORMAL_OPERATIONS,NORMAL,Favorable weather conditions. Revenue outlook remains favorable.
2022-06-23,Khavda Renewable Energy Park,12111.409219438823,0.0,57601.86,35123.08,2.62,LOW,NORMAL_OPERATIONS,NORMAL,Favorable weather conditions. Revenue outlook remains favorable.
2022-06-24,Khavda Renewable Energy Park,11219.64544661167,0.0,53360.63,32536.97,2.43,LOW,NORMAL_OPERATIONS,NORMAL,Favorable weather conditions. Revenue outlook remains favorable.
2022-06-25,Khavda Renewable Energy Park,9889.265225841647,0.0,47033.35,28678.87,2.14,LOW,NORMAL_OPERATIONS,NORMAL,Favorable weather conditions. Revenue outlook remains favorable.
2022-06-26,Khavda Renewable Energy Park,10015.173385783764,0.0,47632.17,29044.0,2.17,LOW,NORMAL_OPERATIONS,NORMAL,Favorable weather conditions. Revenue outlook remains favorable.
2022-06-27,Khavda Renewable Energy Park,2202.618033671496,0.0,10475.65,6387.59,0.48,MEDIUM,NORMAL_OPERATIONS,CLOUD_CURTAILMENT,Cloud cover and rainfall may reduce solar generation.
2022-06-28,Khavda Renewable Energy Park,3148.7264876793115,0.0,14975.34,9131.3,0.68,MEDIUM,NORMAL_OPERATIONS,CLOUD_CURTAILMENT,Cloud cover and rainfall may reduce solar generation.
2022-06-29,Khavda Renewable Energy Park,676.7879584344847,0.0,3218.8,1962.68,0.15,MEDIUM,NORMAL_OPERATIONS,CLOUD_CURTAILMENT,Cloud cover and rainfall may reduce solar generation.
2022-06-30,Khavda Renewable Energy Park,79.32883894785905,0.0,377.29,230.06,0.02,MEDIUM,NORMAL_OPERATIONS,CLOUD_CURTAILMENT,Cloud cover and rainfall may reduce solar generation.
2022-07-01,Khavda Renewable Energy Park,728.9282917207956,0.0,3466.78,2113.89,0.16,MEDIUM,NORMAL_OPERATIONS,CLOUD_CURTAILMENT,Cloud cover and rainfall may reduce solar generation.
2022-07-02,Khavda Renewable Energy Park,34.21696448604487,0.0,162.74,99.23,0.01,MEDIUM,NORMAL_OPERATIONS,CLOUD_CURTAILMENT,Cloud cover and rainfall may reduce solar generation.
2022-07-03,Khavda Renewable Energy Park,1714.017759365834,0.0,8151.87,4970.65,0.37,MEDIUM,NORMAL_OPERATIONS,CLOUD_CURTAILMENT,Cloud cover and rainfall may reduce solar generation.
2022-07-04,Khavda Renewable Energy Park,126.19070780818257,0.0,600.17,365.96,0.03,MEDIUM,NORMAL_OPERATIONS,CLOUD_CURTAILMENT,Cloud cover and rainfall may reduce solar generation.
2022-07-05,Khavda Renewable Energy Park,571.4710985222248,0.0,2717.91,1657.26,0.12,MEDIUM,WEATHER_WARNING,CLOUD_CURTAILMENT|HEAVY_RAIN,Cloud cover and rainfall may reduce solar generation.
2022-07-06,Khavda Renewable Energy Park,528.5843870235572,0.0,2513.95,1532.9,0.11,MEDIUM,WEATHER_WARNING,CLOUD_CURTAILMENT|HEAVY_RAIN,Cloud cover and rainfall may reduce solar generation.
2022-07-07,Khavda Renewable Energy Park,673.4233676848252,0.0,3202.81,1952.93,0.15,MEDIUM,NORMAL_OPERATIONS,CLOUD_CURTAILMENT,Cloud cover and rainfall may reduce solar generation.
2022-07-08,Khavda Renewable Energy Park,0.0,0.0,0.0,0.0,0.0,MEDIUM,WEATHER_WARNING,CLOUD_CURTAILMENT|HEAVY_RAIN,Cloud cover and rainfall may reduce solar generation.
2022-07-09,Khavda Renewable Energy Park,832.3562178192323,0.0,3958.69,2413.84,0.18,MEDIUM,WEATHER_WARNING,CLOUD_CURTAILMENT|HEAVY_RAIN,Cloud cover and rainfall may reduce solar generation.
2022-07-10,Khavda Renewable Energy Park,217.99834963940327,0.0,1036.8,632.2,0.05,MEDIUM,NORMAL_OPERATIONS,CLOUD_CURTAILMENT,Cloud cover and rainfall may reduce solar generation.
2022-07-11,Khavda Renewable Energy Park,374.7501178865466,0.0,1782.31,1086.78,0.08,MEDIUM,NORMAL_OPERATIONS,CLOUD_CURTAILMENT,Cloud cover and rainfall may reduce solar generation.
2022-07-12,Khavda Renewable Energy Park,422.5663423648841,0.0,2009.72,1225.44,0.09,MEDIUM,WEATHER_WARNING,CLOUD_CURTAILMENT|HEAVY_RAIN,Cloud cover and rainfall may reduce solar generation.
2022-07-13,Khavda Renewable Energy Park,4003.515477126243,0.0,19040.72,11610.2,0.87,LOW,NORMAL_OPERATIONS,NORMAL,Favorable weather conditions. Revenue outlook remains favorable.
2022-07-14,Khavda Renewable Energy Park,1059.173536468698,0.0,5037.43,3071.6,0.23,MEDIUM,NORMAL_OPERATIONS,CLOUD_CURTAILMENT,Cloud cover and rainfall may reduce solar generation.
2022-07-15,Khavda Renewable Energy Park,826.3541504272612,0.0,3930.14,2396.43,0.18,MEDIUM,WEATHER_WARNING,CLOUD_CURTAILMENT|HEAVY_RAIN,Cloud cover and rainfall may reduce solar generation.
2022-07-16,Khavda Renewable Energy Park,2794.7364743106755,0.0,13291.77,8104.74,0.6,MEDIUM,NORMAL_OPERATIONS,CLOUD_CURTAILMENT,Cloud cover and rainfall may reduce solar generation.
2022-07-17,Khavda Renewable Energy Park,4803.876647507783,0.0,22847.23,13931.24,1.04,LOW,NORMAL_OPERATIONS,NORMAL,Favorable weather conditions. Revenue outlook remains favorable.
2022-07-18,Khavda Renewable Energy Park,2396.664631394657,0.0,11398.53,6950.32,0.52,MEDIUM,NORMAL_OPERATIONS,CLOUD_CURTAILMENT,Cloud cover and rainfall may reduce solar generation.
2022-07-19,Khavda Renewable Energy Park,4283.326662189158,0.0,20371.5,12421.64,0.93,LOW,NORMAL_OPERATIONS,NORMAL,Favorable weather conditions. Revenue outlook remains favorable.
2022-07-20,Khavda Renewable Energy Park,3417.5704649848185,0.0,16253.97,9910.96,0.74,MEDIUM,NORMAL_OPERATIONS,CLOUD_CURTAILMENT,Cloud cover and rainfall may reduce solar generation.
2022-07-21,Khavda Renewable Energy Park,3373.101472508431,0.0,16042.47,9782.0,0.73,MEDIUM,NORMAL_OPERATIONS,CLOUD_CURTAILMENT,Cloud cover and rainfall may reduce solar generation.
2022-07-22,Khavda Renewable Energy Park,1822.944200166851,0.0,8669.93,5286.54,0.39,MEDIUM,NORMAL_OPERATIONS,CLOUD_CURTAILMENT,Cloud cover and rainfall may reduce solar generation.
2022-07-23,Khavda Renewable Energy Park,84.47329890820885,0.0,401.76,244.98,0.02,MEDIUM,NORMAL_OPERATIONS,CLOUD_CURTAILMENT,Cloud cover and rainfall may reduce solar generation.
2022-07-24,Khavda Renewable Energy Park,0.0,0.0,0.0,0.0,0.0,MEDIUM,WEATHER_WARNING,CLOUD_CURTAILMENT|HEAVY_RAIN,Cloud cover and rainfall may reduce solar generation.
2022-07-25,Khavda Renewable Energy Park,0.0,0.0,0.0,0.0,0.0,MEDIUM,NORMAL_OPERATIONS,CLOUD_CURTAILMENT,Cloud cover and rainfall may reduce solar generation.
2022-07-26,Khavda Renewable Energy Park,2.7324301396894617,0.0,13.0,7.92,0.0,MEDIUM,NORMAL_OPERATIONS,CLOUD_CURTAILMENT,Cloud cover and rainfall may reduce solar generation.
2022-07-27,Khavda Renewable Energy Park,1973.6666873426432,0.0,9386.76,5723.64,0.43,MEDIUM,NORMAL_OPERATIONS,CLOUD_CURTAILMENT,Cloud cover and rainfall may reduce solar generation.
2022-07-28,Khavda Renewable Energy Park,4732.514834397827,0.0,22507.84,13724.3,1.02,LOW,NORMAL_OPERATIONS,NORMAL,Favorable weather conditions. Revenue outlook remains favorable.
2022-07-29,Khavda Renewable Energy Park,3260.585479416778,0.0,15507.35,9455.7,0.7,MEDIUM,NORMAL_OPERATIONS,CLOUD_CURTAILMENT,Cloud cover and rainfall may reduce solar generation.
2022-07-30,Khavda Renewable Energy Park,3168.371490557743,0.0,15068.77,9188.28,0.68,MEDIUM,NORMAL_OPERATIONS,CLOUD_CURTAILMENT,Cloud cover and rainfall may reduce solar generation.
2022-07-31,Khavda Renewable Energy Park,3628.988896315518,0.0,17259.47,10524.07,0.78,LOW,NORMAL_OPERATIONS,NORMAL,Favorable weather conditions. Revenue outlook remains favorable.
2022-08-01,Khavda Renewable Energy Park,2123.2290492534767,0.0,10098.08,6157.36,0.46,MEDIUM,NORMAL_OPERATIONS,CLOUD_CURTAILMENT,Cloud cover and rainfall may reduce solar generation.
2022-08-02,Khavda Renewable Energy Park,2267.950408873662,0.0,10786.37,6577.06,0.49,MEDIUM,NORMAL_OPERATIONS,CLOUD_CURTAILMENT,Cloud cover and rainfall may reduce solar generation.
2022-08-03,Khavda Renewable Energy Park,3872.160063425988,0.0,18415.99,11229.26,0.84,LOW,NORMAL_OPERATIONS,NORMAL,Favorable weather conditions. Revenue outlook remains favorable.
2022-08-04,Khavda Renewable Energy Park,4.497254298280463,0.0,21.39,13.04,0.0,MEDIUM,NORMAL_OPERATIONS,CLOUD_CURTAILMENT,Cloud cover and rainfall may reduce solar generation.
2022-08-05,Khavda Renewable Energy Park,3.0633704031412745,0.0,14.57,8.88,0.0,MEDIUM,NORMAL_OPERATIONS,CLOUD_CURTAILMENT,Cloud cover and rainfall may reduce solar generation.
2022-08-06,Khavda Renewable Energy Park,4.719278140783374,0.0,22.44,13.68,0.0,MEDIUM,WEATHER_WARNING,CLOUD_CURTAILMENT|HEAVY_RAIN,Cloud cover and rainfall may reduce solar generation.
2022-08-07,Khavda Renewable Energy Park,360.36081680289993,0.0,1713.87,1045.04,0.08,MEDIUM,NORMAL_OPERATIONS,CLOUD_CURTAILMENT,Cloud cover and rainfall may reduce solar generation.
2022-08-08,Khavda Renewable Energy Park,8.778687498008765,0.0,41.75,25.46,0.0,MEDIUM,NORMAL_OPERATIONS,CLOUD_CURTAILMENT,Cloud cover and rainfall may reduce solar generation.
2022-08-09,Khavda Renewable Energy Park,1235.2879895681835,0.0,5875.03,3582.34,0.27,MEDIUM,NORMAL_OPERATIONS,CLOUD_CURTAILMENT,Cloud cover and rainfall may reduce solar generation.
2022-08-10,Khavda Renewable Energy Park,524.1523533054681,0.0,2492.87,1520.04,0.11,MEDIUM,NORMAL_OPERATIONS,CLOUD_CURTAILMENT,Cloud cover and rainfall may reduce solar generation.
2022-08-11,Khavda Renewable Energy Park,7.434029313706178,0.0,35.36,21.56,0.0,MEDIUM,WEATHER_WARNING,CLOUD_CURTAILMENT|HEAVY_RAIN,Cloud cover and rainfall may reduce solar generation.
2022-08-12,Khavda Renewable Energy Park,13.846720726647716,0.0,65.85,40.16,0.0,MEDIUM,NORMAL_OPERATIONS,CLOUD_CURTAILMENT,Cloud cover and rainfall may reduce solar generation.
2022-08-13,Khavda Renewable Energy Park,835.6122199182748,0.0,3974.17,2423.28,0.18,MEDIUM,NORMAL_OPERATIONS,CLOUD_CURTAILMENT,Cloud cover and rainfall may reduce solar generation.
2022-08-14,Khavda Renewable Energy Park,1099.4349152306447,0.0,5228.91,3188.36,0.24,MEDIUM,NORMAL_OPERATIONS,CLOUD_CURTAILMENT,Cloud cover and rainfall may reduce solar generation.
2022-08-15,Khavda Renewable Energy Park,399.1402916131274,0.0,1898.31,1157.51,0.09,MEDIUM,NORMAL_OPERATIONS,CLOUD_CURTAILMENT,Cloud cover and rainfall may reduce solar generation.
2022-08-16,Khavda Renewable Energy Park,0.0,0.0,0.0,0.0,0.0,MEDIUM,WEATHER_WARNING,CLOUD_CURTAILMENT|HEAVY_RAIN,Cloud cover and rainfall may reduce solar generation.
2022-08-17,Khavda Renewable Energy Park,0.0,0.0,0.0,0.0,0.0,MEDIUM,WEATHER_WARNING,CLOUD_CURTAILMENT|HEAVY_RAIN,Cloud cover and rainfall may reduce solar generation.
2022-08-18,Khavda Renewable Energy Park,35.34060090781773,0.0,168.08,102.49,0.01,MEDIUM,NORMAL_OPERATIONS,CLOUD_CURTAILMENT,Cloud cover and rainfall may reduce solar generation.
2022-08-19,Khavda Renewable Energy Park,1071.7281327198727,0.0,5097.14,3108.01,0.23,MEDIUM,NORMAL_OPERATIONS,CLOUD_CURTAILMENT,Cloud cover and rainfall may reduce solar generation.
2022-08-20,Khavda Renewable Energy Park,3142.664026012944,0.0,14946.51,9113.72,0.68,MEDIUM,NORMAL_OPERATIONS,CLOUD_CURTAILMENT,Cloud cover and rainfall may reduce solar generation.
2022-08-21,Khavda Renewable Energy Park,266.9837027211971,0.0,1269.78,774.26,0.06,MEDIUM,NORMAL_OPERATIONS,CLOUD_CURTAILMENT,Cloud cover and rainfall may reduce solar generation.
2022-08-22,Khavda Renewable Energy Park,330.1291266502507,0.0,1570.1,957.38,0.07,MEDIUM,NORMAL_OPERATIONS,CLOUD_CURTAILMENT,Cloud cover and rainfall may reduce solar generation.
2022-08-23,Khavda Renewable Energy Park,256.9497355431509,0.0,1222.05,745.16,0.06,MEDIUM,NORMAL_OPERATIONS,CLOUD_CURTAILMENT,Cloud cover and rainfall may reduce solar generation.
2022-08-24,Khavda Renewable Energy Park,357.8220487596128,0.0,1701.8,1037.68,0.08,MEDIUM,NORMAL_OPERATIONS,CLOUD_CURTAILMENT,Cloud cover and rainfall may reduce solar generation.
2022-08-25,Khavda Renewable Energy Park,2905.754402004768,0.0,13819.77,8426.69,0.63,MEDIUM,NORMAL_OPERATIONS,CLOUD_CURTAILMENT,Cloud cover and rainfall may reduce solar generation.
2022-08-26,Khavda Renewable Energy Park,10426.506099724014,0.0,49588.47,30236.87,2.25,LOW,NORMAL_OPERATIONS,NORMAL,Favorable weather conditions. Revenue outlook remains favorable.
2022-08-27,Khavda Renewable Energy Park,10379.78813245372,0.0,49366.27,30101.38,2.24,LOW,NORMAL_OPERATIONS,NORMAL,Favorable weather conditions. Revenue outlook remains favorable.
2022-08-28,Khavda Renewable Energy Park,4114.261620987816,0.0,19567.43,11931.36,0.89,LOW,NORMAL_OPERATIONS,NORMAL,Favorable weather conditions. Revenue outlook remains favorable.
2022-08-29,Khavda Renewable Energy Park,3040.015830129028,0.0,14458.31,8816.04,0.66,MEDIUM,NORMAL_OPERATIONS,CLOUD_CURTAILMENT,Cloud cover and rainfall may reduce solar generation.
2022-08-30,Khavda Renewable Energy Park,7507.91922440278,0.0,35707.66,21772.96,1.62,LOW,NORMAL_OPERATIONS,NORMAL,Favorable weather conditions. Revenue outlook remains favorable.
2022-08-31,Khavda Renewable Energy Park,8408.16748924568,0.0,39989.24,24383.68,1.82,LOW,NORMAL_OPERATIONS,NORMAL,Favorable weather conditions. Revenue outlook remains favorable.
2022-09-01,Khavda Renewable Energy Park,2714.3315127421924,0.0,12909.36,7871.56,0.59,MEDIUM,NORMAL_OPERATIONS,CLOUD_CURTAILMENT,Cloud cover and rainfall may reduce solar generation.
2022-09-02,Khavda Renewable Energy Park,2377.979285327233,0.0,11309.67,6896.14,0.51,MEDIUM,NORMAL_OPERATIONS,CLOUD_CURTAILMENT,Cloud cover and rainfall may reduce solar generation.
2022-09-03,Khavda Renewable Energy Park,8284.383896128114,0.0,39400.53,24024.72,1.79,LOW,NORMAL_OPERATIONS,NORMAL,Favorable weather conditions. Revenue outlook remains favorable.
2022-09-04,Khavda Renewable Energy Park,6371.595218113845,0.0,30303.3,18477.62,1.38,LOW,NORMAL_OPERATIONS,NORMAL,Favorable weather conditions. Revenue outlook remains favorable.
2022-09-05,Khavda Renewable Energy Park,6876.960800732294,0.0,32706.82,19943.19,1.49,LOW,NORMAL_OPERATIONS,NORMAL,Favorable weather conditions. Revenue outlook remains favorable.
2022-09-06,Khavda Renewable Energy Park,7402.970455517785,0.0,35208.53,21468.62,1.6,LOW,NORMAL_OPERATIONS,NORMAL,Favorable weather conditions. Revenue outlook remains favorable.
2022-09-07,Khavda Renewable Energy Park,10303.75200665111,0.0,49004.64,29880.88,2.23,LOW,NORMAL_OPERATIONS,NORMAL,Favorable weather conditions. Revenue outlook remains favorable.
2022-09-08,Khavda Renewable Energy Park,11247.006920884023,0.0,53490.76,32616.32,2.43,LOW,NORMAL_OPERATIONS,NORMAL,Favorable weather conditions. Revenue outlook remains favorable.
2022-09-09,Khavda Renewable Energy Park,8312.909230232528,0.0,39536.19,24107.44,1.8,LOW,NORMAL_OPERATIONS,NORMAL,Favorable weather conditions. Revenue outlook remains favorable.
2022-09-10,Khavda Renewable Energy Park,6286.61072067706,0.0,29899.12,18231.17,1.36,LOW,NORMAL_OPERATIONS,NORMAL,Favorable weather conditions. Revenue outlook remains favorable.
2022-09-11,Khavda Renewable Energy Park,8.203730161863508,0.0,39.02,23.79,0.0,MEDIUM,NORMAL_OPERATIONS,CLOUD_CURTAILMENT,Cloud cover and rainfall may reduce solar generation.
2022-09-12,Khavda Renewable Energy Park,97.97979787203631,0.0,465.99,284.14,0.02,MEDIUM,NORMAL_OPERATIONS,CLOUD_CURTAILMENT,Cloud cover and rainfall may reduce solar generation.
2022-09-13,Khavda Renewable Energy Park,1889.31137814977,0.0,8985.57,5479.0,0.41,MEDIUM,NORMAL_OPERATIONS,CLOUD_CURTAILMENT,Cloud cover and rainfall may reduce solar generation.
2022-09-14,Khavda Renewable Energy Park,947.211793250798,0.0,4504.94,2746.92,0.2,MEDIUM,NORMAL_OPERATIONS,CLOUD_CURTAILMENT,Cloud cover and rainfall may reduce solar generation.
2022-09-15,Khavda Renewable Energy Park,1783.6466375254383,0.0,8483.02,5172.58,0.39,MEDIUM,NORMAL_OPERATIONS,CLOUD_CURTAILMENT,Cloud cover and rainfall may reduce solar generation.
2022-09-16,Khavda Renewable Energy Park,5785.9589820466335,0.0,27518.02,16779.28,1.25,LOW,NORMAL_OPERATIONS,NORMAL,Favorable weather conditions. Revenue outlook remains favorable.
2022-09-17,Khavda Renewable Energy Park,7411.122860792229,0.0,35247.3,21492.26,1.6,LOW,NORMAL_OPERATIONS,NORMAL,Favorable weather conditions. Revenue outlook remains favorable.
2022-09-18,Khavda Renewable Energy Park,8472.10432776891,0.0,40293.33,24569.1,1.83,LOW,NORMAL_OPERATIONS,NORMAL,Favorable weather conditions. Revenue outlook remains favorable.
2022-09-19,Khavda Renewable Energy Park,11181.536269178876,0.0,53179.39,32426.46,2.42,LOW,NORMAL_OPERATIONS,NORMAL,Favorable weather conditions. Revenue outlook remains favorable.
2022-09-20,Khavda Renewable Energy Park,10241.613424377796,0.0,48709.12,29700.68,2.21,LOW,NORMAL_OPERATIONS,NORMAL,Favorable weather conditions. Revenue outlook remains favorable.
2022-09-21,Khavda Renewable Energy Park,10450.865041772504,0.0,49704.32,30307.51,2.26,LOW,NORMAL_OPERATIONS,NORMAL,Favorable weather conditions. Revenue outlook remains favorable.
2022-09-22,Khavda Renewable Energy Park,8060.97852116209,0.0,38338.02,23376.84,1.74,LOW,NORMAL_OPERATIONS,NORMAL,Favorable weather conditions. Revenue outlook remains favorable.
2022-09-23,Khavda Renewable Energy Park,4073.941902724214,0.0,19375.67,11814.43,0.88,LOW,NORMAL_OPERATIONS,NORMAL,Favorable weather conditions. Revenue outlook remains favorable.
2022-09-24,Khavda Renewable Energy Park,4396.358288229779,0.0,20909.08,12749.44,0.95,LOW,NORMAL_OPERATIONS,NORMAL,Favorable weather conditions. Revenue outlook remains favorable.
2022-09-25,Khavda Renewable Energy Park,6355.324280358911,0.0,30225.92,18430.44,1.37,LOW,NORMAL_OPERATIONS,NORMAL,Favorable weather conditions. Revenue outlook remains favorable.
2022-09-26,Khavda Renewable Energy Park,10041.834334385278,0.0,47758.96,29121.32,2.17,LOW,NORMAL_OPERATIONS,NORMAL,Favorable weather conditions. Revenue outlook remains favorable.
2022-09-27,Khavda Renewable Energy Park,10568.773695269232,0.0,50265.09,30649.44,2.28,LOW,NORMAL_OPERATIONS,NORMAL,Favorable weather conditions. Revenue outlook remains favorable.
2022-09-28,Khavda Renewable Energy Park,9351.197136681283,0.0,44474.29,27118.47,2.02,LOW,NORMAL_OPERATIONS,NORMAL,Favorable weather conditions. Revenue outlook remains favorable.
2022-09-29,Khavda Renewable Energy Park,6938.748013864896,0.0,33000.69,20122.37,1.5,LOW,NORMAL_OPERATIONS,NORMAL,Favorable weather conditions. Revenue outlook remains favorable.
2022-09-30,Khavda Renewable Energy Park,12887.210945423016,0.0,61291.57,37372.91,2.79,LOW,NORMAL_OPERATIONS,NORMAL,Favorable weather conditions. Revenue outlook remains favorable.
2022-10-01,Khavda Renewable Energy Park,10980.279427740406,0.0,52222.21,31842.81,2.37,LOW,NORMAL_OPERATIONS,NORMAL,Favorable weather conditions. Revenue outlook remains favorable.
2022-10-02,Khavda Renewable Energy Park,11595.907070444677,0.0,55150.13,33628.13,2.51,LOW,NORMAL_OPERATIONS,NORMAL,Favorable weather conditions. Revenue outlook remains favorable.
2022-10-03,Khavda Renewable Energy Park,10959.522709720331,0.0,52123.49,31782.62,2.37,LOW,NORMAL_OPERATIONS,NORMAL,Favorable weather conditions. Revenue outlook remains favorable.
2022-10-04,Khavda Renewable Energy Park,11117.689417183848,0.0,52875.73,32241.3,2.4,LOW,NORMAL_OPERATIONS,NORMAL,Favorable weather conditions. Revenue outlook remains favorable.
2022-10-05,Khavda Renewable Energy Park,11274.987350416084,0.0,53623.84,32697.46,2.44,LOW,NORMAL_OPERATIONS,NORMAL,Favorable weather conditions. Revenue outlook remains favorable.
2022-10-06,Khavda Renewable Energy Park,10855.203521179355,0.0,51627.35,31480.09,2.35,LOW,NORMAL_OPERATIONS,NORMAL,Favorable weather conditions. Revenue outlook remains favorable.
2022-10-07,Khavda Renewable Energy Park,1507.050487308617,0.0,7167.53,4370.44,0.33,MEDIUM,NORMAL_OPERATIONS,CLOUD_CURTAILMENT,Cloud cover and rainfall may reduce solar generation.
2022-10-08,Khavda Renewable Energy Park,5743.666207366419,0.0,27316.87,16656.63,1.24,LOW,NORMAL_OPERATIONS,NORMAL,Favorable weather conditions. Revenue outlook remains favorable.
2022-10-09,Khavda Renewable Energy Park,10309.42597932952,0.0,49031.63,29897.34,2.23,LOW,NORMAL_OPERATIONS,NORMAL,Favorable weather conditions. Revenue outlook remains favorable.
2022-10-10,Khavda Renewable Energy Park,11265.45675891997,0.0,53578.51,32669.82,2.44,LOW,NORMAL_OPERATIONS,NORMAL,Favorable weather conditions. Revenue outlook remains favorable.
2022-10-11,Khavda Renewable Energy Park,11428.225064110678,0.0,54352.64,33141.86,2.47,LOW,NORMAL_OPERATIONS,NORMAL,Favorable weather conditions. Revenue outlook remains favorable.
2022-10-12,Khavda Renewable Energy Park,11309.357846051204,0.0,53787.31,32797.14,2.44,LOW,NORMAL_OPERATIONS,NORMAL,Favorable weather conditions. Revenue outlook remains favorable.
2022-10-13,Khavda Renewable Energy Park,11707.460918390843,0.0,55680.68,33951.64,2.53,LOW,NORMAL_OPERATIONS,NORMAL,Favorable weather conditions. Revenue outlook remains favorable.
2022-10-14,Khavda Renewable Energy Park,11516.405859548688,0.0,54772.02,33397.57,2.49,LOW,NORMAL_OPERATIONS,NORMAL,Favorable weather conditions. Revenue outlook remains favorable.
2022-10-15,Khavda Renewable Energy Park,11398.507847152146,0.0,54211.31,33055.68,2.46,LOW,NORMAL_OPERATIONS,NORMAL,Favorable weather conditions. Revenue outlook remains favorable.
2022-10-16,Khavda Renewable Energy Park,8992.190261199072,0.0,42766.85,26077.35,1.94,LOW,NORMAL_OPERATIONS,NORMAL,Favorable weather conditions. Revenue outlook remains favorable.
2022-10-17,Khavda Renewable Energy Park,12207.280263655472,0.0,58057.83,35401.12,2.64,LOW,NORMAL_OPERATIONS,NORMAL,Favorable weather conditions. Revenue outlook remains favorable.
2022-10-18,Khavda Renewable Energy Park,12203.632043195608,0.0,58040.48,35390.54,2.64,LOW,NORMAL_OPERATIONS,NORMAL,Favorable weather conditions. Revenue outlook remains favorable.
2022-10-19,Khavda Renewable Energy Park,12063.531558006283,0.0,57374.15,34984.24,2.61,LOW,NORMAL_OPERATIONS,NORMAL,Favorable weather conditions. Revenue outlook remains favorable.
2022-10-20,Khavda Renewable Energy Park,11346.192914844054,0.0,53962.49,32903.96,2.45,LOW,NORMAL_OPERATIONS,NORMAL,Favorable weather conditions. Revenue outlook remains favorable.
2022-10-21,Khavda Renewable Energy Park,8699.790242938083,0.0,41376.2,25229.39,1.88,LOW,NORMAL_OPERATIONS,NORMAL,Favorable weather conditions. Revenue outlook remains favorable.
2022-10-22,Khavda Renewable Energy Park,11345.2197642383,0.0,53957.86,32901.14,2.45,LOW,NORMAL_OPERATIONS,NORMAL,Favorable weather conditions. Revenue outlook remains favorable.
2022-10-23,Khavda Renewable Energy Park,10562.8188804047,0.0,50236.77,30632.18,2.28,LOW,NORMAL_OPERATIONS,NORMAL,Favorable weather conditions. Revenue outlook remains favorable.
2022-10-24,Khavda Renewable Energy Park,11431.056009041418,0.0,54366.1,33150.06,2.47,LOW,NORMAL_OPERATIONS,NORMAL,Favorable weather conditions. Revenue outlook remains favorable.
2022-10-25,Khavda Renewable Energy Park,11505.20528565076,0.0,54718.76,33365.1,2.49,LOW,NORMAL_OPERATIONS,NORMAL,Favorable weather conditions. Revenue outlook remains favorable.
2022-10-26,Khavda Renewable Energy Park,11031.576255999524,0.0,52466.17,31991.57,2.38,LOW,NORMAL_OPERATIONS,NORMAL,Favorable weather conditions. Revenue outlook remains favorable.
2022-10-27,Khavda Renewable Energy Park,11315.70174897189,0.0,53817.48,32815.54,2.45,LOW,NORMAL_OPERATIONS,NORMAL,Favorable weather conditions. Revenue outlook remains favorable.
2022-10-28,Khavda Renewable Energy Park,9246.795628200274,0.0,43977.76,26815.7,2.0,LOW,NORMAL_OPERATIONS,NORMAL,Favorable weather conditions. Revenue outlook remains favorable.
2022-10-29,Khavda Renewable Energy Park,10271.29951346192,0.0,48850.3,29786.77,2.22,LOW,NORMAL_OPERATIONS,NORMAL,Favorable weather conditions. Revenue outlook remains favorable.
2022-10-30,Khavda Renewable Energy Park,10713.347028218432,0.0,50952.68,31068.7,2.32,LOW,NORMAL_OPERATIONS,NORMAL,Favorable weather conditions. Revenue outlook remains favorable.
2022-10-31,Khavda Renewable Energy Park,10306.482755385345,0.0,49017.63,29888.8,2.23,LOW,NORMAL_OPERATIONS,NORMAL,Favorable weather conditions. Revenue outlook remains favorable.
2022-11-01,Khavda Renewable Energy Park,10880.168302944598,0.0,51746.08,31552.49,2.35,LOW,NORMAL_OPERATIONS,NORMAL,Favorable weather conditions. Revenue outlook remains favorable.
2022-11-02,Khavda Renewable Energy Park,8600.650089913379,0.0,40904.69,24941.88,1.86,LOW,NORMAL_OPERATIONS,NORMAL,Favorable weather conditions. Revenue outlook remains favorable.
2022-11-03,Khavda Renewable Energy Park,10666.355574691856,0.0,50729.19,30932.43,2.31,LOW,NORMAL_OPERATIONS,NORMAL,Favorable weather conditions. Revenue outlook remains favorable.
2022-11-04,Khavda Renewable Energy Park,11132.14996502914,0.0,52944.51,32283.24,2.41,LOW,NORMAL_OPERATIONS,NORMAL,Favorable weather conditions. Revenue outlook remains favorable.
2022-11-05,Khavda Renewable Energy Park,7812.301951207671,0.0,37155.31,22655.68,1.69,LOW,NORMAL_OPERATIONS,NORMAL,Favorable weather conditions. Revenue outlook remains favorable.
2022-11-06,Khavda Renewable Energy Park,3094.8614013056995,0.0,14719.16,8975.1,0.67,LOW,NORMAL_OPERATIONS,NORMAL,Favorable weather conditions. Revenue outlook remains favorable.
2022-11-07,Khavda Renewable Energy Park,5133.453633806609,0.0,24414.7,14887.02,1.11,LOW,NORMAL_OPERATIONS,NORMAL,Favorable weather conditions. Revenue outlook remains favorable.
2022-11-08,Khavda Renewable Energy Park,9656.974886989752,0.0,45928.57,28005.22,2.09,LOW,NORMAL_OPERATIONS,NORMAL,Favorable weather conditions. Revenue outlook remains favorable.
2022-11-09,Khavda Renewable Energy Park,10093.925893031836,0.0,48006.71,29272.38,2.18,LOW,NORMAL_OPERATIONS,NORMAL,Favorable weather conditions. Revenue outlook remains favorable.
2022-11-10,Khavda Renewable Energy Park,9690.797713070697,0.0,46089.44,28103.32,2.09,LOW,NORMAL_OPERATIONS,NORMAL,Favorable weather conditions. Revenue outlook remains favorable.
2022-11-11,Khavda Renewable Energy Park,8892.932672334595,0.0,42294.79,25789.5,1.92,LOW,NORMAL_OPERATIONS,NORMAL,Favorable weather conditions. Revenue outlook remains favorable.
2022-11-12,Khavda Renewable Energy Park,9790.990035601775,0.0,46565.95,28393.87,2.12,LOW,NORMAL_OPERATIONS,NORMAL,Favorable weather conditions. Revenue outlook remains favorable.
2022-11-13,Khavda Renewable Energy Park,9838.455527595745,0.0,46791.69,28531.52,2.13,LOW,NORMAL_OPERATIONS,NORMAL,Favorable weather conditions. Revenue outlook remains favorable.
2022-11-14,Khavda Renewable Energy Park,8979.118210694527,0.0,42704.69,26039.44,1.94,LOW,NORMAL_OPERATIONS,NORMAL,Favorable weather conditions. Revenue outlook remains favorable.
2022-11-15,Khavda Renewable Energy Park,9004.398448545042,0.0,42824.92,26112.76,1.95,LOW,NORMAL_OPERATIONS,NORMAL,Favorable weather conditions. Revenue outlook remains favorable.
2022-11-16,Khavda Renewable Energy Park,9527.776120379083,0.0,45314.1,27630.55,2.06,LOW,NORMAL_OPERATIONS,NORMAL,Favorable weather conditions. Revenue outlook remains favorable.
2022-11-17,Khavda Renewable Energy Park,9771.63887057683,0.0,46473.92,28337.76,2.11,LOW,NORMAL_OPERATIONS,NORMAL,Favorable weather conditions. Revenue outlook remains favorable.
2022-11-18,Khavda Renewable Energy Park,9685.986966858514,0.0,46066.55,28089.36,2.09,LOW,NORMAL_OPERATIONS,NORMAL,Favorable weather conditions. Revenue outlook remains favorable.
2022-11-19,Khavda Renewable Energy Park,9573.409928920148,0.0,45531.14,27762.89,2.07,LOW,NORMAL_OPERATIONS,NORMAL,Favorable weather conditions. Revenue outlook remains favorable.
2022-11-20,Khavda Renewable Energy Park,8954.160779427315,0.0,42585.99,25967.06,1.94,LOW,NORMAL_OPERATIONS,NORMAL,Favorable weather conditions. Revenue outlook remains favorable.
2022-11-21,Khavda Renewable Energy Park,10103.926814079578,0.0,48054.28,29301.39,2.18,LOW,NORMAL_OPERATIONS,NORMAL,Favorable weather conditions. Revenue outlook remains favorable.
2022-11-22,Khavda Renewable Energy Park,9520.248625413213,0.0,45278.3,27608.72,2.06,LOW,NORMAL_OPERATIONS,NORMAL,Favorable weather conditions. Revenue outlook remains favorable.
2022-11-23,Khavda Renewable Energy Park,9625.085963835734,0.0,45776.91,27912.75,2.08,LOW,NORMAL_OPERATIONS,NORMAL,Favorable weather conditions. Revenue outlook remains favorable.
2022-11-24,Khavda Renewable Energy Park,6505.484703924576,0.0,30940.08,18865.9,1.41,LOW,NORMAL_OPERATIONS,NORMAL,Favorable weather conditions. Revenue outlook remains favorable.
2022-11-25,Khavda Renewable Energy Park,3340.9764454266897,0.0,15889.68,9688.83,0.72,LOW,NORMAL_OPERATIONS,NORMAL,Favorable weather conditions. Revenue outlook remains favorable.
2022-11-26,Khavda Renewable Energy Park,9639.24912426361,0.0,45844.26,27953.82,2.08,LOW,NORMAL_OPERATIONS,NORMAL,Favorable weather conditions. Revenue outlook remains favorable.
2022-11-27,Khavda Renewable Energy Park,9299.61013809247,0.0,44228.95,26968.87,2.01,LOW,NORMAL_OPERATIONS,NORMAL,Favorable weather conditions. Revenue outlook remains favorable.
2022-11-28,Khavda Renewable Energy Park,9293.654183856366,0.0,44200.62,26951.6,2.01,LOW,NORMAL_OPERATIONS,NORMAL,Favorable weather conditions. Revenue outlook remains favorable.
2022-11-29,Khavda Renewable Energy Park,5881.468743786513,0.0,27972.27,17056.26,1.27,LOW,NORMAL_OPERATIONS,NORMAL,Favorable weather conditions. Revenue outlook remains favorable.
2022-11-30,Khavda Renewable Energy Park,9219.612433077717,0.0,43848.48,26736.88,1.99,LOW,NORMAL_OPERATIONS,NORMAL,Favorable weather conditions. Revenue outlook remains favorable.
2022-12-01,Khavda Renewable Energy Park,9820.334489509349,0.0,46705.51,28478.97,2.12,LOW,NORMAL_OPERATIONS,NORMAL,Favorable weather conditions. Revenue outlook remains favorable.
2022-12-02,Khavda Renewable Energy Park,9180.024982611065,0.0,43660.19,26622.07,1.98,LOW,NORMAL_OPERATIONS,NORMAL,Favorable weather conditions. Revenue outlook remains favorable.
2022-12-03,Khavda Renewable Energy Park,9320.490173470243,0.0,44328.25,27029.42,2.01,LOW,NORMAL_OPERATIONS,NORMAL,Favorable weather conditions. Revenue outlook remains favorable.
2022-12-04,Khavda Renewable Energy Park,9961.35366462559,0.0,47376.2,28887.92,2.15,LOW,NORMAL_OPERATIONS,NORMAL,Favorable weather conditions. Revenue outlook remains favorable.
2022-12-05,Khavda Renewable Energy Park,9540.649788710552,0.0,45375.33,27667.88,2.06,LOW,NORMAL_OPERATIONS,NORMAL,Favorable weather conditions. Revenue outlook remains favorable.
2022-12-06,Khavda Renewable Energy Park,9469.726443285314,0.0,45038.02,27462.2,2.05,LOW,NORMAL_OPERATIONS,NORMAL,Favorable weather conditions. Revenue outlook remains favorable.
2022-12-07,Khavda Renewable Energy Park,9206.367891379654,0.0,43785.48,26698.46,1.99,LOW,NORMAL_OPERATIONS,NORMAL,Favorable weather conditions. Revenue outlook remains favorable.
2022-12-08,Khavda Renewable Energy Park,9322.491620073852,0.0,44337.77,27035.22,2.02,LOW,NORMAL_OPERATIONS,NORMAL,Favorable weather conditions. Revenue outlook remains favorable.
2022-12-09,Khavda Renewable Energy Park,8712.39899172611,0.0,41436.17,25265.96,1.88,LOW,NORMAL_OPERATIONS,NORMAL,Favorable weather conditions. Revenue outlook remains favorable.
2022-12-10,Khavda Renewable Energy Park,8998.25894849536,0.0,42795.72,26094.95,1.95,LOW,NORMAL_OPERATIONS,NORMAL,Favorable weather conditions. Revenue outlook remains favorable.
2022-12-11,Khavda Renewable Energy Park,9322.2293264223,0.0,44336.52,27034.46,2.02,LOW,NORMAL_OPERATIONS,NORMAL,Favorable weather conditions. Revenue outlook remains favorable.
2022-12-12,Khavda Renewable Energy Park,9590.90134504977,0.0,45614.33,27813.62,2.07,LOW,NORMAL_OPERATIONS,NORMAL,Favorable weather conditions. Revenue outlook remains favorable.
2022-12-13,Khavda Renewable Energy Park,9857.939019849657,0.0,46884.36,28588.02,2.13,LOW,NORMAL_OPERATIONS,NORMAL,Favorable weather conditions. Revenue outlook remains favorable.
2022-12-14,Khavda Renewable Energy Park,8759.726368819545,0.0,41661.26,25403.2,1.89,LOW,NORMAL_OPERATIONS,NORMAL,Favorable weather conditions. Revenue outlook remains favorable.
2022-12-15,Khavda Renewable Energy Park,7187.77418157383,0.0,34185.05,20844.54,1.55,LOW,NORMAL_OPERATIONS,NORMAL,Favorable weather conditions. Revenue outlook remains favorable.
2022-12-16,Khavda Renewable Energy Park,7181.1991295949165,0.0,34153.78,20825.47,1.55,LOW,NORMAL_OPERATIONS,NORMAL,Favorable weather conditions. Revenue outlook remains favorable.
2022-12-17,Khavda Renewable Energy Park,6560.4964863247005,0.0,31201.72,19025.44,1.42,LOW,NORMAL_OPERATIONS,NORMAL,Favorable weather conditions. Revenue outlook remains favorable.
2022-12-18,Khavda Renewable Energy Park,5498.832614656015,0.0,26152.45,15946.62,1.19,LOW,NORMAL_OPERATIONS,NORMAL,Favorable weather conditions. Revenue outlook remains favorable.
2022-12-19,Khavda Renewable Energy Park,2416.1241701890867,0.0,11491.09,7006.76,0.52,MEDIUM,NORMAL_OPERATIONS,CLOUD_CURTAILMENT,Cloud cover and rainfall may reduce solar generation.
2022-12-20,Khavda Renewable Energy Park,2259.4997123129247,0.0,10746.18,6552.55,0.49,LOW,NORMAL_OPERATIONS,NORMAL,Favorable weather conditions. Revenue outlook remains favorable.
2022-12-21,Khavda Renewable Energy Park,9076.153531576378,0.0,43166.19,26320.84,1.96,LOW,NORMAL_OPERATIONS,NORMAL,Favorable weather conditions. Revenue outlook remains favorable.
2022-12-22,Khavda Renewable Energy Park,9091.090291223994,0.0,43237.22,26364.16,1.97,LOW,NORMAL_OPERATIONS,NORMAL,Favorable weather conditions. Revenue outlook remains favorable.
2022-12-23,Khavda Renewable Energy Park,8903.861160606937,0.0,42346.76,25821.2,1.92,LOW,NORMAL_OPERATIONS,NORMAL,Favorable weather conditions. Revenue outlook remains favorable.
2022-12-24,Khavda Renewable Energy Park,8799.86751760819,0.0,41852.17,25519.62,1.9,LOW,NORMAL_OPERATIONS,NORMAL,Favorable weather conditions. Revenue outlook remains favorable.
2022-12-25,Khavda Renewable Energy Park,7920.411605290656,0.0,37669.48,22969.2,1.71,LOW,NORMAL_OPERATIONS,NORMAL,Favorable weather conditions. Revenue outlook remains favorable.
2022-12-26,Khavda Renewable Energy Park,9101.68069222854,0.0,43287.6,26394.88,1.97,LOW,NORMAL_OPERATIONS,NORMAL,Favorable weather conditions. Revenue outlook remains favorable.
2022-12-27,Khavda Renewable Energy Park,9248.6589627847,0.0,43986.62,26821.11,2.0,LOW,NORMAL_OPERATIONS,NORMAL,Favorable weather conditions. Revenue outlook remains favorable.
2022-12-28,Khavda Renewable Energy Park,9091.77742561872,0.0,43240.49,26366.16,1.97,LOW,NORMAL_OPERATIONS,NORMAL,Favorable weather conditions. Revenue outlook remains favorable.
2022-12-29,Khavda Renewable Energy Park,6896.759765113238,0.0,32800.99,20000.6,1.49,LOW,NORMAL_OPERATIONS,NORMAL,Favorable weather conditions. Revenue outlook remains favorable.
2022-12-30,Khavda Renewable Energy Park,8878.369047975164,0.0,42225.52,25747.27,1.92,LOW,NORMAL_OPERATIONS,NORMAL,Favorable weather conditions. Revenue outlook remains favorable.
2022-12-31,Khavda Renewable Energy Park,9812.993893114874,0.0,46670.6,28457.68,2.12,LOW,NORMAL_OPERATIONS,NORMAL,Favorable weather conditions. Revenue outlook remains favorable.
2023-01-01,Khavda Renewable Energy Park,9315.492271401585,0.0,44304.49,27014.93,2.01,LOW,NORMAL_OPERATIONS,NORMAL,Favorable weather conditions. Revenue outlook remains favorable.
2023-01-02,Khavda Renewable Energy Park,4307.39422702196,0.0,20485.97,12491.44,0.93,LOW,NORMAL_OPERATIONS,NORMAL,Favorable weather conditions. Revenue outlook remains favorable.
2023-01-03,Khavda Renewable Energy Park,7650.512042047459,0.0,36385.84,22186.48,1.65,LOW,NORMAL_OPERATIONS,NORMAL,Favorable weather conditions. Revenue outlook remains favorable.
2023-01-04,Khavda Renewable Energy Park,10418.875365206171,0.0,49552.17,30214.74,2.25,LOW,NORMAL_OPERATIONS,NORMAL,Favorable weather conditions. Revenue outlook remains favorable.
2023-01-05,Khavda Renewable Energy Park,9613.449359908109,0.0,45721.57,27879.0,2.08,LOW,NORMAL_OPERATIONS,NORMAL,Favorable weather conditions. Revenue outlook remains favorable.
2023-01-06,Khavda Renewable Energy Park,9544.997816780691,0.0,45396.01,27680.5,2.06,LOW,NORMAL_OPERATIONS,NORMAL,Favorable weather conditions. Revenue outlook remains favorable.
2023-01-07,Khavda Renewable Energy Park,9399.84234539309,0.0,44705.65,27259.54,2.03,LOW,NORMAL_OPERATIONS,NORMAL,Favorable weather conditions. Revenue outlook remains favorable.
2023-01-08,Khavda Renewable Energy Park,9323.953646890948,0.0,44344.72,27039.46,2.02,LOW,NORMAL_OPERATIONS,NORMAL,Favorable weather conditions. Revenue outlook remains favorable.
2023-01-09,Khavda Renewable Energy Park,8969.872734904317,0.0,42660.71,26012.63,1.94,LOW,NORMAL_OPERATIONS,NORMAL,Favorable weather conditions. Revenue outlook remains favorable.
2023-01-10,Khavda Renewable Energy Park,9471.407318359465,0.0,45046.01,27467.08,2.05,LOW,NORMAL_OPERATIONS,NORMAL,Favorable weather conditions. Revenue outlook remains favorable.
2023-01-11,Khavda Renewable Energy Park,8474.243846525085,0.0,40303.5,24575.3,1.83,LOW,NORMAL_OPERATIONS,NORMAL,Favorable weather conditions. Revenue outlook remains favorable.
2023-01-12,Khavda Renewable Energy Park,9512.699452075934,0.0,45242.4,27586.83,2.06,LOW,NORMAL_OPERATIONS,NORMAL,Favorable weather conditions. Revenue outlook remains favorable.
2023-01-13,Khavda Renewable Energy Park,9465.91599599856,0.0,45019.89,27451.16,2.05,LOW,NORMAL_OPERATIONS,NORMAL,Favorable weather conditions. Revenue outlook remains favorable.
2023-01-14,Khavda Renewable Energy Park,9285.797639349355,0.0,44163.26,26928.82,2.01,LOW,NORMAL_OPERATIONS,NORMAL,Favorable weather conditions. Revenue outlook remains favorable.
2023-01-15,Khavda Renewable Energy Park,11169.797871528735,0.0,53123.56,32392.42,2.41,LOW,NORMAL_OPERATIONS,NORMAL,Favorable weather conditions. Revenue outlook remains favorable.
2023-01-16,Khavda Renewable Energy Park,10338.746134380852,0.0,49171.08,29982.36,2.24,LOW,NORMAL_OPERATIONS,NORMAL,Favorable weather conditions. Revenue outlook remains favorable.
2023-01-17,Khavda Renewable Energy Park,7612.947040249721,0.0,36207.17,22077.54,1.65,LOW,NORMAL_OPERATIONS,NORMAL,Favorable weather conditions. Revenue outlook remains favorable.
2023-01-18,Khavda Renewable Energy Park,6855.332143817885,0.0,32603.96,19880.46,1.48,LOW,NORMAL_OPERATIONS,NORMAL,Favorable weather conditions. Revenue outlook remains favorable.
2023-01-19,Khavda Renewable Energy Park,3901.967847454076,0.0,18557.76,11315.7,0.84,LOW,NORMAL_OPERATIONS,NORMAL,Favorable weather conditions. Revenue outlook remains favorable.
2023-01-20,Khavda Renewable Energy Park,9925.98658747888,0.0,47207.99,28785.36,2.15,LOW,NORMAL_OPERATIONS,NORMAL,Favorable weather conditions. Revenue outlook remains favorable.
2023-01-21,Khavda Renewable Energy Park,10286.474394863257,0.0,48922.47,29830.78,2.22,LOW,NORMAL_OPERATIONS,NORMAL,Favorable weather conditions. Revenue outlook remains favorable.
2023-01-22,Khavda Renewable Energy Park,10422.198071911618,0.0,49567.98,30224.38,2.25,LOW,NORMAL_OPERATIONS,NORMAL,Favorable weather conditions. Revenue outlook remains favorable.
2023-01-23,Khavda Renewable Energy Park,10661.1661239426,0.0,50704.5,30917.38,2.3,LOW,NORMAL_OPERATIONS,NORMAL,Favorable weather conditions. Revenue outlook remains favorable.
2023-01-24,Khavda Renewable Energy Park,10242.062447338943,0.0,48711.25,29701.98,2.21,LOW,NORMAL_OPERATIONS,NORMAL,Favorable weather conditions. Revenue outlook remains favorable.
2023-01-25,Khavda Renewable Energy Park,9207.903017514896,0.0,43792.79,26702.92,1.99,LOW,NORMAL_OPERATIONS,NORMAL,Favorable weather conditions. Revenue outlook remains favorable.
2023-01-26,Khavda Renewable Energy Park,10391.003308292607,0.0,49419.61,30133.91,2.25,LOW,NORMAL_OPERATIONS,NORMAL,Favorable weather conditions. Revenue outlook remains favorable.
2023-01-27,Khavda Renewable Energy Park,10626.819947413278,0.0,50541.16,30817.78,2.3,LOW,NORMAL_OPERATIONS,NORMAL,Favorable weather conditions. Revenue outlook remains favorable.
2023-01-28,Khavda Renewable Energy Park,10149.555992693551,0.0,48271.28,29433.71,2.19,LOW,NORMAL_OPERATIONS,NORMAL,Favorable weather conditions. Revenue outlook remains favorable.
2023-01-29,Khavda Renewable Energy Park,10593.013566606664,0.0,50380.37,30719.74,2.29,LOW,NORMAL_OPERATIONS,NORMAL,Favorable weather conditions. Revenue outlook remains favorable.
2023-01-30,Khavda Renewable Energy Park,10960.32653301382,0.0,52127.31,31784.94,2.37,LOW,NORMAL_OPERATIONS,NORMAL,Favorable weather conditions. Revenue outlook remains favorable.
2023-01-31,Khavda Renewable Energy Park,11955.294603365084,0.0,56859.38,34670.36,2.58,LOW,NORMAL_OPERATIONS,NORMAL,Favorable weather conditions. Revenue outlook remains favorable.
2023-02-01,Khavda Renewable Energy Park,11467.90245207121,0.0,54541.34,33256.92,2.48,LOW,NORMAL_OPERATIONS,NORMAL,Favorable weather conditions. Revenue outlook remains favorable.
2023-02-02,Khavda Renewable Energy Park,10741.623481345749,0.0,51087.16,31150.71,2.32,LOW,NORMAL_OPERATIONS,NORMAL,Favorable weather conditions. Revenue outlook remains favorable.
2023-02-03,Khavda Renewable Energy Park,10474.725462985076,0.0,49817.8,30376.7,2.26,LOW,NORMAL_OPERATIONS,NORMAL,Favorable weather conditions. Revenue outlook remains favorable.
2023-02-04,Khavda Renewable Energy Park,10765.270446743856,0.0,51199.63,31219.28,2.33,LOW,NORMAL_OPERATIONS,NORMAL,Favorable weather conditions. Revenue outlook remains favorable.
2023-02-05,Khavda Renewable Energy Park,8201.29939617872,0.0,39005.38,23783.77,1.77,LOW,NORMAL_OPERATIONS,NORMAL,Favorable weather conditions. Revenue outlook remains favorable.
2023-02-06,Khavda Renewable Energy Park,10585.46544574592,0.0,50344.47,30697.85,2.29,LOW,NORMAL_OPERATIONS,NORMAL,Favorable weather conditions. Revenue outlook remains favorable.
2023-02-07,Khavda Renewable Energy Park,9840.484686766758,0.0,46801.34,28537.4,2.13,LOW,NORMAL_OPERATIONS,NORMAL,Favorable weather conditions. Revenue outlook remains favorable.
2023-02-08,Khavda Renewable Energy Park,11122.25910829469,0.0,52897.46,32254.55,2.4,LOW,NORMAL_OPERATIONS,NORMAL,Favorable weather conditions. Revenue outlook remains favorable.
2023-02-09,Khavda Renewable Energy Park,11887.286587312716,0.0,56535.93,34473.13,2.57,LOW,NORMAL_OPERATIONS,NORMAL,Favorable weather conditions. Revenue outlook remains favorable.
2023-02-10,Khavda Renewable Energy Park,11364.77496772122,0.0,54050.87,32957.84,2.46,LOW,NORMAL_OPERATIONS,NORMAL,Favorable weather conditions. Revenue outlook remains favorable.
2023-02-11,Khavda Renewable Energy Park,11004.949580811675,0.0,52339.54,31914.36,2.38,LOW,NORMAL_OPERATIONS,NORMAL,Favorable weather conditions. Revenue outlook remains favorable.
2023-02-12,Khavda Renewable Energy Park,11502.39281389761,0.0,54705.38,33356.94,2.49,LOW,NORMAL_OPERATIONS,NORMAL,Favorable weather conditions. Revenue outlook remains favorable.
2023-02-13,Khavda Renewable Energy Park,11723.979177944791,0.0,55759.25,33999.54,2.53,LOW,NORMAL_OPERATIONS,NORMAL,Favorable weather conditions. Revenue outlook remains favorable.
2023-02-14,Khavda Renewable Energy Park,12362.684408654604,0.0,58796.93,35851.79,2.67,LOW,NORMAL_OPERATIONS,NORMAL,Favorable weather conditions. Revenue outlook remains favorable.
2023-02-15,Khavda Renewable Energy Park,7924.769232850343,0.0,37690.2,22981.83,1.71,LOW,NORMAL_OPERATIONS,NORMAL,Favorable weather conditions. Revenue outlook remains favorable.
2023-02-16,Khavda Renewable Energy Park,7617.702382293979,0.0,36229.79,22091.34,1.65,LOW,NORMAL_OPERATIONS,NORMAL,Favorable weather conditions. Revenue outlook remains favorable.
2023-02-17,Khavda Renewable Energy Park,11972.563383345814,0.0,56941.51,34720.44,2.59,LOW,NORMAL_OPERATIONS,NORMAL,Favorable weather conditions. Revenue outlook remains favorable.
2023-02-18,Khavda Renewable Energy Park,12052.313182025882,0.0,57320.8,34951.71,2.61,LOW,NORMAL_OPERATIONS,NORMAL,Favorable weather conditions. Revenue outlook remains favorable.
2023-02-19,Khavda Renewable Energy Park,9936.449255181604,0.0,47257.76,28815.7,2.15,LOW,NORMAL_OPERATIONS,NORMAL,Favorable weather conditions. Revenue outlook remains favorable.
2023-02-20,Khavda Renewable Energy Park,8562.380895029546,0.0,40722.68,24830.9,1.85,LOW,NORMAL_OPERATIONS,NORMAL,Favorable weather conditions. Revenue outlook remains favorable.
2023-02-21,Khavda Renewable Energy Park,6764.538963979929,0.0,32172.15,19617.16,1.46,LOW,NORMAL_OPERATIONS,NORMAL,Favorable weather conditions. Revenue outlook remains favorable.
2023-02-22,Khavda Renewable Energy Park,3386.5366028484227,0.0,16106.37,9820.96,0.73,MEDIUM,NORMAL_OPERATIONS,CLOUD_CURTAILMENT,Cloud cover and rainfall may reduce solar generation.
2023-02-23,Khavda Renewable Energy Park,9687.607204005551,0.0,46074.26,28094.06,2.09,LOW,NORMAL_OPERATIONS,NORMAL,Favorable weather conditions. Revenue outlook remains favorable.
2023-02-24,Khavda Renewable Energy Park,8232.811438409057,0.0,39155.25,23875.16,1.78,LOW,NORMAL_OPERATIONS,NORMAL,Favorable weather conditions. Revenue outlook remains favorable.
2023-02-25,Khavda Renewable Energy Park,6492.910800155313,0.0,30880.28,18829.44,1.4,LOW,NORMAL_OPERATIONS,NORMAL,Favorable weather conditions. Revenue outlook remains favorable.
2023-02-26,Khavda Renewable Energy Park,11521.278305028663,0.0,54795.2,33411.7,2.49,LOW,NORMAL_OPERATIONS,NORMAL,Favorable weather conditions. Revenue outlook remains favorable.
2023-02-27,Khavda Renewable Energy Park,11784.20921351792,0.0,56045.7,34174.2,2.55,LOW,NORMAL_OPERATIONS,NORMAL,Favorable weather conditions. Revenue outlook remains favorable.
2023-02-28,Khavda Renewable Energy Park,12388.236636123776,0.0,58918.45,35925.88,2.68,LOW,NORMAL_OPERATIONS,NORMAL,Favorable weather conditions. Revenue outlook remains favorable.
2023-03-01,Khavda Renewable Energy Park,12544.359841656344,0.0,59660.98,36378.64,2.71,LOW,NORMAL_OPERATIONS,NORMAL,Favorable weather conditions. Revenue outlook remains favorable.
2023-03-02,Khavda Renewable Energy Park,10614.096654366404,0.0,50480.64,30780.88,2.29,LOW,NORMAL_OPERATIONS,NORMAL,Favorable weather conditions. Revenue outlook remains favorable.
2023-03-03,Khavda Renewable Energy Park,11738.272466456316,0.0,55827.22,34040.99,2.54,LOW,NORMAL_OPERATIONS,NORMAL,Favorable weather conditions. Revenue outlook remains favorable.
2023-03-04,Khavda Renewable Energy Park,9218.818539459791,0.0,43844.7,26734.58,1.99,LOW,NORMAL_OPERATIONS,NORMAL,Favorable weather conditions. Revenue outlook remains favorable.
2023-03-05,Khavda Renewable Energy Park,9696.223477313948,0.0,46115.24,28119.05,2.1,LOW,NORMAL_OPERATIONS,NORMAL,Favorable weather conditions. Revenue outlook remains favorable.
2023-03-06,Khavda Renewable Energy Park,9889.74474951546,0.0,47035.63,28680.26,2.14,LOW,NORMAL_OPERATIONS,NORMAL,Favorable weather conditions. Revenue outlook remains favorable.
2023-03-07,Khavda Renewable Energy Park,11434.449908371818,0.0,54382.24,33159.9,2.47,LOW,NORMAL_OPERATIONS,NORMAL,Favorable weather conditions. Revenue outlook remains favorable.
2023-03-08,Khavda Renewable Energy Park,10105.728936971287,0.0,48062.85,29306.62,2.18,LOW,NORMAL_OPERATIONS,NORMAL,Favorable weather conditions. Revenue outlook remains favorable.
2023-03-09,Khavda Renewable Energy Park,11735.29642367789,0.0,55813.07,34032.36,2.54,LOW,NORMAL_OPERATIONS,NORMAL,Favorable weather conditions. Revenue outlook remains favorable.
2023-03-10,Khavda Renewable Energy Park,10451.063335570014,0.0,49705.26,30308.08,2.26,LOW,NORMAL_OPERATIONS,NORMAL,Favorable weather conditions. Revenue outlook remains favorable.
2023-03-11,Khavda Renewable Energy Park,8105.491063142937,0.0,38549.72,23505.92,1.75,LOW,NORMAL_OPERATIONS,NORMAL,Favorable weather conditions. Revenue outlook remains favorable.
2023-03-12,Khavda Renewable Energy Park,854.3602246295942,0.0,4063.34,2477.64,0.18,MEDIUM,NORMAL_OPERATIONS,CLOUD_CURTAILMENT,Cloud cover and rainfall may reduce solar generation.
2023-03-13,Khavda Renewable Energy Park,9724.192367342368,0.0,46248.26,28200.16,2.1,LOW,NORMAL_OPERATIONS,NORMAL,Favorable weather conditions. Revenue outlook remains favorable.
2023-03-14,Khavda Renewable Energy Park,2067.568469161224,0.0,9833.36,5995.95,0.45,MEDIUM,NORMAL_OPERATIONS,CLOUD_CURTAILMENT,Cloud cover and rainfall may reduce solar generation.
2023-03-15,Khavda Renewable Energy Park,2802.8153206930965,0.0,13330.19,8128.16,0.61,LOW,NORMAL_OPERATIONS,NORMAL,Favorable weather conditions. Revenue outlook remains favorable.
2023-03-16,Khavda Renewable Energy Park,8670.473422076293,0.0,41236.78,25144.38,1.87,LOW,NORMAL_OPERATIONS,NORMAL,Favorable weather conditions. Revenue outlook remains favorable.
2023-03-17,Khavda Renewable Energy Park,10294.749082988532,0.0,48961.82,29854.77,2.23,LOW,NORMAL_OPERATIONS,NORMAL,Favorable weather conditions. Revenue outlook remains favorable.
2023-03-18,Khavda Renewable Energy Park,10615.897845034662,0.0,50489.21,30786.1,2.29,LOW,NORMAL_OPERATIONS,NORMAL,Favorable weather conditions. Revenue outlook remains favorable.
2023-03-19,Khavda Renewable Energy Park,10904.898449133894,0.0,51863.7,31624.2,2.36,LOW,NORMAL_OPERATIONS,NORMAL,Favorable weather conditions. Revenue outlook remains favorable.
2023-03-20,Khavda Renewable Energy Park,8561.723361664835,0.0,40719.56,24829.0,1.85,LOW,NORMAL_OPERATIONS,NORMAL,Favorable weather conditions. Revenue outlook remains favorable.
2023-03-21,Khavda Renewable Energy Park,7869.368531653682,0.0,37426.72,22821.17,1.7,LOW,NORMAL_OPERATIONS,NORMAL,Favorable weather conditions. Revenue outlook remains favorable.
2023-03-22,Khavda Renewable Energy Park,6582.144599047322,0.0,31304.68,19088.22,1.42,LOW,NORMAL_OPERATIONS,NORMAL,Favorable weather conditions. Revenue outlook remains favorable.
2023-03-23,Khavda Renewable Energy Park,8473.691445664203,0.0,40300.88,24573.7,1.83,LOW,NORMAL_OPERATIONS,NORMAL,Favorable weather conditions. Revenue outlook remains favorable.
2023-03-24,Khavda Renewable Energy Park,9618.816887837194,0.0,45747.09,27894.57,2.08,LOW,NORMAL_OPERATIONS,NORMAL,Favorable weather conditions. Revenue outlook remains favorable.
2023-03-25,Khavda Renewable Energy Park,12160.763899319429,0.0,57836.59,35266.21,2.63,LOW,NORMAL_OPERATIONS,NORMAL,Favorable weather conditions. Revenue outlook remains favorable.
2023-03-26,Khavda Renewable Energy Park,12571.598760917288,0.0,59790.52,36457.64,2.72,LOW,NORMAL_OPERATIONS,NORMAL,Favorable weather conditions. Revenue outlook remains favorable.
2023-03-27,Khavda Renewable Energy Park,13322.745787806352,0.0,63362.98,38635.96,2.88,LOW,NORMAL_OPERATIONS,NORMAL,Favorable weather conditions. Revenue outlook remains favorable.
2023-03-28,Khavda Renewable Energy Park,12716.551253345437,0.0,60479.92,36878.0,2.75,LOW,NORMAL_OPERATIONS,NORMAL,Favorable weather conditions. Revenue outlook remains favorable.
2023-03-29,Khavda Renewable Energy Park,6408.569890506095,0.0,30479.16,18584.86,1.39,LOW,NORMAL_OPERATIONS,NORMAL,Favorable weather conditions. Revenue outlook remains favorable.
2023-03-30,Khavda Renewable Energy Park,9929.76092668285,0.0,47225.94,28796.3,2.15,LOW,NORMAL_OPERATIONS,NORMAL,Favorable weather conditions. Revenue outlook remains favorable.
2023-03-31,Khavda Renewable Energy Park,10297.966789338336,0.0,48977.13,29864.1,2.23,LOW,NORMAL_OPERATIONS,NORMAL,Favorable weather conditions. Revenue outlook remains favorable.
2023-04-01,Khavda Renewable Energy Park,13788.57562730171,0.0,65578.47,39986.87,2.98,LOW,NORMAL_OPERATIONS,NORMAL,Favorable weather conditions. Revenue outlook remains favorable.
2023-04-02,Khavda Renewable Energy Park,13705.663737165958,0.0,65184.14,39746.43,2.96,LOW,NORMAL_OPERATIONS,NORMAL,Favorable weather conditions. Revenue outlook remains favorable.
2023-04-03,Khavda Renewable Energy Park,10396.473516212884,0.0,49445.63,30149.78,2.25,LOW,NORMAL_OPERATIONS,NORMAL,Favorable weather conditions. Revenue outlook remains favorable.
2023-04-04,Khavda Renewable Energy Park,12551.2430073028,0.0,59693.71,36398.61,2.71,LOW,NORMAL_OPERATIONS,NORMAL,Favorable weather conditions. Revenue outlook remains favorable.
2023-04-05,Khavda Renewable Energy Park,14239.228565055231,0.0,67721.77,41293.76,3.08,LOW,NORMAL_OPERATIONS,NORMAL,Favorable weather conditions. Revenue outlook remains favorable.
2023-04-06,Khavda Renewable Energy Park,12919.013429822742,0.0,61442.83,37465.14,2.79,LOW,NORMAL_OPERATIONS,NORMAL,Favorable weather conditions. Revenue outlook remains favorable.
2023-04-07,Khavda Renewable Energy Park,13120.77237736175,0.0,62402.39,38050.24,2.84,LOW,NORMAL_OPERATIONS,NORMAL,Favorable weather conditions. Revenue outlook remains favorable.
2023-04-08,Khavda Renewable Energy Park,10605.174420380792,0.0,50438.21,30755.0,2.29,LOW,NORMAL_OPERATIONS,NORMAL,Favorable weather conditions. Revenue outlook remains favorable.
2023-04-09,Khavda Renewable Energy Park,13124.318871293868,0.0,62419.26,38060.52,2.84,LOW,NORMAL_OPERATIONS,NORMAL,Favorable weather conditions. Revenue outlook remains favorable.
2023-04-10,Khavda Renewable Energy Park,2766.1950868555523,0.0,13156.02,8021.96,0.6,MEDIUM,NORMAL_OPERATIONS,CLOUD_CURTAILMENT,Cloud cover and rainfall may reduce solar generation.
2023-04-11,Khavda Renewable Energy Park,11522.67326692789,0.0,54801.83,33415.75,2.49,LOW,NORMAL_OPERATIONS,NORMAL,Favorable weather conditions. Revenue outlook remains favorable.
2023-04-12,Khavda Renewable Energy Park,3985.068958502524,0.0,18952.99,11556.7,0.86,LOW,NORMAL_OPERATIONS,NORMAL,Favorable weather conditions. Revenue outlook remains favorable.
2023-04-13,Khavda Renewable Energy Park,4950.81932755624,0.0,23546.1,14357.38,1.07,LOW,NORMAL_OPERATIONS,NORMAL,Favorable weather conditions. Revenue outlook remains favorable.
2023-04-14,Khavda Renewable Energy Park,11433.004991074244,0.0,54375.37,33155.71,2.47,LOW,NORMAL_OPERATIONS,NORMAL,Favorable weather conditions. Revenue outlook remains favorable.
2023-04-15,Khavda Renewable Energy Park,13389.659836699591,0.0,63681.22,38830.02,2.89,LOW,NORMAL_OPERATIONS,NORMAL,Favorable weather conditions. Revenue outlook remains favorable.
2023-04-16,Khavda Renewable Energy Park,12040.734080117723,0.0,57265.73,34918.13,2.6,LOW,NORMAL_OPERATIONS,NORMAL,Favorable weather conditions. Revenue outlook remains favorable.
2023-04-17,Khavda Renewable Energy Park,10874.870220282122,0.0,51720.88,31537.12,2.35,LOW,NORMAL_OPERATIONS,NORMAL,Favorable weather conditions. Revenue outlook remains favorable.
2023-04-18,Khavda Renewable Energy Park,8938.989768503863,0.0,42513.83,25923.07,1.93,LOW,NORMAL_OPERATIONS,NORMAL,Favorable weather conditions. Revenue outlook remains favorable.
2023-04-19,Khavda Renewable Energy Park,4389.864675526909,0.0,20878.2,12730.61,0.95,LOW,NORMAL_OPERATIONS,NORMAL,Favorable weather conditions. Revenue outlook remains favorable.
2023-04-20,Khavda Renewable Energy Park,5891.293318700315,0.0,28018.99,17084.75,1.27,LOW,NORMAL_OPERATIONS,NORMAL,Favorable weather conditions. Revenue outlook remains favorable.
2023-04-21,Khavda Renewable Energy Park,10979.298444452445,0.0,52217.54,31839.96,2.37,LOW,NORMAL_OPERATIONS,NORMAL,Favorable weather conditions. Revenue outlook remains favorable.
2023-04-22,Khavda Renewable Energy Park,11396.896190062454,0.0,54203.64,33051.0,2.46,LOW,NORMAL_OPERATIONS,NORMAL,Favorable weather conditions. Revenue outlook remains favorable.
2023-04-23,Khavda Renewable Energy Park,13035.536876678356,0.0,61997.01,37803.06,2.82,LOW,NORMAL_OPERATIONS,NORMAL,Favorable weather conditions. Revenue outlook remains favorable.
2023-04-24,Khavda Renewable Energy Park,2539.567620704019,0.0,12078.18,7364.74,0.55,MEDIUM,NORMAL_OPERATIONS,CLOUD_CURTAILMENT,Cloud cover and rainfall may reduce solar generation.
2023-04-25,Khavda Renewable Energy Park,3352.7949764617774,0.0,15945.89,9723.1,0.72,MEDIUM,NORMAL_OPERATIONS,CLOUD_CURTAILMENT,Cloud cover and rainfall may reduce solar generation.
2023-04-26,Khavda Renewable Energy Park,7678.723597620442,0.0,36520.01,22268.3,1.66,LOW,NORMAL_OPERATIONS,NORMAL,Favorable weather conditions. Revenue outlook remains favorable.
2023-04-27,Khavda Renewable Energy Park,6189.452171369205,0.0,29437.03,17949.41,1.34,LOW,NORMAL_OPERATIONS,NORMAL,Favorable weather conditions. Revenue outlook remains favorable.
2023-04-28,Khavda Renewable Energy Park,5006.949666964949,0.0,23813.05,14520.16,1.08,LOW,NORMAL_OPERATIONS,NORMAL,Favorable weather conditions. Revenue outlook remains favorable.
2023-04-29,Khavda Renewable Energy Park,6781.330216076191,0.0,32252.01,19665.86,1.47,LOW,NORMAL_OPERATIONS,NORMAL,Favorable weather conditions. Revenue outlook remains favorable.
2023-04-30,Khavda Renewable Energy Park,11707.49310935218,0.0,55680.84,33951.73,2.53,LOW,NORMAL_OPERATIONS,NORMAL,Favorable weather conditions. Revenue outlook remains favorable.
2023-05-01,Khavda Renewable Energy Park,12156.141427733504,0.0,57814.61,35252.81,2.63,LOW,NORMAL_OPERATIONS,NORMAL,Favorable weather conditions. Revenue outlook remains favorable.
2023-05-02,Khavda Renewable Energy Park,10850.849156192577,0.0,51606.64,31467.46,2.35,LOW,NORMAL_OPERATIONS,NORMAL,Favorable weather conditions. Revenue outlook remains favorable.
2023-05-03,Khavda Renewable Energy Park,11369.77035273972,0.0,54074.63,32972.34,2.46,LOW,NORMAL_OPERATIONS,NORMAL,Favorable weather conditions. Revenue outlook remains favorable.
2023-05-04,Khavda Renewable Energy Park,12964.024701586077,0.0,61656.9,37595.67,2.8,LOW,NORMAL_OPERATIONS,NORMAL,Favorable weather conditions. Revenue outlook remains favorable.
2023-05-05,Khavda Renewable Energy Park,11360.924590891627,0.0,54032.56,32946.68,2.46,LOW,NORMAL_OPERATIONS,NORMAL,Favorable weather conditions. Revenue outlook remains favorable.
2023-05-06,Khavda Renewable Energy Park,9679.174379704817,0.0,46034.15,28069.6,2.09,LOW,NORMAL_OPERATIONS,NORMAL,Favorable weather conditions. Revenue outlook remains favorable.
2023-05-07,Khavda Renewable Energy Park,13560.210244355225,0.0,64492.36,39324.61,2.93,LOW,NORMAL_OPERATIONS,NORMAL,Favorable weather conditions. Revenue outlook remains favorable.
2023-05-08,Khavda Renewable Energy Park,12902.924933825734,0.0,61366.31,37418.48,2.79,LOW,NORMAL_OPERATIONS,NORMAL,Favorable weather conditions. Revenue outlook remains favorable.
2023-05-09,Khavda Renewable Energy Park,12723.908348659126,0.0,60514.91,36899.34,2.75,LOW,NORMAL_OPERATIONS,NORMAL,Favorable weather conditions. Revenue outlook remains favorable.
2023-05-10,Khavda Renewable Energy Park,13119.41691289382,0.0,62395.95,38046.31,2.84,LOW,NORMAL_OPERATIONS,NORMAL,Favorable weather conditions. Revenue outlook remains favorable.
2023-05-11,Khavda Renewable Energy Park,13103.562453374883,0.0,62320.54,38000.33,2.83,LOW,NORMAL_OPERATIONS,NORMAL,Favorable weather conditions. Revenue outlook remains favorable.
2023-05-12,Khavda Renewable Energy Park,12245.436827778767,0.0,58239.29,35511.76,2.65,LOW,NORMAL_OPERATIONS,NORMAL,Favorable weather conditions. Revenue outlook remains favorable.
2023-05-13,Khavda Renewable Energy Park,13084.198741613704,0.0,62228.45,37944.18,2.83,LOW,NORMAL_OPERATIONS,NORMAL,Favorable weather conditions. Revenue outlook remains favorable.
2023-05-14,Khavda Renewable Energy Park,13082.665433930304,0.0,62221.16,37939.73,2.83,LOW,NORMAL_OPERATIONS,NORMAL,Favorable weather conditions. Revenue outlook remains favorable.
2023-05-15,Khavda Renewable Energy Park,11334.363085243158,0.0,53906.23,32869.66,2.45,LOW,NORMAL_OPERATIONS,NORMAL,Favorable weather conditions. Revenue outlook remains favorable.
2023-05-16,Khavda Renewable Energy Park,12116.951664874969,0.0,57628.22,35139.16,2.62,LOW,NORMAL_OPERATIONS,NORMAL,Favorable weather conditions. Revenue outlook remains favorable.
2023-05-17,Khavda Renewable Energy Park,12293.591336500582,0.0,58468.32,35651.42,2.66,LOW,NORMAL_OPERATIONS,NORMAL,Favorable weather conditions. Revenue outlook remains favorable.
2023-05-18,Khavda Renewable Energy Park,12223.054154832043,0.0,58132.84,35446.86,2.64,LOW,NORMAL_OPERATIONS,NORMAL,Favorable weather conditions. Revenue outlook remains favorable.
2023-05-19,Khavda Renewable Energy Park,13097.49385781087,0.0,62291.68,37982.73,2.83,LOW,NORMAL_OPERATIONS,NORMAL,Favorable weather conditions. Revenue outlook remains favorable.
2023-05-20,Khavda Renewable Energy Park,11164.372449714168,0.0,53097.76,32376.68,2.41,LOW,NORMAL_OPERATIONS,NORMAL,Favorable weather conditions. Revenue outlook remains favorable.
2023-05-21,Khavda Renewable Energy Park,11539.218193131956,0.0,54880.53,33463.74,2.49,LOW,NORMAL_OPERATIONS,NORMAL,Favorable weather conditions. Revenue outlook remains favorable.
2023-05-22,Khavda Renewable Energy Park,9266.864952376882,0.0,44073.21,26873.91,2.0,LOW,NORMAL_OPERATIONS,NORMAL,Favorable weather conditions. Revenue outlook remains favorable.
2023-05-23,Khavda Renewable Energy Park,9760.74660376028,0.0,46422.11,28306.16,2.11,LOW,NORMAL_OPERATIONS,NORMAL,Favorable weather conditions. Revenue outlook remains favorable.
2023-05-24,Khavda Renewable Energy Park,9413.244219827186,0.0,44769.39,27298.41,2.03,LOW,NORMAL_OPERATIONS,NORMAL,Favorable weather conditions. Revenue outlook remains favorable.
2023-05-25,Khavda Renewable Energy Park,13856.411598886609,0.0,65901.1,40183.6,3.0,LOW,NORMAL_OPERATIONS,NORMAL,Favorable weather conditions. Revenue outlook remains favorable.
2023-05-26,Khavda Renewable Energy Park,11850.6448204277,0.0,56361.67,34366.87,2.56,LOW,NORMAL_OPERATIONS,NORMAL,Favorable weather conditions. Revenue outlook remains favorable.
2023-05-27,Khavda Renewable Energy Park,12768.55795319442,0.0,60727.26,37028.82,2.76,LOW,NORMAL_OPERATIONS,NORMAL,Favorable weather conditions. Revenue outlook remains favorable.
2023-05-28,Khavda Renewable Energy Park,10871.202044989996,0.0,51703.44,31526.48,2.35,LOW,NORMAL_OPERATIONS,NORMAL,Favorable weather conditions. Revenue outlook remains favorable.
2023-05-29,Khavda Renewable Energy Park,9563.339482242429,0.0,45483.24,27733.68,2.07,LOW,NORMAL_OPERATIONS,NORMAL,Favorable weather conditions. Revenue outlook remains favorable.
2023-05-30,Khavda Renewable Energy Park,7843.517794564901,0.0,37303.77,22746.2,1.7,LOW,NORMAL_OPERATIONS,NORMAL,Favorable weather conditions. Revenue outlook remains favorable.
2023-05-31,Khavda Renewable Energy Park,10384.568565825504,0.0,49389.01,30115.25,2.24,LOW,NORMAL_OPERATIONS,NORMAL,Favorable weather conditions. Revenue outlook remains favorable.
2023-06-01,Khavda Renewable Energy Park,9587.738494170151,0.0,45599.28,27804.44,2.07,LOW,NORMAL_OPERATIONS,NORMAL,Favorable weather conditions. Revenue outlook remains favorable.
2023-06-02,Khavda Renewable Energy Park,12921.462088286504,0.0,61454.47,37472.24,2.79,LOW,NORMAL_OPERATIONS,NORMAL,Favorable weather conditions. Revenue outlook remains favorable.
2023-06-03,Khavda Renewable Energy Park,13306.880447711394,0.0,63287.53,38589.96,2.88,LOW,NORMAL_OPERATIONS,NORMAL,Favorable weather conditions. Revenue outlook remains favorable.
2023-06-04,Khavda Renewable Energy Park,14614.024479508553,0.0,69504.3,42380.67,3.16,LOW,NORMAL_OPERATIONS,NORMAL,Favorable weather conditions. Revenue outlook remains favorable.
2023-06-05,Khavda Renewable Energy Park,14499.098370084075,0.0,68957.71,42047.38,3.13,LOW,NORMAL_OPERATIONS,NORMAL,Favorable weather conditions. Revenue outlook remains favorable.
2023-06-06,Khavda Renewable Energy Park,14040.988088722615,0.0,66778.94,40718.86,3.04,LOW,NORMAL_OPERATIONS,NORMAL,Favorable weather conditions. Revenue outlook remains favorable.
2023-06-07,Khavda Renewable Energy Park,14136.11467087328,0.0,67231.37,40994.74,3.06,LOW,NORMAL_OPERATIONS,NORMAL,Favorable weather conditions. Revenue outlook remains favorable.
2023-06-08,Khavda Renewable Energy Park,11892.512470111864,0.0,56560.79,34488.29,2.57,LOW,NORMAL_OPERATIONS,NORMAL,Favorable weather conditions. Revenue outlook remains favorable.
2023-06-09,Khavda Renewable Energy Park,12339.652179565115,0.0,58687.38,35784.99,2.67,LOW,NORMAL_OPERATIONS,NORMAL,Favorable weather conditions. Revenue outlook remains favorable.
2023-06-10,Khavda Renewable Energy Park,14392.371081674612,0.0,68450.12,41737.88,3.11,LOW,NORMAL_OPERATIONS,NORMAL,Favorable weather conditions. Revenue outlook remains favorable.
2023-06-11,Khavda Renewable Energy Park,12622.66714184084,0.0,60033.41,36605.74,2.73,LOW,NORMAL_OPERATIONS,NORMAL,Favorable weather conditions. Revenue outlook remains favorable.
2023-06-12,Khavda Renewable Energy Park,3376.8633215164155,0.0,16060.36,9792.91,0.73,MEDIUM,NORMAL_OPERATIONS,CLOUD_CURTAILMENT,Cloud cover and rainfall may reduce solar generation.
2023-06-13,Khavda Renewable Energy Park,590.9224410719373,0.0,2810.43,1713.68,0.13,MEDIUM,NORMAL_OPERATIONS,CLOUD_CURTAILMENT,Cloud cover and rainfall may reduce solar generation.
2023-06-14,Khavda Renewable Energy Park,2723.692534602254,0.0,12953.88,7898.71,0.59,MEDIUM,NORMAL_OPERATIONS,CLOUD_CURTAILMENT,Cloud cover and rainfall may reduce solar generation.
2023-06-15,Khavda Renewable Energy Park,427.25693446863534,0.0,2032.03,1239.04,0.09,MEDIUM,NORMAL_OPERATIONS,CLOUD_CURTAILMENT,Cloud cover and rainfall may reduce solar generation.
2023-06-16,Khavda Renewable Energy Park,1.8529558310453231,0.0,8.82,5.38,0.0,HIGH,CRITICAL_WEATHER_ALERT,CLOUD_CURTAILMENT|HEAVY_RAIN,Cloud cover and rainfall may reduce solar generation.
2023-06-17,Khavda Renewable Energy Park,0.0,0.0,0.0,0.0,0.0,MEDIUM,NORMAL_OPERATIONS,CLOUD_CURTAILMENT,Cloud cover and rainfall may reduce solar generation.
2023-06-18,Khavda Renewable Energy Park,361.9218918801389,0.0,1721.3,1049.58,0.08,MEDIUM,NORMAL_OPERATIONS,CLOUD_CURTAILMENT,Cloud cover and rainfall may reduce solar generation.
2023-06-19,Khavda Renewable Energy Park,3046.234842545485,0.0,14487.89,8834.08,0.66,MEDIUM,NORMAL_OPERATIONS,CLOUD_CURTAILMENT,Cloud cover and rainfall may reduce solar generation.
2023-06-20,Khavda Renewable Energy Park,5699.933918223359,0.0,27108.89,16529.81,1.23,LOW,NORMAL_OPERATIONS,NORMAL,Favorable weather conditions. Revenue outlook remains favorable.
2023-06-21,Khavda Renewable Energy Park,5617.027917257756,0.0,26714.58,16289.38,1.21,LOW,NORMAL_OPERATIONS,NORMAL,Favorable weather conditions. Revenue outlook remains favorable.
2023-06-22,Khavda Renewable Energy Park,6751.574035991655,0.0,32110.49,19579.56,1.46,LOW,NORMAL_OPERATIONS,NORMAL,Favorable weather conditions. Revenue outlook remains favorable.
2023-06-23,Khavda Renewable Energy Park,1995.7589180137304,0.0,9491.83,5787.7,0.43,MEDIUM,NORMAL_OPERATIONS,CLOUD_CURTAILMENT,Cloud cover and rainfall may reduce solar generation.
2023-06-24,Khavda Renewable Energy Park,5427.748931091255,0.0,25814.37,15740.47,1.17,LOW,NORMAL_OPERATIONS,NORMAL,Favorable weather conditions. Revenue outlook remains favorable.
2023-06-25,Khavda Renewable Energy Park,3821.270841266213,0.0,18173.96,11081.68,0.83,MEDIUM,NORMAL_OPERATIONS,CLOUD_CURTAILMENT,Cloud cover and rainfall may reduce solar generation.
2023-06-26,Khavda Renewable Energy Park,520.2256611672689,0.0,2474.19,1508.66,0.11,MEDIUM,NORMAL_OPERATIONS,CLOUD_CURTAILMENT,Cloud cover and rainfall may reduce solar generation.
2023-06-27,Khavda Renewable Energy Park,3335.630984406492,0.0,15864.26,9673.33,0.72,MEDIUM,NORMAL_OPERATIONS,CLOUD_CURTAILMENT,Cloud cover and rainfall may reduce solar generation.
2023-06-28,Khavda Renewable Energy Park,584.7463128862815,0.0,2781.05,1695.76,0.13,MEDIUM,NORMAL_OPERATIONS,CLOUD_CURTAILMENT,Cloud cover and rainfall may reduce solar generation.
2023-06-29,Khavda Renewable Energy Park,748.0668306593208,0.0,3557.81,2169.4,0.16,MEDIUM,NORMAL_OPERATIONS,CLOUD_CURTAILMENT,Cloud cover and rainfall may reduce solar generation.
2023-06-30,Khavda Renewable Energy Park,68.6775318784978,0.0,326.63,199.16,0.01,MEDIUM,NORMAL_OPERATIONS,CLOUD_CURTAILMENT,Cloud cover and rainfall may reduce solar generation.
2023-07-01,Khavda Renewable Energy Park,3810.223671429501,0.0,18121.43,11049.65,0.82,MEDIUM,NORMAL_OPERATIONS,CLOUD_CURTAILMENT,Cloud cover and rainfall may reduce solar generation.
2023-07-02,Khavda Renewable Energy Park,6613.691972146177,0.0,31454.72,19179.71,1.43,LOW,NORMAL_OPERATIONS,NORMAL,Favorable weather conditions. Revenue outlook remains favorable.
2023-07-03,Khavda Renewable Energy Park,7137.031861361576,0.0,33943.72,20697.39,1.54,LOW,NORMAL_OPERATIONS,NORMAL,Favorable weather conditions. Revenue outlook remains favorable.
2023-07-04,Khavda Renewable Energy Park,7660.69471046672,0.0,36434.26,22216.02,1.66,LOW,NORMAL_OPERATIONS,NORMAL,Favorable weather conditions. Revenue outlook remains favorable.
2023-07-05,Khavda Renewable Energy Park,3207.498909390159,0.0,15254.86,9301.75,0.69,MEDIUM,NORMAL_OPERATIONS,CLOUD_CURTAILMENT,Cloud cover and rainfall may reduce solar generation.
2023-07-06,Khavda Renewable Energy Park,3139.514988108878,0.0,14931.54,9104.59,0.68,MEDIUM,NORMAL_OPERATIONS,CLOUD_CURTAILMENT,Cloud cover and rainfall may reduce solar generation.
2023-07-07,Khavda Renewable Energy Park,187.77740530238225,0.0,893.07,544.55,0.04,MEDIUM,NORMAL_OPERATIONS,CLOUD_CURTAILMENT,Cloud cover and rainfall may reduce solar generation.
2023-07-08,Khavda Renewable Energy Park,0.0,0.0,0.0,0.0,0.0,MEDIUM,NORMAL_OPERATIONS,CLOUD_CURTAILMENT,Cloud cover and rainfall may reduce solar generation.
2023-07-09,Khavda Renewable Energy Park,0.0,0.0,0.0,0.0,0.0,MEDIUM,NORMAL_OPERATIONS,CLOUD_CURTAILMENT,Cloud cover and rainfall may reduce solar generation.
2023-07-10,Khavda Renewable Energy Park,1209.4507088338955,0.0,5752.14,3507.4,0.26,MEDIUM,NORMAL_OPERATIONS,CLOUD_CURTAILMENT,Cloud cover and rainfall may reduce solar generation.
2023-07-11,Khavda Renewable Energy Park,9631.26883418057,0.0,45806.32,27930.68,2.08,LOW,NORMAL_OPERATIONS,NORMAL,Favorable weather conditions. Revenue outlook remains favorable.
2023-07-12,Khavda Renewable Energy Park,3467.727217540127,0.0,16492.51,10056.41,0.75,MEDIUM,NORMAL_OPERATIONS,CLOUD_CURTAILMENT,Cloud cover and rainfall may reduce solar generation.
2023-07-13,Khavda Renewable Energy Park,77.04692140770706,0.0,366.43,223.44,0.02,MEDIUM,NORMAL_OPERATIONS,CLOUD_CURTAILMENT,Cloud cover and rainfall may reduce solar generation.
2023-07-14,Khavda Renewable Energy Park,5387.839743501084,0.0,25624.57,15624.74,1.16,LOW,NORMAL_OPERATIONS,NORMAL,Favorable weather conditions. Revenue outlook remains favorable.
2023-07-15,Khavda Renewable Energy Park,2231.395832624029,0.0,10612.52,6471.05,0.48,MEDIUM,NORMAL_OPERATIONS,CLOUD_CURTAILMENT,Cloud cover and rainfall may reduce solar generation.
2023-07-16,Khavda Renewable Energy Park,5136.68666315519,0.0,24430.08,14896.39,1.11,LOW,NORMAL_OPERATIONS,NORMAL,Favorable weather conditions. Revenue outlook remains favorable.
2023-07-17,Khavda Renewable Energy Park,4004.6593042053846,0.0,19046.16,11613.51,0.87,LOW,NORMAL_OPERATIONS,NORMAL,Favorable weather conditions. Revenue outlook remains favorable.
2023-07-18,Khavda Renewable Energy Park,126.47346261400256,0.0,601.51,366.78,0.03,MEDIUM,NORMAL_OPERATIONS,CLOUD_CURTAILMENT,Cloud cover and rainfall may reduce solar generation.
2023-07-19,Khavda Renewable Energy Park,53.32759353923932,0.0,253.63,154.65,0.01,MEDIUM,NORMAL_OPERATIONS,CLOUD_CURTAILMENT,Cloud cover and rainfall may reduce solar generation.
2023-07-20,Khavda Renewable Energy Park,15.890735285604409,0.0,75.58,46.08,0.0,MEDIUM,NORMAL_OPERATIONS,CLOUD_CURTAILMENT,Cloud cover and rainfall may reduce solar generation.
2023-07-21,Khavda Renewable Energy Park,305.3756354306715,0.0,1452.37,885.59,0.07,MEDIUM,NORMAL_OPERATIONS,CLOUD_CURTAILMENT,Cloud cover and rainfall may reduce solar generation.
2023-07-22,Khavda Renewable Energy Park,339.5819941127537,0.0,1615.06,984.79,0.07,MEDIUM,NORMAL_OPERATIONS,CLOUD_CURTAILMENT,Cloud cover and rainfall may reduce solar generation.
2023-07-23,Khavda Renewable Energy Park,2.6730518113400805,0.0,12.71,7.75,0.0,MEDIUM,WEATHER_WARNING,CLOUD_CURTAILMENT|HEAVY_RAIN,Cloud cover and rainfall may reduce solar generation.
2023-07-24,Khavda Renewable Energy Park,288.1396161698812,0.0,1370.39,835.6,0.06,MEDIUM,NORMAL_OPERATIONS,CLOUD_CURTAILMENT,Cloud cover and rainfall may reduce solar generation.
2023-07-25,Khavda Renewable Energy Park,1285.3848036509794,0.0,6113.29,3727.62,0.28,MEDIUM,NORMAL_OPERATIONS,CLOUD_CURTAILMENT,Cloud cover and rainfall may reduce solar generation.
2023-07-26,Khavda Renewable Energy Park,2827.2192715803217,0.0,13446.25,8198.94,0.61,MEDIUM,NORMAL_OPERATIONS,CLOUD_CURTAILMENT,Cloud cover and rainfall may reduce solar generation.
2023-07-27,Khavda Renewable Energy Park,1258.9928425464277,0.0,5987.77,3651.08,0.27,MEDIUM,NORMAL_OPERATIONS,CLOUD_CURTAILMENT,Cloud cover and rainfall may reduce solar generation.
2023-07-28,Khavda Renewable Energy Park,2155.845002936828,0.0,10253.2,6251.95,0.47,MEDIUM,NORMAL_OPERATIONS,CLOUD_CURTAILMENT,Cloud cover and rainfall may reduce solar generation.
2023-07-29,Khavda Renewable Energy Park,4803.384375070794,0.0,22844.9,13929.82,1.04,MEDIUM,NORMAL_OPERATIONS,NORMAL,Moderate weather patterns observed. Monitor generation closely.
2023-07-30,Khavda Renewable Energy Park,5733.72441532946,0.0,27269.59,16627.8,1.24,LOW,NORMAL_OPERATIONS,NORMAL,Favorable weather conditions. Revenue outlook remains favorable.
2023-07-31,Khavda Renewable Energy Park,5009.566842030158,0.0,23825.5,14527.74,1.08,LOW,NORMAL_OPERATIONS,NORMAL,Favorable weather conditions. Revenue outlook remains favorable.
2023-08-01,Khavda Renewable Energy Park,3128.4128356307924,0.0,14878.73,9072.4,0.68,MEDIUM,NORMAL_OPERATIONS,NORMAL,Moderate weather patterns observed. Monitor generation closely.
2023-08-02,Khavda Renewable Energy Park,5234.584096956922,0.0,24895.68,15180.3,1.13,MEDIUM,NORMAL_OPERATIONS,NORMAL,Moderate weather patterns observed. Monitor generation closely.
2023-08-03,Khavda Renewable Energy Park,1300.3968461323857,0.0,6184.69,3771.15,0.28,MEDIUM,NORMAL_OPERATIONS,CLOUD_CURTAILMENT,Cloud cover and rainfall may reduce solar generation.
2023-08-04,Khavda Renewable Energy Park,3324.9558831570657,0.0,15813.49,9642.37,0.72,MEDIUM,NORMAL_OPERATIONS,CLOUD_CURTAILMENT,Cloud cover and rainfall may reduce solar generation.
2023-08-05,Khavda Renewable Energy Park,3719.932356231712,0.0,17692.0,10787.8,0.8,LOW,NORMAL_OPERATIONS,NORMAL,Favorable weather conditions. Revenue outlook remains favorable.
2023-08-06,Khavda Renewable Energy Park,2521.950722297376,0.0,11994.39,7313.66,0.55,MEDIUM,NORMAL_OPERATIONS,CLOUD_CURTAILMENT,Cloud cover and rainfall may reduce solar generation.
2023-08-07,Khavda Renewable Energy Park,6225.309199343828,0.0,29607.57,18053.4,1.35,MEDIUM,NORMAL_OPERATIONS,NORMAL,Moderate weather patterns observed. Monitor generation closely.
2023-08-08,Khavda Renewable Energy Park,4730.127509804364,0.0,22496.49,13717.37,1.02,MEDIUM,NORMAL_OPERATIONS,NORMAL,Moderate weather patterns observed. Monitor generation closely.
2023-08-09,Khavda Renewable Energy Park,1608.1246885599696,0.0,7648.24,4663.56,0.35,MEDIUM,NORMAL_OPERATIONS,CLOUD_CURTAILMENT,Cloud cover and rainfall may reduce solar generation.
2023-08-10,Khavda Renewable Energy Park,3936.5157175123113,0.0,18722.07,11415.9,0.85,MEDIUM,NORMAL_OPERATIONS,NORMAL,Moderate weather patterns observed. Monitor generation closely.
2023-08-11,Khavda Renewable Energy Park,5609.157615443151,0.0,26677.15,16266.56,1.21,LOW,NORMAL_OPERATIONS,NORMAL,Favorable weather conditions. Revenue outlook remains favorable.
2023-08-12,Khavda Renewable Energy Park,4474.362787781139,0.0,21280.07,12975.65,0.97,MEDIUM,NORMAL_OPERATIONS,NORMAL,Moderate weather patterns observed. Monitor generation closely.
2023-08-13,Khavda Renewable Energy Park,3490.746945353056,0.0,16601.99,10123.17,0.75,MEDIUM,NORMAL_OPERATIONS,NORMAL,Moderate weather patterns observed. Monitor generation closely.
2023-08-14,Khavda Renewable Energy Park,374.0613731805043,0.0,1779.04,1084.78,0.08,MEDIUM,NORMAL_OPERATIONS,CLOUD_CURTAILMENT,Cloud cover and rainfall may reduce solar generation.
2023-08-15,Khavda Renewable Energy Park,1242.2405124480545,0.0,5908.09,3602.5,0.27,MEDIUM,NORMAL_OPERATIONS,CLOUD_CURTAILMENT,Cloud cover and rainfall may reduce solar generation.
2023-08-16,Khavda Renewable Energy Park,5176.310801475024,0.0,24618.53,15011.3,1.12,LOW,NORMAL_OPERATIONS,NORMAL,Favorable weather conditions. Revenue outlook remains favorable.
2023-08-17,Khavda Renewable Energy Park,6176.98638603207,0.0,29377.75,17913.26,1.34,MEDIUM,NORMAL_OPERATIONS,NORMAL,Moderate weather patterns observed. Monitor generation closely.
2023-08-18,Khavda Renewable Energy Park,6898.390960718735,0.0,32808.75,20005.34,1.49,MEDIUM,NORMAL_OPERATIONS,NORMAL,Moderate weather patterns observed. Monitor generation closely.
2023-08-19,Khavda Renewable Energy Park,9321.201979009407,0.0,44331.64,27031.48,2.02,LOW,NORMAL_OPERATIONS,NORMAL,Favorable weather conditions. Revenue outlook remains favorable.
2023-08-20,Khavda Renewable Energy Park,3753.409881263835,0.0,17851.22,10884.89,0.81,LOW,NORMAL_OPERATIONS,NORMAL,Favorable weather conditions. Revenue outlook remains favorable.
2023-08-21,Khavda Renewable Energy Park,7067.464871983369,0.0,33612.87,20495.65,1.53,LOW,NORMAL_OPERATIONS,NORMAL,Favorable weather conditions. Revenue outlook remains favorable.
2023-08-22,Khavda Renewable Energy Park,2511.932010763429,0.0,11946.75,7284.6,0.54,MEDIUM,NORMAL_OPERATIONS,CLOUD_CURTAILMENT,Cloud cover and rainfall may reduce solar generation.
2023-08-23,Khavda Renewable Energy Park,77.42965559948435,0.0,368.25,224.54,0.02,MEDIUM,NORMAL_OPERATIONS,CLOUD_CURTAILMENT,Cloud cover and rainfall may reduce solar generation.
2023-08-24,Khavda Renewable Energy Park,3348.9378154723613,0.0,15927.55,9711.92,0.72,MEDIUM,NORMAL_OPERATIONS,NORMAL,Moderate weather patterns observed. Monitor generation closely.
2023-08-25,Khavda Renewable Energy Park,84.4931514972796,0.0,401.85,245.03,0.02,MEDIUM,NORMAL_OPERATIONS,CLOUD_CURTAILMENT,Cloud cover and rainfall may reduce solar generation.
2023-08-26,Khavda Renewable Energy Park,1554.782841957997,0.0,7394.55,4508.87,0.34,MEDIUM,NORMAL_OPERATIONS,CLOUD_CURTAILMENT,Cloud cover and rainfall may reduce solar generation.
2023-08-27,Khavda Renewable Energy Park,5451.965558026224,0.0,25929.55,15810.7,1.18,LOW,NORMAL_OPERATIONS,NORMAL,Favorable weather conditions. Revenue outlook remains favorable.
2023-08-28,Khavda Renewable Energy Park,6412.398683981352,0.0,30497.37,18595.96,1.39,MEDIUM,NORMAL_OPERATIONS,NORMAL,Moderate weather patterns observed. Monitor generation closely.
2023-08-29,Khavda Renewable Energy Park,7325.65339466341,0.0,34840.81,21244.4,1.58,LOW,NORMAL_OPERATIONS,NORMAL,Favorable weather conditions. Revenue outlook remains favorable.
2023-08-30,Khavda Renewable Energy Park,8638.124561736782,0.0,41082.92,25050.56,1.87,LOW,NORMAL_OPERATIONS,NORMAL,Favorable weather conditions. Revenue outlook remains favorable.
2023-08-31,Khavda Renewable Energy Park,9954.057072037403,0.0,47341.49,28866.76,2.15,LOW,NORMAL_OPERATIONS,NORMAL,Favorable weather conditions. Revenue outlook remains favorable.
2023-09-01,Khavda Renewable Energy Park,9790.69266755004,0.0,46564.54,28393.01,2.12,LOW,NORMAL_OPERATIONS,NORMAL,Favorable weather conditions. Revenue outlook remains favorable.
2023-09-02,Khavda Renewable Energy Park,11494.275455789126,0.0,54666.78,33333.4,2.48,LOW,NORMAL_OPERATIONS,NORMAL,Favorable weather conditions. Revenue outlook remains favorable.
2023-09-03,Khavda Renewable Energy Park,10506.922737209192,0.0,49970.92,30470.08,2.27,LOW,NORMAL_OPERATIONS,NORMAL,Favorable weather conditions. Revenue outlook remains favorable.
2023-09-04,Khavda Renewable Energy Park,9381.59225365982,0.0,44618.86,27206.62,2.03,LOW,NORMAL_OPERATIONS,NORMAL,Favorable weather conditions. Revenue outlook remains favorable.
2023-09-05,Khavda Renewable Energy Park,7083.261177288655,0.0,33687.99,20541.46,1.53,LOW,NORMAL_OPERATIONS,NORMAL,Favorable weather conditions. Revenue outlook remains favorable.
2023-09-06,Khavda Renewable Energy Park,11402.901218647425,0.0,54232.2,33068.42,2.47,LOW,NORMAL_OPERATIONS,NORMAL,Favorable weather conditions. Revenue outlook remains favorable.
2023-09-07,Khavda Renewable Energy Park,11080.504722599462,0.0,52698.88,32133.46,2.4,LOW,NORMAL_OPERATIONS,NORMAL,Favorable weather conditions. Revenue outlook remains favorable.
2023-09-08,Khavda Renewable Energy Park,11661.611009774428,0.0,55462.62,33818.67,2.52,LOW,NORMAL_OPERATIONS,NORMAL,Favorable weather conditions. Revenue outlook remains favorable.
2023-09-09,Khavda Renewable Energy Park,9121.757605432646,0.0,43383.08,26453.1,1.97,LOW,NORMAL_OPERATIONS,NORMAL,Favorable weather conditions. Revenue outlook remains favorable.
2023-09-10,Khavda Renewable Energy Park,9806.46161519024,0.0,46639.53,28438.74,2.12,LOW,NORMAL_OPERATIONS,NORMAL,Favorable weather conditions. Revenue outlook remains favorable.
2023-09-11,Khavda Renewable Energy Park,9426.31919630366,0.0,44831.57,27336.32,2.04,LOW,NORMAL_OPERATIONS,NORMAL,Favorable weather conditions. Revenue outlook remains favorable.
2023-09-12,Khavda Renewable Energy Park,3664.170378965972,0.0,17426.8,10626.1,0.79,MEDIUM,NORMAL_OPERATIONS,CLOUD_CURTAILMENT,Cloud cover and rainfall may reduce solar generation.
2023-09-13,Khavda Renewable Energy Park,5541.518641605078,0.0,26355.46,16070.4,1.2,LOW,NORMAL_OPERATIONS,NORMAL,Favorable weather conditions. Revenue outlook remains favorable.
2023-09-14,Khavda Renewable Energy Park,2688.030881163648,0.0,12784.28,7795.29,0.58,MEDIUM,NORMAL_OPERATIONS,CLOUD_CURTAILMENT,Cloud cover and rainfall may reduce solar generation.
2023-09-15,Khavda Renewable Energy Park,4499.587097350916,0.0,21400.04,13048.8,0.97,LOW,NORMAL_OPERATIONS,NORMAL,Favorable weather conditions. Revenue outlook remains favorable.
2023-09-16,Khavda Renewable Energy Park,3269.8512594406207,0.0,15551.41,9482.57,0.71,MEDIUM,NORMAL_OPERATIONS,CLOUD_CURTAILMENT,Cloud cover and rainfall may reduce solar generation.
2023-09-17,Khavda Renewable Energy Park,642.3714607184487,0.0,3055.12,1862.88,0.14,MEDIUM,NORMAL_OPERATIONS,CLOUD_CURTAILMENT,Cloud cover and rainfall may reduce solar generation.
2023-09-18,Khavda Renewable Energy Park,930.169736897864,0.0,4423.88,2697.49,0.2,MEDIUM,NORMAL_OPERATIONS,CLOUD_CURTAILMENT,Cloud cover and rainfall may reduce solar generation.
2023-09-19,Khavda Renewable Energy Park,0.0,0.0,0.0,0.0,0.0,MEDIUM,WEATHER_WARNING,CLOUD_CURTAILMENT|HEAVY_RAIN,Cloud cover and rainfall may reduce solar generation.
2023-09-20,Khavda Renewable Energy Park,47.33212994164119,0.0,225.11,137.26,0.01,MEDIUM,WEATHER_WARNING,CLOUD_CURTAILMENT|HEAVY_RAIN,Cloud cover and rainfall may reduce solar generation.
2023-09-21,Khavda Renewable Energy Park,5117.320017771496,0.0,24337.98,14840.23,1.11,LOW,NORMAL_OPERATIONS,NORMAL,Favorable weather conditions. Revenue outlook remains favorable.
2023-09-22,Khavda Renewable Energy Park,4404.995971926952,0.0,20950.16,12774.49,0.95,LOW,NORMAL_OPERATIONS,NORMAL,Favorable weather conditions. Revenue outlook remains favorable.
2023-09-23,Khavda Renewable Energy Park,5659.6232526172425,0.0,26917.16,16412.9,1.22,LOW,NORMAL_OPERATIONS,NORMAL,Favorable weather conditions. Revenue outlook remains favorable.
2023-09-24,Khavda Renewable Energy Park,7760.50699842817,0.0,36908.97,22505.47,1.68,LOW,NORMAL_OPERATIONS,NORMAL,Favorable weather conditions. Revenue outlook remains favorable.
2023-09-25,Khavda Renewable Energy Park,11973.669052111203,0.0,56946.77,34723.64,2.59,LOW,NORMAL_OPERATIONS,NORMAL,Favorable weather conditions. Revenue outlook remains favorable.
2023-09-26,Khavda Renewable Energy Park,5707.576019917461,0.0,27145.23,16551.97,1.23,LOW,NORMAL_OPERATIONS,NORMAL,Favorable weather conditions. Revenue outlook remains favorable.
2023-09-27,Khavda Renewable Energy Park,12310.789858996668,0.0,58550.12,35701.29,2.66,LOW,NORMAL_OPERATIONS,NORMAL,Favorable weather conditions. Revenue outlook remains favorable.
2023-09-28,Khavda Renewable Energy Park,10240.506011165871,0.0,48703.84,29697.46,2.21,LOW,NORMAL_OPERATIONS,NORMAL,Favorable weather conditions. Revenue outlook remains favorable.
2023-09-29,Khavda Renewable Energy Park,10707.978728056438,0.0,50927.15,31053.14,2.31,LOW,NORMAL_OPERATIONS,NORMAL,Favorable weather conditions. Revenue outlook remains favorable.
2023-09-30,Khavda Renewable Energy Park,10891.793681395962,0.0,51801.37,31586.2,2.35,LOW,NORMAL_OPERATIONS,NORMAL,Favorable weather conditions. Revenue outlook remains favorable.
2023-10-01,Khavda Renewable Energy Park,7205.471799734924,0.0,34269.23,20895.87,1.56,LOW,NORMAL_OPERATIONS,NORMAL,Favorable weather conditions. Revenue outlook remains favorable.
2023-10-02,Khavda Renewable Energy Park,11614.281997686852,0.0,55237.53,33681.42,2.51,LOW,NORMAL_OPERATIONS,NORMAL,Favorable weather conditions. Revenue outlook remains favorable.
2023-10-03,Khavda Renewable Energy Park,9702.960255244006,0.0,46147.28,28138.58,2.1,LOW,NORMAL_OPERATIONS,NORMAL,Favorable weather conditions. Revenue outlook remains favorable.
2023-10-04,Khavda Renewable Energy Park,10169.371782948938,0.0,48365.54,29491.18,2.2,LOW,NORMAL_OPERATIONS,NORMAL,Favorable weather conditions. Revenue outlook remains favorable.
2023-10-05,Khavda Renewable Energy Park,9981.426382184856,0.0,47471.66,28946.14,2.16,LOW,NORMAL_OPERATIONS,NORMAL,Favorable weather conditions. Revenue outlook remains favorable.
2023-10-06,Khavda Renewable Energy Park,8803.646008237321,0.0,41870.14,25530.58,1.9,LOW,NORMAL_OPERATIONS,NORMAL,Favorable weather conditions. Revenue outlook remains favorable.
2023-10-07,Khavda Renewable Energy Park,9109.759088908771,0.0,43326.01,26418.3,1.97,LOW,NORMAL_OPERATIONS,NORMAL,Favorable weather conditions. Revenue outlook remains favorable.
2023-10-08,Khavda Renewable Energy Park,11703.706071480525,0.0,55662.83,33940.75,2.53,LOW,NORMAL_OPERATIONS,NORMAL,Favorable weather conditions. Revenue outlook remains favorable.
2023-10-09,Khavda Renewable Energy Park,7839.784178275575,0.0,37286.02,22735.38,1.69,LOW,NORMAL_OPERATIONS,NORMAL,Favorable weather conditions. Revenue outlook remains favorable.
2023-10-10,Khavda Renewable Energy Park,10504.227469503436,0.0,49958.11,30462.26,2.27,LOW,NORMAL_OPERATIONS,NORMAL,Favorable weather conditions. Revenue outlook remains favorable.
2023-10-11,Khavda Renewable Energy Park,11693.474372055443,0.0,55614.16,33911.07,2.53,LOW,NORMAL_OPERATIONS,NORMAL,Favorable weather conditions. Revenue outlook remains favorable.
2023-10-12,Khavda Renewable Energy Park,12670.579170853194,0.0,60261.28,36744.68,2.74,LOW,NORMAL_OPERATIONS,NORMAL,Favorable weather conditions. Revenue outlook remains favorable.
2023-10-13,Khavda Renewable Energy Park,10087.106722339244,0.0,47974.28,29252.61,2.18,LOW,NORMAL_OPERATIONS,NORMAL,Favorable weather conditions. Revenue outlook remains favorable.
2023-10-14,Khavda Renewable Energy Park,11882.213047468114,0.0,56511.81,34458.42,2.57,LOW,NORMAL_OPERATIONS,NORMAL,Favorable weather conditions. Revenue outlook remains favorable.
2023-10-15,Khavda Renewable Energy Park,11226.951085405892,0.0,53395.38,32558.16,2.43,LOW,NORMAL_OPERATIONS,NORMAL,Favorable weather conditions. Revenue outlook remains favorable.
2023-10-16,Khavda Renewable Energy Park,10420.743434008751,0.0,49561.05,30220.16,2.25,LOW,NORMAL_OPERATIONS,NORMAL,Favorable weather conditions. Revenue outlook remains favorable.
2023-10-17,Khavda Renewable Energy Park,8702.162228733976,0.0,41387.48,25236.27,1.88,LOW,NORMAL_OPERATIONS,NORMAL,Favorable weather conditions. Revenue outlook remains favorable.
2023-10-18,Khavda Renewable Energy Park,11717.93484610618,0.0,55730.5,33982.01,2.53,LOW,NORMAL_OPERATIONS,NORMAL,Favorable weather conditions. Revenue outlook remains favorable.
2023-10-19,Khavda Renewable Energy Park,10459.308490148636,0.0,49744.47,30332.0,2.26,LOW,NORMAL_OPERATIONS,NORMAL,Favorable weather conditions. Revenue outlook remains favorable.
2023-10-20,Khavda Renewable Energy Park,10422.36781610134,0.0,49568.78,30224.86,2.25,LOW,NORMAL_OPERATIONS,NORMAL,Favorable weather conditions. Revenue outlook remains favorable.
2023-10-21,Khavda Renewable Energy Park,10241.618474316065,0.0,48709.14,29700.7,2.21,LOW,NORMAL_OPERATIONS,NORMAL,Favorable weather conditions. Revenue outlook remains favorable.
2023-10-22,Khavda Renewable Energy Park,10306.39043974847,0.0,49017.19,29888.53,2.23,LOW,NORMAL_OPERATIONS,NORMAL,Favorable weather conditions. Revenue outlook remains favorable.
2023-10-23,Khavda Renewable Energy Park,9014.49204009316,0.0,42872.92,26142.02,1.95,LOW,NORMAL_OPERATIONS,NORMAL,Favorable weather conditions. Revenue outlook remains favorable.
2023-10-24,Khavda Renewable Energy Park,6514.578274288508,0.0,30983.33,18892.28,1.41,LOW,NORMAL_OPERATIONS,NORMAL,Favorable weather conditions. Revenue outlook remains favorable.
2023-10-25,Khavda Renewable Energy Park,9183.059833388044,0.0,43674.64,26630.88,1.99,LOW,NORMAL_OPERATIONS,NORMAL,Favorable weather conditions. Revenue outlook remains favorable.
2023-10-26,Khavda Renewable Energy Park,8374.858219952881,0.0,39830.83,24287.09,1.81,LOW,NORMAL_OPERATIONS,NORMAL,Favorable weather conditions. Revenue outlook remains favorable.
2023-10-27,Khavda Renewable Energy Park,7893.607401706648,0.0,37541.99,22891.46,1.71,LOW,NORMAL_OPERATIONS,NORMAL,Favorable weather conditions. Revenue outlook remains favorable.
2023-10-28,Khavda Renewable Energy Park,4984.995201149319,0.0,23708.64,14456.48,1.08,LOW,NORMAL_OPERATIONS,NORMAL,Favorable weather conditions. Revenue outlook remains favorable.
2023-10-29,Khavda Renewable Energy Park,9158.591348759895,0.0,43558.26,26559.92,1.98,LOW,NORMAL_OPERATIONS,NORMAL,Favorable weather conditions. Revenue outlook remains favorable.
2023-10-30,Khavda Renewable Energy Park,9213.40931849746,0.0,43818.97,26718.88,1.99,LOW,NORMAL_OPERATIONS,NORMAL,Favorable weather conditions. Revenue outlook remains favorable.
2023-10-31,Khavda Renewable Energy Park,9381.532384741256,0.0,44618.57,27206.44,2.03,LOW,NORMAL_OPERATIONS,NORMAL,Favorable weather conditions. Revenue outlook remains favorable.
2023-11-01,Khavda Renewable Energy Park,9495.346822521136,0.0,45159.87,27536.5,2.05,LOW,NORMAL_OPERATIONS,NORMAL,Favorable weather conditions. Revenue outlook remains favorable.
2023-11-02,Khavda Renewable Energy Park,9739.810536449846,0.0,46322.54,28245.45,2.11,LOW,NORMAL_OPERATIONS,NORMAL,Favorable weather conditions. Revenue outlook remains favorable.
2023-11-03,Khavda Renewable Energy Park,8978.761463906625,0.0,42702.99,26038.41,1.94,LOW,NORMAL_OPERATIONS,NORMAL,Favorable weather conditions. Revenue outlook remains favorable.
2023-11-04,Khavda Renewable Energy Park,5373.094717110431,0.0,25554.44,15581.98,1.16,LOW,NORMAL_OPERATIONS,NORMAL,Favorable weather conditions. Revenue outlook remains favorable.
2023-11-05,Khavda Renewable Energy Park,8220.553560779197,0.0,39096.95,23839.6,1.78,LOW,NORMAL_OPERATIONS,NORMAL,Favorable weather conditions. Revenue outlook remains favorable.
2023-11-06,Khavda Renewable Energy Park,8839.192788600574,0.0,42039.2,25633.66,1.91,LOW,NORMAL_OPERATIONS,NORMAL,Favorable weather conditions. Revenue outlook remains favorable.
2023-11-07,Khavda Renewable Energy Park,7386.000690900379,0.0,35127.82,21419.4,1.6,LOW,NORMAL_OPERATIONS,NORMAL,Favorable weather conditions. Revenue outlook remains favorable.
2023-11-08,Khavda Renewable Energy Park,7027.313703914032,0.0,33421.9,20379.21,1.52,LOW,NORMAL_OPERATIONS,NORMAL,Favorable weather conditions. Revenue outlook remains favorable.
2023-11-09,Khavda Renewable Energy Park,6068.179129089433,0.0,28860.26,17597.72,1.31,LOW,NORMAL_OPERATIONS,NORMAL,Favorable weather conditions. Revenue outlook remains favorable.
2023-11-10,Khavda Renewable Energy Park,9917.208177838746,0.0,47166.24,28759.9,2.14,LOW,NORMAL_OPERATIONS,NORMAL,Favorable weather conditions. Revenue outlook remains favorable.
2023-11-11,Khavda Renewable Energy Park,10549.5528483431,0.0,50173.68,30593.7,2.28,LOW,NORMAL_OPERATIONS,NORMAL,Favorable weather conditions. Revenue outlook remains favorable.
2023-11-12,Khavda Renewable Energy Park,5813.449927567834,0.0,27648.77,16859.0,1.26,LOW,NORMAL_OPERATIONS,NORMAL,Favorable weather conditions. Revenue outlook remains favorable.
2023-11-13,Khavda Renewable Energy Park,48.655581737305965,0.0,231.4,141.1,0.01,MEDIUM,NORMAL_OPERATIONS,CLOUD_CURTAILMENT,Cloud cover and rainfall may reduce solar generation.
2023-11-14,Khavda Renewable Energy Park,8251.60668218768,0.0,39244.64,23929.66,1.78,LOW,NORMAL_OPERATIONS,NORMAL,Favorable weather conditions. Revenue outlook remains favorable.
2023-11-15,Khavda Renewable Energy Park,10489.26506471118,0.0,49886.95,30418.87,2.27,LOW,NORMAL_OPERATIONS,NORMAL,Favorable weather conditions. Revenue outlook remains favorable.
2023-11-16,Khavda Renewable Energy Park,9149.338091182335,0.0,43514.25,26533.08,1.98,LOW,NORMAL_OPERATIONS,NORMAL,Favorable weather conditions. Revenue outlook remains favorable.
2023-11-17,Khavda Renewable Energy Park,6538.588978955069,0.0,31097.53,18961.91,1.41,LOW,NORMAL_OPERATIONS,NORMAL,Favorable weather conditions. Revenue outlook remains favorable.
2023-11-18,Khavda Renewable Energy Park,8633.719959854161,0.0,41061.98,25037.79,1.87,LOW,NORMAL_OPERATIONS,NORMAL,Favorable weather conditions. Revenue outlook remains favorable.
2023-11-19,Khavda Renewable Energy Park,10264.435186859546,0.0,48817.65,29766.86,2.22,LOW,NORMAL_OPERATIONS,NORMAL,Favorable weather conditions. Revenue outlook remains favorable.
2023-11-20,Khavda Renewable Energy Park,9878.198438101792,0.0,46980.71,28646.78,2.14,LOW,NORMAL_OPERATIONS,NORMAL,Favorable weather conditions. Revenue outlook remains favorable.
2023-11-21,Khavda Renewable Energy Park,8778.956945877151,0.0,41752.72,25458.98,1.9,LOW,NORMAL_OPERATIONS,NORMAL,Favorable weather conditions. Revenue outlook remains favorable.
2023-11-22,Khavda Renewable Energy Park,8270.50008921516,0.0,39334.5,23984.45,1.79,LOW,NORMAL_OPERATIONS,NORMAL,Favorable weather conditions. Revenue outlook remains favorable.
2023-11-23,Khavda Renewable Energy Park,9400.061567868945,0.0,44706.7,27260.18,2.03,LOW,NORMAL_OPERATIONS,NORMAL,Favorable weather conditions. Revenue outlook remains favorable.
2023-11-24,Khavda Renewable Energy Park,7684.79774018977,0.0,36548.9,22285.92,1.66,LOW,NORMAL_OPERATIONS,NORMAL,Favorable weather conditions. Revenue outlook remains favorable.
2023-11-25,Khavda Renewable Energy Park,1924.3412949816136,0.0,9152.17,5580.59,0.42,MEDIUM,NORMAL_OPERATIONS,CLOUD_CURTAILMENT,Cloud cover and rainfall may reduce solar generation.
2023-11-26,Khavda Renewable Energy Park,6720.878720868596,0.0,31964.5,19490.55,1.45,LOW,NORMAL_OPERATIONS,NORMAL,Favorable weather conditions. Revenue outlook remains favorable.
2023-11-27,Khavda Renewable Energy Park,6374.885452021789,0.0,30318.96,18487.17,1.38,LOW,NORMAL_OPERATIONS,NORMAL,Favorable weather conditions. Revenue outlook remains favorable.
2023-11-28,Khavda Renewable Energy Park,10019.53161678,0.0,47652.89,29056.64,2.17,LOW,NORMAL_OPERATIONS,NORMAL,Favorable weather conditions. Revenue outlook remains favorable.
2023-11-29,Khavda Renewable Energy Park,9597.653412529937,0.0,45646.44,27833.2,2.07,LOW,NORMAL_OPERATIONS,NORMAL,Favorable weather conditions. Revenue outlook remains favorable.
2023-11-30,Khavda Renewable Energy Park,9622.470575693224,0.0,45764.47,27905.16,2.08,LOW,NORMAL_OPERATIONS,NORMAL,Favorable weather conditions. Revenue outlook remains favorable.
2023-12-01,Khavda Renewable Energy Park,9397.908122824098,0.0,44696.45,27253.94,2.03,LOW,NORMAL_OPERATIONS,NORMAL,Favorable weather conditions. Revenue outlook remains favorable.
2023-12-02,Khavda Renewable Energy Park,9314.013329779946,0.0,44297.45,27010.64,2.01,LOW,NORMAL_OPERATIONS,NORMAL,Favorable weather conditions. Revenue outlook remains favorable.
2023-12-03,Khavda Renewable Energy Park,8980.118951212062,0.0,42709.45,26042.34,1.94,LOW,NORMAL_OPERATIONS,NORMAL,Favorable weather conditions. Revenue outlook remains favorable.
2023-12-04,Khavda Renewable Energy Park,9106.348894557654,0.0,43309.79,26408.41,1.97,LOW,NORMAL_OPERATIONS,NORMAL,Favorable weather conditions. Revenue outlook remains favorable.
2023-12-05,Khavda Renewable Energy Park,9634.638400340333,0.0,45822.34,27940.45,2.08,LOW,NORMAL_OPERATIONS,NORMAL,Favorable weather conditions. Revenue outlook remains favorable.
2023-12-06,Khavda Renewable Energy Park,9386.351824461515,0.0,44641.49,27220.42,2.03,LOW,NORMAL_OPERATIONS,NORMAL,Favorable weather conditions. Revenue outlook remains favorable.
2023-12-07,Khavda Renewable Energy Park,9184.12803044516,0.0,43679.71,26633.97,1.99,LOW,NORMAL_OPERATIONS,NORMAL,Favorable weather conditions. Revenue outlook remains favorable.
2023-12-08,Khavda Renewable Energy Park,8395.123503107556,0.0,39927.21,24345.86,1.81,LOW,NORMAL_OPERATIONS,NORMAL,Favorable weather conditions. Revenue outlook remains favorable.
2023-12-09,Khavda Renewable Energy Park,8177.43775902562,0.0,38891.89,23714.57,1.77,LOW,NORMAL_OPERATIONS,NORMAL,Favorable weather conditions. Revenue outlook remains favorable.
2023-12-10,Khavda Renewable Energy Park,9404.148874614895,0.0,44726.13,27272.03,2.03,LOW,NORMAL_OPERATIONS,NORMAL,Favorable weather conditions. Revenue outlook remains favorable.
2023-12-11,Khavda Renewable Energy Park,7157.370125600588,0.0,34040.46,20756.38,1.55,LOW,NORMAL_OPERATIONS,NORMAL,Favorable weather conditions. Revenue outlook remains favorable.
2023-12-12,Khavda Renewable Energy Park,4434.282141922069,0.0,21089.45,12859.42,0.96,LOW,NORMAL_OPERATIONS,NORMAL,Favorable weather conditions. Revenue outlook remains favorable.
2023-12-13,Khavda Renewable Energy Park,1911.9708589768336,0.0,9093.33,5544.72,0.41,MEDIUM,NORMAL_OPERATIONS,CLOUD_CURTAILMENT,Cloud cover and rainfall may reduce solar generation.
2023-12-14,Khavda Renewable Energy Park,5188.665225855696,0.0,24677.29,15047.13,1.12,LOW,NORMAL_OPERATIONS,NORMAL,Favorable weather conditions. Revenue outlook remains favorable.
2023-12-15,Khavda Renewable Energy Park,8740.961828123436,0.0,41572.02,25348.79,1.89,LOW,NORMAL_OPERATIONS,NORMAL,Favorable weather conditions. Revenue outlook remains favorable.
2023-12-16,Khavda Renewable Energy Park,9018.255817064111,0.0,42890.82,26152.94,1.95,LOW,NORMAL_OPERATIONS,NORMAL,Favorable weather conditions. Revenue outlook remains favorable.
2023-12-17,Khavda Renewable Energy Park,9004.882228825472,0.0,42827.22,26114.16,1.95,LOW,NORMAL_OPERATIONS,NORMAL,Favorable weather conditions. Revenue outlook remains favorable.
2023-12-18,Khavda Renewable Energy Park,4933.211320179681,0.0,23462.36,14306.32,1.07,LOW,NORMAL_OPERATIONS,NORMAL,Favorable weather conditions. Revenue outlook remains favorable.
2023-12-19,Khavda Renewable Energy Park,1607.2944971918268,0.0,7644.29,4661.16,0.35,MEDIUM,NORMAL_OPERATIONS,CLOUD_CURTAILMENT,Cloud cover and rainfall may reduce solar generation.
2023-12-20,Khavda Renewable Energy Park,9.964335313398404,0.0,47.39,28.9,0.0,MEDIUM,NORMAL_OPERATIONS,CLOUD_CURTAILMENT,Cloud cover and rainfall may reduce solar generation.
2023-12-21,Khavda Renewable Energy Park,2576.9685912807936,0.0,12256.06,7473.21,0.56,LOW,NORMAL_OPERATIONS,NORMAL,Favorable weather conditions. Revenue outlook remains favorable.
2023-12-22,Khavda Renewable Energy Park,5721.33567935869,0.0,27210.68,16591.88,1.24,LOW,NORMAL_OPERATIONS,NORMAL,Favorable weather conditions. Revenue outlook remains favorable.
2023-12-23,Khavda Renewable Energy Park,9040.8925184802,0.0,42998.49,26218.59,1.95,LOW,NORMAL_OPERATIONS,NORMAL,Favorable weather conditions. Revenue outlook remains favorable.
2023-12-24,Khavda Renewable Energy Park,8855.271869045915,0.0,42115.68,25680.29,1.91,LOW,NORMAL_OPERATIONS,NORMAL,Favorable weather conditions. Revenue outlook remains favorable.
2023-12-25,Khavda Renewable Energy Park,9227.246996453856,0.0,43884.78,26759.02,1.99,LOW,NORMAL_OPERATIONS,NORMAL,Favorable weather conditions. Revenue outlook remains favorable.
2023-12-26,Khavda Renewable Energy Park,7006.075323984704,0.0,33320.9,20317.62,1.51,LOW,NORMAL_OPERATIONS,NORMAL,Favorable weather conditions. Revenue outlook remains favorable.
2023-12-27,Khavda Renewable Energy Park,63.0016263794169,0.0,299.64,182.7,0.01,MEDIUM,NORMAL_OPERATIONS,CLOUD_CURTAILMENT,Cloud cover and rainfall may reduce solar generation.
2023-12-28,Khavda Renewable Energy Park,2974.899658810667,0.0,14148.62,8627.21,0.64,LOW,NORMAL_OPERATIONS,NORMAL,Favorable weather conditions. Revenue outlook remains favorable.
2023-12-29,Khavda Renewable Energy Park,7757.716942366186,0.0,36895.7,22497.38,1.68,LOW,NORMAL_OPERATIONS,NORMAL,Favorable weather conditions. Revenue outlook remains favorable.
2023-12-30,Khavda Renewable Energy Park,9428.81208865862,0.0,44843.43,27343.56,2.04,LOW,NORMAL_OPERATIONS,NORMAL,Favorable weather conditions. Revenue outlook remains favorable.
2023-12-31,Khavda Renewable Energy Park,9839.98659712375,0.0,46798.97,28535.96,2.13,LOW,NORMAL_OPERATIONS,NORMAL,Favorable weather conditions. Revenue outlook remains favorable.
2024-01-01,Khavda Renewable Energy Park,9307.489149363251,0.0,44266.42,26991.72,2.01,LOW,NORMAL_OPERATIONS,NORMAL,Favorable weather conditions. Revenue outlook remains favorable.
2024-01-02,Khavda Renewable Energy Park,9282.769780449244,0.0,44148.85,26920.03,2.01,LOW,NORMAL_OPERATIONS,NORMAL,Favorable weather conditions. Revenue outlook remains favorable.
2024-01-03,Khavda Renewable Energy Park,9480.487746869938,0.0,45089.2,27493.42,2.05,LOW,NORMAL_OPERATIONS,NORMAL,Favorable weather conditions. Revenue outlook remains favorable.
2024-01-04,Khavda Renewable Energy Park,8829.510696426452,0.0,41993.15,25605.58,1.91,LOW,NORMAL_OPERATIONS,NORMAL,Favorable weather conditions. Revenue outlook remains favorable.
2024-01-05,Khavda Renewable Energy Park,7446.649997265024,0.0,35416.27,21595.28,1.61,LOW,NORMAL_OPERATIONS,NORMAL,Favorable weather conditions. Revenue outlook remains favorable.
2024-01-06,Khavda Renewable Energy Park,6730.46920807797,0.0,32010.11,19518.36,1.46,LOW,NORMAL_OPERATIONS,NORMAL,Favorable weather conditions. Revenue outlook remains favorable.
2024-01-07,Khavda Renewable Energy Park,8809.154684458317,0.0,41896.34,25546.55,1.9,LOW,NORMAL_OPERATIONS,NORMAL,Favorable weather conditions. Revenue outlook remains favorable.
2024-01-08,Khavda Renewable Energy Park,9186.854745908457,0.0,43692.68,26641.88,1.99,LOW,NORMAL_OPERATIONS,NORMAL,Favorable weather conditions. Revenue outlook remains favorable.
2024-01-09,Khavda Renewable Energy Park,9239.066089595088,0.0,43941.0,26793.29,2.0,LOW,NORMAL_OPERATIONS,NORMAL,Favorable weather conditions. Revenue outlook remains favorable.
2024-01-10,Khavda Renewable Energy Park,10373.903326860534,0.0,49338.28,30084.32,2.24,LOW,NORMAL_OPERATIONS,NORMAL,Favorable weather conditions. Revenue outlook remains favorable.
2024-01-11,Khavda Renewable Energy Park,10241.00264610392,0.0,48706.21,29698.91,2.21,LOW,NORMAL_OPERATIONS,NORMAL,Favorable weather conditions. Revenue outlook remains favorable.
2024-01-12,Khavda Renewable Energy Park,10151.97239300301,0.0,48282.78,29440.72,2.19,LOW,NORMAL_OPERATIONS,NORMAL,Favorable weather conditions. Revenue outlook remains favorable.
2024-01-13,Khavda Renewable Energy Park,8885.161583957983,0.0,42257.83,25766.97,1.92,LOW,NORMAL_OPERATIONS,NORMAL,Favorable weather conditions. Revenue outlook remains favorable.
2024-01-14,Khavda Renewable Energy Park,9668.742403213031,0.0,45984.54,28039.36,2.09,LOW,NORMAL_OPERATIONS,NORMAL,Favorable weather conditions. Revenue outlook remains favorable.
2024-01-15,Khavda Renewable Energy Park,9552.299079736387,0.0,45430.73,27701.66,2.07,LOW,NORMAL_OPERATIONS,NORMAL,Favorable weather conditions. Revenue outlook remains favorable.
2024-01-16,Khavda Renewable Energy Park,5675.256867305533,0.0,26991.52,16458.24,1.23,LOW,NORMAL_OPERATIONS,NORMAL,Favorable weather conditions. Revenue outlook remains favorable.
2024-01-17,Khavda Renewable Energy Park,3684.377449042409,0.0,17522.9,10684.7,0.8,LOW,NORMAL_OPERATIONS,NORMAL,Favorable weather conditions. Revenue outlook remains favorable.
2024-01-18,Khavda Renewable Energy Park,7417.388809301646,0.0,35277.11,21510.43,1.6,LOW,NORMAL_OPERATIONS,NORMAL,Favorable weather conditions. Revenue outlook remains favorable.
2024-01-19,Khavda Renewable Energy Park,10349.35670452736,0.0,49221.54,30013.14,2.24,LOW,NORMAL_OPERATIONS,NORMAL,Favorable weather conditions. Revenue outlook remains favorable.
2024-01-20,Khavda Renewable Energy Park,9780.519009789376,0.0,46516.15,28363.5,2.11,LOW,NORMAL_OPERATIONS,NORMAL,Favorable weather conditions. Revenue outlook remains favorable.
2024-01-21,Khavda Renewable Energy Park,4228.708747436571,0.0,20111.74,12263.26,0.91,LOW,NORMAL_OPERATIONS,NORMAL,Favorable weather conditions. Revenue outlook remains favorable.
2024-01-22,Khavda Renewable Energy Park,6386.458596676674,0.0,30374.0,18520.73,1.38,LOW,NORMAL_OPERATIONS,NORMAL,Favorable weather conditions. Revenue outlook remains favorable.
2024-01-23,Khavda Renewable Energy Park,9902.578646914437,0.0,47096.67,28717.48,2.14,LOW,NORMAL_OPERATIONS,NORMAL,Favorable weather conditions. Revenue outlook remains favorable.
2024-01-24,Khavda Renewable Energy Park,9642.503096708817,0.0,45859.75,27963.26,2.08,LOW,NORMAL_OPERATIONS,NORMAL,Favorable weather conditions. Revenue outlook remains favorable.
2024-01-25,Khavda Renewable Energy Park,7068.7125133753,0.0,33618.79,20499.26,1.53,LOW,NORMAL_OPERATIONS,NORMAL,Favorable weather conditions. Revenue outlook remains favorable.
2024-01-26,Khavda Renewable Energy Park,4403.065843741139,0.0,20940.98,12768.89,0.95,LOW,NORMAL_OPERATIONS,NORMAL,Favorable weather conditions. Revenue outlook remains favorable.
2024-01-27,Khavda Renewable Energy Park,3796.584126274511,0.0,18056.56,11010.1,0.82,LOW,NORMAL_OPERATIONS,NORMAL,Favorable weather conditions. Revenue outlook remains favorable.
2024-01-28,Khavda Renewable Energy Park,2245.66008593213,0.0,10680.36,6512.42,0.49,MEDIUM,NORMAL_OPERATIONS,CLOUD_CURTAILMENT,Cloud cover and rainfall may reduce solar generation.
2024-01-29,Khavda Renewable Energy Park,1138.0745877292586,0.0,5412.68,3300.42,0.25,MEDIUM,NORMAL_OPERATIONS,CLOUD_CURTAILMENT,Cloud cover and rainfall may reduce solar generation.
2024-01-30,Khavda Renewable Energy Park,506.0144480692108,0.0,2406.6,1467.44,0.11,MEDIUM,NORMAL_OPERATIONS,CLOUD_CURTAILMENT,Cloud cover and rainfall may reduce solar generation.
2024-01-31,Khavda Renewable Energy Park,404.090969479756,0.0,1921.86,1171.86,0.09,MEDIUM,NORMAL_OPERATIONS,CLOUD_CURTAILMENT,Cloud cover and rainfall may reduce solar generation.
2024-02-01,Khavda Renewable Energy Park,7164.962942934175,0.0,34076.57,20778.4,1.55,LOW,NORMAL_OPERATIONS,NORMAL,Favorable weather conditions. Revenue outlook remains favorable.
2024-02-02,Khavda Renewable Energy Park,7369.412287526398,0.0,35048.92,21371.3,1.59,LOW,NORMAL_OPERATIONS,NORMAL,Favorable weather conditions. Revenue outlook remains favorable.
2024-02-03,Khavda Renewable Energy Park,9228.048614011524,0.0,43888.6,26761.34,1.99,LOW,NORMAL_OPERATIONS,NORMAL,Favorable weather conditions. Revenue outlook remains favorable.
2024-02-04,Khavda Renewable Energy Park,5716.240657438075,0.0,27186.44,16577.1,1.24,LOW,NORMAL_OPERATIONS,NORMAL,Favorable weather conditions. Revenue outlook remains favorable.
2024-02-05,Khavda Renewable Energy Park,6365.443602403785,0.0,30274.05,18459.78,1.38,LOW,NORMAL_OPERATIONS,NORMAL,Favorable weather conditions. Revenue outlook remains favorable.
2024-02-06,Khavda Renewable Energy Park,4967.934961567699,0.0,23627.5,14407.01,1.07,LOW,NORMAL_OPERATIONS,NORMAL,Favorable weather conditions. Revenue outlook remains favorable.
2024-02-07,Khavda Renewable Energy Park,325.8445121724957,0.0,1549.72,944.95,0.07,MEDIUM,NORMAL_OPERATIONS,CLOUD_CURTAILMENT,Cloud cover and rainfall may reduce solar generation.
2024-02-08,Khavda Renewable Energy Park,1084.2691385909209,0.0,5156.78,3144.38,0.23,MEDIUM,NORMAL_OPERATIONS,CLOUD_CURTAILMENT,Cloud cover and rainfall may reduce solar generation.
2024-02-09,Khavda Renewable Energy Park,8764.832152350633,0.0,41685.54,25418.02,1.89,LOW,NORMAL_OPERATIONS,NORMAL,Favorable weather conditions. Revenue outlook remains favorable.
2024-02-10,Khavda Renewable Energy Park,10880.498913801475,0.0,51747.65,31553.44,2.35,LOW,NORMAL_OPERATIONS,NORMAL,Favorable weather conditions. Revenue outlook remains favorable.
2024-02-11,Khavda Renewable Energy Park,4425.51695954766,0.0,21047.76,12834.0,0.96,LOW,NORMAL_OPERATIONS,NORMAL,Favorable weather conditions. Revenue outlook remains favorable.
2024-02-12,Khavda Renewable Energy Park,4265.998826335868,0.0,20289.09,12371.4,0.92,LOW,NORMAL_OPERATIONS,NORMAL,Favorable weather conditions. Revenue outlook remains favorable.
2024-02-13,Khavda Renewable Energy Park,4291.587107697826,0.0,20410.79,12445.6,0.93,LOW,NORMAL_OPERATIONS,NORMAL,Favorable weather conditions. Revenue outlook remains favorable.
2024-02-14,Khavda Renewable Energy Park,12078.428305972528,0.0,57445.0,35027.44,2.61,LOW,NORMAL_OPERATIONS,NORMAL,Favorable weather conditions. Revenue outlook remains favorable.
2024-02-15,Khavda Renewable Energy Park,11517.5737167988,0.0,54777.58,33400.96,2.49,LOW,NORMAL_OPERATIONS,NORMAL,Favorable weather conditions. Revenue outlook remains favorable.
2024-02-16,Khavda Renewable Energy Park,11275.57331937591,0.0,53626.63,32699.16,2.44,LOW,NORMAL_OPERATIONS,NORMAL,Favorable weather conditions. Revenue outlook remains favorable.
2024-02-17,Khavda Renewable Energy Park,7611.852165205863,0.0,36201.97,22074.37,1.65,LOW,NORMAL_OPERATIONS,NORMAL,Favorable weather conditions. Revenue outlook remains favorable.
2024-02-18,Khavda Renewable Energy Park,8272.462927756895,0.0,39343.83,23990.14,1.79,LOW,NORMAL_OPERATIONS,NORMAL,Favorable weather conditions. Revenue outlook remains favorable.
2024-02-19,Khavda Renewable Energy Park,3687.429936252421,0.0,17537.41,10693.54,0.8,LOW,NORMAL_OPERATIONS,NORMAL,Favorable weather conditions. Revenue outlook remains favorable.
2024-02-20,Khavda Renewable Energy Park,9003.100432593143,0.0,42818.74,26108.99,1.95,LOW,NORMAL_OPERATIONS,NORMAL,Favorable weather conditions. Revenue outlook remains favorable.
2024-02-21,Khavda Renewable Energy Park,9588.399986424629,0.0,45602.43,27806.36,2.07,LOW,NORMAL_OPERATIONS,NORMAL,Favorable weather conditions. Revenue outlook remains favorable.
2024-02-22,Khavda Renewable Energy Park,11258.913503415712,0.0,53547.39,32650.85,2.43,LOW,NORMAL_OPERATIONS,NORMAL,Favorable weather conditions. Revenue outlook remains favorable.
2024-02-23,Khavda Renewable Energy Park,11722.232986618155,0.0,55750.94,33994.48,2.53,LOW,NORMAL_OPERATIONS,NORMAL,Favorable weather conditions. Revenue outlook remains favorable.
2024-02-24,Khavda Renewable Energy Park,12786.164779476036,0.0,60811.0,37079.88,2.76,LOW,NORMAL_OPERATIONS,NORMAL,Favorable weather conditions. Revenue outlook remains favorable.
2024-02-25,Khavda Renewable Energy Park,2742.50818006605,0.0,13043.37,7953.28,0.59,MEDIUM,NORMAL_OPERATIONS,CLOUD_CURTAILMENT,Cloud cover and rainfall may reduce solar generation.
2024-02-26,Khavda Renewable Energy Park,3013.87337699273,0.0,14333.99,8740.24,0.65,LOW,NORMAL_OPERATIONS,NORMAL,Favorable weather conditions. Revenue outlook remains favorable.
2024-02-27,Khavda Renewable Energy Park,12601.552511516353,0.0,59932.98,36544.5,2.72,LOW,NORMAL_OPERATIONS,NORMAL,Favorable weather conditions. Revenue outlook remains favorable.
2024-02-28,Khavda Renewable Energy Park,11676.727246545866,0.0,55534.52,33862.51,2.52,LOW,NORMAL_OPERATIONS,NORMAL,Favorable weather conditions. Revenue outlook remains favorable.
2024-02-29,Khavda Renewable Energy Park,11487.33278267361,0.0,54633.75,33313.26,2.48,LOW,NORMAL_OPERATIONS,NORMAL,Favorable weather conditions. Revenue outlook remains favorable.
2024-03-01,Khavda Renewable Energy Park,4083.7475800092498,0.0,19422.31,11842.87,0.88,LOW,NORMAL_OPERATIONS,NORMAL,Favorable weather conditions. Revenue outlook remains favorable.
2024-03-02,Khavda Renewable Energy Park,10925.084929115776,0.0,51959.7,31682.74,2.36,LOW,NORMAL_OPERATIONS,NORMAL,Favorable weather conditions. Revenue outlook remains favorable.
2024-03-03,Khavda Renewable Energy Park,6310.677360221045,0.0,30013.58,18300.96,1.36,LOW,NORMAL_OPERATIONS,NORMAL,Favorable weather conditions. Revenue outlook remains favorable.
2024-03-04,Khavda Renewable Energy Park,12170.995211235206,0.0,57885.25,35295.88,2.63,LOW,NORMAL_OPERATIONS,NORMAL,Favorable weather conditions. Revenue outlook remains favorable.
2024-03-05,Khavda Renewable Energy Park,13190.232811122098,0.0,62732.75,38251.68,2.85,LOW,NORMAL_OPERATIONS,NORMAL,Favorable weather conditions. Revenue outlook remains favorable.
2024-03-06,Khavda Renewable Energy Park,12073.71199128406,0.0,57422.57,35013.76,2.61,LOW,NORMAL_OPERATIONS,NORMAL,Favorable weather conditions. Revenue outlook remains favorable.
2024-03-07,Khavda Renewable Energy Park,11881.35173545739,0.0,56507.71,34455.92,2.57,LOW,NORMAL_OPERATIONS,NORMAL,Favorable weather conditions. Revenue outlook remains favorable.
2024-03-08,Khavda Renewable Energy Park,11172.292399598446,0.0,53135.43,32399.65,2.42,LOW,NORMAL_OPERATIONS,NORMAL,Favorable weather conditions. Revenue outlook remains favorable.
2024-03-09,Khavda Renewable Energy Park,6122.5891053917785,0.0,29119.04,17755.51,1.32,LOW,NORMAL_OPERATIONS,NORMAL,Favorable weather conditions. Revenue outlook remains favorable.
2024-03-10,Khavda Renewable Energy Park,7963.4902648913585,0.0,37874.36,23094.12,1.72,LOW,NORMAL_OPERATIONS,NORMAL,Favorable weather conditions. Revenue outlook remains favorable.
2024-03-11,Khavda Renewable Energy Park,12739.013574614526,0.0,60586.75,36943.14,2.75,LOW,NORMAL_OPERATIONS,NORMAL,Favorable weather conditions. Revenue outlook remains favorable.
2024-03-12,Khavda Renewable Energy Park,12400.822616269395,0.0,58978.31,35962.38,2.68,LOW,NORMAL_OPERATIONS,NORMAL,Favorable weather conditions. Revenue outlook remains favorable.
2024-03-13,Khavda Renewable Energy Park,12630.693246167491,0.0,60071.58,36629.01,2.73,LOW,NORMAL_OPERATIONS,NORMAL,Favorable weather conditions. Revenue outlook remains favorable.
2024-03-14,Khavda Renewable Energy Park,14066.543383567414,0.0,66900.48,40792.98,3.04,LOW,NORMAL_OPERATIONS,NORMAL,Favorable weather conditions. Revenue outlook remains favorable.
2024-03-15,Khavda Renewable Energy Park,12849.93211657206,0.0,61114.28,37264.8,2.78,LOW,NORMAL_OPERATIONS,NORMAL,Favorable weather conditions. Revenue outlook remains favorable.
2024-03-16,Khavda Renewable Energy Park,13034.83460622282,0.0,61993.67,37801.02,2.82,LOW,NORMAL_OPERATIONS,NORMAL,Favorable weather conditions. Revenue outlook remains favorable.
2024-03-17,Khavda Renewable Energy Park,11388.280147832564,0.0,54162.66,33026.01,2.46,LOW,NORMAL_OPERATIONS,NORMAL,Favorable weather conditions. Revenue outlook remains favorable.
2024-03-18,Khavda Renewable Energy Park,10248.50144625976,0.0,48741.87,29720.66,2.22,LOW,NORMAL_OPERATIONS,NORMAL,Favorable weather conditions. Revenue outlook remains favorable.
2024-03-19,Khavda Renewable Energy Park,3048.202329026002,0.0,14497.25,8839.78,0.66,MEDIUM,NORMAL_OPERATIONS,CLOUD_CURTAILMENT,Cloud cover and rainfall may reduce solar generation.
2024-03-20,Khavda Renewable Energy Park,2914.6940346331694,0.0,13862.29,8452.62,0.63,MEDIUM,NORMAL_OPERATIONS,CLOUD_CURTAILMENT,Cloud cover and rainfall may reduce solar generation.
2024-03-21,Khavda Renewable Energy Park,6636.901838467464,0.0,31565.1,19247.02,1.43,LOW,NORMAL_OPERATIONS,NORMAL,Favorable weather conditions. Revenue outlook remains favorable.
2024-03-22,Khavda Renewable Energy Park,11688.824238677564,0.0,55592.05,33897.59,2.53,LOW,NORMAL_OPERATIONS,NORMAL,Favorable weather conditions. Revenue outlook remains favorable.
2024-03-23,Khavda Renewable Energy Park,3102.606209016168,0.0,14756.0,8997.56,0.67,MEDIUM,NORMAL_OPERATIONS,CLOUD_CURTAILMENT,Cloud cover and rainfall may reduce solar generation.
2024-03-24,Khavda Renewable Energy Park,9529.495265303383,0.0,45322.28,27635.54,2.06,LOW,NORMAL_OPERATIONS,NORMAL,Favorable weather conditions. Revenue outlook remains favorable.
2024-03-25,Khavda Renewable Energy Park,12746.597529804008,0.0,60622.82,36965.14,2.76,LOW,NORMAL_OPERATIONS,NORMAL,Favorable weather conditions. Revenue outlook remains favorable.
2024-03-26,Khavda Renewable Energy Park,8260.903918336324,0.0,39288.86,23956.62,1.79,LOW,NORMAL_OPERATIONS,NORMAL,Favorable weather conditions. Revenue outlook remains favorable.
2024-03-27,Khavda Renewable Energy Park,3579.153603871015,0.0,17022.45,10379.54,0.77,MEDIUM,NORMAL_OPERATIONS,CLOUD_CURTAILMENT,Cloud cover and rainfall may reduce solar generation.
2024-03-28,Khavda Renewable Energy Park,462.1483198935701,0.0,2197.98,1340.23,0.1,MEDIUM,NORMAL_OPERATIONS,CLOUD_CURTAILMENT,Cloud cover and rainfall may reduce solar generation.
2024-03-29,Khavda Renewable Energy Park,8008.045818703306,0.0,38086.27,23223.34,1.73,LOW,NORMAL_OPERATIONS,NORMAL,Favorable weather conditions. Revenue outlook remains favorable.
2024-03-30,Khavda Renewable Energy Park,13050.758978187656,0.0,62069.41,37847.2,2.82,LOW,NORMAL_OPERATIONS,NORMAL,Favorable weather conditions. Revenue outlook remains favorable.
2024-03-31,Khavda Renewable Energy Park,2727.964568543656,0.0,12974.2,7911.1,0.59,MEDIUM,NORMAL_OPERATIONS,CLOUD_CURTAILMENT,Cloud cover and rainfall may reduce solar generation.
2024-04-01,Khavda Renewable Energy Park,1079.2343752882937,0.0,5132.84,3129.78,0.23,MEDIUM,NORMAL_OPERATIONS,CLOUD_CURTAILMENT,Cloud cover and rainfall may reduce solar generation.
2024-04-02,Khavda Renewable Energy Park,4855.094481181646,0.0,23090.83,14079.78,1.05,LOW,NORMAL_OPERATIONS,NORMAL,Favorable weather conditions. Revenue outlook remains favorable.
2024-04-03,Khavda Renewable Energy Park,1476.858496579888,0.0,7023.94,4282.89,0.32,MEDIUM,NORMAL_OPERATIONS,CLOUD_CURTAILMENT,Cloud cover and rainfall may reduce solar generation.
2024-04-04,Khavda Renewable Energy Park,197.6351894422341,0.0,939.95,573.14,0.04,MEDIUM,NORMAL_OPERATIONS,CLOUD_CURTAILMENT,Cloud cover and rainfall may reduce solar generation.
2024-04-05,Khavda Renewable Energy Park,54.02846936016772,0.0,256.96,156.68,0.01,MEDIUM,NORMAL_OPERATIONS,CLOUD_CURTAILMENT,Cloud cover and rainfall may reduce solar generation.
2024-04-06,Khavda Renewable Energy Park,12630.39782483746,0.0,60070.17,36628.16,2.73,LOW,NORMAL_OPERATIONS,NORMAL,Favorable weather conditions. Revenue outlook remains favorable.
2024-04-07,Khavda Renewable Energy Park,11852.47527330577,0.0,56370.38,34372.18,2.56,LOW,NORMAL_OPERATIONS,NORMAL,Favorable weather conditions. Revenue outlook remains favorable.
2024-04-08,Khavda Renewable Energy Park,12404.225503534975,0.0,58994.5,35972.25,2.68,LOW,NORMAL_OPERATIONS,NORMAL,Favorable weather conditions. Revenue outlook remains favorable.
2024-04-09,Khavda Renewable Energy Park,13596.247256638791,0.0,64663.75,39429.12,2.94,LOW,NORMAL_OPERATIONS,NORMAL,Favorable weather conditions. Revenue outlook remains favorable.
2024-04-10,Khavda Renewable Energy Park,4033.90526844272,0.0,19185.25,11698.32,0.87,MEDIUM,NORMAL_OPERATIONS,CLOUD_CURTAILMENT,Cloud cover and rainfall may reduce solar generation.
2024-04-11,Khavda Renewable Energy Park,11609.062609541432,0.0,55212.7,33666.28,2.51,LOW,NORMAL_OPERATIONS,NORMAL,Favorable weather conditions. Revenue outlook remains favorable.
2024-04-12,Khavda Renewable Energy Park,11536.709132896372,0.0,54868.59,33456.46,2.49,LOW,NORMAL_OPERATIONS,NORMAL,Favorable weather conditions. Revenue outlook remains favorable.
2024-04-13,Khavda Renewable Energy Park,6342.964593631984,0.0,30167.14,18394.6,1.37,LOW,NORMAL_OPERATIONS,NORMAL,Favorable weather conditions. Revenue outlook remains favorable.
2024-04-14,Khavda Renewable Energy Park,17.77998140513362,0.0,84.56,51.56,0.0,MEDIUM,NORMAL_OPERATIONS,CLOUD_CURTAILMENT,Cloud cover and rainfall may reduce solar generation.
2024-04-15,Khavda Renewable Energy Park,192.6631653571498,0.0,916.31,558.72,0.04,MEDIUM,NORMAL_OPERATIONS,CLOUD_CURTAILMENT,Cloud cover and rainfall may reduce solar generation.
2024-04-16,Khavda Renewable Energy Park,3857.8473996465286,0.0,18347.92,11187.76,0.83,LOW,NORMAL_OPERATIONS,NORMAL,Favorable weather conditions. Revenue outlook remains favorable.
2024-04-17,Khavda Renewable Energy Park,6624.365441459597,0.0,31505.48,19210.66,1.43,LOW,NORMAL_OPERATIONS,NORMAL,Favorable weather conditions. Revenue outlook remains favorable.
2024-04-18,Khavda Renewable Energy Park,5912.054598484925,0.0,28117.73,17144.96,1.28,LOW,NORMAL_OPERATIONS,NORMAL,Favorable weather conditions. Revenue outlook remains favorable.
2024-04-19,Khavda Renewable Energy Park,13048.64670696971,0.0,62059.36,37841.07,2.82,LOW,NORMAL_OPERATIONS,NORMAL,Favorable weather conditions. Revenue outlook remains favorable.
2024-04-20,Khavda Renewable Energy Park,445.0304002693709,0.0,2116.57,1290.59,0.1,MEDIUM,NORMAL_OPERATIONS,CLOUD_CURTAILMENT,Cloud cover and rainfall may reduce solar generation.
2024-04-21,Khavda Renewable Energy Park,9763.03052556204,0.0,46432.98,28312.79,2.11,LOW,NORMAL_OPERATIONS,NORMAL,Favorable weather conditions. Revenue outlook remains favorable.
2024-04-22,Khavda Renewable Energy Park,12638.649372999082,0.0,60109.42,36652.08,2.73,LOW,NORMAL_OPERATIONS,NORMAL,Favorable weather conditions. Revenue outlook remains favorable.
2024-04-23,Khavda Renewable Energy Park,12257.132261772544,0.0,58294.92,35545.68,2.65,LOW,NORMAL_OPERATIONS,NORMAL,Favorable weather conditions. Revenue outlook remains favorable.
2024-04-24,Khavda Renewable Energy Park,13433.57481596616,0.0,63890.08,38957.36,2.9,LOW,NORMAL_OPERATIONS,NORMAL,Favorable weather conditions. Revenue outlook remains favorable.
2024-04-25,Khavda Renewable Energy Park,13536.32416890896,0.0,64378.76,39255.34,2.93,LOW,NORMAL_OPERATIONS,NORMAL,Favorable weather conditions. Revenue outlook remains favorable.
2024-04-26,Khavda Renewable Energy Park,7542.147497766089,0.0,35870.46,21872.23,1.63,LOW,NORMAL_OPERATIONS,NORMAL,Favorable weather conditions. Revenue outlook remains favorable.
2024-04-27,Khavda Renewable Energy Park,9580.613491025526,0.0,45565.4,27783.78,2.07,LOW,NORMAL_OPERATIONS,NORMAL,Favorable weather conditions. Revenue outlook remains favorable.
2024-04-28,Khavda Renewable Energy Park,9426.839440424026,0.0,44834.05,27337.84,2.04,LOW,NORMAL_OPERATIONS,NORMAL,Favorable weather conditions. Revenue outlook remains favorable.
2024-04-29,Khavda Renewable Energy Park,9617.51589894032,0.0,45740.9,27890.8,2.08,LOW,NORMAL_OPERATIONS,NORMAL,Favorable weather conditions. Revenue outlook remains favorable.
2024-04-30,Khavda Renewable Energy Park,13041.536238733404,0.0,62025.55,37820.46,2.82,LOW,NORMAL_OPERATIONS,NORMAL,Favorable weather conditions. Revenue outlook remains favorable.
2024-05-01,Khavda Renewable Energy Park,12401.084049596588,0.0,58979.56,35963.14,2.68,LOW,NORMAL_OPERATIONS,NORMAL,Favorable weather conditions. Revenue outlook remains favorable.
2024-05-02,Khavda Renewable Energy Park,1134.6521989744542,0.0,5396.4,3290.49,0.25,MEDIUM,NORMAL_OPERATIONS,CLOUD_CURTAILMENT,Cloud cover and rainfall may reduce solar generation.
2024-05-03,Khavda Renewable Energy Park,391.7217107761816,0.0,1863.03,1135.99,0.08,MEDIUM,NORMAL_OPERATIONS,CLOUD_CURTAILMENT,Cloud cover and rainfall may reduce solar generation.
2024-05-04,Khavda Renewable Energy Park,266.6923282346239,0.0,1268.39,773.41,0.06,MEDIUM,NORMAL_OPERATIONS,CLOUD_CURTAILMENT,Cloud cover and rainfall may reduce solar generation.
2024-05-05,Khavda Renewable Energy Park,5994.38806111543,0.0,28509.31,17383.72,1.3,LOW,NORMAL_OPERATIONS,NORMAL,Favorable weather conditions. Revenue outlook remains favorable.
2024-05-06,Khavda Renewable Energy Park,13344.304071849636,0.0,63465.51,38698.48,2.88,LOW,NORMAL_OPERATIONS,NORMAL,Favorable weather conditions. Revenue outlook remains favorable.
2024-05-07,Khavda Renewable Energy Park,12449.745203475346,0.0,59210.99,36104.26,2.69,LOW,NORMAL_OPERATIONS,NORMAL,Favorable weather conditions. Revenue outlook remains favorable.
2024-05-08,Khavda Renewable Energy Park,12389.18129397217,0.0,58922.94,35928.62,2.68,LOW,NORMAL_OPERATIONS,NORMAL,Favorable weather conditions. Revenue outlook remains favorable.
2024-05-09,Khavda Renewable Energy Park,11549.128280296376,0.0,54927.65,33492.47,2.5,LOW,NORMAL_OPERATIONS,NORMAL,Favorable weather conditions. Revenue outlook remains favorable.
2024-05-10,Khavda Renewable Energy Park,11606.261818129216,0.0,55199.38,33658.16,2.51,LOW,NORMAL_OPERATIONS,NORMAL,Favorable weather conditions. Revenue outlook remains favorable.
2024-05-11,Khavda Renewable Energy Park,12947.77837055207,0.0,61579.63,37548.56,2.8,LOW,NORMAL_OPERATIONS,NORMAL,Favorable weather conditions. Revenue outlook remains favorable.
2024-05-12,Khavda Renewable Energy Park,11613.03407252329,0.0,55231.59,33677.8,2.51,LOW,NORMAL_OPERATIONS,NORMAL,Favorable weather conditions. Revenue outlook remains favorable.
2024-05-13,Khavda Renewable Energy Park,13526.043701807328,0.0,64329.86,39225.52,2.92,LOW,NORMAL_OPERATIONS,NORMAL,Favorable weather conditions. Revenue outlook remains favorable.
2024-05-14,Khavda Renewable Energy Park,12450.453106778325,0.0,59214.36,36106.32,2.69,LOW,NORMAL_OPERATIONS,NORMAL,Favorable weather conditions. Revenue outlook remains favorable.
2024-05-15,Khavda Renewable Energy Park,10129.901057403238,0.0,48177.81,29376.72,2.19,LOW,NORMAL_OPERATIONS,NORMAL,Favorable weather conditions. Revenue outlook remains favorable.
2024-05-16,Khavda Renewable Energy Park,10093.747923067976,0.0,48005.87,29271.87,2.18,LOW,NORMAL_OPERATIONS,NORMAL,Favorable weather conditions. Revenue outlook remains favorable.
2024-05-17,Khavda Renewable Energy Park,13596.820248330872,0.0,64666.48,39430.78,2.94,LOW,NORMAL_OPERATIONS,NORMAL,Favorable weather conditions. Revenue outlook remains favorable.
2024-05-18,Khavda Renewable Energy Park,12590.121913870402,0.0,59878.62,36511.36,2.72,LOW,NORMAL_OPERATIONS,NORMAL,Favorable weather conditions. Revenue outlook remains favorable.
2024-05-19,Khavda Renewable Energy Park,13039.281004951146,0.0,62014.82,37813.92,2.82,LOW,NORMAL_OPERATIONS,NORMAL,Favorable weather conditions. Revenue outlook remains favorable.
2024-05-20,Khavda Renewable Energy Park,13435.711318306405,0.0,63900.25,38963.56,2.9,LOW,NORMAL_OPERATIONS,NORMAL,Favorable weather conditions. Revenue outlook remains favorable.
2024-05-21,Khavda Renewable Energy Park,13331.37803978952,0.0,63404.03,38661.0,2.88,LOW,NORMAL_OPERATIONS,NORMAL,Favorable weather conditions. Revenue outlook remains favorable.
2024-05-22,Khavda Renewable Energy Park,12214.981443320512,0.0,58094.45,35423.44,2.64,LOW,NORMAL_OPERATIONS,NORMAL,Favorable weather conditions. Revenue outlook remains favorable.
2024-05-23,Khavda Renewable Energy Park,12603.105971751169,0.0,59940.37,36549.0,2.72,LOW,NORMAL_OPERATIONS,NORMAL,Favorable weather conditions. Revenue outlook remains favorable.
2024-05-24,Khavda Renewable Energy Park,14506.660149061156,0.0,68993.68,42069.32,3.14,LOW,NORMAL_OPERATIONS,NORMAL,Favorable weather conditions. Revenue outlook remains favorable.
2024-05-25,Khavda Renewable Energy Park,14061.566362552025,0.0,66876.81,40778.54,3.04,LOW,NORMAL_OPERATIONS,NORMAL,Favorable weather conditions. Revenue outlook remains favorable.
2024-05-26,Khavda Renewable Energy Park,13236.118035325248,0.0,62950.97,38384.74,2.86,LOW,NORMAL_OPERATIONS,NORMAL,Favorable weather conditions. Revenue outlook remains favorable.
2024-05-27,Khavda Renewable Energy Park,13704.30764000005,0.0,65177.68,39742.49,2.96,LOW,NORMAL_OPERATIONS,NORMAL,Favorable weather conditions. Revenue outlook remains favorable.
2024-05-28,Khavda Renewable Energy Park,13286.291062900473,0.0,63189.6,38530.25,2.87,LOW,NORMAL_OPERATIONS,NORMAL,Favorable weather conditions. Revenue outlook remains favorable.
2024-05-29,Khavda Renewable Energy Park,11530.988976794488,0.0,54841.39,33439.87,2.49,LOW,NORMAL_OPERATIONS,NORMAL,Favorable weather conditions. Revenue outlook remains favorable.
2024-05-30,Khavda Renewable Energy Park,10669.07077677694,0.0,50742.1,30940.3,2.31,LOW,NORMAL_OPERATIONS,NORMAL,Favorable weather conditions. Revenue outlook remains favorable.
2024-05-31,Khavda Renewable Energy Park,10396.351710093146,0.0,49445.05,30149.42,2.25,LOW,NORMAL_OPERATIONS,NORMAL,Favorable weather conditions. Revenue outlook remains favorable.
2024-06-01,Khavda Renewable Energy Park,11530.3015636037,0.0,54838.12,33437.88,2.49,LOW,NORMAL_OPERATIONS,NORMAL,Favorable weather conditions. Revenue outlook remains favorable.
2024-06-02,Khavda Renewable Energy Park,13201.223513879677,0.0,62785.02,38283.55,2.85,LOW,NORMAL_OPERATIONS,NORMAL,Favorable weather conditions. Revenue outlook remains favorable.
2024-06-03,Khavda Renewable Energy Park,14400.87601913194,0.0,68490.57,41762.54,3.11,LOW,NORMAL_OPERATIONS,NORMAL,Favorable weather conditions. Revenue outlook remains favorable.
2024-06-04,Khavda Renewable Energy Park,13584.44165843139,0.0,64607.6,39394.88,2.94,LOW,NORMAL_OPERATIONS,NORMAL,Favorable weather conditions. Revenue outlook remains favorable.
2024-06-05,Khavda Renewable Energy Park,10486.78798629087,0.0,49875.16,30411.68,2.27,LOW,NORMAL_OPERATIONS,NORMAL,Favorable weather conditions. Revenue outlook remains favorable.
2024-06-06,Khavda Renewable Energy Park,12039.857075911288,0.0,57261.56,34915.58,2.6,LOW,NORMAL_OPERATIONS,NORMAL,Favorable weather conditions. Revenue outlook remains favorable.
2024-06-07,Khavda Renewable Energy Park,12362.228507967047,0.0,58794.76,35850.46,2.67,LOW,NORMAL_OPERATIONS,NORMAL,Favorable weather conditions. Revenue outlook remains favorable.
2024-06-08,Khavda Renewable Energy Park,11465.769145653476,0.0,54531.2,33250.73,2.48,LOW,NORMAL_OPERATIONS,NORMAL,Favorable weather conditions. Revenue outlook remains favorable.
2024-06-09,Khavda Renewable Energy Park,14074.1259153171,0.0,66936.54,40814.96,3.04,LOW,NORMAL_OPERATIONS,NORMAL,Favorable weather conditions. Revenue outlook remains favorable.
2024-06-10,Khavda Renewable Energy Park,13739.194935088572,0.0,65343.61,39843.66,2.97,LOW,NORMAL_OPERATIONS,NORMAL,Favorable weather conditions. Revenue outlook remains favorable.
2024-06-11,Khavda Renewable Energy Park,13308.976915869802,0.0,63297.5,38596.04,2.88,LOW,NORMAL_OPERATIONS,NORMAL,Favorable weather conditions. Revenue outlook remains favorable.
2024-06-12,Khavda Renewable Energy Park,12703.79756799503,0.0,60419.26,36841.02,2.75,LOW,NORMAL_OPERATIONS,NORMAL,Favorable weather conditions. Revenue outlook remains favorable.
2024-06-13,Khavda Renewable Energy Park,7284.653914065364,0.0,34645.81,21125.5,1.57,LOW,NORMAL_OPERATIONS,NORMAL,Favorable weather conditions. Revenue outlook remains favorable.
2024-06-14,Khavda Renewable Energy Park,7287.49724542887,0.0,34659.33,21133.74,1.58,LOW,NORMAL_OPERATIONS,NORMAL,Favorable weather conditions. Revenue outlook remains favorable.
2024-06-15,Khavda Renewable Energy Park,9464.995251471631,0.0,45015.52,27448.48,2.05,LOW,NORMAL_OPERATIONS,NORMAL,Favorable weather conditions. Revenue outlook remains favorable.
2024-06-16,Khavda Renewable Energy Park,10567.98603873757,0.0,50261.34,30647.16,2.28,LOW,NORMAL_OPERATIONS,NORMAL,Favorable weather conditions. Revenue outlook remains favorable.
2024-06-17,Khavda Renewable Energy Park,9874.034865753763,0.0,46960.91,28634.7,2.13,LOW,NORMAL_OPERATIONS,NORMAL,Favorable weather conditions. Revenue outlook remains favorable.
2024-06-18,Khavda Renewable Energy Park,6745.199746724363,0.0,32080.17,19561.08,1.46,LOW,NORMAL_OPERATIONS,NORMAL,Favorable weather conditions. Revenue outlook remains favorable.
2024-06-19,Khavda Renewable Energy Park,3663.042336283638,0.0,17421.43,10622.82,0.79,MEDIUM,NORMAL_OPERATIONS,CLOUD_CURTAILMENT,Cloud cover and rainfall may reduce solar generation.
2024-06-20,Khavda Renewable Energy Park,8508.06705807516,0.0,40464.37,24673.4,1.84,MEDIUM,NORMAL_OPERATIONS,NORMAL,Moderate weather patterns observed. Monitor generation closely.
2024-06-21,Khavda Renewable Energy Park,3201.249575794749,0.0,15225.14,9283.62,0.69,MEDIUM,NORMAL_OPERATIONS,CLOUD_CURTAILMENT,Cloud cover and rainfall may reduce solar generation.
2024-06-22,Khavda Renewable Energy Park,10367.383947415556,0.0,49307.28,30065.42,2.24,LOW,NORMAL_OPERATIONS,NORMAL,Favorable weather conditions. Revenue outlook remains favorable.
2024-06-23,Khavda Renewable Energy Park,12481.646095344408,0.0,59362.71,36196.78,2.7,LOW,NORMAL_OPERATIONS,NORMAL,Favorable weather conditions. Revenue outlook remains favorable.
2024-06-24,Khavda Renewable Energy Park,4602.992599755548,0.0,21891.84,13348.68,1.0,LOW,NORMAL_OPERATIONS,NORMAL,Favorable weather conditions. Revenue outlook remains favorable.
2024-06-25,Khavda Renewable Energy Park,1928.8837254054883,0.0,9173.77,5593.76,0.42,MEDIUM,NORMAL_OPERATIONS,CLOUD_CURTAILMENT,Cloud cover and rainfall may reduce solar generation.
2024-06-26,Khavda Renewable Energy Park,404.0768541836071,0.0,1921.79,1171.82,0.09,MEDIUM,NORMAL_OPERATIONS,CLOUD_CURTAILMENT,Cloud cover and rainfall may reduce solar generation.
2024-06-27,Khavda Renewable Energy Park,1892.717681786976,0.0,9001.76,5488.88,0.41,MEDIUM,NORMAL_OPERATIONS,CLOUD_CURTAILMENT,Cloud cover and rainfall may reduce solar generation.
2024-06-28,Khavda Renewable Energy Park,2640.2509907992103,0.0,12557.04,7656.73,0.57,MEDIUM,NORMAL_OPERATIONS,CLOUD_CURTAILMENT,Cloud cover and rainfall may reduce solar generation.
2024-06-29,Khavda Renewable Energy Park,618.3547683370988,0.0,2940.9,1793.23,0.13,MEDIUM,NORMAL_OPERATIONS,CLOUD_CURTAILMENT,Cloud cover and rainfall may reduce solar generation.
2024-06-30,Khavda Renewable Energy Park,384.0051558144928,0.0,1826.33,1113.62,0.08,MEDIUM,NORMAL_OPERATIONS,CLOUD_CURTAILMENT,Cloud cover and rainfall may reduce solar generation.
2024-07-01,Khavda Renewable Energy Park,2054.9655302122146,0.0,9773.42,5959.4,0.44,MEDIUM,NORMAL_OPERATIONS,CLOUD_CURTAILMENT,Cloud cover and rainfall may reduce solar generation.
2024-07-02,Khavda Renewable Energy Park,111.75286860983468,0.0,531.5,324.08,0.02,MEDIUM,NORMAL_OPERATIONS,CLOUD_CURTAILMENT,Cloud cover and rainfall may reduce solar generation.
2024-07-03,Khavda Renewable Energy Park,2364.9368668593784,0.0,11247.64,6858.32,0.51,MEDIUM,NORMAL_OPERATIONS,CLOUD_CURTAILMENT,Cloud cover and rainfall may reduce solar generation.
2024-07-04,Khavda Renewable Energy Park,253.3961416866649,0.0,1205.15,734.85,0.05,MEDIUM,NORMAL_OPERATIONS,CLOUD_CURTAILMENT,Cloud cover and rainfall may reduce solar generation.
2024-07-05,Khavda Renewable Energy Park,131.34843543615767,0.0,624.69,380.91,0.03,MEDIUM,NORMAL_OPERATIONS,CLOUD_CURTAILMENT,Cloud cover and rainfall may reduce solar generation.
2024-07-06,Khavda Renewable Energy Park,1963.1995734674508,0.0,9336.98,5693.28,0.42,MEDIUM,NORMAL_OPERATIONS,CLOUD_CURTAILMENT,Cloud cover and rainfall may reduce solar generation.
2024-07-07,Khavda Renewable Energy Park,5810.9009065726605,0.0,27636.65,16851.62,1.26,MEDIUM,NORMAL_OPERATIONS,NORMAL,Moderate weather patterns observed. Monitor generation closely.
2024-07-08,Khavda Renewable Energy Park,1857.7420389858405,0.0,8835.42,5387.45,0.4,MEDIUM,NORMAL_OPERATIONS,CLOUD_CURTAILMENT,Cloud cover and rainfall may reduce solar generation.
2024-07-09,Khavda Renewable Energy Park,415.4285429182361,0.0,1975.78,1204.74,0.09,MEDIUM,WEATHER_WARNING,CLOUD_CURTAILMENT|HEAVY_RAIN,Cloud cover and rainfall may reduce solar generation.
2024-07-10,Khavda Renewable Energy Park,4817.666812868828,0.0,22912.83,13971.24,1.04,MEDIUM,NORMAL_OPERATIONS,NORMAL,Moderate weather patterns observed. Monitor generation closely.
2024-07-11,Khavda Renewable Energy Park,4000.4416259526006,0.0,19026.1,11601.28,0.86,LOW,NORMAL_OPERATIONS,NORMAL,Favorable weather conditions. Revenue outlook remains favorable.
2024-07-12,Khavda Renewable Energy Park,5485.657861089533,0.0,26089.79,15908.41,1.19,MEDIUM,NORMAL_OPERATIONS,NORMAL,Moderate weather patterns observed. Monitor generation closely.
2024-07-13,Khavda Renewable Energy Park,5215.057624512448,0.0,24802.81,15123.66,1.13,MEDIUM,NORMAL_OPERATIONS,NORMAL,Moderate weather patterns observed. Monitor generation closely.
2024-07-14,Khavda Renewable Energy Park,4690.601040147734,0.0,22308.5,13602.74,1.01,LOW,NORMAL_OPERATIONS,NORMAL,Favorable weather conditions. Revenue outlook remains favorable.
2024-07-15,Khavda Renewable Energy Park,4834.112551985573,0.0,22991.04,14018.92,1.05,LOW,NORMAL_OPERATIONS,NORMAL,Favorable weather conditions. Revenue outlook remains favorable.
2024-07-16,Khavda Renewable Energy Park,714.1753400242771,0.0,3396.62,2071.11,0.15,MEDIUM,NORMAL_OPERATIONS,CLOUD_CURTAILMENT,Cloud cover and rainfall may reduce solar generation.
2024-07-17,Khavda Renewable Energy Park,1150.935445528792,0.0,5473.85,3337.72,0.25,MEDIUM,NORMAL_OPERATIONS,CLOUD_CURTAILMENT,Cloud cover and rainfall may reduce solar generation.
2024-07-18,Khavda Renewable Energy Park,958.2593563225604,0.0,4557.48,2778.95,0.21,MEDIUM,WEATHER_WARNING,CLOUD_CURTAILMENT|HEAVY_RAIN,Cloud cover and rainfall may reduce solar generation.
2024-07-19,Khavda Renewable Energy Park,786.6447566012093,0.0,3741.28,2281.27,0.17,MEDIUM,NORMAL_OPERATIONS,CLOUD_CURTAILMENT,Cloud cover and rainfall may reduce solar generation.
2024-07-20,Khavda Renewable Energy Park,3862.666457746643,0.0,18370.85,11201.74,0.84,LOW,NORMAL_OPERATIONS,NORMAL,Favorable weather conditions. Revenue outlook remains favorable.
2024-07-21,Khavda Renewable Energy Park,6225.585534493111,0.0,29608.89,18054.2,1.35,LOW,NORMAL_OPERATIONS,NORMAL,Favorable weather conditions. Revenue outlook remains favorable.
2024-07-22,Khavda Renewable Energy Park,915.2165160743224,0.0,4352.77,2654.13,0.2,MEDIUM,NORMAL_OPERATIONS,CLOUD_CURTAILMENT,Cloud cover and rainfall may reduce solar generation.
2024-07-23,Khavda Renewable Energy Park,210.70478866171777,0.0,1002.11,611.04,0.05,MEDIUM,WEATHER_WARNING,CLOUD_CURTAILMENT|HEAVY_RAIN,Cloud cover and rainfall may reduce solar generation.
2024-07-24,Khavda Renewable Energy Park,1095.73620926299,0.0,5211.32,3177.64,0.24,MEDIUM,NORMAL_OPERATIONS,CLOUD_CURTAILMENT,Cloud cover and rainfall may reduce solar generation.
2024-07-25,Khavda Renewable Energy Park,2581.827035825977,0.0,12279.17,7487.3,0.56,MEDIUM,NORMAL_OPERATIONS,CLOUD_CURTAILMENT,Cloud cover and rainfall may reduce solar generation.
2024-07-26,Khavda Renewable Energy Park,745.659457464973,0.0,3546.35,2162.41,0.16,MEDIUM,NORMAL_OPERATIONS,CLOUD_CURTAILMENT,Cloud cover and rainfall may reduce solar generation.
2024-07-27,Khavda Renewable Energy Park,657.6063360719896,0.0,3127.58,1907.06,0.14,MEDIUM,NORMAL_OPERATIONS,CLOUD_CURTAILMENT,Cloud cover and rainfall may reduce solar generation.
2024-07-28,Khavda Renewable Energy Park,10.988219939819071,0.0,52.26,31.86,0.0,MEDIUM,NORMAL_OPERATIONS,CLOUD_CURTAILMENT,Cloud cover and rainfall may reduce solar generation.
2024-07-29,Khavda Renewable Energy Park,6.230730529600814,0.0,29.63,18.07,0.0,MEDIUM,NORMAL_OPERATIONS,CLOUD_CURTAILMENT,Cloud cover and rainfall may reduce solar generation.
2024-07-30,Khavda Renewable Energy Park,1255.292742055399,0.0,5970.17,3640.35,0.27,MEDIUM,WEATHER_WARNING,CLOUD_CURTAILMENT|HEAVY_RAIN,Cloud cover and rainfall may reduce solar generation.
2024-07-31,Khavda Renewable Energy Park,2551.1835699493035,0.0,12133.43,7398.43,0.55,MEDIUM,NORMAL_OPERATIONS,CLOUD_CURTAILMENT,Cloud cover and rainfall may reduce solar generation.
2024-08-01,Khavda Renewable Energy Park,952.3284566205264,0.0,4529.28,2761.76,0.21,MEDIUM,NORMAL_OPERATIONS,CLOUD_CURTAILMENT,Cloud cover and rainfall may reduce solar generation.
2024-08-02,Khavda Renewable Energy Park,0.0,0.0,0.0,0.0,0.0,MEDIUM,NORMAL_OPERATIONS,CLOUD_CURTAILMENT,Cloud cover and rainfall may reduce solar generation.
2024-08-03,Khavda Renewable Energy Park,21.09094564699109,0.0,100.31,61.16,0.0,MEDIUM,NORMAL_OPERATIONS,CLOUD_CURTAILMENT,Cloud cover and rainfall may reduce solar generation.
2024-08-04,Khavda Renewable Energy Park,1815.7232805815013,0.0,8635.58,5265.6,0.39,MEDIUM,NORMAL_OPERATIONS,CLOUD_CURTAILMENT,Cloud cover and rainfall may reduce solar generation.
2024-08-05,Khavda Renewable Energy Park,748.0733252472122,0.0,3557.84,2169.42,0.16,MEDIUM,NORMAL_OPERATIONS,CLOUD_CURTAILMENT,Cloud cover and rainfall may reduce solar generation.
2024-08-06,Khavda Renewable Energy Park,15.324191397957987,0.0,72.88,44.44,0.0,MEDIUM,NORMAL_OPERATIONS,CLOUD_CURTAILMENT,Cloud cover and rainfall may reduce solar generation.
2024-08-07,Khavda Renewable Energy Park,1683.787026231608,0.0,8008.09,4882.98,0.36,MEDIUM,NORMAL_OPERATIONS,CLOUD_CURTAILMENT,Cloud cover and rainfall may reduce solar generation.
2024-08-08,Khavda Renewable Energy Park,2637.861020425069,0.0,12545.66,7649.8,0.57,MEDIUM,NORMAL_OPERATIONS,CLOUD_CURTAILMENT,Cloud cover and rainfall may reduce solar generation.
2024-08-09,Khavda Renewable Energy Park,769.7818789016183,0.0,3661.08,2232.36,0.17,MEDIUM,NORMAL_OPERATIONS,CLOUD_CURTAILMENT,Cloud cover and rainfall may reduce solar generation.
2024-08-10,Khavda Renewable Energy Park,755.6407304958831,0.0,3593.83,2191.36,0.16,MEDIUM,NORMAL_OPERATIONS,CLOUD_CURTAILMENT,Cloud cover and rainfall may reduce solar generation.
2024-08-11,Khavda Renewable Energy Park,895.6915563196476,0.0,4259.91,2597.5,0.19,MEDIUM,NORMAL_OPERATIONS,CLOUD_CURTAILMENT,Cloud cover and rainfall may reduce solar generation.
2024-08-12,Khavda Renewable Energy Park,1109.1291038803852,0.0,5275.02,3216.48,0.24,MEDIUM,NORMAL_OPERATIONS,CLOUD_CURTAILMENT,Cloud cover and rainfall may reduce solar generation.
2024-08-13,Khavda Renewable Energy Park,3436.64452825882,0.0,16344.68,9966.27,0.74,LOW,NORMAL_OPERATIONS,NORMAL,Favorable weather conditions. Revenue outlook remains favorable.
2024-08-14,Khavda Renewable Energy Park,420.1831771450717,0.0,1998.39,1218.53,0.09,MEDIUM,NORMAL_OPERATIONS,CLOUD_CURTAILMENT,Cloud cover and rainfall may reduce solar generation.
2024-08-15,Khavda Renewable Energy Park,773.0084891806466,0.0,3676.43,2241.72,0.17,MEDIUM,NORMAL_OPERATIONS,CLOUD_CURTAILMENT,Cloud cover and rainfall may reduce solar generation.
2024-08-16,Khavda Renewable Energy Park,333.25267248318244,0.0,1584.95,966.44,0.07,MEDIUM,NORMAL_OPERATIONS,CLOUD_CURTAILMENT,Cloud cover and rainfall may reduce solar generation.
2024-08-17,Khavda Renewable Energy Park,12.255445263909726,0.0,58.29,35.54,0.0,MEDIUM,NORMAL_OPERATIONS,CLOUD_CURTAILMENT,Cloud cover and rainfall may reduce solar generation.
2024-08-18,Khavda Renewable Energy Park,2394.042377066264,0.0,11386.07,6942.72,0.52,MEDIUM,NORMAL_OPERATIONS,CLOUD_CURTAILMENT,Cloud cover and rainfall may reduce solar generation.
2024-08-19,Khavda Renewable Energy Park,5132.974730945482,0.0,24412.42,14885.62,1.11,LOW,NORMAL_OPERATIONS,NORMAL,Favorable weather conditions. Revenue outlook remains favorable.
2024-08-20,Khavda Renewable Energy Park,9552.716603325243,0.0,45432.72,27702.88,2.07,LOW,NORMAL_OPERATIONS,NORMAL,Favorable weather conditions. Revenue outlook remains favorable.
2024-08-21,Khavda Renewable Energy Park,7332.879258934928,0.0,34875.17,21265.35,1.59,LOW,NORMAL_OPERATIONS,NORMAL,Favorable weather conditions. Revenue outlook remains favorable.
2024-08-22,Khavda Renewable Energy Park,5068.684984086576,0.0,24106.66,14699.18,1.1,LOW,NORMAL_OPERATIONS,NORMAL,Favorable weather conditions. Revenue outlook remains favorable.
2024-08-23,Khavda Renewable Energy Park,2433.5249270024087,0.0,11573.84,7057.22,0.53,MEDIUM,NORMAL_OPERATIONS,CLOUD_CURTAILMENT,Cloud cover and rainfall may reduce solar generation.
2024-08-24,Khavda Renewable Energy Park,1084.3669960662876,0.0,5157.25,3144.66,0.23,MEDIUM,NORMAL_OPERATIONS,CLOUD_CURTAILMENT,Cloud cover and rainfall may reduce solar generation.
2024-08-25,Khavda Renewable Energy Park,181.58957706233687,0.0,863.64,526.61,0.04,MEDIUM,NORMAL_OPERATIONS,CLOUD_CURTAILMENT,Cloud cover and rainfall may reduce solar generation.
2024-08-26,Khavda Renewable Energy Park,0.0,0.0,0.0,0.0,0.0,MEDIUM,WEATHER_WARNING,CLOUD_CURTAILMENT|HEAVY_RAIN,Cloud cover and rainfall may reduce solar generation.
2024-08-27,Khavda Renewable Energy Park,0.0,0.0,0.0,0.0,0.0,MEDIUM,WEATHER_WARNING,CLOUD_CURTAILMENT|HEAVY_RAIN,Cloud cover and rainfall may reduce solar generation.
2024-08-28,Khavda Renewable Energy Park,0.0,0.0,0.0,0.0,0.0,HIGH,CRITICAL_WEATHER_ALERT,CLOUD_CURTAILMENT|HEAVY_RAIN,Cloud cover and rainfall may reduce solar generation.
2024-08-29,Khavda Renewable Energy Park,0.0,0.0,0.0,0.0,0.0,HIGH,CRITICAL_WEATHER_ALERT,CLOUD_CURTAILMENT|HEAVY_RAIN,Cloud cover and rainfall may reduce solar generation.
2024-08-30,Khavda Renewable Energy Park,0.0,0.0,0.0,0.0,0.0,MEDIUM,NORMAL_OPERATIONS,CLOUD_CURTAILMENT,Cloud cover and rainfall may reduce solar generation.
2024-08-31,Khavda Renewable Energy Park,3787.966337338736,0.0,18015.56,10985.1,0.82,LOW,NORMAL_OPERATIONS,NORMAL,Favorable weather conditions. Revenue outlook remains favorable.
2024-09-01,Khavda Renewable Energy Park,6512.0994316403785,0.0,30971.55,18885.09,1.41,LOW,NORMAL_OPERATIONS,NORMAL,Favorable weather conditions. Revenue outlook remains favorable.
2024-09-02,Khavda Renewable Energy Park,1721.7177313025095,0.0,8188.49,4992.98,0.37,MEDIUM,NORMAL_OPERATIONS,CLOUD_CURTAILMENT,Cloud cover and rainfall may reduce solar generation.
2024-09-03,Khavda Renewable Energy Park,89.34973533145543,0.0,424.95,259.12,0.02,MEDIUM,NORMAL_OPERATIONS,CLOUD_CURTAILMENT,Cloud cover and rainfall may reduce solar generation.
2024-09-04,Khavda Renewable Energy Park,505.41064982450894,0.0,2403.73,1465.69,0.11,MEDIUM,NORMAL_OPERATIONS,CLOUD_CURTAILMENT,Cloud cover and rainfall may reduce solar generation.
2024-09-05,Khavda Renewable Energy Park,2740.803312912757,0.0,13035.26,7948.33,0.59,MEDIUM,NORMAL_OPERATIONS,CLOUD_CURTAILMENT,Cloud cover and rainfall may reduce solar generation.
2024-09-06,Khavda Renewable Energy Park,6428.409310401231,0.0,30573.51,18642.38,1.39,LOW,NORMAL_OPERATIONS,NORMAL,Favorable weather conditions. Revenue outlook remains favorable.
2024-09-07,Khavda Renewable Energy Park,9219.149302302872,0.0,43846.28,26735.54,1.99,LOW,NORMAL_OPERATIONS,NORMAL,Favorable weather conditions. Revenue outlook remains favorable.
2024-09-08,Khavda Renewable Energy Park,8048.190623780732,0.0,38277.2,23339.76,1.74,LOW,NORMAL_OPERATIONS,NORMAL,Favorable weather conditions. Revenue outlook remains favorable.
2024-09-09,Khavda Renewable Energy Park,8217.991678575405,0.0,39084.77,23832.18,1.78,LOW,NORMAL_OPERATIONS,NORMAL,Favorable weather conditions. Revenue outlook remains favorable.
2024-09-10,Khavda Renewable Energy Park,9300.876469674524,0.0,44234.97,26972.54,2.01,LOW,NORMAL_OPERATIONS,NORMAL,Favorable weather conditions. Revenue outlook remains favorable.
2024-09-11,Khavda Renewable Energy Park,6984.752867991758,0.0,33219.49,20255.78,1.51,LOW,NORMAL_OPERATIONS,NORMAL,Favorable weather conditions. Revenue outlook remains favorable.
2024-09-12,Khavda Renewable Energy Park,6677.354047568332,0.0,31757.49,19364.32,1.44,LOW,NORMAL_OPERATIONS,NORMAL,Favorable weather conditions. Revenue outlook remains favorable.
2024-09-13,Khavda Renewable Energy Park,6476.2941087116815,0.0,30801.26,18781.26,1.4,LOW,NORMAL_OPERATIONS,NORMAL,Favorable weather conditions. Revenue outlook remains favorable.
2024-09-14,Khavda Renewable Energy Park,8291.991220493914,0.0,39436.71,24046.78,1.79,LOW,NORMAL_OPERATIONS,NORMAL,Favorable weather conditions. Revenue outlook remains favorable.
2024-09-15,Khavda Renewable Energy Park,8055.777584289122,0.0,38313.28,23361.76,1.74,LOW,NORMAL_OPERATIONS,NORMAL,Favorable weather conditions. Revenue outlook remains favorable.
2024-09-16,Khavda Renewable Energy Park,7585.523988678128,0.0,36076.75,21998.02,1.64,LOW,NORMAL_OPERATIONS,NORMAL,Favorable weather conditions. Revenue outlook remains favorable.
2024-09-17,Khavda Renewable Energy Park,9680.71774518859,0.0,46041.49,28074.08,2.09,LOW,NORMAL_OPERATIONS,NORMAL,Favorable weather conditions. Revenue outlook remains favorable.
2024-09-18,Khavda Renewable Energy Park,11934.087176986171,0.0,56758.52,34608.86,2.58,LOW,NORMAL_OPERATIONS,NORMAL,Favorable weather conditions. Revenue outlook remains favorable.
2024-09-19,Khavda Renewable Energy Park,13681.835860031411,0.0,65070.81,39677.32,2.96,LOW,NORMAL_OPERATIONS,NORMAL,Favorable weather conditions. Revenue outlook remains favorable.
2024-09-20,Khavda Renewable Energy Park,12419.965081461449,0.0,59069.36,36017.9,2.68,LOW,NORMAL_OPERATIONS,NORMAL,Favorable weather conditions. Revenue outlook remains favorable.
2024-09-21,Khavda Renewable Energy Park,10771.857906837817,0.0,51230.96,31238.39,2.33,LOW,NORMAL_OPERATIONS,NORMAL,Favorable weather conditions. Revenue outlook remains favorable.
2024-09-22,Khavda Renewable Energy Park,11891.332915673416,0.0,56555.18,34484.86,2.57,LOW,NORMAL_OPERATIONS,NORMAL,Favorable weather conditions. Revenue outlook remains favorable.
2024-09-23,Khavda Renewable Energy Park,7746.685764120015,0.0,36843.24,22465.39,1.67,LOW,NORMAL_OPERATIONS,NORMAL,Favorable weather conditions. Revenue outlook remains favorable.
2024-09-24,Khavda Renewable Energy Park,5130.783391104544,0.0,24402.0,14879.27,1.11,LOW,NORMAL_OPERATIONS,NORMAL,Favorable weather conditions. Revenue outlook remains favorable.
2024-09-25,Khavda Renewable Energy Park,8664.430082882698,0.0,41208.03,25126.84,1.87,LOW,NORMAL_OPERATIONS,NORMAL,Favorable weather conditions. Revenue outlook remains favorable.
2024-09-26,Khavda Renewable Energy Park,2118.237526044296,0.0,10074.34,6142.89,0.46,MEDIUM,NORMAL_OPERATIONS,CLOUD_CURTAILMENT,Cloud cover and rainfall may reduce solar generation.
2024-09-27,Khavda Renewable Energy Park,2077.307671867408,0.0,9879.67,6024.19,0.45,MEDIUM,NORMAL_OPERATIONS,CLOUD_CURTAILMENT,Cloud cover and rainfall may reduce solar generation.
2024-09-28,Khavda Renewable Energy Park,5366.421591822561,0.0,25522.7,15562.62,1.16,LOW,NORMAL_OPERATIONS,NORMAL,Favorable weather conditions. Revenue outlook remains favorable.
2024-09-29,Khavda Renewable Energy Park,4246.198719726871,0.0,20194.92,12313.98,0.92,LOW,NORMAL_OPERATIONS,NORMAL,Favorable weather conditions. Revenue outlook remains favorable.
2024-09-30,Khavda Renewable Energy Park,8189.10195067041,0.0,38947.37,23748.4,1.77,LOW,NORMAL_OPERATIONS,NORMAL,Favorable weather conditions. Revenue outlook remains favorable.
2024-10-01,Khavda Renewable Energy Park,11920.124798206512,0.0,56692.11,34568.36,2.58,LOW,NORMAL_OPERATIONS,NORMAL,Favorable weather conditions. Revenue outlook remains favorable.
2024-10-02,Khavda Renewable Energy Park,10971.17571411629,0.0,52178.91,31816.41,2.37,LOW,NORMAL_OPERATIONS,NORMAL,Favorable weather conditions. Revenue outlook remains favorable.
2024-10-03,Khavda Renewable Energy Park,11062.18989923566,0.0,52611.77,32080.35,2.39,LOW,NORMAL_OPERATIONS,NORMAL,Favorable weather conditions. Revenue outlook remains favorable.
2024-10-04,Khavda Renewable Energy Park,5013.595072773024,0.0,23844.66,14539.42,1.08,LOW,NORMAL_OPERATIONS,NORMAL,Favorable weather conditions. Revenue outlook remains favorable.
2024-10-05,Khavda Renewable Energy Park,8469.735616915492,0.0,40282.07,24562.24,1.83,LOW,NORMAL_OPERATIONS,NORMAL,Favorable weather conditions. Revenue outlook remains favorable.
2024-10-06,Khavda Renewable Energy Park,8327.328705020467,0.0,39604.78,24149.26,1.8,LOW,NORMAL_OPERATIONS,NORMAL,Favorable weather conditions. Revenue outlook remains favorable.
2024-10-07,Khavda Renewable Energy Park,10860.740394569815,0.0,51653.68,31496.14,2.35,LOW,NORMAL_OPERATIONS,NORMAL,Favorable weather conditions. Revenue outlook remains favorable.
2024-10-08,Khavda Renewable Energy Park,10172.552704064214,0.0,48380.66,29500.4,2.2,LOW,NORMAL_OPERATIONS,NORMAL,Favorable weather conditions. Revenue outlook remains favorable.
2024-10-09,Khavda Renewable Energy Park,9388.40384232873,0.0,44651.25,27226.37,2.03,LOW,NORMAL_OPERATIONS,NORMAL,Favorable weather conditions. Revenue outlook remains favorable.
2024-10-10,Khavda Renewable Energy Park,10059.571628335414,0.0,47843.33,29172.76,2.17,LOW,NORMAL_OPERATIONS,NORMAL,Favorable weather conditions. Revenue outlook remains favorable.
2024-10-11,Khavda Renewable Energy Park,4851.788897730169,0.0,23075.11,14070.19,1.05,LOW,NORMAL_OPERATIONS,NORMAL,Favorable weather conditions. Revenue outlook remains favorable.
2024-10-12,Khavda Renewable Energy Park,769.9960923325838,0.0,3662.1,2232.99,0.17,MEDIUM,NORMAL_OPERATIONS,CLOUD_CURTAILMENT,Cloud cover and rainfall may reduce solar generation.
2024-10-13,Khavda Renewable Energy Park,335.3859196585491,0.0,1595.1,972.62,0.07,MEDIUM,NORMAL_OPERATIONS,CLOUD_CURTAILMENT,Cloud cover and rainfall may reduce solar generation.
2024-10-14,Khavda Renewable Energy Park,66.22865524956154,0.0,314.99,192.06,0.01,MEDIUM,NORMAL_OPERATIONS,CLOUD_CURTAILMENT,Cloud cover and rainfall may reduce solar generation.
2024-10-15,Khavda Renewable Energy Park,6769.724769702685,0.0,32196.81,19632.2,1.46,LOW,NORMAL_OPERATIONS,NORMAL,Favorable weather conditions. Revenue outlook remains favorable.
2024-10-16,Khavda Renewable Energy Park,9732.9425018223,0.0,46289.88,28225.54,2.1,LOW,NORMAL_OPERATIONS,NORMAL,Favorable weather conditions. Revenue outlook remains favorable.
2024-10-17,Khavda Renewable Energy Park,7012.738383953773,0.0,33352.58,20336.94,1.52,LOW,NORMAL_OPERATIONS,NORMAL,Favorable weather conditions. Revenue outlook remains favorable.
2024-10-18,Khavda Renewable Energy Park,4453.786539053961,0.0,21182.21,12915.98,0.96,LOW,NORMAL_OPERATIONS,NORMAL,Favorable weather conditions. Revenue outlook remains favorable.
2024-10-19,Khavda Renewable Energy Park,7360.587126082036,0.0,35006.96,21345.7,1.59,LOW,NORMAL_OPERATIONS,NORMAL,Favorable weather conditions. Revenue outlook remains favorable.
2024-10-20,Khavda Renewable Energy Park,10570.253260020036,0.0,50272.13,30653.74,2.29,LOW,NORMAL_OPERATIONS,NORMAL,Favorable weather conditions. Revenue outlook remains favorable.
2024-10-21,Khavda Renewable Energy Park,9342.12007073261,0.0,44431.13,27092.15,2.02,LOW,NORMAL_OPERATIONS,NORMAL,Favorable weather conditions. Revenue outlook remains favorable.
2024-10-22,Khavda Renewable Energy Park,11014.8168981762,0.0,52386.47,31942.97,2.38,LOW,NORMAL_OPERATIONS,NORMAL,Favorable weather conditions. Revenue outlook remains favorable.
2024-10-23,Khavda Renewable Energy Park,11364.12072727392,0.0,54047.76,32955.95,2.46,LOW,NORMAL_OPERATIONS,NORMAL,Favorable weather conditions. Revenue outlook remains favorable.
2024-10-24,Khavda Renewable Energy Park,10766.51618795754,0.0,51205.55,31222.9,2.33,LOW,NORMAL_OPERATIONS,NORMAL,Favorable weather conditions. Revenue outlook remains favorable.
2024-10-25,Khavda Renewable Energy Park,9997.209904624762,0.0,47546.73,28991.91,2.16,LOW,NORMAL_OPERATIONS,NORMAL,Favorable weather conditions. Revenue outlook remains favorable.
2024-10-26,Khavda Renewable Energy Park,8360.031781332435,0.0,39760.31,24244.09,1.81,LOW,NORMAL_OPERATIONS,NORMAL,Favorable weather conditions. Revenue outlook remains favorable.
2024-10-27,Khavda Renewable Energy Park,7969.099913516156,0.0,37901.04,23110.39,1.72,LOW,NORMAL_OPERATIONS,NORMAL,Favorable weather conditions. Revenue outlook remains favorable.
2024-10-28,Khavda Renewable Energy Park,10195.612924659878,0.0,48490.33,29567.28,2.2,LOW,NORMAL_OPERATIONS,NORMAL,Favorable weather conditions. Revenue outlook remains favorable.
2024-10-29,Khavda Renewable Energy Park,10313.449953023452,0.0,49050.77,29909.0,2.23,LOW,NORMAL_OPERATIONS,NORMAL,Favorable weather conditions. Revenue outlook remains favorable.
2024-10-30,Khavda Renewable Energy Park,9585.91955962601,0.0,45590.63,27799.16,2.07,LOW,NORMAL_OPERATIONS,NORMAL,Favorable weather conditions. Revenue outlook remains favorable.
2024-10-31,Khavda Renewable Energy Park,8599.480808722317,0.0,40899.13,24938.5,1.86,LOW,NORMAL_OPERATIONS,NORMAL,Favorable weather conditions. Revenue outlook remains favorable.
2024-11-01,Khavda Renewable Energy Park,8948.01011370024,0.0,42556.74,25949.23,1.93,LOW,NORMAL_OPERATIONS,NORMAL,Favorable weather conditions. Revenue outlook remains favorable.
2024-11-02,Khavda Renewable Energy Park,9536.727482867474,0.0,45356.68,27656.51,2.06,LOW,NORMAL_OPERATIONS,NORMAL,Favorable weather conditions. Revenue outlook remains favorable.
2024-11-03,Khavda Renewable Energy Park,9746.93639592591,0.0,46356.43,28266.12,2.11,LOW,NORMAL_OPERATIONS,NORMAL,Favorable weather conditions. Revenue outlook remains favorable.
2024-11-04,Khavda Renewable Energy Park,10888.64080228194,0.0,51786.38,31577.06,2.35,LOW,NORMAL_OPERATIONS,NORMAL,Favorable weather conditions. Revenue outlook remains favorable.
2024-11-05,Khavda Renewable Energy Park,10199.508049691984,0.0,48508.86,29578.58,2.2,LOW,NORMAL_OPERATIONS,NORMAL,Favorable weather conditions. Revenue outlook remains favorable.
2024-11-06,Khavda Renewable Energy Park,10339.514295526826,0.0,49174.73,29984.59,2.24,LOW,NORMAL_OPERATIONS,NORMAL,Favorable weather conditions. Revenue outlook remains favorable.
2024-11-07,Khavda Renewable Energy Park,10007.053909635786,0.0,47593.55,29020.46,2.16,LOW,NORMAL_OPERATIONS,NORMAL,Favorable weather conditions. Revenue outlook remains favorable.
2024-11-08,Khavda Renewable Energy Park,9630.176595146731,0.0,45801.12,27927.51,2.08,LOW,NORMAL_OPERATIONS,NORMAL,Favorable weather conditions. Revenue outlook remains favorable.
2024-11-09,Khavda Renewable Energy Park,10517.206469695222,0.0,50019.84,30499.9,2.27,LOW,NORMAL_OPERATIONS,NORMAL,Favorable weather conditions. Revenue outlook remains favorable.
2024-11-10,Khavda Renewable Energy Park,10151.41622988631,0.0,48280.13,29439.1,2.19,LOW,NORMAL_OPERATIONS,NORMAL,Favorable weather conditions. Revenue outlook remains favorable.
2024-11-11,Khavda Renewable Energy Park,9628.044318253966,0.0,45790.98,27921.33,2.08,LOW,NORMAL_OPERATIONS,NORMAL,Favorable weather conditions. Revenue outlook remains favorable.
2024-11-12,Khavda Renewable Energy Park,9808.62311613408,0.0,46649.81,28445.0,2.12,LOW,NORMAL_OPERATIONS,NORMAL,Favorable weather conditions. Revenue outlook remains favorable.
2024-11-13,Khavda Renewable Energy Park,9036.546362957914,0.0,42977.82,26205.98,1.95,LOW,NORMAL_OPERATIONS,NORMAL,Favorable weather conditions. Revenue outlook remains favorable.
2024-11-14,Khavda Renewable Energy Park,10079.578429544066,0.0,47938.47,29230.78,2.18,LOW,NORMAL_OPERATIONS,NORMAL,Favorable weather conditions. Revenue outlook remains favorable.
2024-11-15,Khavda Renewable Energy Park,9852.516036512645,0.0,46858.56,28572.3,2.13,LOW,NORMAL_OPERATIONS,NORMAL,Favorable weather conditions. Revenue outlook remains favorable.
2024-11-16,Khavda Renewable Energy Park,9608.839804513373,0.0,45699.64,27865.64,2.08,LOW,NORMAL_OPERATIONS,NORMAL,Favorable weather conditions. Revenue outlook remains favorable.
2024-11-17,Khavda Renewable Energy Park,8770.93573909967,0.0,41714.57,25435.72,1.9,LOW,NORMAL_OPERATIONS,NORMAL,Favorable weather conditions. Revenue outlook remains favorable.
2024-11-18,Khavda Renewable Energy Park,9207.750025831569,0.0,43792.06,26702.48,1.99,LOW,NORMAL_OPERATIONS,NORMAL,Favorable weather conditions. Revenue outlook remains favorable.
2024-11-19,Khavda Renewable Energy Park,9547.245761835637,0.0,45406.7,27687.02,2.06,LOW,NORMAL_OPERATIONS,NORMAL,Favorable weather conditions. Revenue outlook remains favorable.
2024-11-20,Khavda Renewable Energy Park,10030.21269215796,0.0,47703.69,29087.62,2.17,LOW,NORMAL_OPERATIONS,NORMAL,Favorable weather conditions. Revenue outlook remains favorable.
2024-11-21,Khavda Renewable Energy Park,10205.133343614652,0.0,48535.61,29594.88,2.21,LOW,NORMAL_OPERATIONS,NORMAL,Favorable weather conditions. Revenue outlook remains favorable.
2024-11-22,Khavda Renewable Energy Park,9292.876653796198,0.0,44196.92,26949.34,2.01,LOW,NORMAL_OPERATIONS,NORMAL,Favorable weather conditions. Revenue outlook remains favorable.
2024-11-23,Khavda Renewable Energy Park,9405.39679443233,0.0,44732.07,27275.65,2.03,LOW,NORMAL_OPERATIONS,NORMAL,Favorable weather conditions. Revenue outlook remains favorable.
2024-11-24,Khavda Renewable Energy Park,8315.535137931656,0.0,39548.68,24115.05,1.8,LOW,NORMAL_OPERATIONS,NORMAL,Favorable weather conditions. Revenue outlook remains favorable.
2024-11-25,Khavda Renewable Energy Park,9073.641457238364,0.0,43154.24,26313.56,1.96,LOW,NORMAL_OPERATIONS,NORMAL,Favorable weather conditions. Revenue outlook remains favorable.
2024-11-26,Khavda Renewable Energy Park,9380.531210572632,0.0,44613.81,27203.54,2.03,LOW,NORMAL_OPERATIONS,NORMAL,Favorable weather conditions. Revenue outlook remains favorable.
2024-11-27,Khavda Renewable Energy Park,9082.203230380332,0.0,43194.96,26338.39,1.96,LOW,NORMAL_OPERATIONS,NORMAL,Favorable weather conditions. Revenue outlook remains favorable.
2024-11-28,Khavda Renewable Energy Park,7193.581735882418,0.0,34212.67,20861.38,1.56,LOW,NORMAL_OPERATIONS,NORMAL,Favorable weather conditions. Revenue outlook remains favorable.
2024-11-29,Khavda Renewable Energy Park,8486.483869851467,0.0,40361.72,24610.8,1.83,LOW,NORMAL_OPERATIONS,NORMAL,Favorable weather conditions. Revenue outlook remains favorable.
2024-11-30,Khavda Renewable Energy Park,9100.1697395349,0.0,43280.4,26390.49,1.97,LOW,NORMAL_OPERATIONS,NORMAL,Favorable weather conditions. Revenue outlook remains favorable.
2024-12-01,Khavda Renewable Energy Park,9138.42148853974,0.0,43462.33,26501.42,1.98,LOW,NORMAL_OPERATIONS,NORMAL,Favorable weather conditions. Revenue outlook remains favorable.
2024-12-02,Khavda Renewable Energy Park,9074.425533931202,0.0,43157.97,26315.84,1.96,LOW,NORMAL_OPERATIONS,NORMAL,Favorable weather conditions. Revenue outlook remains favorable.
2024-12-03,Khavda Renewable Energy Park,8212.95817513843,0.0,39060.83,23817.58,1.78,LOW,NORMAL_OPERATIONS,NORMAL,Favorable weather conditions. Revenue outlook remains favorable.
2024-12-04,Khavda Renewable Energy Park,6764.685501238755,0.0,32172.85,19617.59,1.46,LOW,NORMAL_OPERATIONS,NORMAL,Favorable weather conditions. Revenue outlook remains favorable.
2024-12-05,Khavda Renewable Energy Park,6560.914052841054,0.0,31203.71,19026.65,1.42,LOW,NORMAL_OPERATIONS,NORMAL,Favorable weather conditions. Revenue outlook remains favorable.
2024-12-06,Khavda Renewable Energy Park,2843.144745157484,0.0,13522.0,8245.12,0.61,LOW,NORMAL_OPERATIONS,NORMAL,Favorable weather conditions. Revenue outlook remains favorable.
2024-12-07,Khavda Renewable Energy Park,6216.436952973598,0.0,29565.37,18027.66,1.34,LOW,NORMAL_OPERATIONS,NORMAL,Favorable weather conditions. Revenue outlook remains favorable.
2024-12-08,Khavda Renewable Energy Park,8986.133147442719,0.0,42738.05,26059.78,1.94,LOW,NORMAL_OPERATIONS,NORMAL,Favorable weather conditions. Revenue outlook remains favorable.
2024-12-09,Khavda Renewable Energy Park,8798.772576068754,0.0,41846.96,25516.44,1.9,LOW,NORMAL_OPERATIONS,NORMAL,Favorable weather conditions. Revenue outlook remains favorable.
2024-12-10,Khavda Renewable Energy Park,7076.21747738852,0.0,33654.49,20521.03,1.53,LOW,NORMAL_OPERATIONS,NORMAL,Favorable weather conditions. Revenue outlook remains favorable.
2024-12-11,Khavda Renewable Energy Park,7243.900134308012,0.0,34451.99,21007.31,1.57,LOW,NORMAL_OPERATIONS,NORMAL,Favorable weather conditions. Revenue outlook remains favorable.
2024-12-12,Khavda Renewable Energy Park,9283.241151204307,0.0,44151.1,26921.4,2.01,LOW,NORMAL_OPERATIONS,NORMAL,Favorable weather conditions. Revenue outlook remains favorable.
2024-12-13,Khavda Renewable Energy Park,7570.88103439647,0.0,36007.11,21955.56,1.64,LOW,NORMAL_OPERATIONS,NORMAL,Favorable weather conditions. Revenue outlook remains favorable.
2024-12-14,Khavda Renewable Energy Park,9816.71102925599,0.0,46688.27,28468.46,2.12,LOW,NORMAL_OPERATIONS,NORMAL,Favorable weather conditions. Revenue outlook remains favorable.
2024-12-15,Khavda Renewable Energy Park,8680.968683111663,0.0,41286.69,25174.81,1.88,LOW,NORMAL_OPERATIONS,NORMAL,Favorable weather conditions. Revenue outlook remains favorable.
2024-12-16,Khavda Renewable Energy Park,8771.779928854723,0.0,41718.58,25438.16,1.9,LOW,NORMAL_OPERATIONS,NORMAL,Favorable weather conditions. Revenue outlook remains favorable.
2024-12-17,Khavda Renewable Energy Park,9318.937733166573,0.0,44320.87,27024.92,2.01,LOW,NORMAL_OPERATIONS,NORMAL,Favorable weather conditions. Revenue outlook remains favorable.
2024-12-18,Khavda Renewable Energy Park,4226.21735885754,0.0,20099.89,12256.03,0.91,LOW,NORMAL_OPERATIONS,NORMAL,Favorable weather conditions. Revenue outlook remains favorable.
2024-12-19,Khavda Renewable Energy Park,5042.799112201519,0.0,23983.55,14624.12,1.09,LOW,NORMAL_OPERATIONS,NORMAL,Favorable weather conditions. Revenue outlook remains favorable.
2024-12-20,Khavda Renewable Energy Park,6418.326255672182,0.0,30525.56,18613.14,1.39,LOW,NORMAL_OPERATIONS,NORMAL,Favorable weather conditions. Revenue outlook remains favorable.
2024-12-21,Khavda Renewable Energy Park,7837.219285559691,0.0,37273.81,22727.94,1.69,LOW,NORMAL_OPERATIONS,NORMAL,Favorable weather conditions. Revenue outlook remains favorable.
2024-12-22,Khavda Renewable Energy Park,9502.715558652832,0.0,45194.92,27557.88,2.05,LOW,NORMAL_OPERATIONS,NORMAL,Favorable weather conditions. Revenue outlook remains favorable.
2024-12-23,Khavda Renewable Energy Park,9483.64802809968,0.0,45104.23,27502.58,2.05,LOW,NORMAL_OPERATIONS,NORMAL,Favorable weather conditions. Revenue outlook remains favorable.
2024-12-24,Khavda Renewable Energy Park,9378.439783063452,0.0,44603.86,27197.48,2.03,LOW,NORMAL_OPERATIONS,NORMAL,Favorable weather conditions. Revenue outlook remains favorable.
2024-12-25,Khavda Renewable Energy Park,8847.12093998426,0.0,42076.91,25656.65,1.91,LOW,NORMAL_OPERATIONS,NORMAL,Favorable weather conditions. Revenue outlook remains favorable.
2024-12-26,Khavda Renewable Energy Park,9571.419375995449,0.0,45521.67,27757.12,2.07,LOW,NORMAL_OPERATIONS,NORMAL,Favorable weather conditions. Revenue outlook remains favorable.
2024-12-27,Khavda Renewable Energy Park,9867.553771335624,0.0,46930.08,28615.9,2.13,LOW,NORMAL_OPERATIONS,NORMAL,Favorable weather conditions. Revenue outlook remains favorable.
2024-12-28,Khavda Renewable Energy Park,9783.790760515449,0.0,46531.71,28373.0,2.12,LOW,NORMAL_OPERATIONS,NORMAL,Favorable weather conditions. Revenue outlook remains favorable.
2024-12-29,Khavda Renewable Energy Park,9294.287870815211,0.0,44203.63,26953.44,2.01,LOW,NORMAL_OPERATIONS,NORMAL,Favorable weather conditions. Revenue outlook remains favorable.
2024-12-30,Khavda Renewable Energy Park,9575.205253542686,0.0,45539.68,27768.1,2.07,LOW,NORMAL_OPERATIONS,NORMAL,Favorable weather conditions. Revenue outlook remains favorable.
2024-12-31,Khavda Renewable Energy Park,7369.520095426219,0.0,35049.44,21371.61,1.59,LOW,NORMAL_OPERATIONS,NORMAL,Favorable weather conditions. Revenue outlook remains favorable.
2025-01-01,Khavda Renewable Energy Park,8405.552901576984,0.0,39976.81,24376.1,1.82,LOW,NORMAL_OPERATIONS,NORMAL,Favorable weather conditions. Revenue outlook remains favorable.
2025-01-02,Khavda Renewable Energy Park,7406.113719150987,0.0,35223.48,21477.73,1.6,LOW,NORMAL_OPERATIONS,NORMAL,Favorable weather conditions. Revenue outlook remains favorable.
2025-01-03,Khavda Renewable Energy Park,9000.157339944475,0.0,42804.75,26100.46,1.95,LOW,NORMAL_OPERATIONS,NORMAL,Favorable weather conditions. Revenue outlook remains favorable.
2025-01-04,Khavda Renewable Energy Park,9387.33634676874,0.0,44646.17,27223.28,2.03,LOW,NORMAL_OPERATIONS,NORMAL,Favorable weather conditions. Revenue outlook remains favorable.
2025-01-05,Khavda Renewable Energy Park,9678.19792263693,0.0,46029.51,28066.78,2.09,LOW,NORMAL_OPERATIONS,NORMAL,Favorable weather conditions. Revenue outlook remains favorable.
2025-01-06,Khavda Renewable Energy Park,9635.31356915469,0.0,45825.55,27942.41,2.08,LOW,NORMAL_OPERATIONS,NORMAL,Favorable weather conditions. Revenue outlook remains favorable.
2025-01-07,Khavda Renewable Energy Park,10372.694049188553,0.0,49332.54,30080.82,2.24,LOW,NORMAL_OPERATIONS,NORMAL,Favorable weather conditions. Revenue outlook remains favorable.
2025-01-08,Khavda Renewable Energy Park,10236.050793636605,0.0,48682.65,29684.54,2.21,LOW,NORMAL_OPERATIONS,NORMAL,Favorable weather conditions. Revenue outlook remains favorable.
2025-01-09,Khavda Renewable Energy Park,9989.551951110983,0.0,47510.31,28969.7,2.16,LOW,NORMAL_OPERATIONS,NORMAL,Favorable weather conditions. Revenue outlook remains favorable.
2025-01-10,Khavda Renewable Energy Park,5454.487363710948,0.0,25941.54,15818.02,1.18,LOW,NORMAL_OPERATIONS,NORMAL,Favorable weather conditions. Revenue outlook remains favorable.
2025-01-11,Khavda Renewable Energy Park,9437.159079500172,0.0,44883.13,27367.76,2.04,LOW,NORMAL_OPERATIONS,NORMAL,Favorable weather conditions. Revenue outlook remains favorable.
2025-01-12,Khavda Renewable Energy Park,10398.600676022406,0.0,49455.74,30155.94,2.25,LOW,NORMAL_OPERATIONS,NORMAL,Favorable weather conditions. Revenue outlook remains favorable.
2025-01-13,Khavda Renewable Energy Park,9735.440967257951,0.0,46301.76,28232.78,2.1,LOW,NORMAL_OPERATIONS,NORMAL,Favorable weather conditions. Revenue outlook remains favorable.
2025-01-14,Khavda Renewable Energy Park,9762.959558132698,0.0,46432.64,28312.58,2.11,LOW,NORMAL_OPERATIONS,NORMAL,Favorable weather conditions. Revenue outlook remains favorable.
2025-01-15,Khavda Renewable Energy Park,9831.945954675846,0.0,46760.74,28512.64,2.13,LOW,NORMAL_OPERATIONS,NORMAL,Favorable weather conditions. Revenue outlook remains favorable.
2025-01-16,Khavda Renewable Energy Park,9820.905649549544,0.0,46708.22,28480.62,2.12,LOW,NORMAL_OPERATIONS,NORMAL,Favorable weather conditions. Revenue outlook remains favorable.
2025-01-17,Khavda Renewable Energy Park,9601.532942522022,0.0,45664.89,27844.44,2.08,LOW,NORMAL_OPERATIONS,NORMAL,Favorable weather conditions. Revenue outlook remains favorable.
2025-01-18,Khavda Renewable Energy Park,9391.561476287818,0.0,44666.27,27235.53,2.03,LOW,NORMAL_OPERATIONS,NORMAL,Favorable weather conditions. Revenue outlook remains favorable.
2025-01-19,Khavda Renewable Energy Park,9526.32737729428,0.0,45307.21,27626.35,2.06,LOW,NORMAL_OPERATIONS,NORMAL,Favorable weather conditions. Revenue outlook remains favorable.
2025-01-20,Khavda Renewable Energy Park,10169.960740577044,0.0,48368.33,29492.88,2.2,LOW,NORMAL_OPERATIONS,NORMAL,Favorable weather conditions. Revenue outlook remains favorable.
2025-01-21,Khavda Renewable Energy Park,9771.492132449968,0.0,46473.21,28337.32,2.11,LOW,NORMAL_OPERATIONS,NORMAL,Favorable weather conditions. Revenue outlook remains favorable.
2025-01-22,Khavda Renewable Energy Park,9995.830881077196,0.0,47540.17,28987.91,2.16,LOW,NORMAL_OPERATIONS,NORMAL,Favorable weather conditions. Revenue outlook remains favorable.
2025-01-23,Khavda Renewable Energy Park,10700.177256672108,0.0,50890.04,31030.52,2.31,LOW,NORMAL_OPERATIONS,NORMAL,Favorable weather conditions. Revenue outlook remains favorable.
2025-01-24,Khavda Renewable Energy Park,10430.14218671372,0.0,49605.75,30247.41,2.25,LOW,NORMAL_OPERATIONS,NORMAL,Favorable weather conditions. Revenue outlook remains favorable.
2025-01-25,Khavda Renewable Energy Park,10738.245484028264,0.0,51071.09,31140.91,2.32,LOW,NORMAL_OPERATIONS,NORMAL,Favorable weather conditions. Revenue outlook remains favorable.
2025-01-26,Khavda Renewable Energy Park,10523.49383781396,0.0,50049.73,30518.13,2.27,LOW,NORMAL_OPERATIONS,NORMAL,Favorable weather conditions. Revenue outlook remains favorable.
2025-01-27,Khavda Renewable Energy Park,6637.356353770794,0.0,31567.27,19248.34,1.43,LOW,NORMAL_OPERATIONS,NORMAL,Favorable weather conditions. Revenue outlook remains favorable.
2025-01-28,Khavda Renewable Energy Park,7295.816120738875,0.0,34698.9,21157.86,1.58,LOW,NORMAL_OPERATIONS,NORMAL,Favorable weather conditions. Revenue outlook remains favorable.
2025-01-29,Khavda Renewable Energy Park,10222.225040275229,0.0,48616.91,29644.46,2.21,LOW,NORMAL_OPERATIONS,NORMAL,Favorable weather conditions. Revenue outlook remains favorable.
2025-01-30,Khavda Renewable Energy Park,8597.853172635654,0.0,40891.39,24933.78,1.86,LOW,NORMAL_OPERATIONS,NORMAL,Favorable weather conditions. Revenue outlook remains favorable.
2025-01-31,Khavda Renewable Energy Park,10999.22313799686,0.0,52312.3,31897.74,2.38,LOW,NORMAL_OPERATIONS,NORMAL,Favorable weather conditions. Revenue outlook remains favorable.
2025-02-01,Khavda Renewable Energy Park,10802.856469101514,0.0,51378.39,31328.28,2.34,LOW,NORMAL_OPERATIONS,NORMAL,Favorable weather conditions. Revenue outlook remains favorable.
2025-02-02,Khavda Renewable Energy Park,10239.376185203331,0.0,48698.47,29694.19,2.21,LOW,NORMAL_OPERATIONS,NORMAL,Favorable weather conditions. Revenue outlook remains favorable.
2025-02-03,Khavda Renewable Energy Park,10536.058413836718,0.0,50109.49,30554.57,2.28,LOW,NORMAL_OPERATIONS,NORMAL,Favorable weather conditions. Revenue outlook remains favorable.
2025-02-04,Khavda Renewable Energy Park,9734.199617503164,0.0,46295.86,28229.18,2.1,LOW,NORMAL_OPERATIONS,NORMAL,Favorable weather conditions. Revenue outlook remains favorable.
2025-02-05,Khavda Renewable Energy Park,11811.935331365376,0.0,56177.56,34254.61,2.55,LOW,NORMAL_OPERATIONS,NORMAL,Favorable weather conditions. Revenue outlook remains favorable.
2025-02-06,Khavda Renewable Energy Park,11155.827453446833,0.0,53057.12,32351.9,2.41,LOW,NORMAL_OPERATIONS,NORMAL,Favorable weather conditions. Revenue outlook remains favorable.
2025-02-07,Khavda Renewable Energy Park,9364.520278838902,0.0,44537.66,27157.11,2.02,LOW,NORMAL_OPERATIONS,NORMAL,Favorable weather conditions. Revenue outlook remains favorable.
2025-02-08,Khavda Renewable Energy Park,5811.497131892794,0.0,27639.48,16853.34,1.26,LOW,NORMAL_OPERATIONS,NORMAL,Favorable weather conditions. Revenue outlook remains favorable.
2025-02-09,Khavda Renewable Energy Park,10261.776973290158,0.0,48805.01,29759.16,2.22,LOW,NORMAL_OPERATIONS,NORMAL,Favorable weather conditions. Revenue outlook remains favorable.
2025-02-10,Khavda Renewable Energy Park,8794.609988191654,0.0,41827.17,25504.37,1.9,LOW,NORMAL_OPERATIONS,NORMAL,Favorable weather conditions. Revenue outlook remains favorable.
2025-02-11,Khavda Renewable Energy Park,9318.268657039387,0.0,44317.69,27022.98,2.01,LOW,NORMAL_OPERATIONS,NORMAL,Favorable weather conditions. Revenue outlook remains favorable.
2025-02-12,Khavda Renewable Energy Park,11185.180069258631,0.0,53196.71,32437.02,2.42,LOW,NORMAL_OPERATIONS,NORMAL,Favorable weather conditions. Revenue outlook remains favorable.
2025-02-13,Khavda Renewable Energy Park,11323.77852341095,0.0,53855.89,32838.96,2.45,LOW,NORMAL_OPERATIONS,NORMAL,Favorable weather conditions. Revenue outlook remains favorable.
2025-02-14,Khavda Renewable Energy Park,11115.687004309111,0.0,52866.2,32235.49,2.4,LOW,NORMAL_OPERATIONS,NORMAL,Favorable weather conditions. Revenue outlook remains favorable.
2025-02-15,Khavda Renewable Energy Park,9405.040180345852,0.0,44730.37,27274.62,2.03,LOW,NORMAL_OPERATIONS,NORMAL,Favorable weather conditions. Revenue outlook remains favorable.
2025-02-16,Khavda Renewable Energy Park,10921.704912691688,0.0,51943.63,31672.94,2.36,LOW,NORMAL_OPERATIONS,NORMAL,Favorable weather conditions. Revenue outlook remains favorable.
2025-02-17,Khavda Renewable Energy Park,9852.81133752451,0.0,46859.97,28573.16,2.13,LOW,NORMAL_OPERATIONS,NORMAL,Favorable weather conditions. Revenue outlook remains favorable.
2025-02-18,Khavda Renewable Energy Park,6036.807134292748,0.0,28711.05,17506.74,1.31,LOW,NORMAL_OPERATIONS,NORMAL,Favorable weather conditions. Revenue outlook remains favorable.
2025-02-19,Khavda Renewable Energy Park,7366.899466467155,0.0,35036.98,21364.01,1.59,LOW,NORMAL_OPERATIONS,NORMAL,Favorable weather conditions. Revenue outlook remains favorable.
2025-02-20,Khavda Renewable Energy Park,11701.012058869585,0.0,55650.01,33932.94,2.53,LOW,NORMAL_OPERATIONS,NORMAL,Favorable weather conditions. Revenue outlook remains favorable.
2025-02-21,Khavda Renewable Energy Park,3919.9386549950345,0.0,18643.22,11367.82,0.85,LOW,NORMAL_OPERATIONS,NORMAL,Favorable weather conditions. Revenue outlook remains favorable.
2025-02-22,Khavda Renewable Energy Park,11184.66433527218,0.0,53194.26,32435.52,2.42,LOW,NORMAL_OPERATIONS,NORMAL,Favorable weather conditions. Revenue outlook remains favorable.
2025-02-23,Khavda Renewable Energy Park,9470.723100150812,0.0,45042.76,27465.1,2.05,LOW,NORMAL_OPERATIONS,NORMAL,Favorable weather conditions. Revenue outlook remains favorable.
2025-02-24,Khavda Renewable Energy Park,2452.1243722422632,0.0,11662.3,7111.16,0.53,MEDIUM,NORMAL_OPERATIONS,CLOUD_CURTAILMENT,Cloud cover and rainfall may reduce solar generation.
2025-02-25,Khavda Renewable Energy Park,82.81561010855442,0.0,393.87,240.16,0.02,MEDIUM,NORMAL_OPERATIONS,CLOUD_CURTAILMENT,Cloud cover and rainfall may reduce solar generation.
2025-02-26,Khavda Renewable Energy Park,1213.0791061839818,0.0,5769.41,3517.93,0.26,MEDIUM,NORMAL_OPERATIONS,CLOUD_CURTAILMENT,Cloud cover and rainfall may reduce solar generation.
2025-02-27,Khavda Renewable Energy Park,494.8877823308204,0.0,2353.69,1435.18,0.11,MEDIUM,NORMAL_OPERATIONS,CLOUD_CURTAILMENT,Cloud cover and rainfall may reduce solar generation.
2025-02-28,Khavda Renewable Energy Park,3226.169143447193,0.0,15343.66,9355.89,0.7,MEDIUM,NORMAL_OPERATIONS,CLOUD_CURTAILMENT,Cloud cover and rainfall may reduce solar generation.
2025-03-01,Khavda Renewable Energy Park,9745.326287835964,0.0,46348.77,28261.44,2.11,LOW,NORMAL_OPERATIONS,NORMAL,Favorable weather conditions. Revenue outlook remains favorable.
2025-03-02,Khavda Renewable Energy Park,11180.59070707662,0.0,53174.89,32423.72,2.42,LOW,NORMAL_OPERATIONS,NORMAL,Favorable weather conditions. Revenue outlook remains favorable.
2025-03-03,Khavda Renewable Energy Park,9443.950207138174,0.0,44915.43,27387.46,2.04,LOW,NORMAL_OPERATIONS,NORMAL,Favorable weather conditions. Revenue outlook remains favorable.
2025-03-04,Khavda Renewable Energy Park,12323.349409814891,0.0,58609.85,35737.71,2.66,LOW,NORMAL_OPERATIONS,NORMAL,Favorable weather conditions. Revenue outlook remains favorable.
2025-03-05,Khavda Renewable Energy Park,13977.643210207292,0.0,66477.67,40535.16,3.02,LOW,NORMAL_OPERATIONS,NORMAL,Favorable weather conditions. Revenue outlook remains favorable.
2025-03-06,Khavda Renewable Energy Park,12509.482412624671,0.0,59495.1,36277.5,2.7,LOW,NORMAL_OPERATIONS,NORMAL,Favorable weather conditions. Revenue outlook remains favorable.
2025-03-07,Khavda Renewable Energy Park,12219.095054531235,0.0,58114.02,35435.38,2.64,LOW,NORMAL_OPERATIONS,NORMAL,Favorable weather conditions. Revenue outlook remains favorable.
2025-03-08,Khavda Renewable Energy Park,11648.262662186087,0.0,55399.13,33779.96,2.52,LOW,NORMAL_OPERATIONS,NORMAL,Favorable weather conditions. Revenue outlook remains favorable.
2025-03-09,Khavda Renewable Energy Park,11767.816729546616,0.0,55967.74,34126.67,2.54,LOW,NORMAL_OPERATIONS,NORMAL,Favorable weather conditions. Revenue outlook remains favorable.
2025-03-10,Khavda Renewable Energy Park,8105.551686405037,0.0,38550.0,23506.1,1.75,LOW,NORMAL_OPERATIONS,NORMAL,Favorable weather conditions. Revenue outlook remains favorable.
2025-03-11,Khavda Renewable Energy Park,10846.13604912656,0.0,51584.22,31453.8,2.34,LOW,NORMAL_OPERATIONS,NORMAL,Favorable weather conditions. Revenue outlook remains favorable.
2025-03-12,Khavda Renewable Energy Park,12240.135401146072,0.0,58214.09,35496.39,2.65,LOW,NORMAL_OPERATIONS,NORMAL,Favorable weather conditions. Revenue outlook remains favorable.
2025-03-13,Khavda Renewable Energy Park,12177.95667612617,0.0,57918.36,35316.07,2.63,LOW,NORMAL_OPERATIONS,NORMAL,Favorable weather conditions. Revenue outlook remains favorable.
2025-03-14,Khavda Renewable Energy Park,9215.738249925464,0.0,43830.05,26725.64,1.99,LOW,NORMAL_OPERATIONS,NORMAL,Favorable weather conditions. Revenue outlook remains favorable.
2025-03-15,Khavda Renewable Energy Park,10296.61316986726,0.0,48970.7,29860.18,2.23,LOW,NORMAL_OPERATIONS,NORMAL,Favorable weather conditions. Revenue outlook remains favorable.
2025-03-16,Khavda Renewable Energy Park,12907.91185809343,0.0,61390.03,37432.94,2.79,LOW,NORMAL_OPERATIONS,NORMAL,Favorable weather conditions. Revenue outlook remains favorable.
2025-03-17,Khavda Renewable Energy Park,11248.360517383762,0.0,53497.2,32620.24,2.43,LOW,NORMAL_OPERATIONS,NORMAL,Favorable weather conditions. Revenue outlook remains favorable.
2025-03-18,Khavda Renewable Energy Park,12321.28481104475,0.0,58600.03,35731.72,2.66,LOW,NORMAL_OPERATIONS,NORMAL,Favorable weather conditions. Revenue outlook remains favorable.
2025-03-19,Khavda Renewable Energy Park,12390.158088855684,0.0,58927.59,35931.46,2.68,LOW,NORMAL_OPERATIONS,NORMAL,Favorable weather conditions. Revenue outlook remains favorable.
2025-03-20,Khavda Renewable Energy Park,11945.868896863602,0.0,56814.55,34643.02,2.58,LOW,NORMAL_OPERATIONS,NORMAL,Favorable weather conditions. Revenue outlook remains favorable.
2025-03-21,Khavda Renewable Energy Park,13549.140191268938,0.0,64439.71,39292.5,2.93,LOW,NORMAL_OPERATIONS,NORMAL,Favorable weather conditions. Revenue outlook remains favorable.
2025-03-22,Khavda Renewable Energy Park,13608.908971442865,0.0,64723.97,39465.84,2.94,LOW,NORMAL_OPERATIONS,NORMAL,Favorable weather conditions. Revenue outlook remains favorable.
2025-03-23,Khavda Renewable Energy Park,13192.08049680882,0.0,62741.54,38257.04,2.85,LOW,NORMAL_OPERATIONS,NORMAL,Favorable weather conditions. Revenue outlook remains favorable.
2025-03-24,Khavda Renewable Energy Park,13482.05453218772,0.0,64120.65,39097.96,2.91,LOW,NORMAL_OPERATIONS,NORMAL,Favorable weather conditions. Revenue outlook remains favorable.
2025-03-25,Khavda Renewable Energy Park,13136.387074809263,0.0,62476.66,38095.52,2.84,LOW,NORMAL_OPERATIONS,NORMAL,Favorable weather conditions. Revenue outlook remains favorable.
2025-03-26,Khavda Renewable Energy Park,13567.250722871471,0.0,64525.84,39345.02,2.93,LOW,NORMAL_OPERATIONS,NORMAL,Favorable weather conditions. Revenue outlook remains favorable.
2025-03-27,Khavda Renewable Energy Park,13018.474961448084,0.0,61915.86,37753.57,2.81,LOW,NORMAL_OPERATIONS,NORMAL,Favorable weather conditions. Revenue outlook remains favorable.
2025-03-28,Khavda Renewable Energy Park,6585.999617528022,0.0,31323.02,19099.4,1.42,LOW,NORMAL_OPERATIONS,NORMAL,Favorable weather conditions. Revenue outlook remains favorable.
2025-03-29,Khavda Renewable Energy Park,3404.316239437744,0.0,16190.92,9872.52,0.74,MEDIUM,NORMAL_OPERATIONS,CLOUD_CURTAILMENT,Cloud cover and rainfall may reduce solar generation.
2025-03-30,Khavda Renewable Energy Park,11502.683797134105,0.0,54706.77,33357.79,2.49,LOW,NORMAL_OPERATIONS,NORMAL,Favorable weather conditions. Revenue outlook remains favorable.
2025-03-31,Khavda Renewable Energy Park,12231.47252398809,0.0,58172.88,35471.27,2.64,LOW,NORMAL_OPERATIONS,NORMAL,Favorable weather conditions. Revenue outlook remains favorable.
2025-04-01,Khavda Renewable Energy Park,12795.782347691593,0.0,60856.74,37107.77,2.77,LOW,NORMAL_OPERATIONS,NORMAL,Favorable weather conditions. Revenue outlook remains favorable.
2025-04-02,Khavda Renewable Energy Park,12116.293327106145,0.0,57625.09,35137.25,2.62,LOW,NORMAL_OPERATIONS,NORMAL,Favorable weather conditions. Revenue outlook remains favorable.
2025-04-03,Khavda Renewable Energy Park,11918.080881713367,0.0,56682.39,34562.44,2.58,LOW,NORMAL_OPERATIONS,NORMAL,Favorable weather conditions. Revenue outlook remains favorable.
2025-04-04,Khavda Renewable Energy Park,13164.743132233882,0.0,62611.52,38177.75,2.85,LOW,NORMAL_OPERATIONS,NORMAL,Favorable weather conditions. Revenue outlook remains favorable.
2025-04-05,Khavda Renewable Energy Park,13975.493582904715,0.0,66467.45,40528.93,3.02,LOW,NORMAL_OPERATIONS,NORMAL,Favorable weather conditions. Revenue outlook remains favorable.
2025-04-06,Khavda Renewable Energy Park,12766.573051256924,0.0,60717.82,37023.06,2.76,LOW,NORMAL_OPERATIONS,NORMAL,Favorable weather conditions. Revenue outlook remains favorable.
2025-04-07,Khavda Renewable Energy Park,14014.337027381316,0.0,66652.18,40641.57,3.03,LOW,NORMAL_OPERATIONS,NORMAL,Favorable weather conditions. Revenue outlook remains favorable.
2025-04-08,Khavda Renewable Energy Park,13363.614661207346,0.0,63557.36,38754.48,2.89,LOW,NORMAL_OPERATIONS,NORMAL,Favorable weather conditions. Revenue outlook remains favorable.
2025-04-09,Khavda Renewable Energy Park,7032.632004909755,0.0,33447.2,20394.63,1.52,LOW,NORMAL_OPERATIONS,NORMAL,Favorable weather conditions. Revenue outlook remains favorable.
2025-04-10,Khavda Renewable Energy Park,13184.103199251576,0.0,62703.6,38233.9,2.85,LOW,NORMAL_OPERATIONS,NORMAL,Favorable weather conditions. Revenue outlook remains favorable.
2025-04-11,Khavda Renewable Energy Park,12381.655847625108,0.0,58887.15,35906.8,2.68,LOW,NORMAL_OPERATIONS,NORMAL,Favorable weather conditions. Revenue outlook remains favorable.
2025-04-12,Khavda Renewable Energy Park,13600.98345315082,0.0,64686.27,39442.85,2.94,LOW,NORMAL_OPERATIONS,NORMAL,Favorable weather conditions. Revenue outlook remains favorable.
2025-04-13,Khavda Renewable Energy Park,13449.523925261488,0.0,63965.94,39003.62,2.91,LOW,NORMAL_OPERATIONS,NORMAL,Favorable weather conditions. Revenue outlook remains favorable.
2025-04-14,Khavda Renewable Energy Park,12454.310765632494,0.0,59232.7,36117.5,2.69,LOW,NORMAL_OPERATIONS,NORMAL,Favorable weather conditions. Revenue outlook remains favorable.
2025-04-15,Khavda Renewable Energy Park,12889.287008591682,0.0,61301.45,37378.93,2.79,LOW,NORMAL_OPERATIONS,NORMAL,Favorable weather conditions. Revenue outlook remains favorable.
2025-04-16,Khavda Renewable Energy Park,12605.194552017709,0.0,59950.31,36555.06,2.73,LOW,NORMAL_OPERATIONS,NORMAL,Favorable weather conditions. Revenue outlook remains favorable.
2025-04-17,Khavda Renewable Energy Park,13376.363431145735,0.0,63617.99,38791.46,2.89,LOW,NORMAL_OPERATIONS,NORMAL,Favorable weather conditions. Revenue outlook remains favorable.
2025-04-18,Khavda Renewable Energy Park,12239.494569762412,0.0,58211.04,35494.54,2.65,LOW,NORMAL_OPERATIONS,NORMAL,Favorable weather conditions. Revenue outlook remains favorable.
2025-04-19,Khavda Renewable Energy Park,14679.829848379495,0.0,69817.27,42571.5,3.17,LOW,NORMAL_OPERATIONS,NORMAL,Favorable weather conditions. Revenue outlook remains favorable.
2025-04-20,Khavda Renewable Energy Park,13648.232313649762,0.0,64911.0,39579.88,2.95,LOW,NORMAL_OPERATIONS,NORMAL,Favorable weather conditions. Revenue outlook remains favorable.
2025-04-21,Khavda Renewable Energy Park,12961.069001557737,0.0,61642.84,37587.1,2.8,LOW,NORMAL_OPERATIONS,NORMAL,Favorable weather conditions. Revenue outlook remains favorable.
2025-04-22,Khavda Renewable Energy Park,12833.745208467582,0.0,61037.29,37217.86,2.77,LOW,NORMAL_OPERATIONS,NORMAL,Favorable weather conditions. Revenue outlook remains favorable.
2025-04-23,Khavda Renewable Energy Park,12956.9413268835,0.0,61623.21,37575.13,2.8,LOW,NORMAL_OPERATIONS,NORMAL,Favorable weather conditions. Revenue outlook remains favorable.
2025-04-24,Khavda Renewable Energy Park,12873.373748579088,0.0,61225.77,37332.79,2.78,LOW,NORMAL_OPERATIONS,NORMAL,Favorable weather conditions. Revenue outlook remains favorable.
2025-04-25,Khavda Renewable Energy Park,13398.57706824332,0.0,63723.64,38855.88,2.9,LOW,NORMAL_OPERATIONS,NORMAL,Favorable weather conditions. Revenue outlook remains favorable.
2025-04-26,Khavda Renewable Energy Park,12751.383383875109,0.0,60645.58,36979.01,2.76,LOW,NORMAL_OPERATIONS,NORMAL,Favorable weather conditions. Revenue outlook remains favorable.
2025-04-27,Khavda Renewable Energy Park,12218.71326107322,0.0,58112.2,35434.27,2.64,LOW,NORMAL_OPERATIONS,NORMAL,Favorable weather conditions. Revenue outlook remains favorable.
2025-04-28,Khavda Renewable Energy Park,12936.11562345909,0.0,61524.17,37514.74,2.8,LOW,NORMAL_OPERATIONS,NORMAL,Favorable weather conditions. Revenue outlook remains favorable.
2025-04-29,Khavda Renewable Energy Park,10040.417351381471,0.0,47752.22,29117.21,2.17,LOW,NORMAL_OPERATIONS,NORMAL,Favorable weather conditions. Revenue outlook remains favorable.
2025-04-30,Khavda Renewable Energy Park,9387.969153291107,0.0,44649.18,27225.11,2.03,LOW,NORMAL_OPERATIONS,NORMAL,Favorable weather conditions. Revenue outlook remains favorable.
2025-05-01,Khavda Renewable Energy Park,12517.907636518288,0.0,59535.17,36301.93,2.71,LOW,NORMAL_OPERATIONS,NORMAL,Favorable weather conditions. Revenue outlook remains favorable.
2025-05-02,Khavda Renewable Energy Park,11882.265951254298,0.0,56512.05,34458.57,2.57,LOW,NORMAL_OPERATIONS,NORMAL,Favorable weather conditions. Revenue outlook remains favorable.
2025-05-03,Khavda Renewable Energy Park,11620.544452076914,0.0,55267.31,33699.58,2.51,LOW,NORMAL_OPERATIONS,NORMAL,Favorable weather conditions. Revenue outlook remains favorable.
2025-05-04,Khavda Renewable Energy Park,10886.13730723786,0.0,51774.47,31569.8,2.35,LOW,NORMAL_OPERATIONS,NORMAL,Favorable weather conditions. Revenue outlook remains favorable.
2025-05-05,Khavda Renewable Energy Park,8480.041851822625,0.0,40331.08,24592.12,1.83,LOW,NORMAL_OPERATIONS,NORMAL,Favorable weather conditions. Revenue outlook remains favorable.
2025-05-06,Khavda Renewable Energy Park,7197.864218174912,0.0,34233.04,20873.8,1.56,LOW,NORMAL_OPERATIONS,NORMAL,Favorable weather conditions. Revenue outlook remains favorable.
2025-05-07,Khavda Renewable Energy Park,11202.76294699538,0.0,53280.34,32488.02,2.42,LOW,NORMAL_OPERATIONS,NORMAL,Favorable weather conditions. Revenue outlook remains favorable.
2025-05-08,Khavda Renewable Energy Park,8965.748078167608,0.0,42641.1,26000.67,1.94,LOW,NORMAL_OPERATIONS,NORMAL,Favorable weather conditions. Revenue outlook remains favorable.
2025-05-09,Khavda Renewable Energy Park,10915.230655769608,0.0,51912.84,31654.17,2.36,LOW,NORMAL_OPERATIONS,NORMAL,Favorable weather conditions. Revenue outlook remains favorable.
2025-05-10,Khavda Renewable Energy Park,12205.379648925278,0.0,58048.78,35395.6,2.64,LOW,NORMAL_OPERATIONS,NORMAL,Favorable weather conditions. Revenue outlook remains favorable.
2025-05-11,Khavda Renewable Energy Park,11287.59654353173,0.0,53683.81,32734.03,2.44,LOW,NORMAL_OPERATIONS,NORMAL,Favorable weather conditions. Revenue outlook remains favorable.
2025-05-12,Khavda Renewable Energy Park,12774.6118435915,0.0,60756.06,37046.38,2.76,LOW,NORMAL_OPERATIONS,NORMAL,Favorable weather conditions. Revenue outlook remains favorable.
2025-05-13,Khavda Renewable Energy Park,12839.923353969338,12842.313,61066.68,37235.78,2.78,LOW,NORMAL_OPERATIONS,NORMAL,Forecast indicates strong renewable output expected. Weather risks remain low.
2025-05-14,Khavda Renewable Energy Park,12302.626872084613,12329.585,58511.3,35677.62,2.66,LOW,NORMAL_OPERATIONS,NORMAL,Forecast indicates strong renewable output expected. Weather risks remain low.
2025-05-15,Khavda Renewable Energy Park,12511.288885450887,12528.421,59503.69,36282.74,2.7,LOW,NORMAL_OPERATIONS,NORMAL,Forecast indicates strong renewable output expected. Weather risks remain low.
2025-05-16,Khavda Renewable Energy Park,12433.67058873728,12442.0,59134.54,36057.64,2.69,LOW,NORMAL_OPERATIONS,NORMAL,Forecast indicates strong renewable output expected. Weather risks remain low.
2025-05-17,Khavda Renewable Energy Park,12563.084843909472,12576.31,59750.03,36432.94,2.72,LOW,NORMAL_OPERATIONS,NORMAL,Forecast indicates strong renewable output expected. Weather risks remain low.
2025-05-18,Khavda Renewable Energy Park,12120.391634711565,12124.6,57644.58,35149.14,2.62,LOW,NORMAL_OPERATIONS,NORMAL,Forecast indicates strong renewable output expected. Weather risks remain low.
2025-05-19,Khavda Renewable Energy Park,12312.85092860998,12323.279,58559.92,35707.27,2.66,LOW,NORMAL_OPERATIONS,NORMAL,Forecast indicates strong renewable output expected. Weather risks remain low.
2025-05-20,Khavda Renewable Energy Park,12510.469743739266,12510.051,59499.79,36280.36,2.7,LOW,NORMAL_OPERATIONS,NORMAL,Favorable weather conditions. Revenue outlook remains favorable.
2025-05-21,Khavda Renewable Energy Park,13570.36935453857,13581.826,64540.67,39354.07,2.93,LOW,NORMAL_OPERATIONS,NORMAL,Forecast indicates strong renewable output expected. Weather risks remain low.
2025-05-22,Khavda Renewable Energy Park,13378.311854631493,13378.447,63627.25,38797.11,2.89,LOW,NORMAL_OPERATIONS,NORMAL,Forecast indicates strong renewable output expected. Weather risks remain low.
2025-05-23,Khavda Renewable Energy Park,13203.447115155324,13185.415,62795.59,38290.0,2.85,LOW,NORMAL_OPERATIONS,NORMAL,Favorable weather conditions. Revenue outlook remains favorable.
2025-05-24,Khavda Renewable Energy Park,13274.194710852922,13280.565,63132.07,38495.16,2.87,LOW,NORMAL_OPERATIONS,NORMAL,Forecast indicates strong renewable output expected. Weather risks remain low.
2025-05-25,Khavda Renewable Energy Park,13261.066615611153,13275.0625,63069.64,38457.1,2.87,LOW,NORMAL_OPERATIONS,NORMAL,Forecast indicates strong renewable output expected. Weather risks remain low.
2025-05-26,Khavda Renewable Energy Park,12998.064747182782,12987.886,61818.8,37694.39,2.81,LOW,NORMAL_OPERATIONS,NORMAL,Favorable weather conditions. Revenue outlook remains favorable.
2025-05-27,Khavda Renewable Energy Park,12786.949412973428,12719.657,60814.73,37082.16,2.76,LOW,NORMAL_OPERATIONS,NORMAL,Favorable weather conditions. Revenue outlook remains favorable.
2025-05-28,Khavda Renewable Energy Park,6376.98082541082,6421.858,30328.92,18493.24,1.38,LOW,NORMAL_OPERATIONS,NORMAL,Forecast indicates strong renewable output expected. Weather risks remain low.
2025-05-29,Khavda Renewable Energy Park,8607.809861604763,8515.906,40938.75,24962.65,1.86,LOW,NORMAL_OPERATIONS,NORMAL,Favorable weather conditions. Revenue outlook remains favorable.
2025-05-30,Khavda Renewable Energy Park,10599.098300134734,10786.412,50409.31,30737.38,2.29,LOW,NORMAL_OPERATIONS,NORMAL,Forecast indicates strong renewable output expected. Weather risks remain low.
2025-05-31,Khavda Renewable Energy Park,6629.9180859249445,6614.879,31531.89,19226.76,1.43,MEDIUM,NORMAL_OPERATIONS,NORMAL,Moderate weather patterns observed. Monitor generation closely.
2025-06-01,Khavda Renewable Energy Park,10428.457837908174,10408.473,49597.75,30242.53,2.25,LOW,NORMAL_OPERATIONS,NORMAL,Favorable weather conditions. Revenue outlook remains favorable.
2025-06-02,Khavda Renewable Energy Park,7883.180950070612,7782.7,37492.41,22861.22,1.7,LOW,NORMAL_OPERATIONS,NORMAL,Favorable weather conditions. Revenue outlook remains favorable.
2025-06-03,Khavda Renewable Energy Park,11660.38527258759,11535.168,55456.79,33815.12,2.52,LOW,NORMAL_OPERATIONS,NORMAL,Favorable weather conditions. Revenue outlook remains favorable.
2025-06-04,Khavda Renewable Energy Park,10783.18235312844,10799.111,51284.82,31271.23,2.33,LOW,NORMAL_OPERATIONS,NORMAL,Forecast indicates strong renewable output expected. Weather risks remain low.
2025-06-05,Khavda Renewable Energy Park,13425.56108364002,13444.165,63851.96,38934.12,2.9,LOW,NORMAL_OPERATIONS,NORMAL,Forecast indicates strong renewable output expected. Weather risks remain low.
2025-06-06,Khavda Renewable Energy Park,13043.57223048001,12995.024,62035.23,37826.36,2.82,LOW,NORMAL_OPERATIONS,NORMAL,Favorable weather conditions. Revenue outlook remains favorable.
2025-06-07,Khavda Renewable Energy Park,12890.080277797337,12879.472,61305.23,37381.24,2.79,LOW,NORMAL_OPERATIONS,NORMAL,Favorable weather conditions. Revenue outlook remains favorable.
2025-06-08,Khavda Renewable Energy Park,13810.88737941516,13947.099,65684.58,40051.57,2.99,LOW,NORMAL_OPERATIONS,NORMAL,Forecast indicates strong renewable output expected. Weather risks remain low.
2025-06-09,Khavda Renewable Energy Park,13284.458477688764,13319.75,63180.89,38524.93,2.87,LOW,NORMAL_OPERATIONS,NORMAL,Forecast indicates strong renewable output expected. Weather risks remain low.
2025-06-10,Khavda Renewable Energy Park,13076.290279482992,13172.127,62190.83,37921.24,2.83,LOW,NORMAL_OPERATIONS,NORMAL,Forecast indicates strong renewable output expected. Weather risks remain low.
2025-06-11,Khavda Renewable Energy Park,7928.955893686424,7781.3228,37710.11,22993.97,1.71,LOW,NORMAL_OPERATIONS,NORMAL,Favorable weather conditions. Revenue outlook remains favorable.
2025-06-12,Khavda Renewable Energy Park,10774.858964812718,10833.885,51245.23,31247.09,2.33,LOW,NORMAL_OPERATIONS,NORMAL,Forecast indicates strong renewable output expected. Weather risks remain low.
2025-06-13,Khavda Renewable Energy Park,7366.311460962309,7312.3193,35034.18,21362.3,1.59,LOW,NORMAL_OPERATIONS,NORMAL,Favorable weather conditions. Revenue outlook remains favorable.
2025-06-14,Khavda Renewable Energy Park,9641.18278349698,9533.143,45853.47,27959.43,2.08,LOW,NORMAL_OPERATIONS,NORMAL,Favorable weather conditions. Revenue outlook remains favorable.
2025-06-15,Khavda Renewable Energy Park,2903.118554962854,2855.8044,13807.23,8419.04,0.63,MEDIUM,NORMAL_OPERATIONS,CLOUD_CURTAILMENT,Cloud cover and rainfall may reduce solar generation.
2025-06-16,Khavda Renewable Energy Park,160.010304062033,180.63654,761.01,464.03,0.03,MEDIUM,NORMAL_OPERATIONS,CLOUD_CURTAILMENT,Cloud cover and rainfall may reduce solar generation.
2025-06-17,Khavda Renewable Energy Park,457.63239780341615,414.9849,2176.5,1327.14,0.1,MEDIUM,NORMAL_OPERATIONS,CLOUD_CURTAILMENT,Cloud cover and rainfall may reduce solar generation.
2025-06-18,Khavda Renewable Energy Park,3670.187536942011,3619.9868,17455.41,10643.54,0.79,MEDIUM,NORMAL_OPERATIONS,CLOUD_CURTAILMENT,Cloud cover and rainfall may reduce solar generation.
2025-06-19,Khavda Renewable Energy Park,1001.5429926705656,978.70557,4763.34,2904.48,0.22,MEDIUM,NORMAL_OPERATIONS,CLOUD_CURTAILMENT,Cloud cover and rainfall may reduce solar generation.
2025-06-20,Khavda Renewable Energy Park,3650.671458225166,3674.1465,17362.59,10586.94,0.79,LOW,NORMAL_OPERATIONS,NORMAL,Forecast indicates strong renewable output expected. Weather risks remain low.
2025-06-21,Khavda Renewable Energy Park,738.9365884423609,716.3463,3514.38,2142.92,0.16,MEDIUM,NORMAL_OPERATIONS,CLOUD_CURTAILMENT,Cloud cover and rainfall may reduce solar generation.
2025-06-22,Khavda Renewable Energy Park,34.996394830441005,39.011875,166.44,101.49,0.01,MEDIUM,NORMAL_OPERATIONS,CLOUD_CURTAILMENT,Cloud cover and rainfall may reduce solar generation.
2025-06-23,Khavda Renewable Energy Park,542.5197661184316,552.7161,2580.22,1573.3,0.12,MEDIUM,NORMAL_OPERATIONS,CLOUD_CURTAILMENT,Cloud cover and rainfall may reduce solar generation.
2025-06-24,Khavda Renewable Energy Park,1297.558437031107,1289.3738,6171.19,3762.92,0.28,MEDIUM,NORMAL_OPERATIONS,CLOUD_CURTAILMENT,Cloud cover and rainfall may reduce solar generation.
2025-06-25,Khavda Renewable Energy Park,9.342361815841215,12.787087,44.44,27.1,0.0,MEDIUM,NORMAL_OPERATIONS,CLOUD_CURTAILMENT,Cloud cover and rainfall may reduce solar generation.
2025-06-26,Khavda Renewable Energy Park,547.1894832522337,538.9446,2602.43,1586.85,0.12,MEDIUM,NORMAL_OPERATIONS,CLOUD_CURTAILMENT,Cloud cover and rainfall may reduce solar generation.
2025-06-27,Khavda Renewable Energy Park,13.386594131628824,0.96863204,63.66,38.82,0.0,MEDIUM,WEATHER_WARNING,CLOUD_CURTAILMENT|HEAVY_RAIN,Cloud cover and rainfall may reduce solar generation.
2025-06-28,Khavda Renewable Energy Park,943.6122632611474,966.55396,4487.82,2736.48,0.2,MEDIUM,NORMAL_OPERATIONS,CLOUD_CURTAILMENT,Cloud cover and rainfall may reduce solar generation.
2025-06-29,Khavda Renewable Energy Park,1603.0165680097302,1577.5363,7623.95,4648.75,0.35,MEDIUM,NORMAL_OPERATIONS,CLOUD_CURTAILMENT,Cloud cover and rainfall may reduce solar generation.
2025-06-30,Khavda Renewable Energy Park,177.86596311331496,166.99773,845.93,515.81,0.04,MEDIUM,NORMAL_OPERATIONS,CLOUD_CURTAILMENT,Cloud cover and rainfall may reduce solar generation.
2025-07-01,Khavda Renewable Energy Park,2840.165003745713,2799.6665,13507.83,8236.48,0.61,MEDIUM,NORMAL_OPERATIONS,CLOUD_CURTAILMENT,Cloud cover and rainfall may reduce solar generation.
2025-07-02,Khavda Renewable Energy Park,940.5327839983198,932.21844,4473.17,2727.54,0.2,MEDIUM,NORMAL_OPERATIONS,CLOUD_CURTAILMENT,Cloud cover and rainfall may reduce solar generation.
2025-07-03,Khavda Renewable Energy Park,0.0,1.8474731,0.0,0.0,0.0,MEDIUM,NORMAL_OPERATIONS,CLOUD_CURTAILMENT,Cloud cover and rainfall may reduce solar generation.
2025-07-04,Khavda Renewable Energy Park,4.113438946602921,23.96442,19.57,11.93,0.0,MEDIUM,NORMAL_OPERATIONS,CLOUD_CURTAILMENT,Cloud cover and rainfall may reduce solar generation.
2025-07-05,Khavda Renewable Energy Park,290.3563660521987,283.0204,1380.94,842.04,0.06,MEDIUM,NORMAL_OPERATIONS,CLOUD_CURTAILMENT,Cloud cover and rainfall may reduce solar generation.
2025-07-06,Khavda Renewable Energy Park,646.6989068879399,706.767,3075.7,1875.42,0.14,MEDIUM,NORMAL_OPERATIONS,CLOUD_CURTAILMENT,Cloud cover and rainfall may reduce solar generation.
2025-07-07,Khavda Renewable Energy Park,246.17315298518136,219.66537,1170.8,713.9,0.05,MEDIUM,NORMAL_OPERATIONS,CLOUD_CURTAILMENT,Cloud cover and rainfall may reduce solar generation.
2025-07-08,Khavda Renewable Energy Park,7550.3732937986415,7521.329,35909.58,21896.08,1.63,LOW,NORMAL_OPERATIONS,NORMAL,Favorable weather conditions. Revenue outlook remains favorable.
2025-07-09,Khavda Renewable Energy Park,5946.059436282014,5940.4526,28279.45,17243.57,1.29,LOW,NORMAL_OPERATIONS,NORMAL,Favorable weather conditions. Revenue outlook remains favorable.
2025-07-10,Khavda Renewable Energy Park,3264.3417264166937,3166.5208,15525.21,9466.59,0.71,LOW,NORMAL_OPERATIONS,NORMAL,Favorable weather conditions. Revenue outlook remains favorable.
2025-07-11,Khavda Renewable Energy Park,2179.320774591561,2170.846,10364.85,6320.03,0.47,MEDIUM,NORMAL_OPERATIONS,CLOUD_CURTAILMENT,Cloud cover and rainfall may reduce solar generation.
2025-07-12,Khavda Renewable Energy Park,1623.3620812480292,1664.4948,7720.71,4707.75,0.35,MEDIUM,NORMAL_OPERATIONS,CLOUD_CURTAILMENT,Cloud cover and rainfall may reduce solar generation.
2025-07-13,Khavda Renewable Energy Park,5509.434844752386,5538.9043,26202.87,15977.36,1.19,LOW,NORMAL_OPERATIONS,NORMAL,Forecast indicates strong renewable output expected. Weather risks remain low.
2025-07-14,Khavda Renewable Energy Park,1741.5733562094267,1772.0779,8282.93,5050.56,0.38,MEDIUM,NORMAL_OPERATIONS,CLOUD_CURTAILMENT,Cloud cover and rainfall may reduce solar generation.
2025-07-15,Khavda Renewable Energy Park,1361.6025035100547,1234.0447,6475.78,3948.64,0.29,MEDIUM,NORMAL_OPERATIONS,CLOUD_CURTAILMENT,Cloud cover and rainfall may reduce solar generation.
2025-07-16,Khavda Renewable Energy Park,9267.982589359071,9216.091,44078.53,26877.15,2.0,LOW,NORMAL_OPERATIONS,NORMAL,Favorable weather conditions. Revenue outlook remains favorable.
2025-07-17,Khavda Renewable Energy Park,4513.462498233699,4482.218,21466.03,13089.04,0.98,LOW,NORMAL_OPERATIONS,NORMAL,Favorable weather conditions. Revenue outlook remains favorable.
2025-07-18,Khavda Renewable Energy Park,132.02893797170026,119.59339,627.93,382.88,0.03,MEDIUM,NORMAL_OPERATIONS,CLOUD_CURTAILMENT,Cloud cover and rainfall may reduce solar generation.
2025-07-19,Khavda Renewable Energy Park,13.79858448252079,12.373008,65.62,40.02,0.0,MEDIUM,NORMAL_OPERATIONS,CLOUD_CURTAILMENT,Cloud cover and rainfall may reduce solar generation.
2025-07-20,Khavda Renewable Energy Park,1000.7439378385376,1017.8591,4759.53,2902.16,0.22,MEDIUM,NORMAL_OPERATIONS,CLOUD_CURTAILMENT,Cloud cover and rainfall may reduce solar generation.
2025-07-21,Khavda Renewable Energy Park,1137.4583489419606,1107.1857,5409.75,3298.63,0.25,MEDIUM,NORMAL_OPERATIONS,CLOUD_CURTAILMENT,Cloud cover and rainfall may reduce solar generation.
2025-07-22,Khavda Renewable Energy Park,3425.799612492526,3452.7725,16293.1,9934.82,0.74,MEDIUM,NORMAL_OPERATIONS,CLOUD_CURTAILMENT,Cloud cover and rainfall may reduce solar generation.
2025-07-23,Khavda Renewable Energy Park,2654.793689405281,2584.116,12626.2,7698.9,0.57,MEDIUM,NORMAL_OPERATIONS,CLOUD_CURTAILMENT,Cloud cover and rainfall may reduce solar generation.
2025-07-24,Khavda Renewable Energy Park,5558.244505107098,5508.802,26435.01,16118.91,1.2,LOW,NORMAL_OPERATIONS,NORMAL,Favorable weather conditions. Revenue outlook remains favorable.
2025-07-25,Khavda Renewable Energy Park,8719.837753818687,8693.739,41471.55,25287.53,1.89,LOW,NORMAL_OPERATIONS,NORMAL,Favorable weather conditions. Revenue outlook remains favorable.
2025-07-26,Khavda Renewable Energy Park,2612.2751599752646,2640.7327,12423.98,7575.6,0.56,MEDIUM,NORMAL_OPERATIONS,CLOUD_CURTAILMENT,Cloud cover and rainfall may reduce solar generation.
2025-07-27,Khavda Renewable Energy Park,56.68130964949394,51.993153,269.58,164.38,0.01,MEDIUM,NORMAL_OPERATIONS,CLOUD_CURTAILMENT,Cloud cover and rainfall may reduce solar generation.
2025-07-28,Khavda Renewable Energy Park,8.95947925838862,22.872389,42.61,25.98,0.0,MEDIUM,NORMAL_OPERATIONS,CLOUD_CURTAILMENT,Cloud cover and rainfall may reduce solar generation.
2025-07-29,Khavda Renewable Energy Park,48.50884990009957,38.386864,230.71,140.68,0.01,MEDIUM,NORMAL_OPERATIONS,CLOUD_CURTAILMENT,Cloud cover and rainfall may reduce solar generation.
2025-07-30,Khavda Renewable Energy Park,399.0004039699101,383.5589,1897.64,1157.1,0.09,MEDIUM,NORMAL_OPERATIONS,CLOUD_CURTAILMENT,Cloud cover and rainfall may reduce solar generation.
2025-07-31,Khavda Renewable Energy Park,744.8906580858797,729.39856,3542.7,2160.18,0.16,MEDIUM,NORMAL_OPERATIONS,CLOUD_CURTAILMENT,Cloud cover and rainfall may reduce solar generation.
2025-08-01,Khavda Renewable Energy Park,3622.422666153993,3513.1733,17228.24,10505.02,0.78,LOW,NORMAL_OPERATIONS,NORMAL,Favorable weather conditions. Revenue outlook remains favorable.
2025-08-02,Khavda Renewable Energy Park,2784.5384681332216,2812.756,13243.26,8075.16,0.6,LOW,NORMAL_OPERATIONS,NORMAL,Forecast indicates strong renewable output expected. Weather risks remain low.
2025-08-03,Khavda Renewable Energy Park,4108.0018139691365,4148.018,19537.66,11913.2,0.89,LOW,NORMAL_OPERATIONS,NORMAL,Forecast indicates strong renewable output expected. Weather risks remain low.
2025-08-04,Khavda Renewable Energy Park,4354.074993943987,4294.606,20707.98,12626.82,0.94,LOW,NORMAL_OPERATIONS,NORMAL,Favorable weather conditions. Revenue outlook remains favorable.
2025-08-05,Khavda Renewable Energy Park,64.48317461126929,55.43379,306.68,187.0,0.01,MEDIUM,NORMAL_OPERATIONS,CLOUD_CURTAILMENT,Cloud cover and rainfall may reduce solar generation.
2025-08-06,Khavda Renewable Energy Park,6920.307457424238,7075.018,32912.98,20068.89,1.5,LOW,NORMAL_OPERATIONS,NORMAL,Forecast indicates strong renewable output expected. Weather risks remain low.
2025-08-07,Khavda Renewable Energy Park,7861.843742509183,7924.019,37390.93,22799.34,1.7,LOW,NORMAL_OPERATIONS,NORMAL,Forecast indicates strong renewable output expected. Weather risks remain low.
2025-08-08,Khavda Renewable Energy Park,4060.5662116132416,3976.623,19312.05,11775.64,0.88,LOW,NORMAL_OPERATIONS,NORMAL,Favorable weather conditions. Revenue outlook remains favorable.
2025-08-09,Khavda Renewable Energy Park,2224.501792114328,2180.8289,10579.73,6451.06,0.48,MEDIUM,NORMAL_OPERATIONS,CLOUD_CURTAILMENT,Cloud cover and rainfall may reduce solar generation.
2025-08-10,Khavda Renewable Energy Park,6426.941303768074,6335.538,30566.53,18638.13,1.39,LOW,NORMAL_OPERATIONS,NORMAL,Favorable weather conditions. Revenue outlook remains favorable.
2025-08-11,Khavda Renewable Energy Park,2139.6102724746493,2180.9563,10175.99,6204.87,0.46,MEDIUM,NORMAL_OPERATIONS,CLOUD_CURTAILMENT,Cloud cover and rainfall may reduce solar generation.
2025-08-12,Khavda Renewable Energy Park,1237.741292575546,1153.1704,5886.7,3589.45,0.27,MEDIUM,NORMAL_OPERATIONS,CLOUD_CURTAILMENT,Cloud cover and rainfall may reduce solar generation.
2025-08-13,Khavda Renewable Energy Park,646.4264963943293,659.6578,3074.4,1874.64,0.14,MEDIUM,NORMAL_OPERATIONS,CLOUD_CURTAILMENT,Cloud cover and rainfall may reduce solar generation.
2025-08-14,Khavda Renewable Energy Park,26.076766641357608,24.099577,124.02,75.62,0.01,MEDIUM,NORMAL_OPERATIONS,CLOUD_CURTAILMENT,Cloud cover and rainfall may reduce solar generation.
2025-08-15,Khavda Renewable Energy Park,1623.4598616342485,1583.9548,7721.18,4708.04,0.35,MEDIUM,NORMAL_OPERATIONS,CLOUD_CURTAILMENT,Cloud cover and rainfall may reduce solar generation.
2025-08-16,Khavda Renewable Energy Park,1620.2475592566295,1666.8881,7705.9,4698.72,0.35,MEDIUM,NORMAL_OPERATIONS,CLOUD_CURTAILMENT,Cloud cover and rainfall may reduce solar generation.
2025-08-17,Khavda Renewable Energy Park,2690.468265271061,2622.548,12795.87,7802.36,0.58,MEDIUM,NORMAL_OPERATIONS,CLOUD_CURTAILMENT,Cloud cover and rainfall may reduce solar generation.
2025-08-18,Khavda Renewable Energy Park,1709.5165380009776,1764.4745,8130.46,4957.6,0.37,MEDIUM,WEATHER_WARNING,CLOUD_CURTAILMENT|HEAVY_RAIN,Cloud cover and rainfall may reduce solar generation.
2025-08-19,Khavda Renewable Energy Park,802.7909616707025,873.60144,3818.08,2328.09,0.17,MEDIUM,WEATHER_WARNING,CLOUD_CURTAILMENT|HEAVY_RAIN,Cloud cover and rainfall may reduce solar generation.
2025-08-20,Khavda Renewable Energy Park,403.5730345338716,379.99234,1919.39,1170.36,0.09,MEDIUM,WEATHER_WARNING,CLOUD_CURTAILMENT|HEAVY_RAIN,Cloud cover and rainfall may reduce solar generation.
2025-08-21,Khavda Renewable Energy Park,0.0,2.1445742,0.0,0.0,0.0,MEDIUM,WEATHER_WARNING,CLOUD_CURTAILMENT|HEAVY_RAIN,Cloud cover and rainfall may reduce solar generation.
2025-08-22,Khavda Renewable Energy Park,33.62601181942556,31.384588,159.92,97.52,0.01,MEDIUM,NORMAL_OPERATIONS,CLOUD_CURTAILMENT,Cloud cover and rainfall may reduce solar generation.
2025-08-23,Khavda Renewable Energy Park,2535.018426203216,2430.394,12056.55,7351.56,0.55,MEDIUM,NORMAL_OPERATIONS,CLOUD_CURTAILMENT,Cloud cover and rainfall may reduce solar generation.
2025-08-24,Khavda Renewable Energy Park,2186.189523084741,2169.5627,10397.52,6339.95,0.47,MEDIUM,NORMAL_OPERATIONS,CLOUD_CURTAILMENT,Cloud cover and rainfall may reduce solar generation.
2025-08-25,Khavda Renewable Energy Park,3645.078616560224,3506.2856,17336.0,10570.73,0.79,LOW,NORMAL_OPERATIONS,NORMAL,Favorable weather conditions. Revenue outlook remains favorable.
2025-08-26,Khavda Renewable Energy Park,4488.714761397997,4459.784,21348.33,13017.28,0.97,LOW,NORMAL_OPERATIONS,NORMAL,Favorable weather conditions. Revenue outlook remains favorable.
2025-08-27,Khavda Renewable Energy Park,5786.298463473585,5846.4927,27519.63,16780.26,1.25,LOW,NORMAL_OPERATIONS,NORMAL,Forecast indicates strong renewable output expected. Weather risks remain low.
2025-08-28,Khavda Renewable Energy Park,2935.0156574451407,2877.716,13958.93,8511.54,0.63,MEDIUM,NORMAL_OPERATIONS,CLOUD_CURTAILMENT,Cloud cover and rainfall may reduce solar generation.
2025-08-29,Khavda Renewable Energy Park,1172.9135851231038,1098.3167,5578.38,3401.45,0.25,MEDIUM,NORMAL_OPERATIONS,CLOUD_CURTAILMENT,Cloud cover and rainfall may reduce solar generation.
2025-08-30,Khavda Renewable Energy Park,15.215843274878203,40.062664,72.36,44.12,0.0,MEDIUM,NORMAL_OPERATIONS,CLOUD_CURTAILMENT,Cloud cover and rainfall may reduce solar generation.
2025-08-31,Khavda Renewable Energy Park,3326.184971478689,3367.798,15819.33,9645.94,0.72,MEDIUM,NORMAL_OPERATIONS,CLOUD_CURTAILMENT,Cloud cover and rainfall may reduce solar generation.
2025-09-01,Khavda Renewable Energy Park,6359.5404119704535,6369.9365,30245.97,18442.66,1.37,LOW,NORMAL_OPERATIONS,NORMAL,Forecast indicates strong renewable output expected. Weather risks remain low.
2025-09-02,Khavda Renewable Energy Park,8821.183061037822,8842.461,41953.55,25581.43,1.91,LOW,NORMAL_OPERATIONS,NORMAL,Forecast indicates strong renewable output expected. Weather risks remain low.
2025-09-03,Khavda Renewable Energy Park,7718.026378824709,7863.341,36706.93,22382.28,1.67,LOW,NORMAL_OPERATIONS,NORMAL,Forecast indicates strong renewable output expected. Weather risks remain low.
2025-09-04,Khavda Renewable Energy Park,6859.085167746894,6808.0176,32621.81,19891.34,1.48,LOW,NORMAL_OPERATIONS,NORMAL,Favorable weather conditions. Revenue outlook remains favorable.
2025-09-05,Khavda Renewable Energy Park,3735.6176147014,3718.3647,17766.6,10833.29,0.81,MEDIUM,NORMAL_OPERATIONS,CLOUD_CURTAILMENT,Cloud cover and rainfall may reduce solar generation.
2025-09-06,Khavda Renewable Energy Park,1090.7337335120803,1090.439,5187.53,3163.13,0.24,MEDIUM,NORMAL_OPERATIONS,CLOUD_CURTAILMENT,Cloud cover and rainfall may reduce solar generation.
2025-09-07,Khavda Renewable Energy Park,0.0,8.216607,0.0,0.0,0.0,MEDIUM,WEATHER_WARNING,CLOUD_CURTAILMENT|HEAVY_RAIN,Cloud cover and rainfall may reduce solar generation.
2025-09-08,Khavda Renewable Energy Park,1.8770315131781248,1.1938173,8.93,5.44,0.0,MEDIUM,WEATHER_WARNING,CLOUD_CURTAILMENT|HEAVY_RAIN,Cloud cover and rainfall may reduce solar generation.
2025-09-09,Khavda Renewable Energy Park,1212.6742855932616,1232.8557,5767.48,3516.76,0.26,MEDIUM,WEATHER_WARNING,CLOUD_CURTAILMENT|HEAVY_RAIN,Cloud cover and rainfall may reduce solar generation.
2025-09-10,Khavda Renewable Energy Park,8195.512702906362,8079.8916,38977.86,23766.98,1.77,LOW,NORMAL_OPERATIONS,NORMAL,Favorable weather conditions. Revenue outlook remains favorable.
2025-09-11,Khavda Renewable Energy Park,9519.715541258563,9450.906,45275.77,27607.18,2.06,LOW,NORMAL_OPERATIONS,NORMAL,Favorable weather conditions. Revenue outlook remains favorable.
2025-09-12,Khavda Renewable Energy Park,10346.037789464865,10456.511,49205.76,30003.51,2.24,LOW,NORMAL_OPERATIONS,NORMAL,Forecast indicates strong renewable output expected. Weather risks remain low.
2025-09-13,Khavda Renewable Energy Park,9116.20545346428,9177.124,43356.67,26437.0,1.97,LOW,NORMAL_OPERATIONS,NORMAL,Forecast indicates strong renewable output expected. Weather risks remain low.
2025-09-14,Khavda Renewable Energy Park,8553.31094600246,8498.274,40679.54,24804.6,1.85,LOW,NORMAL_OPERATIONS,NORMAL,Favorable weather conditions. Revenue outlook remains favorable.
2025-09-15,Khavda Renewable Energy Park,3874.83873676857,3903.1016,18428.73,11237.03,0.84,LOW,NORMAL_OPERATIONS,NORMAL,Forecast indicates strong renewable output expected. Weather risks remain low.
2025-09-16,Khavda Renewable Energy Park,5949.863812429491,5823.894,28297.55,17254.6,1.29,LOW,NORMAL_OPERATIONS,NORMAL,Favorable weather conditions. Revenue outlook remains favorable.
2025-09-17,Khavda Renewable Energy Park,5588.4649652447215,5489.4663,26578.74,16206.55,1.21,LOW,NORMAL_OPERATIONS,NORMAL,Favorable weather conditions. Revenue outlook remains favorable.
2025-09-18,Khavda Renewable Energy Park,5284.357622407302,5244.6035,25132.4,15324.64,1.14,LOW,NORMAL_OPERATIONS,NORMAL,Favorable weather conditions. Revenue outlook remains favorable.
2025-09-19,Khavda Renewable Energy Park,8630.353317379731,8608.313,41045.96,25028.02,1.87,LOW,NORMAL_OPERATIONS,NORMAL,Favorable weather conditions. Revenue outlook remains favorable.
2025-09-20,Khavda Renewable Energy Park,3545.6202742864857,3466.4277,16862.97,10282.3,0.77,MEDIUM,NORMAL_OPERATIONS,CLOUD_CURTAILMENT,Cloud cover and rainfall may reduce solar generation.
2025-09-21,Khavda Renewable Energy Park,6881.674856776989,6770.517,32729.24,19956.86,1.49,LOW,NORMAL_OPERATIONS,NORMAL,Favorable weather conditions. Revenue outlook remains favorable.
2025-09-22,Khavda Renewable Energy Park,6457.995143949459,6346.9683,30714.22,18728.19,1.4,LOW,NORMAL_OPERATIONS,NORMAL,Favorable weather conditions. Revenue outlook remains favorable.
2025-09-23,Khavda Renewable Energy Park,7594.129470332439,7653.3696,36117.68,22022.98,1.64,LOW,NORMAL_OPERATIONS,NORMAL,Forecast indicates strong renewable output expected. Weather risks remain low.
2025-09-24,Khavda Renewable Energy Park,8542.103705799957,8460.979,40626.24,24772.1,1.85,LOW,NORMAL_OPERATIONS,NORMAL,Favorable weather conditions. Revenue outlook remains favorable.
2025-09-25,Khavda Renewable Energy Park,11040.73308987442,11011.168,52509.72,32018.12,2.39,LOW,NORMAL_OPERATIONS,NORMAL,Favorable weather conditions. Revenue outlook remains favorable.
2025-09-26,Khavda Renewable Energy Park,7240.011960317601,7118.8164,34433.5,20996.04,1.57,LOW,NORMAL_OPERATIONS,NORMAL,Favorable weather conditions. Revenue outlook remains favorable.
2025-09-27,Khavda Renewable Energy Park,7852.717704576297,7769.539,37347.52,22772.88,1.7,LOW,NORMAL_OPERATIONS,NORMAL,Favorable weather conditions. Revenue outlook remains favorable.
2025-09-28,Khavda Renewable Energy Park,2353.7678525938554,2364.2393,11194.52,6825.92,0.51,MEDIUM,NORMAL_OPERATIONS,CLOUD_CURTAILMENT,Cloud cover and rainfall may reduce solar generation.
2025-09-29,Khavda Renewable Energy Park,931.1722482698688,1003.7153,4428.66,2700.4,0.2,MEDIUM,NORMAL_OPERATIONS,CLOUD_CURTAILMENT,Cloud cover and rainfall may reduce solar generation.
2025-09-30,Khavda Renewable Energy Park,1315.1014301769685,1327.4349,6254.62,3813.8,0.28,MEDIUM,NORMAL_OPERATIONS,CLOUD_CURTAILMENT,Cloud cover and rainfall may reduce solar generation.
2025-10-01,Khavda Renewable Energy Park,2561.0378576213902,2600.9358,12180.3,7427.01,0.55,MEDIUM,NORMAL_OPERATIONS,CLOUD_CURTAILMENT,Cloud cover and rainfall may reduce solar generation.
2025-10-02,Khavda Renewable Energy Park,799.9322663141805,876.778,3804.48,2319.8,0.17,MEDIUM,NORMAL_OPERATIONS,CLOUD_CURTAILMENT,Cloud cover and rainfall may reduce solar generation.
2025-10-03,Khavda Renewable Energy Park,0.0,0.0,0.0,0.0,0.0,MEDIUM,NORMAL_OPERATIONS,CLOUD_CURTAILMENT,Cloud cover and rainfall may reduce solar generation.
2025-10-04,Khavda Renewable Energy Park,3383.5911605353663,3396.9553,16092.36,9812.42,0.73,LOW,NORMAL_OPERATIONS,NORMAL,Forecast indicates strong renewable output expected. Weather risks remain low.
2025-10-05,Khavda Renewable Energy Park,7251.18866304314,7333.411,34486.65,21028.44,1.57,LOW,NORMAL_OPERATIONS,NORMAL,Forecast indicates strong renewable output expected. Weather risks remain low.
2025-10-06,Khavda Renewable Energy Park,9128.897772951314,9191.897,43417.04,26473.8,1.97,LOW,NORMAL_OPERATIONS,NORMAL,Forecast indicates strong renewable output expected. Weather risks remain low.
2025-10-07,Khavda Renewable Energy Park,10257.435370587818,10303.386,48784.37,29746.56,2.22,LOW,NORMAL_OPERATIONS,NORMAL,Forecast indicates strong renewable output expected. Weather risks remain low.
2025-10-08,Khavda Renewable Energy Park,10802.24956995282,10844.859,51375.5,31326.52,2.34,LOW,NORMAL_OPERATIONS,NORMAL,Forecast indicates strong renewable output expected. Weather risks remain low.
2025-10-09,Khavda Renewable Energy Park,10605.522344824429,10583.641,50439.86,30756.02,2.29,LOW,NORMAL_OPERATIONS,NORMAL,Favorable weather conditions. Revenue outlook remains favorable.
2025-10-10,Khavda Renewable Energy Park,10162.567159333516,10210.958,48333.17,29471.44,2.2,LOW,NORMAL_OPERATIONS,NORMAL,Forecast indicates strong renewable output expected. Weather risks remain low.
2025-10-11,Khavda Renewable Energy Park,11153.866137351406,11164.836,53047.78,32346.21,2.41,LOW,NORMAL_OPERATIONS,NORMAL,Forecast indicates strong renewable output expected. Weather risks remain low.
2025-10-12,Khavda Renewable Energy Park,11853.27953250934,11877.31,56374.2,34374.51,2.56,LOW,NORMAL_OPERATIONS,NORMAL,Forecast indicates strong renewable output expected. Weather risks remain low.
2025-10-13,Khavda Renewable Energy Park,11453.842513633968,11441.861,54474.48,33216.14,2.48,LOW,NORMAL_OPERATIONS,NORMAL,Favorable weather conditions. Revenue outlook remains favorable.
2025-10-14,Khavda Renewable Energy Park,11540.56468126825,11597.168,54886.93,33467.64,2.49,LOW,NORMAL_OPERATIONS,NORMAL,Forecast indicates strong renewable output expected. Weather risks remain low.
2025-10-15,Khavda Renewable Energy Park,11606.3065354192,11596.332,55199.6,33658.29,2.51,LOW,NORMAL_OPERATIONS,NORMAL,Favorable weather conditions. Revenue outlook remains favorable.
2025-10-16,Khavda Renewable Energy Park,11673.32066635427,11673.004,55518.31,33852.63,2.52,LOW,NORMAL_OPERATIONS,NORMAL,Favorable weather conditions. Revenue outlook remains favorable.
2025-10-17,Khavda Renewable Energy Park,11861.291472268593,11872.114,56412.3,34397.75,2.56,LOW,NORMAL_OPERATIONS,NORMAL,Forecast indicates strong renewable output expected. Weather risks remain low.
2025-10-18,Khavda Renewable Energy Park,11791.78860637311,11762.559,56081.74,34196.18,2.55,LOW,NORMAL_OPERATIONS,NORMAL,Favorable weather conditions. Revenue outlook remains favorable.
2025-10-19,Khavda Renewable Energy Park,11348.00701862088,11363.747,53971.12,32909.22,2.45,LOW,NORMAL_OPERATIONS,NORMAL,Forecast indicates strong renewable output expected. Weather risks remain low.
2025-10-20,Khavda Renewable Energy Park,11686.213600948577,11687.886,55579.63,33890.02,2.53,LOW,NORMAL_OPERATIONS,NORMAL,Forecast indicates strong renewable output expected. Weather risks remain low.
2025-10-21,Khavda Renewable Energy Park,11539.65821161784,11549.842,54882.62,33465.01,2.49,LOW,NORMAL_OPERATIONS,NORMAL,Forecast indicates strong renewable output expected. Weather risks remain low.
2025-10-22,Khavda Renewable Energy Park,11370.27514246878,11431.027,54077.03,32973.8,2.46,LOW,NORMAL_OPERATIONS,NORMAL,Forecast indicates strong renewable output expected. Weather risks remain low.
2025-10-23,Khavda Renewable Energy Park,9984.474282044855,10149.81,47486.16,28954.98,2.16,LOW,NORMAL_OPERATIONS,NORMAL,Forecast indicates strong renewable output expected. Weather risks remain low.
2025-10-24,Khavda Renewable Energy Park,11205.319599660552,11188.311,53292.5,32495.42,2.42,LOW,NORMAL_OPERATIONS,NORMAL,Favorable weather conditions. Revenue outlook remains favorable.
2025-10-25,Khavda Renewable Energy Park,11186.26888727363,11169.2295,53201.9,32440.18,2.42,LOW,NORMAL_OPERATIONS,NORMAL,Favorable weather conditions. Revenue outlook remains favorable.
2025-10-26,Khavda Renewable Energy Park,3240.78316761279,3174.6807,15413.16,9398.27,0.7,MEDIUM,NORMAL_OPERATIONS,CLOUD_CURTAILMENT,Cloud cover and rainfall may reduce solar generation.
2025-10-27,Khavda Renewable Energy Park,414.9541630614726,387.59003,1973.52,1203.36,0.09,MEDIUM,NORMAL_OPERATIONS,CLOUD_CURTAILMENT,Cloud cover and rainfall may reduce solar generation.
2025-10-28,Khavda Renewable Energy Park,255.8443077047664,271.88672,1216.8,741.95,0.06,MEDIUM,NORMAL_OPERATIONS,CLOUD_CURTAILMENT,Cloud cover and rainfall may reduce solar generation.
2025-10-29,Khavda Renewable Energy Park,1131.395520010219,1192.3531,5380.91,3281.04,0.24,MEDIUM,NORMAL_OPERATIONS,CLOUD_CURTAILMENT,Cloud cover and rainfall may reduce solar generation.
2025-10-30,Khavda Renewable Energy Park,172.33507984014298,186.16002,819.62,499.77,0.04,MEDIUM,NORMAL_OPERATIONS,CLOUD_CURTAILMENT,Cloud cover and rainfall may reduce solar generation.
2025-10-31,Khavda Renewable Energy Park,3390.5076642845347,3432.8682,16125.25,9832.47,0.73,LOW,NORMAL_OPERATIONS,NORMAL,Forecast indicates strong renewable output expected. Weather risks remain low.
2025-11-01,Khavda Renewable Energy Park,889.3843284953583,856.45386,4229.91,2579.22,0.19,MEDIUM,NORMAL_OPERATIONS,CLOUD_CURTAILMENT,Cloud cover and rainfall may reduce solar generation.
2025-11-02,Khavda Renewable Energy Park,5178.025325283564,5209.9736,24626.69,15016.28,1.12,LOW,NORMAL_OPERATIONS,NORMAL,Forecast indicates strong renewable output expected. Weather risks remain low.
2025-11-03,Khavda Renewable Energy Park,8756.747922691575,8785.532,41647.09,25394.57,1.89,LOW,NORMAL_OPERATIONS,NORMAL,Forecast indicates strong renewable output expected. Weather risks remain low.
2025-11-04,Khavda Renewable Energy Park,9834.518236686414,9863.789,46772.97,28520.1,2.13,LOW,NORMAL_OPERATIONS,NORMAL,Forecast indicates strong renewable output expected. Weather risks remain low.
2025-11-05,Khavda Renewable Energy Park,7672.614554409315,7636.107,36490.95,22250.58,1.66,LOW,NORMAL_OPERATIONS,NORMAL,Favorable weather conditions. Revenue outlook remains favorable.
2025-11-06,Khavda Renewable Energy Park,10480.77547151131,10514.4,49846.57,30394.25,2.27,LOW,NORMAL_OPERATIONS,NORMAL,Forecast indicates strong renewable output expected. Weather risks remain low.
2025-11-07,Khavda Renewable Energy Park,10482.142337518351,10497.01,49853.07,30398.22,2.27,LOW,NORMAL_OPERATIONS,NORMAL,Forecast indicates strong renewable output expected. Weather risks remain low.
2025-11-08,Khavda Renewable Energy Park,10506.902180220162,10531.088,49970.82,30470.02,2.27,LOW,NORMAL_OPERATIONS,NORMAL,Forecast indicates strong renewable output expected. Weather risks remain low.
2025-11-09,Khavda Renewable Energy Park,8495.924878323065,8406.359,40406.62,24638.18,1.84,LOW,NORMAL_OPERATIONS,NORMAL,Favorable weather conditions. Revenue outlook remains favorable.
2025-11-10,Khavda Renewable Energy Park,8135.676971754139,8148.1934,38693.28,23593.46,1.76,LOW,NORMAL_OPERATIONS,NORMAL,Forecast indicates strong renewable output expected. Weather risks remain low.
2025-11-11,Khavda Renewable Energy Park,7878.62352525819,7986.94,37470.74,22848.01,1.7,LOW,NORMAL_OPERATIONS,NORMAL,Forecast indicates strong renewable output expected. Weather risks remain low.
2025-11-12,Khavda Renewable Energy Park,10567.5007014762,10567.6875,50259.03,30645.75,2.28,LOW,NORMAL_OPERATIONS,NORMAL,Forecast indicates strong renewable output expected. Weather risks remain low.
2025-11-13,Khavda Renewable Energy Park,9962.47885524469,10057.912,47381.55,28891.19,2.15,LOW,NORMAL_OPERATIONS,NORMAL,Forecast indicates strong renewable output expected. Weather risks remain low.
2025-11-14,Khavda Renewable Energy Park,9613.216728450949,9655.939,45720.46,27878.33,2.08,LOW,NORMAL_OPERATIONS,NORMAL,Forecast indicates strong renewable output expected. Weather risks remain low.
2025-11-15,Khavda Renewable Energy Park,9957.582409848588,9991.789,47358.26,28876.99,2.15,LOW,NORMAL_OPERATIONS,NORMAL,Forecast indicates strong renewable output expected. Weather risks remain low.
2025-11-16,Khavda Renewable Energy Park,10043.983007766428,10101.618,47769.18,29127.55,2.17,LOW,NORMAL_OPERATIONS,NORMAL,Forecast indicates strong renewable output expected. Weather risks remain low.
2025-11-17,Khavda Renewable Energy Park,10484.860871291265,10470.666,49866.0,30406.1,2.27,LOW,NORMAL_OPERATIONS,NORMAL,Favorable weather conditions. Revenue outlook remains favorable.
2025-11-18,Khavda Renewable Energy Park,10049.967556680056,10101.593,47797.64,29144.9,2.17,LOW,NORMAL_OPERATIONS,NORMAL,Forecast indicates strong renewable output expected. Weather risks remain low.
2025-11-19,Khavda Renewable Energy Park,10060.76245286723,10072.935,47848.98,29176.21,2.17,LOW,NORMAL_OPERATIONS,NORMAL,Forecast indicates strong renewable output expected. Weather risks remain low.
2025-11-20,Khavda Renewable Energy Park,9469.569460887396,9470.871,45037.27,27461.75,2.05,LOW,NORMAL_OPERATIONS,NORMAL,Forecast indicates strong renewable output expected. Weather risks remain low.
2025-11-21,Khavda Renewable Energy Park,9951.05018037325,9954.837,47327.19,28858.04,2.15,LOW,NORMAL_OPERATIONS,NORMAL,Forecast indicates strong renewable output expected. Weather risks remain low.
2025-11-22,Khavda Renewable Energy Park,6883.336116810308,6773.061,32737.15,19961.68,1.49,LOW,NORMAL_OPERATIONS,NORMAL,Favorable weather conditions. Revenue outlook remains favorable.
2025-11-23,Khavda Renewable Energy Park,9057.566488244598,9084.548,43077.79,26266.94,1.96,LOW,NORMAL_OPERATIONS,NORMAL,Forecast indicates strong renewable output expected. Weather risks remain low.
2025-11-24,Khavda Renewable Energy Park,9818.814833923732,9817.295,46698.29,28474.56,2.12,LOW,NORMAL_OPERATIONS,NORMAL,Favorable weather conditions. Revenue outlook remains favorable.
2025-11-25,Khavda Renewable Energy Park,9877.043594972823,9894.784,46975.22,28643.42,2.14,LOW,NORMAL_OPERATIONS,NORMAL,Forecast indicates strong renewable output expected. Weather risks remain low.
2025-11-26,Khavda Renewable Energy Park,9610.308445967688,9605.031,45706.63,27869.9,2.08,LOW,NORMAL_OPERATIONS,NORMAL,Favorable weather conditions. Revenue outlook remains favorable.
2025-11-27,Khavda Renewable Energy Park,9319.461536813453,9320.878,44323.36,27026.44,2.01,LOW,NORMAL_OPERATIONS,NORMAL,Forecast indicates strong renewable output expected. Weather risks remain low.
2025-11-28,Khavda Renewable Energy Park,9419.020075657476,9436.907,44796.86,27315.16,2.04,LOW,NORMAL_OPERATIONS,NORMAL,Forecast indicates strong renewable output expected. Weather risks remain low.
2025-11-29,Khavda Renewable Energy Park,6316.481400326572,6323.5474,30041.18,18317.79,1.37,LOW,NORMAL_OPERATIONS,NORMAL,Forecast indicates strong renewable output expected. Weather risks remain low.
2025-11-30,Khavda Renewable Energy Park,6425.7851123224,6449.515,30561.03,18634.78,1.39,LOW,NORMAL_OPERATIONS,NORMAL,Forecast indicates strong renewable output expected. Weather risks remain low.
2025-12-01,Khavda Renewable Energy Park,8628.557851471807,8598.741,41037.42,25022.82,1.87,LOW,NORMAL_OPERATIONS,NORMAL,Favorable weather conditions. Revenue outlook remains favorable.
2025-12-02,Khavda Renewable Energy Park,8209.648928656035,8170.311,39045.09,23807.98,1.77,LOW,NORMAL_OPERATIONS,NORMAL,Favorable weather conditions. Revenue outlook remains favorable.
2025-12-03,Khavda Renewable Energy Park,7132.603614244827,6912.324,33922.66,20684.55,1.54,LOW,NORMAL_OPERATIONS,NORMAL,Favorable weather conditions. Revenue outlook remains favorable.
2025-12-04,Khavda Renewable Energy Park,9463.797519695798,9460.895,45009.82,27445.02,2.05,LOW,NORMAL_OPERATIONS,NORMAL,Favorable weather conditions. Revenue outlook remains favorable.
2025-12-05,Khavda Renewable Energy Park,9070.596856451932,9057.8545,43139.76,26304.73,1.96,LOW,NORMAL_OPERATIONS,NORMAL,Favorable weather conditions. Revenue outlook remains favorable.
2025-12-06,Khavda Renewable Energy Park,2896.934354881588,2832.7053,13777.82,8401.11,0.63,LOW,NORMAL_OPERATIONS,NORMAL,Favorable weather conditions. Revenue outlook remains favorable.
2025-12-07,Khavda Renewable Energy Park,8258.712870273126,8297.435,39278.43,23950.26,1.79,LOW,NORMAL_OPERATIONS,NORMAL,Forecast indicates strong renewable output expected. Weather risks remain low.
2025-12-08,Khavda Renewable Energy Park,9091.59752905093,9091.237,43239.64,26365.64,1.97,LOW,NORMAL_OPERATIONS,NORMAL,Favorable weather conditions. Revenue outlook remains favorable.
2025-12-09,Khavda Renewable Energy Park,9163.607120373514,9162.953,43582.11,26574.46,1.98,LOW,NORMAL_OPERATIONS,NORMAL,Favorable weather conditions. Revenue outlook remains favorable.
2025-12-10,Khavda Renewable Energy Park,8969.334729819155,8952.262,42658.15,26011.07,1.94,LOW,NORMAL_OPERATIONS,NORMAL,Favorable weather conditions. Revenue outlook remains favorable.
2025-12-11,Khavda Renewable Energy Park,8727.88746848774,8753.81,41509.84,25310.88,1.89,LOW,NORMAL_OPERATIONS,NORMAL,Forecast indicates strong renewable output expected. Weather risks remain low.
2025-12-12,Khavda Renewable Energy Park,6332.074048008397,6379.014,30115.34,18363.02,1.37,LOW,NORMAL_OPERATIONS,NORMAL,Forecast indicates strong renewable output expected. Weather risks remain low.
2025-12-13,Khavda Renewable Energy Park,4427.232335295634,4501.9067,21055.92,12838.98,0.96,LOW,NORMAL_OPERATIONS,NORMAL,Forecast indicates strong renewable output expected. Weather risks remain low.
2025-12-14,Khavda Renewable Energy Park,4125.500533580226,4203.4023,19620.88,11963.95,0.89,LOW,NORMAL_OPERATIONS,NORMAL,Forecast indicates strong renewable output expected. Weather risks remain low.
2025-12-15,Khavda Renewable Energy Park,8797.212153106719,8791.351,41839.54,25511.92,1.9,LOW,NORMAL_OPERATIONS,NORMAL,Favorable weather conditions. Revenue outlook remains favorable.
2025-12-16,Khavda Renewable Energy Park,9551.550585568364,9525.001,45427.17,27699.5,2.06,LOW,NORMAL_OPERATIONS,NORMAL,Favorable weather conditions. Revenue outlook remains favorable.
2025-12-17,Khavda Renewable Energy Park,9048.501371039922,9032.116,43034.67,26240.66,1.96,LOW,NORMAL_OPERATIONS,NORMAL,Favorable weather conditions. Revenue outlook remains favorable.
2025-12-18,Khavda Renewable Energy Park,6464.055395042192,6334.203,30743.05,18745.76,1.4,LOW,NORMAL_OPERATIONS,NORMAL,Favorable weather conditions. Revenue outlook remains favorable.
2025-12-19,Khavda Renewable Energy Park,7935.52650028166,7934.93,37741.36,23013.02,1.72,LOW,NORMAL_OPERATIONS,NORMAL,Favorable weather conditions. Revenue outlook remains favorable.
2025-12-20,Khavda Renewable Energy Park,7754.741083434549,7702.538,36881.55,22488.75,1.68,LOW,NORMAL_OPERATIONS,NORMAL,Favorable weather conditions. Revenue outlook remains favorable.
2025-12-21,Khavda Renewable Energy Park,7545.869929425027,7489.869,35888.16,21883.02,1.63,LOW,NORMAL_OPERATIONS,NORMAL,Favorable weather conditions. Revenue outlook remains favorable.
2025-12-22,Khavda Renewable Energy Park,8378.549259240168,8416.033,39848.38,24297.8,1.81,LOW,NORMAL_OPERATIONS,NORMAL,Forecast indicates strong renewable output expected. Weather risks remain low.
2025-12-23,Khavda Renewable Energy Park,8756.642035078792,8771.932,41646.59,25394.26,1.89,LOW,NORMAL_OPERATIONS,NORMAL,Forecast indicates strong renewable output expected. Weather risks remain low.
2025-12-24,Khavda Renewable Energy Park,8607.320867939357,8610.777,40936.42,24961.23,1.86,LOW,NORMAL_OPERATIONS,NORMAL,Forecast indicates strong renewable output expected. Weather risks remain low.
2025-12-25,Khavda Renewable Energy Park,2813.60838902398,2814.015,13381.52,8159.46,0.61,LOW,NORMAL_OPERATIONS,NORMAL,Forecast indicates strong renewable output expected. Weather risks remain low.
2025-12-26,Khavda Renewable Energy Park,8121.753300804809,8068.6577,38627.06,23553.08,1.76,LOW,NORMAL_OPERATIONS,NORMAL,Favorable weather conditions. Revenue outlook remains favorable.
2025-12-27,Khavda Renewable Energy Park,7926.317492161145,7902.793,37697.56,22986.32,1.71,LOW,NORMAL_OPERATIONS,NORMAL,Favorable weather conditions. Revenue outlook remains favorable.
2025-12-28,Khavda Renewable Energy Park,8814.923892780564,8785.095,41923.78,25563.28,1.91,LOW,NORMAL_OPERATIONS,NORMAL,Favorable weather conditions. Revenue outlook remains favorable.
2025-12-29,Khavda Renewable Energy Park,8361.54606435037,8375.595,39767.52,24248.48,1.81,LOW,NORMAL_OPERATIONS,NORMAL,Forecast indicates strong renewable output expected. Weather risks remain low.
2025-12-30,Khavda Renewable Energy Park,7130.077734444793,7028.086,33910.65,20677.22,1.54,LOW,NORMAL_OPERATIONS,NORMAL,Favorable weather conditions. Revenue outlook remains favorable.
2025-12-31,Khavda Renewable Energy Park,6856.1758194453,6816.5166,32607.97,19882.91,1.48,LOW,NORMAL_OPERATIONS,NORMAL,Favorable weather conditions. Revenue outlook remains favorable.
2026-01-01,Khavda Renewable Energy Park,8947.60550852065,8942.81,42554.81,25948.06,1.93,LOW,NORMAL_OPERATIONS,NORMAL,Favorable weather conditions. Revenue outlook remains favorable.
2026-01-02,Khavda Renewable Energy Park,9495.814216650137,9489.795,45162.09,27537.86,2.05,LOW,NORMAL_OPERATIONS,NORMAL,Favorable weather conditions. Revenue outlook remains favorable.
2026-01-03,Khavda Renewable Energy Park,9587.994948579582,9602.091,45600.5,27805.18,2.07,LOW,NORMAL_OPERATIONS,NORMAL,Forecast indicates strong renewable output expected. Weather risks remain low.
2026-01-04,Khavda Renewable Energy Park,8873.10266377383,8849.897,42200.48,25732.0,1.92,LOW,NORMAL_OPERATIONS,NORMAL,Favorable weather conditions. Revenue outlook remains favorable.
2026-01-05,Khavda Renewable Energy Park,9423.698757033411,9420.278,44819.11,27328.72,2.04,LOW,NORMAL_OPERATIONS,NORMAL,Favorable weather conditions. Revenue outlook remains favorable.
2026-01-06,Khavda Renewable Energy Park,9075.7232491327,9109.496,43164.14,26319.6,1.96,LOW,NORMAL_OPERATIONS,NORMAL,Forecast indicates strong renewable output expected. Weather risks remain low.
2026-01-07,Khavda Renewable Energy Park,9621.782707066532,9656.264,45761.2,27903.17,2.08,LOW,NORMAL_OPERATIONS,NORMAL,Forecast indicates strong renewable output expected. Weather risks remain low.
2026-01-08,Khavda Renewable Energy Park,9392.144032159284,9384.854,44669.04,27237.22,2.03,LOW,NORMAL_OPERATIONS,NORMAL,Favorable weather conditions. Revenue outlook remains favorable.
2026-01-09,Khavda Renewable Energy Park,9694.250209555074,9716.273,46105.85,28113.32,2.1,LOW,NORMAL_OPERATIONS,NORMAL,Forecast indicates strong renewable output expected. Weather risks remain low.
2026-01-10,Khavda Renewable Energy Park,9828.198813026464,9848.85,46742.91,28501.78,2.12,LOW,NORMAL_OPERATIONS,NORMAL,Forecast indicates strong renewable output expected. Weather risks remain low.
2026-01-11,Khavda Renewable Energy Park,10159.896475231097,10151.984,48320.47,29463.7,2.2,LOW,NORMAL_OPERATIONS,NORMAL,Favorable weather conditions. Revenue outlook remains favorable.
2026-01-12,Khavda Renewable Energy Park,10256.660574965232,10253.63,48780.68,29744.32,2.22,LOW,NORMAL_OPERATIONS,NORMAL,Favorable weather conditions. Revenue outlook remains favorable.
2026-01-13,Khavda Renewable Energy Park,10268.22061007676,10239.497,48835.66,29777.84,2.22,LOW,NORMAL_OPERATIONS,NORMAL,Favorable weather conditions. Revenue outlook remains favorable.
2026-01-14,Khavda Renewable Energy Park,9912.74101702747,9887.413,47145.0,28746.95,2.14,LOW,NORMAL_OPERATIONS,NORMAL,Favorable weather conditions. Revenue outlook remains favorable.
2026-01-15,Khavda Renewable Energy Park,8393.369497455302,8361.395,39918.86,24340.77,1.81,LOW,NORMAL_OPERATIONS,NORMAL,Favorable weather conditions. Revenue outlook remains favorable.
2026-01-16,Khavda Renewable Energy Park,7202.295613998958,7001.9346,34254.11,20886.66,1.56,LOW,NORMAL_OPERATIONS,NORMAL,Favorable weather conditions. Revenue outlook remains favorable.
2026-01-17,Khavda Renewable Energy Park,7062.107098220268,7018.03,33587.38,20480.11,1.53,LOW,NORMAL_OPERATIONS,NORMAL,Favorable weather conditions. Revenue outlook remains favorable.
2026-01-18,Khavda Renewable Energy Park,9267.7069985791,9318.459,44077.21,26876.35,2.0,LOW,NORMAL_OPERATIONS,NORMAL,Forecast indicates strong renewable output expected. Weather risks remain low.
2026-01-19,Khavda Renewable Energy Park,10103.41067855053,10092.162,48051.82,29299.89,2.18,LOW,NORMAL_OPERATIONS,NORMAL,Favorable weather conditions. Revenue outlook remains favorable.
2026-01-20,Khavda Renewable Energy Park,10173.844202098177,10175.957,48386.81,29504.15,2.2,LOW,NORMAL_OPERATIONS,NORMAL,Forecast indicates strong renewable output expected. Weather risks remain low.
2026-01-21,Khavda Renewable Energy Park,10405.247804047403,10363.102,49487.36,30175.22,2.25,LOW,NORMAL_OPERATIONS,NORMAL,Favorable weather conditions. Revenue outlook remains favorable.
2026-01-22,Khavda Renewable Energy Park,8510.16596559119,8419.066,40474.35,24679.48,1.84,LOW,NORMAL_OPERATIONS,NORMAL,Favorable weather conditions. Revenue outlook remains favorable.
2026-01-23,Khavda Renewable Energy Park,9500.596571875123,9586.92,45184.84,27551.73,2.05,LOW,NORMAL_OPERATIONS,NORMAL,Forecast indicates strong renewable output expected. Weather risks remain low.
2026-01-24,Khavda Renewable Energy Park,5036.057263657433,5082.2275,23951.49,14604.56,1.09,LOW,NORMAL_OPERATIONS,NORMAL,Forecast indicates strong renewable output expected. Weather risks remain low.
2026-01-25,Khavda Renewable Energy Park,1600.4927356431551,1564.8127,7611.95,4641.43,0.35,MEDIUM,NORMAL_OPERATIONS,CLOUD_CURTAILMENT,Cloud cover and rainfall may reduce solar generation.
2026-01-26,Khavda Renewable Energy Park,4924.389453818701,4972.32,23420.4,14280.73,1.06,LOW,NORMAL_OPERATIONS,NORMAL,Forecast indicates strong renewable output expected. Weather risks remain low.
2026-01-27,Khavda Renewable Energy Park,10027.556715169563,10094.932,47691.06,29079.92,2.17,LOW,NORMAL_OPERATIONS,NORMAL,Forecast indicates strong renewable output expected. Weather risks remain low.
2026-01-28,Khavda Renewable Energy Park,8795.768206669687,8882.557,41832.68,25507.73,1.9,LOW,NORMAL_OPERATIONS,NORMAL,Forecast indicates strong renewable output expected. Weather risks remain low.
2026-01-29,Khavda Renewable Energy Park,2124.6262863640945,2175.5469,10104.72,6161.42,0.46,MEDIUM,NORMAL_OPERATIONS,CLOUD_CURTAILMENT,Cloud cover and rainfall may reduce solar generation.
2026-01-30,Khavda Renewable Energy Park,4681.632516758651,4669.0654,22265.85,13576.74,1.01,LOW,NORMAL_OPERATIONS,NORMAL,Favorable weather conditions. Revenue outlook remains favorable.
2026-01-31,Khavda Renewable Energy Park,10717.61867649594,10665.771,50973.0,31081.1,2.32,LOW,NORMAL_OPERATIONS,NORMAL,Favorable weather conditions. Revenue outlook remains favorable.
2026-02-01,Khavda Renewable Energy Park,10513.444288948118,10544.883,50001.94,30488.99,2.27,LOW,NORMAL_OPERATIONS,NORMAL,Forecast indicates strong renewable output expected. Weather risks remain low.
2026-02-02,Khavda Renewable Energy Park,10440.730703223317,10437.207,49656.12,30278.12,2.26,LOW,NORMAL_OPERATIONS,NORMAL,Favorable weather conditions. Revenue outlook remains favorable.
2026-02-03,Khavda Renewable Energy Park,10660.5465475824,10696.64,50701.56,30915.58,2.3,LOW,NORMAL_OPERATIONS,NORMAL,Forecast indicates strong renewable output expected. Weather risks remain low.
2026-02-04,Khavda Renewable Energy Park,11006.199323614215,10971.085,52345.49,31917.98,2.38,LOW,NORMAL_OPERATIONS,NORMAL,Favorable weather conditions. Revenue outlook remains favorable.
2026-02-05,Khavda Renewable Energy Park,10898.359924574472,10903.347,51832.6,31605.24,2.36,LOW,NORMAL_OPERATIONS,NORMAL,Forecast indicates strong renewable output expected. Weather risks remain low.
2026-02-06,Khavda Renewable Energy Park,9455.578412763582,9422.318,44970.73,27421.18,2.04,LOW,NORMAL_OPERATIONS,NORMAL,Favorable weather conditions. Revenue outlook remains favorable.
2026-02-07,Khavda Renewable Energy Park,5037.090346917207,5010.78,23956.4,14607.56,1.09,LOW,NORMAL_OPERATIONS,NORMAL,Favorable weather conditions. Revenue outlook remains favorable.
2026-02-08,Khavda Renewable Energy Park,11047.803582919703,11021.021,52543.35,32038.63,2.39,LOW,NORMAL_OPERATIONS,NORMAL,Favorable weather conditions. Revenue outlook remains favorable.
2026-02-09,Khavda Renewable Energy Park,10534.66042969339,10564.798,50102.84,30550.52,2.28,LOW,NORMAL_OPERATIONS,NORMAL,Forecast indicates strong renewable output expected. Weather risks remain low.
2026-02-10,Khavda Renewable Energy Park,8396.58751068181,8398.423,39934.17,24350.1,1.82,LOW,NORMAL_OPERATIONS,NORMAL,Forecast indicates strong renewable output expected. Weather risks remain low.
2026-02-11,Khavda Renewable Energy Park,11012.150000883086,11007.694,52373.79,31935.24,2.38,LOW,NORMAL_OPERATIONS,NORMAL,Favorable weather conditions. Revenue outlook remains favorable.
2026-02-12,Khavda Renewable Energy Park,6472.626432498848,6497.7085,30783.81,18770.62,1.4,LOW,NORMAL_OPERATIONS,NORMAL,Forecast indicates strong renewable output expected. Weather risks remain low.
2026-02-13,Khavda Renewable Energy Park,6780.138846648845,6790.625,32246.34,19662.4,1.47,LOW,NORMAL_OPERATIONS,NORMAL,Forecast indicates strong renewable output expected. Weather risks remain low.
2026-02-14,Khavda Renewable Energy Park,11688.1196256538,11700.725,55588.69,33895.54,2.53,LOW,NORMAL_OPERATIONS,NORMAL,Forecast indicates strong renewable output expected. Weather risks remain low.
2026-02-15,Khavda Renewable Energy Park,9219.094891515571,9256.155,43846.02,26735.38,1.99,LOW,NORMAL_OPERATIONS,NORMAL,Forecast indicates strong renewable output expected. Weather risks remain low.
2026-02-16,Khavda Renewable Energy Park,9031.15251111449,8878.797,42952.16,26190.34,1.95,LOW,NORMAL_OPERATIONS,NORMAL,Favorable weather conditions. Revenue outlook remains favorable.
2026-02-17,Khavda Renewable Energy Park,10946.643519684398,10983.904,52062.23,31745.26,2.37,LOW,NORMAL_OPERATIONS,NORMAL,Forecast indicates strong renewable output expected. Weather risks remain low.
2026-02-18,Khavda Renewable Energy Park,10984.779643591137,10979.271,52243.61,31855.86,2.37,LOW,NORMAL_OPERATIONS,NORMAL,Favorable weather conditions. Revenue outlook remains favorable.
2026-02-19,Khavda Renewable Energy Park,11517.100820375792,11526.271,54775.33,33399.59,2.49,LOW,NORMAL_OPERATIONS,NORMAL,Forecast indicates strong renewable output expected. Weather risks remain low.
2026-02-20,Khavda Renewable Energy Park,11467.326246626808,11531.066,54538.6,33255.25,2.48,LOW,NORMAL_OPERATIONS,NORMAL,Forecast indicates strong renewable output expected. Weather risks remain low.
2026-02-21,Khavda Renewable Energy Park,12279.27604518164,12251.121,58400.24,35609.9,2.65,LOW,NORMAL_OPERATIONS,NORMAL,Favorable weather conditions. Revenue outlook remains favorable.
2026-02-22,Khavda Renewable Energy Park,12169.891971613046,12183.682,57880.0,35292.68,2.63,LOW,NORMAL_OPERATIONS,NORMAL,Forecast indicates strong renewable output expected. Weather risks remain low.
2026-02-23,Khavda Renewable Energy Park,11115.807289620165,11158.16,52866.78,32235.84,2.4,LOW,NORMAL_OPERATIONS,NORMAL,Forecast indicates strong renewable output expected. Weather risks remain low.
2026-02-24,Khavda Renewable Energy Park,3598.316575218408,3627.5317,17113.6,10435.12,0.78,LOW,NORMAL_OPERATIONS,NORMAL,Forecast indicates strong renewable output expected. Weather risks remain low.
2026-02-25,Khavda Renewable Energy Park,7484.898327134054,7491.5903,35598.18,21706.2,1.62,LOW,NORMAL_OPERATIONS,NORMAL,Forecast indicates strong renewable output expected. Weather risks remain low.
2026-02-26,Khavda Renewable Energy Park,11289.7400913898,11243.061,53694.0,32740.24,2.44,LOW,NORMAL_OPERATIONS,NORMAL,Favorable weather conditions. Revenue outlook remains favorable.
2026-02-27,Khavda Renewable Energy Park,12576.721722832532,12565.359,59814.89,36472.5,2.72,LOW,NORMAL_OPERATIONS,NORMAL,Favorable weather conditions. Revenue outlook remains favorable.
2026-02-28,Khavda Renewable Energy Park,12113.942749362492,12136.022,57613.91,35130.44,2.62,LOW,NORMAL_OPERATIONS,NORMAL,Forecast indicates strong renewable output expected. Weather risks remain low.
2026-03-01,Khavda Renewable Energy Park,10460.418839341612,10485.219,49749.75,30335.22,2.26,LOW,NORMAL_OPERATIONS,NORMAL,Forecast indicates strong renewable output expected. Weather risks remain low.
2026-03-02,Khavda Renewable Energy Park,10879.267404047314,10888.79,51741.8,31549.88,2.35,LOW,NORMAL_OPERATIONS,NORMAL,Forecast indicates strong renewable output expected. Weather risks remain low.
2026-03-03,Khavda Renewable Energy Park,11195.991571915149,11222.007,53248.14,32468.38,2.42,LOW,NORMAL_OPERATIONS,NORMAL,Forecast indicates strong renewable output expected. Weather risks remain low.
2026-03-04,Khavda Renewable Energy Park,12732.098423522071,12735.319,60553.86,36923.08,2.75,LOW,NORMAL_OPERATIONS,NORMAL,Forecast indicates strong renewable output expected. Weather risks remain low.
2026-03-05,Khavda Renewable Energy Park,12045.409322527932,12069.34,57287.96,34931.68,2.6,LOW,NORMAL_OPERATIONS,NORMAL,Forecast indicates strong renewable output expected. Weather risks remain low.
2026-03-06,Khavda Renewable Energy Park,12113.12294544218,12162.523,57610.01,35128.06,2.62,LOW,NORMAL_OPERATIONS,NORMAL,Forecast indicates strong renewable output expected. Weather risks remain low.
2026-03-07,Khavda Renewable Energy Park,11924.935657005644,11940.479,56715.0,34582.32,2.58,LOW,NORMAL_OPERATIONS,NORMAL,Forecast indicates strong renewable output expected. Weather risks remain low.
2026-03-08,Khavda Renewable Energy Park,8981.876810845008,9007.195,42717.81,26047.44,1.94,LOW,NORMAL_OPERATIONS,NORMAL,Forecast indicates strong renewable output expected. Weather risks remain low.
2026-03-09,Khavda Renewable Energy Park,8648.672745386202,8794.009,41133.09,25081.15,1.87,LOW,NORMAL_OPERATIONS,NORMAL,Forecast indicates strong renewable output expected. Weather risks remain low.
2026-03-10,Khavda Renewable Energy Park,11226.525543078364,11258.401,53393.36,32556.92,2.43,LOW,NORMAL_OPERATIONS,NORMAL,Forecast indicates strong renewable output expected. Weather risks remain low.
2026-03-11,Khavda Renewable Energy Park,10015.405771628237,10109.826,47633.27,29044.68,2.17,LOW,NORMAL_OPERATIONS,NORMAL,Forecast indicates strong renewable output expected. Weather risks remain low.
2026-03-12,Khavda Renewable Energy Park,11108.128158656617,11185.87,52830.25,32213.57,2.4,LOW,NORMAL_OPERATIONS,NORMAL,Forecast indicates strong renewable output expected. Weather risks remain low.
2026-03-13,Khavda Renewable Energy Park,12078.01711082954,12116.051,57443.05,35026.25,2.61,LOW,NORMAL_OPERATIONS,NORMAL,Forecast indicates strong renewable output expected. Weather risks remain low.
2026-03-14,Khavda Renewable Energy Park,12281.29104505753,12285.347,58409.82,35615.75,2.65,LOW,NORMAL_OPERATIONS,NORMAL,Forecast indicates strong renewable output expected. Weather risks remain low.
2026-03-15,Khavda Renewable Energy Park,12070.073924637489,11962.818,57405.27,35003.21,2.61,LOW,NORMAL_OPERATIONS,NORMAL,Favorable weather conditions. Revenue outlook remains favorable.
2026-03-16,Khavda Renewable Energy Park,13315.580505070338,13291.252,63328.9,38615.18,2.88,LOW,NORMAL_OPERATIONS,NORMAL,Favorable weather conditions. Revenue outlook remains favorable.
2026-03-17,Khavda Renewable Energy Park,9024.425214420387,8993.711,42920.17,26170.84,1.95,LOW,NORMAL_OPERATIONS,NORMAL,Favorable weather conditions. Revenue outlook remains favorable.
2026-03-18,Khavda Renewable Energy Park,3898.0971516893214,3925.941,18539.35,11304.48,0.84,LOW,NORMAL_OPERATIONS,NORMAL,Forecast indicates strong renewable output expected. Weather risks remain low.
2026-03-19,Khavda Renewable Energy Park,2936.6048948798043,2943.1963,13966.49,8516.16,0.63,LOW,NORMAL_OPERATIONS,NORMAL,Forecast indicates strong renewable output expected. Weather risks remain low.
2026-03-20,Khavda Renewable Energy Park,11761.539489669589,11751.811,55937.88,34108.46,2.54,LOW,NORMAL_OPERATIONS,NORMAL,Favorable weather conditions. Revenue outlook remains favorable.
2026-03-21,Khavda Renewable Energy Park,5093.086324643945,5061.818,24222.72,14769.95,1.1,LOW,NORMAL_OPERATIONS,NORMAL,Favorable weather conditions. Revenue outlook remains favorable.
2026-03-22,Khavda Renewable Energy Park,5616.86481335485,5655.582,26713.81,16288.91,1.21,LOW,NORMAL_OPERATIONS,NORMAL,Forecast indicates strong renewable output expected. Weather risks remain low.
2026-03-23,Khavda Renewable Energy Park,6234.714942641959,6276.667,29652.31,18080.68,1.35,LOW,NORMAL_OPERATIONS,NORMAL,Forecast indicates strong renewable output expected. Weather risks remain low.
2026-03-24,Khavda Renewable Energy Park,2075.0032835798534,2049.8738,9868.72,6017.51,0.45,MEDIUM,NORMAL_OPERATIONS,CLOUD_CURTAILMENT,Cloud cover and rainfall may reduce solar generation.
2026-03-25,Khavda Renewable Energy Park,3542.662474756288,3651.647,16848.9,10273.72,0.77,LOW,NORMAL_OPERATIONS,NORMAL,Forecast indicates strong renewable output expected. Weather risks remain low.
2026-03-26,Khavda Renewable Energy Park,5475.721954348945,5654.118,26042.54,15879.6,1.18,LOW,NORMAL_OPERATIONS,NORMAL,Forecast indicates strong renewable output expected. Weather risks remain low.
2026-03-27,Khavda Renewable Energy Park,11447.813883129382,11384.029,54445.8,33198.66,2.47,LOW,NORMAL_OPERATIONS,NORMAL,Favorable weather conditions. Revenue outlook remains favorable.
2026-03-28,Khavda Renewable Energy Park,9240.55388508866,9418.779,43948.07,26797.6,2.0,LOW,NORMAL_OPERATIONS,NORMAL,Forecast indicates strong renewable output expected. Weather risks remain low.
2026-03-29,Khavda Renewable Energy Park,1820.416993827848,1874.4431,8657.9,5279.21,0.39,MEDIUM,NORMAL_OPERATIONS,CLOUD_CURTAILMENT,Cloud cover and rainfall may reduce solar generation.
2026-03-30,Khavda Renewable Energy Park,10043.070809955352,10030.227,47764.84,29124.9,2.17,LOW,NORMAL_OPERATIONS,NORMAL,Favorable weather conditions. Revenue outlook remains favorable.
2026-03-31,Khavda Renewable Energy Park,1292.6442400550784,1408.6462,6147.82,3748.67,0.28,MEDIUM,NORMAL_OPERATIONS,CLOUD_CURTAILMENT,Cloud cover and rainfall may reduce solar generation.
2026-04-01,Khavda Renewable Energy Park,886.8663281939027,859.20984,4217.93,2571.91,0.19,MEDIUM,NORMAL_OPERATIONS,CLOUD_CURTAILMENT,Cloud cover and rainfall may reduce solar generation.
2026-04-02,Khavda Renewable Energy Park,1062.331551301321,1095.2749,5052.45,3080.76,0.23,MEDIUM,NORMAL_OPERATIONS,CLOUD_CURTAILMENT,Cloud cover and rainfall may reduce solar generation.
2026-04-03,Khavda Renewable Energy Park,2892.36517208569,2829.8674,13756.09,8387.86,0.63,MEDIUM,NORMAL_OPERATIONS,CLOUD_CURTAILMENT,Cloud cover and rainfall may reduce solar generation.
2026-04-04,Khavda Renewable Energy Park,10190.015859544104,10197.855,48463.71,29551.04,2.2,LOW,NORMAL_OPERATIONS,NORMAL,Forecast indicates strong renewable output expected. Weather risks remain low.
2026-04-05,Khavda Renewable Energy Park,6509.719818313578,6472.501,30960.22,18878.19,1.41,LOW,NORMAL_OPERATIONS,NORMAL,Favorable weather conditions. Revenue outlook remains favorable.
2026-04-06,Khavda Renewable Energy Park,12582.498706112236,12502.305,59842.36,36489.25,2.72,LOW,NORMAL_OPERATIONS,NORMAL,Favorable weather conditions. Revenue outlook remains favorable.
2026-04-07,Khavda Renewable Energy Park,12068.554214239412,11973.23,57398.04,34998.8,2.61,LOW,NORMAL_OPERATIONS,NORMAL,Favorable weather conditions. Revenue outlook remains favorable.
2026-04-08,Khavda Renewable Energy Park,12508.539113460083,12532.107,59490.61,36274.76,2.7,LOW,NORMAL_OPERATIONS,NORMAL,Forecast indicates strong renewable output expected. Weather risks remain low.
2026-04-09,Khavda Renewable Energy Park,12579.529301343124,12570.309,59828.24,36480.64,2.72,LOW,NORMAL_OPERATIONS,NORMAL,Favorable weather conditions. Revenue outlook remains favorable.
2026-04-10,Khavda Renewable Energy Park,12986.25287850291,12967.322,61762.62,37660.14,2.81,LOW,NORMAL_OPERATIONS,NORMAL,Favorable weather conditions. Revenue outlook remains favorable.
2026-04-11,Khavda Renewable Energy Park,13284.86294501233,13273.971,63182.81,38526.11,2.87,LOW,NORMAL_OPERATIONS,NORMAL,Favorable weather conditions. Revenue outlook remains favorable.
2026-04-12,Khavda Renewable Energy Park,12177.657324594276,12175.21,57916.94,35315.2,2.63,LOW,NORMAL_OPERATIONS,NORMAL,Favorable weather conditions. Revenue outlook remains favorable.
2026-04-13,Khavda Renewable Energy Park,11796.419749179418,11746.4,56103.77,34209.62,2.55,LOW,NORMAL_OPERATIONS,NORMAL,Favorable weather conditions. Revenue outlook remains favorable.
2026-04-14,Khavda Renewable Energy Park,12834.968813038431,12761.359,61043.11,37221.41,2.77,LOW,NORMAL_OPERATIONS,NORMAL,Favorable weather conditions. Revenue outlook remains favorable.
2026-04-15,Khavda Renewable Energy Park,12486.023208231423,12387.888,59383.52,36209.46,2.7,LOW,NORMAL_OPERATIONS,NORMAL,Favorable weather conditions. Revenue outlook remains favorable.
2026-04-16,Khavda Renewable Energy Park,3264.911578563968,3160.2024,15527.92,9468.25,0.71,MEDIUM,NORMAL_OPERATIONS,CLOUD_CURTAILMENT,Cloud cover and rainfall may reduce solar generation.
2026-04-17,Khavda Renewable Energy Park,9455.945116510962,9472.299,44972.47,27422.24,2.04,LOW,NORMAL_OPERATIONS,NORMAL,Forecast indicates strong renewable output expected. Weather risks remain low.
2026-04-18,Khavda Renewable Energy Park,6203.870516128151,6211.9014,29505.61,17991.22,1.34,LOW,NORMAL_OPERATIONS,NORMAL,Forecast indicates strong renewable output expected. Weather risks remain low.
2026-04-19,Khavda Renewable Energy Park,13232.768756101084,13266.095,62935.05,38375.03,2.86,LOW,NORMAL_OPERATIONS,NORMAL,Forecast indicates strong renewable output expected. Weather risks remain low.
2026-04-20,Khavda Renewable Energy Park,12774.618691493804,12777.482,60756.09,37046.39,2.76,LOW,NORMAL_OPERATIONS,NORMAL,Forecast indicates strong renewable output expected. Weather risks remain low.
2026-04-21,Khavda Renewable Energy Park,10216.425367025528,10249.753,48589.32,29627.64,2.21,LOW,NORMAL_OPERATIONS,NORMAL,Forecast indicates strong renewable output expected. Weather risks remain low.
2026-04-22,Khavda Renewable Energy Park,10224.25082361956,10242.236,48626.53,29650.32,2.21,LOW,NORMAL_OPERATIONS,NORMAL,Forecast indicates strong renewable output expected. Weather risks remain low.
2026-04-23,Khavda Renewable Energy Park,11163.402428072872,11193.27,53093.14,32373.86,2.41,LOW,NORMAL_OPERATIONS,NORMAL,Forecast indicates strong renewable output expected. Weather risks remain low.
2026-04-24,Khavda Renewable Energy Park,9208.40684287022,9304.748,43795.18,26704.38,1.99,LOW,NORMAL_OPERATIONS,NORMAL,Forecast indicates strong renewable output expected. Weather risks remain low.
2026-04-25,Khavda Renewable Energy Park,11842.482266752915,11840.72,56322.85,34343.2,2.56,LOW,NORMAL_OPERATIONS,NORMAL,Favorable weather conditions. Revenue outlook remains favorable.
2026-04-26,Khavda Renewable Energy Park,12735.010313578769,12737.423,60567.71,36931.53,2.75,LOW,NORMAL_OPERATIONS,NORMAL,Forecast indicates strong renewable output expected. Weather risks remain low.
2026-04-27,Khavda Renewable Energy Park,13283.04362122782,13269.272,63174.15,38520.82,2.87,LOW,NORMAL_OPERATIONS,NORMAL,Favorable weather conditions. Revenue outlook remains favorable.
2026-04-28,Khavda Renewable Energy Park,12845.723011179782,12834.703,61094.26,37252.6,2.78,LOW,NORMAL_OPERATIONS,NORMAL,Favorable weather conditions. Revenue outlook remains favorable.
2026-04-29,Khavda Renewable Energy Park,13776.644212550742,13827.296,65521.72,39952.27,2.98,LOW,NORMAL_OPERATIONS,NORMAL,Forecast indicates strong renewable output expected. Weather risks remain low.
2026-04-30,Khavda Renewable Energy Park,13906.620526033628,13962.409,66139.89,40329.2,3.01,LOW,NORMAL_OPERATIONS,NORMAL,Forecast indicates strong renewable output expected. Weather risks remain low.
2026-05-01,Khavda Renewable Energy Park,14290.459624750172,14266.385,67965.43,41442.34,3.09,LOW,NORMAL_OPERATIONS,NORMAL,Favorable weather conditions. Revenue outlook remains favorable.
2026-05-02,Khavda Renewable Energy Park,13645.936531317568,13593.586,64900.07,39573.21,2.95,LOW,NORMAL_OPERATIONS,NORMAL,Favorable weather conditions. Revenue outlook remains favorable.
2026-05-03,Khavda Renewable Energy Park,13764.069578757251,13814.896,65461.91,39915.8,2.98,LOW,NORMAL_OPERATIONS,NORMAL,Forecast indicates strong renewable output expected. Weather risks remain low.
2026-05-04,Khavda Renewable Energy Park,13473.397615878415,13462.621,64079.48,39072.86,2.91,LOW,NORMAL_OPERATIONS,NORMAL,Favorable weather conditions. Revenue outlook remains favorable.
2026-05-05,Khavda Renewable Energy Park,13112.887641623083,13122.987,62364.9,38027.38,2.83,LOW,NORMAL_OPERATIONS,NORMAL,Forecast indicates strong renewable output expected. Weather risks remain low.
2026-05-06,Khavda Renewable Energy Park,11778.845056672935,11719.154,56020.19,34158.65,2.55,LOW,NORMAL_OPERATIONS,NORMAL,Favorable weather conditions. Revenue outlook remains favorable.
2026-05-07,Khavda Renewable Energy Park,14039.905581684568,13972.142,66773.79,40715.72,3.04,LOW,NORMAL_OPERATIONS,NORMAL,Favorable weather conditions. Revenue outlook remains favorable.
2026-05-08,Khavda Renewable Energy Park,12844.5627641797,12873.926,61088.74,37249.23,2.78,LOW,NORMAL_OPERATIONS,NORMAL,Forecast indicates strong renewable output expected. Weather risks remain low.
2026-05-09,Khavda Renewable Energy Park,12921.040060133688,12898.6455,61452.46,37471.02,2.79,LOW,NORMAL_OPERATIONS,NORMAL,Favorable weather conditions. Revenue outlook remains favorable.
2026-05-10,Khavda Renewable Energy Park,13318.28618254362,13365.749,63341.77,38623.03,2.88,LOW,NORMAL_OPERATIONS,NORMAL,Forecast indicates strong renewable output expected. Weather risks remain low.
2026-05-11,Khavda Renewable Energy Park,13215.190702790893,13226.181,62851.45,38324.06,2.86,LOW,NORMAL_OPERATIONS,NORMAL,Forecast indicates strong renewable output expected. Weather risks remain low.
2026-05-12,Khavda Renewable Energy Park,12289.326015873816,12368.868,58448.03,35639.04,2.66,LOW,NORMAL_OPERATIONS,NORMAL,Forecast indicates strong renewable output expected. Weather risks remain low.
2026-05-13,Khavda Renewable Energy Park,11651.584857758891,11718.02,55414.94,33789.6,2.52,LOW,NORMAL_OPERATIONS,NORMAL,Forecast indicates strong renewable output expected. Weather risks remain low.
2026-05-14,Khavda Renewable Energy Park,14092.205880104708,14063.395,67022.53,40867.39,3.05,LOW,NORMAL_OPERATIONS,NORMAL,Favorable weather conditions. Revenue outlook remains favorable.
2026-05-15,Khavda Renewable Energy Park,11545.346203764866,11546.415,54909.67,33481.5,2.5,LOW,NORMAL_OPERATIONS,NORMAL,Forecast indicates strong renewable output expected. Weather risks remain low.
2026-05-16,Khavda Renewable Energy Park,13344.331624314553,13287.373,63465.64,38698.56,2.88,LOW,NORMAL_OPERATIONS,NORMAL,Favorable weather conditions. Revenue outlook remains favorable.
2026-05-17,Khavda Renewable Energy Park,13516.6666270428,13511.417,64285.27,39198.34,2.92,LOW,NORMAL_OPERATIONS,NORMAL,Favorable weather conditions. Revenue outlook remains favorable.
2026-05-18,Khavda Renewable Energy Park,12264.259171330412,12190.757,58328.81,35566.35,2.65,LOW,NORMAL_OPERATIONS,NORMAL,Favorable weather conditions. Revenue outlook remains favorable.
2026-05-19,Khavda Renewable Energy Park,13191.855201700331,13204.745,62740.46,38256.38,2.85,LOW,NORMAL_OPERATIONS,NORMAL,Forecast indicates strong renewable output expected. Weather risks remain low.
2026-05-20,Khavda Renewable Energy Park,12555.058104885102,12574.791,59711.86,36409.67,2.71,LOW,NORMAL_OPERATIONS,NORMAL,Forecast indicates strong renewable output expected. Weather risks remain low.
2026-05-21,Khavda Renewable Energy Park,13340.534393347729,13333.168,63447.58,38687.55,2.88,LOW,NORMAL_OPERATIONS,NORMAL,Favorable weather conditions. Revenue outlook remains favorable.
2026-05-22,Khavda Renewable Energy Park,13084.45548832752,13045.736,62229.67,37944.92,2.83,LOW,NORMAL_OPERATIONS,NORMAL,Favorable weather conditions. Revenue outlook remains favorable.
2026-05-23,Khavda Renewable Energy Park,10974.535168088483,10944.131,52194.89,31826.15,2.37,LOW,NORMAL_OPERATIONS,NORMAL,Favorable weather conditions. Revenue outlook remains favorable.
2026-05-24,Khavda Renewable Energy Park,11812.702629551122,11740.102,56181.22,34256.84,2.55,LOW,NORMAL_OPERATIONS,NORMAL,Favorable weather conditions. Revenue outlook remains favorable.
2026-05-25,Khavda Renewable Energy Park,10162.208156999292,10177.622,48331.46,29470.4,2.2,LOW,NORMAL_OPERATIONS,NORMAL,Forecast indicates strong renewable output expected. Weather risks remain low.
2026-05-26,Khavda Renewable Energy Park,11655.911007090775,11654.692,55435.51,33802.14,2.52,LOW,NORMAL_OPERATIONS,NORMAL,Favorable weather conditions. Revenue outlook remains favorable.
2026-05-27,Khavda Renewable Energy Park,12527.254299492972,12633.158,59579.62,36329.04,2.71,LOW,NORMAL_OPERATIONS,NORMAL,Forecast indicates strong renewable output expected. Weather risks remain low.
2026-05-28,Khavda Renewable Energy Park,11818.55639069031,11750.689,56209.06,34273.82,2.55,LOW,NORMAL_OPERATIONS,NORMAL,Favorable weather conditions. Revenue outlook remains favorable.
2026-05-29,Khavda Renewable Energy Park,13050.185279502364,12964.821,62066.68,37845.54,2.82,LOW,NORMAL_OPERATIONS,NORMAL,Favorable weather conditions. Revenue outlook remains favorable.
2026-05-30,Khavda Renewable Energy Park,9649.125605504732,9619.975,45891.24,27982.46,2.09,LOW,NORMAL_OPERATIONS,NORMAL,Favorable weather conditions. Revenue outlook remains favorable.
2026-05-31,Khavda Renewable Energy Park,10248.408709510928,10315.029,48741.43,29720.38,2.22,LOW,NORMAL_OPERATIONS,NORMAL,Forecast indicates strong renewable output expected. Weather risks remain low.
2026-06-01,Khavda Renewable Energy Park,9972.5739190736,10018.422,47429.56,28920.46,2.16,LOW,NORMAL_OPERATIONS,NORMAL,Forecast indicates strong renewable output expected. Weather risks remain low.
2026-06-02,Khavda Renewable Energy Park,10518.326130605225,10449.902,50025.16,30503.14,2.27,LOW,NORMAL_OPERATIONS,NORMAL,Favorable weather conditions. Revenue outlook remains favorable.
2026-06-03,Khavda Renewable Energy Park,13335.196322634536,13329.621,63422.19,38672.07,2.88,LOW,NORMAL_OPERATIONS,NORMAL,Favorable weather conditions. Revenue outlook remains favorable.
2026-06-04,Khavda Renewable Energy Park,10575.571765441622,10566.285,50297.42,30669.16,2.29,LOW,NORMAL_OPERATIONS,NORMAL,Favorable weather conditions. Revenue outlook remains favorable.
2026-06-05,Khavda Renewable Energy Park,9618.01746609898,9579.512,45743.29,27892.25,2.08,LOW,NORMAL_OPERATIONS,NORMAL,Favorable weather conditions. Revenue outlook remains favorable.
2026-06-06,Khavda Renewable Energy Park,12252.278175558087,12182.492,58271.83,35531.61,2.65,LOW,NORMAL_OPERATIONS,NORMAL,Favorable weather conditions. Revenue outlook remains favorable.
2026-06-07,Khavda Renewable Energy Park,12711.659498476229,12721.972,60456.66,36863.82,2.75,LOW,NORMAL_OPERATIONS,NORMAL,Forecast indicates strong renewable output expected. Weather risks remain low.
2026-06-08,Khavda Renewable Energy Park,11977.58091030974,11925.104,56965.38,34734.98,2.59,LOW,NORMAL_OPERATIONS,NORMAL,Favorable weather conditions. Revenue outlook remains favorable.
2026-06-09,Khavda Renewable Energy Park,11065.579823489074,10940.2,52627.9,32090.18,2.39,LOW,NORMAL_OPERATIONS,NORMAL,Favorable weather conditions. Revenue outlook remains favorable.
2026-06-10,Khavda Renewable Energy Park,11922.630415138825,11927.175,56704.03,34575.63,2.58,LOW,NORMAL_OPERATIONS,NORMAL,Forecast indicates strong renewable output expected. Weather risks remain low.
2026-06-11,Khavda Renewable Energy Park,14302.429223647008,14342.287,68022.35,41477.04,3.09,LOW,NORMAL_OPERATIONS,NORMAL,Forecast indicates strong renewable output expected. Weather risks remain low.
2026-06-12,Khavda Renewable Energy Park,13417.814577259702,13510.452,63815.12,38911.66,2.9,LOW,NORMAL_OPERATIONS,NORMAL,Forecast indicates strong renewable output expected. Weather risks remain low.
2026-06-13,Khavda Renewable Energy Park,9961.215764464152,10059.755,47375.54,28887.52,2.15,LOW,NORMAL_OPERATIONS,NORMAL,Forecast indicates strong renewable output expected. Weather risks remain low.
2026-06-14,Khavda Renewable Energy Park,7179.176378598931,7147.164,34144.16,20819.61,1.55,LOW,NORMAL_OPERATIONS,NORMAL,Favorable weather conditions. Revenue outlook remains favorable.
2026-06-15,Khavda Renewable Energy Park,5850.267466948022,5786.9023,27823.87,16965.78,1.26,LOW,NORMAL_OPERATIONS,NORMAL,Favorable weather conditions. Revenue outlook remains favorable.
2026-06-16,Khavda Renewable Energy Park,7324.422269590505,7249.5376,34834.95,21240.82,1.58,LOW,NORMAL_OPERATIONS,NORMAL,Favorable weather conditions. Revenue outlook remains favorable.
2026-06-17,Khavda Renewable Energy Park,10716.32645844115,10646.022,50966.85,31077.34,2.32,LOW,NORMAL_OPERATIONS,NORMAL,Favorable weather conditions. Revenue outlook remains favorable.
2026-06-18,Khavda Renewable Energy Park,9138.509604794375,9068.291,43462.76,26501.68,1.98,LOW,NORMAL_OPERATIONS,NORMAL,Favorable weather conditions. Revenue outlook remains favorable.
2026-06-19,Khavda Renewable Energy Park,8776.824921106765,8847.412,41742.58,25452.79,1.9,LOW,NORMAL_OPERATIONS,NORMAL,Forecast indicates strong renewable output expected. Weather risks remain low.
2026-06-20,Khavda Renewable Energy Park,9619.686327547084,9692.445,45751.23,27897.09,2.08,LOW,NORMAL_OPERATIONS,NORMAL,Forecast indicates strong renewable output expected. Weather risks remain low.
2026-06-21,Khavda Renewable Energy Park,8967.901950337071,8911.762,42651.34,26006.92,1.94,LOW,NORMAL_OPERATIONS,NORMAL,Favorable weather conditions. Revenue outlook remains favorable.
2026-06-22,Khavda Renewable Energy Park,10250.818356631178,10175.469,48752.9,29727.38,2.22,LOW,NORMAL_OPERATIONS,NORMAL,Favorable weather conditions. Revenue outlook remains favorable.
2026-06-23,Khavda Renewable Energy Park,8548.503860783898,8554.553,40656.68,24790.66,1.85,LOW,NORMAL_OPERATIONS,NORMAL,Forecast indicates strong renewable output expected. Weather risks remain low.
2026-06-24,Khavda Renewable Energy Park,7896.782563297776,7787.775,37557.1,22900.67,1.71,LOW,NORMAL_OPERATIONS,NORMAL,Favorable weather conditions. Revenue outlook remains favorable.
2026-06-25,Khavda Renewable Energy Park,7702.617104609413,7623.081,36633.65,22337.59,1.67,LOW,NORMAL_OPERATIONS,NORMAL,Favorable weather conditions. Revenue outlook remains favorable.
2026-06-26,Khavda Renewable Energy Park,8337.807137879592,8359.411,39654.61,24179.64,1.8,LOW,NORMAL_OPERATIONS,NORMAL,Forecast indicates strong renewable output expected. Weather risks remain low.
2026-06-27,Khavda Renewable Energy Park,10465.58904300968,10452.246,49774.34,30350.21,2.26,LOW,NORMAL_OPERATIONS,NORMAL,Favorable weather conditions. Revenue outlook remains favorable.
2026-06-28,Khavda Renewable Energy Park,9909.973846328105,9944.91,47131.84,28738.92,2.14,LOW,NORMAL_OPERATIONS,NORMAL,Forecast indicates strong renewable output expected. Weather risks remain low.
2026-06-29,Khavda Renewable Energy Park,7980.964641760483,7971.1733,37957.46,23144.8,1.73,LOW,NORMAL_OPERATIONS,NORMAL,Favorable weather conditions. Revenue outlook remains favorable.
2026-06-30,Khavda Renewable Energy Park,9579.135364459718,9537.52,45558.37,27779.5,2.07,LOW,NORMAL_OPERATIONS,NORMAL,Favorable weather conditions. Revenue outlook remains favorable.
2026-07-01,Khavda Renewable Energy Park,8088.002622072734,8082.248,38466.54,23455.21,1.75,LOW,NORMAL_OPERATIONS,NORMAL,Favorable weather conditions. Revenue outlook remains favorable.
2026-07-02,Khavda Renewable Energy Park,7728.247257211517,7816.957,36755.54,22411.92,1.67,LOW,NORMAL_OPERATIONS,NORMAL,Forecast indicates strong renewable output expected. Weather risks remain low.
2026-07-03,Khavda Renewable Energy Park,7955.177010032533,8017.5254,37834.82,23070.02,1.72,LOW,NORMAL_OPERATIONS,NORMAL,Forecast indicates strong renewable output expected. Weather risks remain low.
2026-07-04,Khavda Renewable Energy Park,2854.6691701873583,2827.288,13576.81,8278.54,0.62,MEDIUM,NORMAL_OPERATIONS,CLOUD_CURTAILMENT,Cloud cover and rainfall may reduce solar generation.
2026-07-05,Khavda Renewable Energy Park,1396.4308401416663,1452.0219,6641.43,4049.65,0.3,MEDIUM,NORMAL_OPERATIONS,CLOUD_CURTAILMENT,Cloud cover and rainfall may reduce solar generation.
2026-07-06,Khavda Renewable Energy Park,5324.205748719971,5219.3535,25321.92,15440.2,1.15,LOW,NORMAL_OPERATIONS,NORMAL,Favorable weather conditions. Revenue outlook remains favorable.
2026-07-07,Khavda Renewable Energy Park,254.08128397868705,227.10776,1208.41,736.84,0.05,MEDIUM,NORMAL_OPERATIONS,CLOUD_CURTAILMENT,Cloud cover and rainfall may reduce solar generation.
2026-07-08,Khavda Renewable Energy Park,6541.812437968957,6522.785,31112.86,18971.26,1.41,LOW,NORMAL_OPERATIONS,NORMAL,Favorable weather conditions. Revenue outlook remains favorable.
2026-07-09,Khavda Renewable Energy Park,7082.172276691024,7079.1577,33682.81,20538.3,1.53,LOW,NORMAL_OPERATIONS,NORMAL,Favorable weather conditions. Revenue outlook remains favorable.
2026-07-10,Khavda Renewable Energy Park,2678.0434269247025,2654.4575,12736.77,7766.32,0.58,MEDIUM,NORMAL_OPERATIONS,CLOUD_CURTAILMENT,Cloud cover and rainfall may reduce solar generation.
2026-07-11,Khavda Renewable Energy Park,5088.136834763751,5045.4863,24199.18,14755.6,1.1,MEDIUM,NORMAL_OPERATIONS,NORMAL,Moderate weather patterns observed. Monitor generation closely.
2026-07-12,Khavda Renewable Energy Park,7107.905744426733,6958.651,33805.2,20612.92,1.54,MEDIUM,NORMAL_OPERATIONS,NORMAL,Moderate weather patterns observed. Monitor generation closely.
2026-07-13,Khavda Renewable Energy Park,5628.055972545101,5435.9277,26767.03,16321.36,1.22,MEDIUM,NORMAL_OPERATIONS,NORMAL,Moderate weather patterns observed. Monitor generation closely.
2026-07-14,Khavda Renewable Energy Park,3731.92219995676,3787.6956,17749.02,10822.58,0.81,LOW,NORMAL_OPERATIONS,NORMAL,Forecast indicates strong renewable output expected. Weather risks remain low.
2026-07-15,Khavda Renewable Energy Park,3654.0960259888825,3653.5054,17378.88,10596.88,0.79,MEDIUM,NORMAL_OPERATIONS,CLOUD_CURTAILMENT,Cloud cover and rainfall may reduce solar generation.
2026-07-16,Khavda Renewable Energy Park,11506.661549489128,11415.479,54725.68,33369.32,2.49,LOW,NORMAL_OPERATIONS,NORMAL,Favorable weather conditions. Revenue outlook remains favorable.
2026-07-17,Khavda Renewable Energy Park,7871.087104770922,7877.096,37434.89,22826.16,1.7,LOW,NORMAL_OPERATIONS,NORMAL,Forecast indicates strong renewable output expected. Weather risks remain low.
2026-07-18,Khavda Renewable Energy Park,4607.819955860325,4668.1553,21914.8,13362.68,1.0,LOW,NORMAL_OPERATIONS,NORMAL,Forecast indicates strong renewable output expected. Weather risks remain low.
2026-07-19,Khavda Renewable Energy Park,3425.4928190545343,3353.6902,16291.65,9933.93,0.74,MEDIUM,NORMAL_OPERATIONS,CLOUD_CURTAILMENT,Cloud cover and rainfall may reduce solar generation.
2026-07-20,Khavda Renewable Energy Park,1317.9342920171662,1328.7539,6268.1,3822.01,0.28,MEDIUM,NORMAL_OPERATIONS,CLOUD_CURTAILMENT,Cloud cover and rainfall may reduce solar generation.
2026-07-21,Khavda Renewable Energy Park,1181.6054002561957,1199.6566,5619.71,3426.66,0.26,MEDIUM,NORMAL_OPERATIONS,CLOUD_CURTAILMENT,Cloud cover and rainfall may reduce solar generation.
2026-07-22,Khavda Renewable Energy Park,555.6962281585379,558.3726,2642.89,1611.52,0.12,MEDIUM,NORMAL_OPERATIONS,CLOUD_CURTAILMENT,Cloud cover and rainfall may reduce solar generation.
2026-07-23,Khavda Renewable Energy Park,265.5949210123878,275.71384,1263.17,770.22,0.06,MEDIUM,NORMAL_OPERATIONS,CLOUD_CURTAILMENT,Cloud cover and rainfall may reduce solar generation.
2026-07-24,Khavda Renewable Energy Park,8.757158756315146,8.127618,41.65,25.4,0.0,MEDIUM,NORMAL_OPERATIONS,CLOUD_CURTAILMENT,Cloud cover and rainfall may reduce solar generation.
2026-07-25,Khavda Renewable Energy Park,0.0,5.919619,0.0,0.0,0.0,MEDIUM,NORMAL_OPERATIONS,CLOUD_CURTAILMENT,Cloud cover and rainfall may reduce solar generation.
2026-07-26,Khavda Renewable Energy Park,150.51120920628202,171.87933,715.84,436.48,0.03,MEDIUM,NORMAL_OPERATIONS,CLOUD_CURTAILMENT,Cloud cover and rainfall may reduce solar generation.
2026-07-27,Khavda Renewable Energy Park,2833.221785054877,2800.9912,13474.81,8216.34,0.61,MEDIUM,NORMAL_OPERATIONS,CLOUD_CURTAILMENT,Cloud cover and rainfall may reduce solar generation.
2026-07-28,Khavda Renewable Energy Park,4888.048842601734,4870.8604,23247.56,14175.34,1.06,LOW,NORMAL_OPERATIONS,NORMAL,Favorable weather conditions. Revenue outlook remains favorable.
2026-07-29,Khavda Renewable Energy Park,1807.688629053784,1785.4667,8597.36,5242.3,0.39,MEDIUM,NORMAL_OPERATIONS,CLOUD_CURTAILMENT,Cloud cover and rainfall may reduce solar generation.
2026-07-30,Khavda Renewable Energy Park,852.6858986650038,831.14594,4055.38,2472.79,0.18,MEDIUM,NORMAL_OPERATIONS,CLOUD_CURTAILMENT,Cloud cover and rainfall may reduce solar generation.
2026-07-31,Khavda Renewable Energy Park,1339.1780225002226,1227.5995,6369.13,3883.62,0.29,MEDIUM,NORMAL_OPERATIONS,CLOUD_CURTAILMENT,Cloud cover and rainfall may reduce solar generation.
2026-08-01,Khavda Renewable Energy Park,2.8549654940113185,2.581802,13.58,8.28,0.0,MEDIUM,NORMAL_OPERATIONS,CLOUD_CURTAILMENT,Cloud cover and rainfall may reduce solar generation.
2026-08-02,Khavda Renewable Energy Park,77.11116963145143,69.54721,366.74,223.62,0.02,MEDIUM,WEATHER_WARNING,CLOUD_CURTAILMENT|HEAVY_RAIN,Cloud cover and rainfall may reduce solar generation.
2026-08-03,Khavda Renewable Energy Park,2012.2525664122693,1965.092,9570.27,5835.53,0.44,MEDIUM,NORMAL_OPERATIONS,CLOUD_CURTAILMENT,Cloud cover and rainfall may reduce solar generation.
2026-08-04,Khavda Renewable Energy Park,1934.96012792476,1900.9442,9202.67,5611.38,0.42,MEDIUM,NORMAL_OPERATIONS,CLOUD_CURTAILMENT,Cloud cover and rainfall may reduce solar generation.
2026-08-05,Khavda Renewable Energy Park,2788.210931538147,2898.6162,13260.73,8085.81,0.6,MEDIUM,NORMAL_OPERATIONS,CLOUD_CURTAILMENT,Cloud cover and rainfall may reduce solar generation.
2026-08-06,Khavda Renewable Energy Park,4839.222870624158,4839.2026,23015.34,14033.74,1.05,LOW,NORMAL_OPERATIONS,NORMAL,Favorable weather conditions. Revenue outlook remains favorable.
2026-08-07,Khavda Renewable Energy Park,5935.130972762385,6050.8687,28227.48,17211.88,1.28,LOW,NORMAL_OPERATIONS,NORMAL,Forecast indicates strong renewable output expected. Weather risks remain low.
2026-08-08,Khavda Renewable Energy Park,5058.296006123217,4939.2876,24057.26,14669.06,1.09,LOW,NORMAL_OPERATIONS,NORMAL,Favorable weather conditions. Revenue outlook remains favorable.
2026-08-09,Khavda Renewable Energy Park,8522.033481445482,8642.404,40530.79,24713.9,1.84,LOW,NORMAL_OPERATIONS,NORMAL,Forecast indicates strong renewable output expected. Weather risks remain low.
2026-08-10,Khavda Renewable Energy Park,4397.558735361803,4477.2856,20914.79,12752.92,0.95,LOW,NORMAL_OPERATIONS,NORMAL,Forecast indicates strong renewable output expected. Weather risks remain low.
2026-08-11,Khavda Renewable Energy Park,1041.3358187585395,966.1254,4952.6,3019.88,0.23,MEDIUM,NORMAL_OPERATIONS,CLOUD_CURTAILMENT,Cloud cover and rainfall may reduce solar generation.
2026-08-12,Khavda Renewable Energy Park,279.13184776276233,269.9751,1327.55,809.48,0.06,MEDIUM,NORMAL_OPERATIONS,CLOUD_CURTAILMENT,Cloud cover and rainfall may reduce solar generation.
2026-08-13,Khavda Renewable Energy Park,4787.428586328923,4749.3125,22769.01,13883.54,1.03,LOW,NORMAL_OPERATIONS,NORMAL,Favorable weather conditions. Revenue outlook remains favorable.
2026-08-14,Khavda Renewable Energy Park,4741.5340888452365,4737.028,22550.74,13750.45,1.03,LOW,NORMAL_OPERATIONS,NORMAL,Favorable weather conditions. Revenue outlook remains favorable.
2026-08-15,Khavda Renewable Energy Park,6728.930923530481,6585.905,32002.8,19513.9,1.45,LOW,NORMAL_OPERATIONS,NORMAL,Favorable weather conditions. Revenue outlook remains favorable.
2026-08-16,Khavda Renewable Energy Park,2754.231875824337,2821.7249,13099.12,7987.27,0.6,MEDIUM,NORMAL_OPERATIONS,CLOUD_CURTAILMENT,Cloud cover and rainfall may reduce solar generation.
2026-08-17,Khavda Renewable Energy Park,4254.384387883417,4287.1816,20233.85,12337.72,0.92,LOW,NORMAL_OPERATIONS,NORMAL,Forecast indicates strong renewable output expected. Weather risks remain low.
2026-08-18,Khavda Renewable Energy Park,842.7957249832192,791.21594,4008.34,2444.11,0.18,MEDIUM,NORMAL_OPERATIONS,CLOUD_CURTAILMENT,Cloud cover and rainfall may reduce solar generation.
2026-08-19,Khavda Renewable Energy Park,3491.705650884968,3437.5813,16606.55,10125.94,0.75,MEDIUM,NORMAL_OPERATIONS,CLOUD_CURTAILMENT,Cloud cover and rainfall may reduce solar generation.
2026-08-20,Khavda Renewable Energy Park,5763.186934975882,5872.6353,27409.71,16713.24,1.25,LOW,NORMAL_OPERATIONS,NORMAL,Forecast indicates strong renewable output expected. Weather risks remain low.
2026-08-21,Khavda Renewable Energy Park,4324.476044990498,4320.0513,20567.21,12540.98,0.93,LOW,NORMAL_OPERATIONS,NORMAL,Favorable weather conditions. Revenue outlook remains favorable.
2026-08-22,Khavda Renewable Energy Park,3446.250366608694,3442.4094,16390.37,9994.12,0.75,LOW,NORMAL_OPERATIONS,NORMAL,Favorable weather conditions. Revenue outlook remains favorable.
2026-08-23,Khavda Renewable Energy Park,4445.161696315486,4396.471,21141.19,12890.97,0.96,LOW,NORMAL_OPERATIONS,NORMAL,Favorable weather conditions. Revenue outlook remains favorable.
2026-08-24,Khavda Renewable Energy Park,6454.634216712119,6521.6914,30698.24,18718.44,1.4,LOW,NORMAL_OPERATIONS,NORMAL,Forecast indicates strong renewable output expected. Weather risks remain low.
2026-08-25,Khavda Renewable Energy Park,9776.90204534485,9761.5,46498.94,28353.02,2.11,LOW,NORMAL_OPERATIONS,NORMAL,Favorable weather conditions. Revenue outlook remains favorable.
2026-08-26,Khavda Renewable Energy Park,6480.548249028476,6386.089,30821.49,18793.59,1.4,LOW,NORMAL_OPERATIONS,NORMAL,Favorable weather conditions. Revenue outlook remains favorable.
2026-08-27,Khavda Renewable Energy Park,2760.472617119724,2813.8318,13128.81,8005.37,0.6,MEDIUM,NORMAL_OPERATIONS,CLOUD_CURTAILMENT,Cloud cover and rainfall may reduce solar generation.
2026-08-28,Khavda Renewable Energy Park,2688.5361682359257,2587.189,12786.68,7796.76,0.58,MEDIUM,NORMAL_OPERATIONS,CLOUD_CURTAILMENT,Cloud cover and rainfall may reduce solar generation.
2026-08-29,Khavda Renewable Energy Park,4549.908797873797,4519.989,21639.37,13194.74,0.98,LOW,NORMAL_OPERATIONS,NORMAL,Favorable weather conditions. Revenue outlook remains favorable.
2026-08-30,Khavda Renewable Energy Park,3610.945776115522,3581.5493,17173.66,10471.75,0.78,LOW,NORMAL_OPERATIONS,NORMAL,Favorable weather conditions. Revenue outlook remains favorable.
2026-08-31,Khavda Renewable Energy Park,2220.579502234824,2170.0806,10561.08,6439.68,0.48,MEDIUM,NORMAL_OPERATIONS,CLOUD_CURTAILMENT,Cloud cover and rainfall may reduce solar generation.
2026-09-01,Khavda Renewable Energy Park,2211.293341110843,2165.9844,10516.91,6412.75,0.48,MEDIUM,NORMAL_OPERATIONS,CLOUD_CURTAILMENT,Cloud cover and rainfall may reduce solar generation.
2026-09-02,Khavda Renewable Energy Park,2188.5012488072216,2182.0884,10408.51,6346.66,0.47,MEDIUM,NORMAL_OPERATIONS,CLOUD_CURTAILMENT,Cloud cover and rainfall may reduce solar generation.
2026-09-03,Khavda Renewable Energy Park,3991.540954603049,3913.673,18983.77,11575.47,0.86,LOW,NORMAL_OPERATIONS,NORMAL,Favorable weather conditions. Revenue outlook remains favorable.
2026-09-04,Khavda Renewable Energy Park,4046.9748085327897,4005.5205,19247.41,11736.22,0.87,LOW,NORMAL_OPERATIONS,NORMAL,Favorable weather conditions. Revenue outlook remains favorable.
2026-09-05,Khavda Renewable Energy Park,4739.767303490488,4732.3193,22542.33,13745.32,1.02,LOW,NORMAL_OPERATIONS,NORMAL,Favorable weather conditions. Revenue outlook remains favorable.
2026-09-06,Khavda Renewable Energy Park,6682.871992510459,6684.766,31783.74,19380.33,1.44,LOW,NORMAL_OPERATIONS,NORMAL,Forecast indicates strong renewable output expected. Weather risks remain low.
2026-09-07,Khavda Renewable Energy Park,5312.017310915523,5185.0854,25263.95,15404.85,1.15,LOW,NORMAL_OPERATIONS,NORMAL,Favorable weather conditions. Revenue outlook remains favorable.
2026-09-08,Khavda Renewable Energy Park,8760.751000784523,8789.023,41666.14,25406.18,1.89,LOW,NORMAL_OPERATIONS,NORMAL,Forecast indicates strong renewable output expected. Weather risks remain low.
2026-09-09,Khavda Renewable Energy Park,6239.194597640045,6212.9814,29673.61,18093.66,1.35,LOW,NORMAL_OPERATIONS,NORMAL,Favorable weather conditions. Revenue outlook remains favorable.
2026-09-10,Khavda Renewable Energy Park,4873.918642690288,4850.0,23180.36,14134.36,1.05,LOW,NORMAL_OPERATIONS,NORMAL,Favorable weather conditions. Revenue outlook remains favorable.
2026-09-11,Khavda Renewable Energy Park,7393.894102018105,7218.3613,35165.36,21442.3,1.6,LOW,NORMAL_OPERATIONS,NORMAL,Favorable weather conditions. Revenue outlook remains favorable.
2026-09-12,Khavda Renewable Energy Park,4401.794497863987,4427.1475,20934.94,12765.2,0.95,LOW,NORMAL_OPERATIONS,NORMAL,Forecast indicates strong renewable output expected. Weather risks remain low.
2026-09-13,Khavda Renewable Energy Park,6202.318546610356,6241.758,29498.23,17986.72,1.34,LOW,NORMAL_OPERATIONS,NORMAL,Forecast indicates strong renewable output expected. Weather risks remain low.
2026-09-14,Khavda Renewable Energy Park,9790.18957176738,9794.739,46562.14,28391.55,2.12,LOW,NORMAL_OPERATIONS,NORMAL,Forecast indicates strong renewable output expected. Weather risks remain low.
