,solar_generation_mw,effective_irradiance,ghi_w_m2,cloud_factor,cell_temperature_c,temperature_factor,performance_ratio,capacity_factor
solar_generation_mw,1.0,0.9895528855436082,0.6008759571487781,0.9403846951743595,0.33553242318273835,-0.33553242318274284,,0.9999999904346839
effective_irradiance,0.9895528855436082,1.0,0.6462722260094783,0.9177991504544134,0.3946890397007326,-0.39468903970073704,,0.9895526146564696
ghi_w_m2,0.6008759571487781,0.6462722260094783,1.0,0.35583892190144273,0.728182180563296,-0.7281821805633,,0.6008742810081422
cloud_factor,0.9403846951743595,0.9177991504544134,0.35583892190144273,1.0,0.14154475011733225,-0.14154475011733497,,0.9403848070548179
cell_temperature_c,0.33553242318273835,0.3946890397007326,0.728182180563296,0.14154475011733225,1.0,-0.9999999999999994,,0.3355312129929203
temperature_factor,-0.33553242318274284,-0.39468903970073704,-0.7281821805633,-0.14154475011733497,-0.9999999999999994,1.0,,-0.33553121299292377
performance_ratio,,,,,,,,
capacity_factor,0.9999999904346839,0.9895526146564696,0.6008742810081422,0.9403848070548179,0.3355312129929203,-0.33553121299292377,,1.0
