,solar_generation_mw,effective_irradiance,ghi_w_m2,cloud_factor,cell_temperature_c,temperature_factor,performance_ratio,capacity_factor
solar_generation_mw,1.0,0.9921539820635812,0.6480469355889367,0.933577030263934,0.3668811727309671,-0.3668811727309677,,0.9999999886051579
effective_irradiance,0.9921539820635812,1.0,0.6845795276263672,0.9137064326729061,0.42476336733619835,-0.4247633673361989,,0.9921535344390268
ghi_w_m2,0.6480469355889367,0.6845795276263672,1.0,0.3970270522335305,0.7608470298895182,-0.7608470298895169,,0.6480449145155093
cloud_factor,0.933577030263934,0.9137064326729061,0.3970270522335305,1.0,0.150306118218878,-0.1503061182188786,,0.933577965767105
cell_temperature_c,0.3668811727309671,0.42476336733619835,0.7608470298895182,0.150306118218878,1.0,-0.9999999999999998,,0.3668784133424022
temperature_factor,-0.3668811727309677,-0.4247633673361989,-0.7608470298895169,-0.1503061182188786,-0.9999999999999998,1.0,,-0.3668784133424017
performance_ratio,,,,,,,,
capacity_factor,0.9999999886051579,0.9921535344390268,0.6480449145155093,0.933577965767105,0.3668784133424022,-0.3668784133424017,,1.0
