,solar_generation_mw,effective_irradiance,ghi_w_m2,cloud_factor,cell_temperature_c,temperature_factor,performance_ratio,capacity_factor
solar_generation_mw,1.0,0.8096762055683104,0.45421105011565877,0.7680162042740759,0.19864395368988005,-0.19864395368988136,,0.9878825866275459
effective_irradiance,0.8096762055683104,1.0,0.6845795276263672,0.9137064326729061,0.35185601531607846,-0.35185601531607924,,0.7977114079158721
ghi_w_m2,0.45421105011565877,0.6845795276263672,1.0,0.3970270522335319,0.7406386890681513,-0.7406386890681522,,0.46391819316982447
cloud_factor,0.7680162042740759,0.9137064326729061,0.3970270522335319,1.0,0.05336810662426543,-0.053368106624265874,,0.738921364603582
cell_temperature_c,0.19864395368988005,0.35185601531607846,0.7406386890681513,0.05336810662426543,1.0,-1.000000000000002,,0.20308148164540474
temperature_factor,-0.19864395368988136,-0.35185601531607924,-0.7406386890681522,-0.053368106624265874,-1.000000000000002,1.0,,-0.203081481645405
performance_ratio,,,,,,,,
capacity_factor,0.9878825866275459,0.7977114079158721,0.46391819316982447,0.738921364603582,0.20308148164540474,-0.203081481645405,,1.0
