,solar_generation_mw,effective_irradiance,ghi_w_m2,cloud_factor,cell_temperature_c,temperature_factor,performance_ratio,capacity_factor
solar_generation_mw,1.0,0.8096762055683104,0.45421105011565877,0.7680162042740759,0.19864395368988005,-0.19864395368988136,,0.9999999999999999
effective_irradiance,0.8096762055683104,1.0,0.6845795276263672,0.9137064326729061,0.35185601531607846,-0.35185601531607924,,0.8096762055683103
ghi_w_m2,0.45421105011565877,0.6845795276263672,1.0,0.3970270522335319,0.7406386890681513,-0.7406386890681522,,0.4542110501156592
cloud_factor,0.7680162042740759,0.9137064326729061,0.3970270522335319,1.0,0.05336810662426543,-0.053368106624265874,,0.768016204274076
cell_temperature_c,0.19864395368988005,0.35185601531607846,0.7406386890681513,0.05336810662426543,1.0,-1.000000000000002,,0.19864395368988047
temperature_factor,-0.19864395368988136,-0.35185601531607924,-0.7406386890681522,-0.053368106624265874,-1.000000000000002,1.0,,-0.19864395368988108
performance_ratio,,,,,,,,
capacity_factor,0.9999999999999999,0.8096762055683103,0.4542110501156592,0.768016204274076,0.19864395368988047,-0.19864395368988108,,1.0
