feature,importance
wind_speed_ms,0.9813615
day_of_year,0.0054243132
humidity_pct,0.0049025444
temperature_c,0.0031889132
cloud_cover_pct,0.0023088746
is_weekend,0.0012014315
rainfall_mm,0.0007317993
month,0.000728824
week_of_year,0.00015172349
quarter,0.0
