feature,importance
wind_speed_ms,0.9800534
day_of_year,0.006857984
humidity_pct,0.0053419443
temperature_c,0.0028947855
cloud_cover_pct,0.0018325667
month,0.0012667998
is_weekend,0.00080920267
rainfall_mm,0.00058616215
week_of_year,0.00035712065
quarter,0.0
